Brand,Product Family,Confidence,Signal Score,Rows Used,Sample Titles
3M,Consumables,low,1,11,TYCZKA ROZPOROWA do LASERA 300cm TELESKOPOWA DR??EK POZIOMICY STATYW 3m | Zatyczki do uszu Stopery Wk?adki Przeciwha?asowe 3M 1100 Wk?adki 100 par | KAMERA ZEWN?TRZNA SOLARNA IP NA KART? SIM 4G LTE GSM 3MPx
4Step,Consumables,low,1,1,"Schody Strychowe NORDIC 0,44W/m2K 87mm 120x70 Druga Uszczelka Wkr?ty GRATIS"
51 Feed,Consumables,high,14,3,S?ONECZNIK CZARNY DLA PTAK W 20kg KARMA POKARM ZIARNO DO KARMNIK | KARMA DLA PTAK W 20kg PTASI PRZYSMAK DROBNE ZIARNO ZE S?ONECZNIKIEM PLAKAT | KARMA DLA PTAK W 20kg PTASI PRZYSMAK DROBNE ZIARNO IDEALNE DO KARMNIKA
?wiateka,Consumables,medium,3,1,Pod?o?e dla gryzoni naturalny PELLET ?wirek dla kota kr lika gryzoni 10kg
AA Wings of Color,Consumables,medium,4,2,AA WINGS OF COLOR Star Secrets The Wet Kremowy Bronzer 01 Light Bronze | AA WINGS OF COLOR Star Secrets Paleta do konturowania
AAVALABS,Consumables,high,6,1,"Omega 3 + witamina E   serce, m zg, kwasy EPA DHA 120 kaps"
AB,Consumables,low,1,1,MAGNETYCZNA GRA 40 KULEK KAMIENIE MAGNETYCZNE STRATEGICZNA PLANSZOWA SZACHY
ACTi,Consumables,medium,4,2,? ?ko Szpitalne Rehabilitacyjne Elektryczne Na K ?kach Pilot Wysi?gnik Acti | ? ?ko Rehabilitacyjne Szpitalne Elektryczne Medyczne Regulacja Wysoko?ci
ADBL,Consumables,low,4,6,NOXy AD BLUE ADBLUE P?YN KATALICZNY DPF - 10L | ADBL Leather Kit Box zestaw do czyszczenia i piel?gnacji sk ry w aucie | ADBL Frost Eater odmra?acz do szyb samochodowych -60 + ocieplana skrobaczka
ALLDEYNN,Consumables,low,1,1,ALLDEYNN COLLAROSE FISH MALINA-POZIOMKA 300G KOLAGEN RYBI W?OSY SK RA CERA
ALPHA,Consumables,medium,2,10,"Masa?er Do Plec w, Cia?a, Szyi, Karku - Poduszka Masuj?ca Shiatsu Alpha | Drena? Limfatyczny Urz?dzenie Uciskowe - Masa?er Do N g ALPHA Presoterapia | Drena? Limfatyczny Urz?dzenie Uciskowe - Masa?er Do N g ALPHA Presoterapia"
AMD,Consumables,high,8,9,Karta Grafiki XFX AMD RADEON RX 9070 XT SWIFT OC Gaming 16GB | Procesor AMD Ryzen 7 5700X TRAY | Procesor AMD Ryzen 9 9950X3D BOX X3D
ANCEL,Consumables,low,1,1,GENERATOR DYMU TESTER SZCZELNO?CI ZADYMIARKA + pompka + zatyczki + MANOMETR
AbarQs,Consumables,medium,3,3,Bie?nia Elektryczna Domowa sk?adana Domowa 110kg 12km/h SUPER PREZENT | Bie?nia Domowa Elektryczna treningowa pod ? ?ko 100kg 1-10km/h PREZENT | Bie?nia Elektryczna Domowa pod ? ?ko 6 km/h 100kg SUPER PREZENT
Abtei,Consumables,medium,4,1,Abtei ?elatyna Gelatine + Witamina C 400 g
Acana,Consumables,override,999,9,"Sucha karma dla ps w Acana Classic Red Meat 9,7 kg | Acana Singles Grass-Fed Lamb sucha karma dla psa z jagni?cin? 6 kg | ACANA SINGLES Grass-Fed Lamb karma dla psa z jagni?cin? 17 kg"
Acne-Derm,Consumables,medium,4,1,"Acne-Derm, krem przeciwtr?dzikowy i wybielaj?cy, 20 g"
Activeshop,Consumables,low,1,3,"Myjka ultrad?wi?kowa kosmetyczna stomatologiczna sterylizator narz?dzi 0,6l | MYJKA ULTRAD?WI?KOWA 0,6 L 50 W | FREZARKA DO PAZNOKCI EXO EKO CX3 40 W"
Adamed,Consumables,low,2,2,MAMADHA PREMIUM + 60 kaps. Dla mam i kobiet w ci??y | Tadalafil Maxon 10 mg 4 tabletki
Afnan,Consumables,high,9,3,Afnan 9pm edp 100ml | Afnan 9 PM woda perfumowana 100 ml | Afnan 9 pm Elixir czyste perfumy unisex 100 ml
Aga,Consumables,low,1,2,Toaletka kosmetyczna z lustrem i o?wietleniem + taboret Bia?y mat AGA | Choinka sztuczna Jod?a LEA 180 cm zielona jak ?ywa g?sta pi?kna premium AGA
Agromen,Consumables,medium,4,1,S?onecznik Czarny Karma Ziarno Dla Ptak w 10KG
Air Wick,Consumables,low,1,5,Zestaw Air Wick Freshmatic Od?wie?acz powietrza Mega Zapas Wk?ad 6 x 250 ml | Zestaw Air Wick Freshmatic Od?wie?acz powietrza Mega Zapas Wk?ad 6 x 250 ml | AIR WICK Automatic Spray ZESTAW 250ml x 6 (2 RODZAJE MIX )
Airrex,Consumables,medium,2,2,NAGRZEWNICA OLEJOWA NA PODCZERWIE? AIRREX AH-800i KOMPLET 22kW PILOT Wi-fi | NAGRZEWNICA OLEJOWA NA PODCZERWIE? AIRREX AH-200i KOMPLET 13kW PILOT Wi-fi
Akuku,Consumables,low,1,2,Lusterko Do OBSERWACJI DZIECKA W Samochodzie Aucie Regulowane 360  Akuku | Zas?onki Przeciws?oneczne Czarne Akuku
Akuna,Consumables,medium,4,1,ALVEO Grape-winogronowe AKUNA suplement zio?owy
Al Wataniah,Consumables,medium,4,1,Al Wataniah Kayaan Classic EDP 100 ml Perfumy m?skie z Dubaju
Alcolife,Consumables,low,1,1,Alkomat ALCOLIFE F8 POLICYJNY bezustnikowy elektrochemiczny kalibracja 12m
Alcotec,Consumables,low,1,1,DRO?D?E GORZELNICZE ALCOTEC 48H PURE MOCNE 21% DO CUKRU NA ZACIER BIMBRU 10
Alesis,Consumables,low,1,1,ALESIS NITRO MAX KIT PERKUSJA ELEKTRONICZNA STO?EK S?UCHAWKI ZESTAW
Aliness,Consumables,high,33,21,Lactoferrin LAKTOFERYNA LFS 90% 100mg 60T Aliness | Aliness Krill Oil NKO Omega 3 z Astaksantyn? 500mg 60kapsu?ek | ALINESS Koenzym Q10 UbiquinoL UbichinoL KANEKA 60kaps. Metabolizm Kr??enie
Allwaves,Consumables,medium,4,1,ALLWAVES LACCA SPRAY LAKIER DO W?OS W MOCNO UTRWALAJ?CY Z WITAMINAMI 750 ML
Almusso,Consumables,low,1,1,40 ROLEK 3 WARSTWY PAPIER TOALETOWY ALMUSSO BIG
Alpha Spirit,Consumables,high,29,6,Alpha Spirit Wild Fish 12kg Sucha Karma z Rybami dla Ps w | Alpha Spirit PUPPIES pe?noporcjowa sucha karma dla SZCZENI?T INDYK 12kg | Alpha Spirit Duck pe?noporcjowa sucha karma dla psa 12kg
Anex,Consumables,low,1,1,ANEX OZY wielofunkcyjne krzese?ko do karmienia 3w1 dla dziecka
Angelcare,Consumables,high,7,7,LILNAP WK?AD ZAMIENNY DO KOSZA NA PIELUCHY ANGELCARE 6-PAK | ANGELCARE WK?ADY DO POJEMNIKA NA PIELUCHY WORKI x6 | ANGELCARE KOSZ POJEMNIK NA ZU?YTE BRUDNE PIELUSZKI PIELUCHY 3x WK?AD WK?ADY
Animal Food,Consumables,medium,3,1,Naturalne Gryzaki dla Psa Przysmaki Premium ?wacze Wo?owe Suszone 1kg
Animal Island,Consumables,high,10,2,Karma Animal Island Everyday Mix Smak w Wo?owina Kurczak Indyk Ryba 40x85g | Animal Island 40x85g Wo?owina Kurczak Indyk Ryba Mokra Karma dla Kota
Anthyllis,Consumables,medium,4,1,"Szampon przeciw?upie?owy, bardzo delikatny EKO BIO"
Apiarium,Consumables,low,1,1,Py?ek PSZCZELI kwiatowy 1 kg NATURALNY PY?EK KWIATOWY 1KG
Aptel,Consumables,low,2,2,TOALETKA KOSMETYCZNA Z LUSTREM BIA?A STYL SKANDYNAWSKI + TABORET | TOALETKA KOSMETYCZNA 85cm Z LUSTREM I O?WIETLENIEM ?CIEMNIANYM LED WINDY
Ariel,Consumables,high,10,13,"Ariel All-in-1 PODS, kapsu?ki do prania, 100 pra? | Kapsu?ki do prania koloru kolorowego ARIEL All-in-1 PODS 44 szt | KAPSU?KI DO PRANIA KOLOROWYCH TKANIN ARIEL KOLOR All-in-1 ILO?? PRA? 88"
Arkada,Consumables,high,6,4,ARKADA serum kolagenowe TC16 11 ml. + Arkada S l Podologiczna 3 g. GRATIS | ARKADA MA?? REGENERUJ?CA POP?KAN? SK R? PI?T 70 G. | Arkada serum kolagenowe w ?elu Nowa formu?a 15ml
Armaf,Consumables,medium,4,1,Armaf Odyssey Mandarin Sky Limited Edition 100ml Perfumy Arabskie
Armani,Consumables,high,15,4,Giorgio Armani My Way 90 ml woda perfumowana kobieta EDP | Giorgio Armani Si 100ml woda perfumowana dla kobiet | Giorgio Armani ACQUA Di GIO HOMME edt 100 ml ORYGINA?
Arpon,Consumables,medium,2,1,?WIREK DREWNIANY PELLET JASNY XXL DLA KOTA ?WINKI KR LIKA ZWIERZ?T 20KG
Arquivet,Consumables,high,10,2,Karma dla psa Arquivet Fresh Iberian Pork ryba wieprzowina 10kg | ARQUIVET FRESH P ?wilgotna karma dla psa KACZKA I RYBA OCEANICZNA 10kg
Artsezon,Consumables,medium,4,1,Kalendarz tr jdzielny ?cienny 2026 ROK pasek z okienkiem 3 miesi?ce KAWA 5x
Astra,Consumables,high,8,3,Astra ?agodna Tradycyjna 1kg kawa ziarnista | Kawa Astra ?agodna Crema ziarnista 1kg | Plastelina ASTRA [180] (15 zestaw w po 12 kolor w)
Astron,Consumables,low,1,1,ASTRON OLEJ ?YWOKOSTOWY Z GOJNIKIEM 100ml ?ywokost na B LE MI??NI I STAW W
Athletic,Consumables,low,1,1,BIE?NIA ELEKTRYCZNA DOMOWA 2w1 SK?ADANA NA P?ASKO 12 KM/H Z AMORTYZACJ?
Aurora,Consumables,medium,2,2,Aurora Zestaw Prezentowy 7 Kosmetyk w w Metalowym Koszyku Bia?a Herbata | KRZES?O KRZESE?KO SK?ADANE OGRODOWE BIUROWE CZARNE
Aurovitas,Consumables,low,1,1,Lipiforma Plus Cholesterol Monakolina 30 kaps.
Ausom,Consumables,medium,3,3,10'' Pojazdy elektryczne NFC 1100W*2 71 mil/115 km IP54 135kg Ausom DT2 Pro | AUSOM L2 Dual Sk?adany pojazdy elektryczne 800W*2 55 km/h 70KM NFC IP54 | Ausom L1 Pojazd Elektryczny 1100W Moc szczytowa 15.6Ah 70km 45 km/h NFC
Autoled24,Consumables,low,1,1,"Jednocz??ciowy, bezpo?rednio pod??czany reflektor LED z wentylatorem,"
Avene,Consumables,high,13,6,"AVENE XERACALM Krem uzupe?niaj?cy lipidy 400ML | Avene Eau Thermale Cleanance Hydra, krem ?agodz?cy, 40ml | Zestaw AVENE XeraCalm A.D Balsam 400 ml + olejek uzupe?niaj?cy lipidy 100ml"
Avon,Consumables,high,87,22,Woda perfumowana Little Black Dress 100ml AVON | Perfumy Damskie AVON INCANDESSENCE Woda Perfumowana 50 ml | Avon Woda Toaletowa Celebre 50ml ORYGINA?
BAYER,Consumables,medium,3,1,DICOFLOR Baby probiotyk dla dzieci i niemowl?t krople 5 ml
BMW OE,Consumables,low,1,2,13537589048 7589048 Wtryskiwacz paliwa BMW 1 | OLEJ 100% ORYGINALNY BMW 5W30 5L LL-04 SILNIKOWY TWIN POWER TURBO
BaByliss,Consumables,low,1,1,Suszarko lok wka BABYLISS AS6550E Air Wand 3w1 susz prostuj dodaj obj?to?ci
Baby Born,Consumables,high,5,3,BABY born Interaktywna Lalka Emma Niemowl? | BABY born Interaktywna Lalka Emma Niemowl? | BABY born Interaktywna lalka EMILY Walk with me 43 cm bobas Nauka Chodzenia
Babyliss,Consumables,medium,2,2,Profesjonalna prostownica do w?os w BaByliss PRO Elipsis3000 31mm jonizacja | Suszarka do w?os w Babyliss Pro Caruso HQ
Bacscan,Consumables,medium,2,2,Alkomat elektrochemiczny BACscan F-40 | Alkomat elektrochemiczny BACscan 9000 Professional - ustniki - Kalibracje
Bambo Nature,Consumables,medium,2,3,"Bambo Eko Pieluszki Nature 4 Maxi 7-14kg, 48 szt. | Bambo Nature Pieluchy 5 Junior 12-18kg 44szt Oddychaj?ce Pieluszki Premium | Pieluchomajtki dla dzieci Bambo Nature 5 11-17 kg"
Bankietowo,Consumables,low,2,2,ST ? OGRODOWY SK?ADANY WALIZKA 180cm turystyczny kampingowy cateringowy | ST ? OGRODOWY SK?ADANY ROZK?ADANY CATERINGOWY BANKIETOWY 200x90cm walizka
Barbie,Consumables,high,5,13,BARBIE (BD) FILM | BARBIE DREAMHOUSE WYMARZONY SAMOLOT DLA LALEK + lalka Barbie | LALKA BARBIE G?OWA DO STYLIZACJI + 20 akcesori w do stylizacji w?os w HMD88
Bartimex,Consumables,low,1,1,NAGRZEWNICA OLEJOWA 8KW BARTIMEX TSD-2 OGRZEWANIE POSTOJOWE 230V 12V
Basiclab,Consumables,high,14,5,"BasicLab Lekki Ceramidowy Krem Regeneruj?cy Cer? Wyg?adzaj?cy Sk r? 50 ml | Basiclab Krem wyciszaj?cy 5% prebiotyk w, 1% CICA  ukojenie i balans,50 ml | Basiclab Krem wyciszaj?cy 5% prebiotyk w, 1% CICA  ukojenie i balans,50 ml"
Bausch,Consumables,medium,4,1,ZINALFAT Krem koj?co-regeneruj?cy 50 ml
Bazzara,Consumables,medium,4,1,Kawa ziarnista Bazzara Dodicigrancru 1kg + 250g
Beauty Fabric,Consumables,low,1,1,P?atki Kosmetyczne Bawe?niane Du?e Waciki Jednorazowe Bia?e Opakowanie 500g
Bebiko,Consumables,high,10,11,"Mleko modyfikowane Bebiko Junior 3 600 g // Termin 05.2027 | Bebiko Pro+ Nutriflor 3 Mleko Modyfikowane Powy?ej 1 Roku ?ycia 700g | BEBIKO JUNIOR NUTRIflor Expert 2, 600 g"
Bebilon,Consumables,high,14,21,Bebilon Profutura Duobiotik 4 na bazie mleka dla dzieci po 2. roku 800 g | Bebilon Profutura Duobiotik 4 Formu?a na bazie mleka po2.roku ?ycia 800g x2 | Bebilon Mleko Modyfikowane Profutura Duo Biotik 3 Junior Po Roku 800g
Bella,Consumables,low,1,1,Wk?adki higieniczne Bella Panty New Ilo?? sztuk - 60 szt.
Bella Baby Happy,Consumables,medium,2,4,ZESTAW PIELUSZKI PIELUCHY HAPPY 5 JUNIOR 11-18 KG 52 SZT. | PIELUSZKI DLA DZIECI BELLA HAPPY 4 MAXI 8-14KG 62 SZT. | PIELUSZKI BELLA HAPPY 3 MIDI 5-9KG 70 SZT.
Beon,Consumables,low,1,5,MASKA DO NURKOWANIA PE?NOTWARZOWA BEON PRO G2 L/XL | LATARKA CZO?OWA LAMPKA TURYSTYCZNA LED WARSZTATOWA | KUBEK TERMICZNY NA KAW? HERBAT? DO SAMOCHODU SZCZELNY ANTYPO?LIZGOWY 450 ml
Bepanthen,Consumables,high,7,4,"Bepanthen Sensiderm Krem leczenie AZS i egzemy 50g | BEPANTHEN Baby Ma?? ochronna, odparzenia pieluszkowe 100 g | Bepanthen Baby ma?? ochronna 100g + 30g"
Berge,Consumables,low,1,2,Oprawa Hermetyczna 120cm lampa + 2x ?wietl wki LED Wodoszczelna Do Gara?u | 10x Oprawa Hermetyczna 120cm lampa + ?wietl wki Tuby 20x LED Gara?owa
Best Lab,Consumables,medium,2,1,BESTBIOTIC PROBIOTYK BESTLAB na jelita 30 kapsu?ek BEST LAB
Betatex,Consumables,low,1,1,Podk?ady ch?onne PREMIUM SAP 90x60 higieniczne BETAtex+ by ZARYS 25 szt.
BetterMe,Consumables,low,1,1,"Kolagen Rybi Collagen - do picia w proszku na stawy, w?osy sk ra- hialuron"
Bia?y Jele?,Consumables,medium,2,4,BIA?Y JELE? Myd?o w p?ynie KOZIE MLEKO 5L | Bia?y Jele? Hipoalergiczny myd?o w p?ynie 5L | P?YN DO K?PIELI I POD PRYSZNIC KOZIE MLEKO BIA?Y JELE? 5L DELIKATNE MYCIE
Bio Herbs,Consumables,high,10,5,UBICHINOL KOENZYM Q10 UbiquinoL 100mg 60szt | MAGNEZ z B6 3 FORMY CYTRYNIAN MLECZAN JAB?CZAN 100 | OMEGA 3 1000mg EPA/DHA WITAMINA E 60 kapsu?ek
Bio-Oil,Consumables,medium,2,2,BIO-OIL SPECJALISTYCZNY OLEJEK DO PIEL?GNACJI SK RY BLIZNY ROZST?PY 200ML | BIO-OIL Specjalistyczny olejek do piel?gnacji sk ry 200 ml
BioFeed,Consumables,high,5,2,PSI K?SEK BioFEED Karma. dla psa z wo?owin? 20kg | Pasza dla kur niosek Nioska kruszonka Biofeed 25kg
BioGaia,Consumables,medium,2,1,BioGaia Baby probiotyk krople na kolki dzieci 5 ml
BioStar,Consumables,low,1,1,100% NATURALNE sodowe BIO EKOLOGICZNE tabletki do zmywarek BIO-star 50szt.
BioTab,Consumables,low,1,1,TABLETKI DO SZAMBA BioTab All in One SILNE Bakterie T?USZCZ ZAPACH 2 LATA
Biobakt,Consumables,low,1,1,Bio tabletki bakterie do oczyszczalni szamba zapas na rok mocny preparat
Biocodex,Consumables,low,1,1,ALFLOREX 30 kapsu?ek
Bioderma,Consumables,high,16,16,Bioderma Atoderm Intensive Baume koj?cy balsam do cia?a 500ml | BIODERMA Olejek Do Mycia Cia?a Atoderm Huile DO K?PIELI 1000ml | Bioderma Sensibio H2O p?yn micelarny 500 ml
Biomed,Consumables,low,1,1,"Provag, infekcje intymne 40 kapsu?ek"
Bioswena,Consumables,low,1,1,KSYLITOL FI?SKI 1kg CUKIER BRZOZOWY DANISCO 1000g CZYSTY premium NATURALNY
Biotebal,Consumables,medium,4,1,Biotebal Effect 200 ml specjalistyczny szampon przeciw wypadaniu w?os w
Black,Consumables,low,1,3,"NAGRZEWNICA SPALINOWA OLEJOWA OGRZEWANIE WEBASTO olej 8KW 12V230V CHRISTMAS | PODNO?NIK PNEUMATYCZNY Samochodowy BA?WANEK PODUSZKOWY 3,5t GUMA WEEKEND ON | OGROMNY ZESTAW NARZ?DZI AKU 2 X 4AH 21V 4w1 M?OT SZLIFIERKA WKR?TARKA 2xAKU"
Blue Cap,Consumables,high,8,2,Blue Cap Krem 50 ?uszczyca Egzema Atopowe zapalenie sk ry Tr?dzik R ?owaty | Blue cap krem egzema ?uszczyca ?ojotok ?upie? AZS 50 g
Blue Orca,Consumables,high,28,6,Kawa ziarnista BLUE ORCA COFFEE Columbiana Macaw | Kawa ziarnista 1kg ITALIANA BELLAGIO ROAST -?wie?o palona BLUE ORCA +GRATIS | Kawa Ziarnista 1kg BRAZYLIA CREMA -?wie?o Palona- Palarnia Blue Orca Coffee
Blue Orca Coffee,Consumables,high,134,32,Kawa ziarnista 1kg DOPPIO CREMA - ?WIE?O PALONA +GRATIS | Kawa ziarnista 1KG CUBANA TOCORORO ?wie?o Palona 100% ARABICA + GRATIS | Kawa ziarnista 1kg Brazylia Cerrado ?wie?o Palona Arabica 100% SingleOrigin
Boboq,Consumables,low,1,1,BUBBLE TEA - ZESTAW na PREZENT KUBKI S?OMKI na 6x700ml 2x KULKI + 2x SYROPY
Bobovita,Consumables,low,1,1,BOBOVITA Kaszka Kleik Ry?owy 4 m+ 160 g Bez Mleka Bezglutenowy
Bodymax,Consumables,medium,4,1,BODYMAX + ?E? SZE? LECYTYNA WITAMINY MINERA? 200 TABLETEK
Borniak,Consumables,medium,3,3,W?dzarnia elektryczna Borniak UWD-70 SIMPLE cyfrowa 1.4 | W?dzarnia domowa elektryczna stalowa Borniak Timer UWDT-150 v1.4 | W?dzarnia Elektryczna Automatyczna na zr?bki UWD-70 CYFROWA v1.4 BORNIAK
Boxer,Consumables,low,1,2,"MEGA ZESTAW PI?A AKU 6"" + SEKATOR NA WYSI?GNIKU 2,5 m TELESKOP 2X 48V 5 AH | M?ot wyburzeniowy o du?ej moc 3950W 70J HEX OLEJOWY"
Braun,Consumables,medium,7,15,Blender r?czny Braun MultiQuick 9 MQ9187XLI 1200W | PRONTOSAN rany odle?yny stopa cukrzycowa b l 1L B.Braun | Golarka elektryczna Braun Series 9 Pro+ 9577cc srebrny
Brit,Consumables,override,999,58,Sucha karma dla kota Brit Care Grain-Free Sterilized Urinary Health 2x7 kg | Karma dla psa BRIT Hypoallergenic Weight Loss 3 kg | Karma dla psa BRIT CARE Dog ?oso? i ?led? 12 kg
Browin,Consumables,medium,3,8,"Szynkowar 1,5kg Z GARNKIEM W P?ASZCZU wodnym + 2 TERMOMETRY worki | Pionowa Nadziewarka mi?sa Stal nierdz 2,5 kg + Peklos l Vit-C GRATIS BROWIN | BROWIN W?DZARNIA DREWNIANA ELEKTRYCZNA CYFROWA TERMOOBIEG DYMOGENERATOR"
Bryza,Consumables,high,9,7,"Bryza 4w1 Proszek do prania Bia?e 8,45kg 130 pra? | BRYZA 4w1 Proszek Do Prania KOLOR W Czysto?? ?wie?e Pranie 6,825 kg | BRYZA 4w1 Proszek Do Prania KOLOR W Czysto?? ?wie?e Pranie 8,45 kg"
Busajna,Consumables,low,1,1,OLEJEK BUSAJNA 500ML UJ?DRNIA NAWIL?A NA SK R? SUCH? ROZCI?GNI?T? + POMPKA
Butcher'S,Consumables,high,5,1,Sucha karma dla psa BUTCHER'S z wo?owin? 15kg
Butcher's,Consumables,high,6,1,"Karma mokra dla kota, zestaw na miesi?c Butchers Delicious Dinners 30x400g"
CATLINK,Consumables,medium,2,1,Catlink Automatyczna Kuweta Samoczyszcz?ca Do Kot w Scooper Young
Cafe Sati,Consumables,high,8,2,Kawa mielona Cafe Sati waniliowa 250 g | Sati Waniliowa 250g kawa mielona Torba
Cafissimo,Consumables,low,1,1,"Kapsu?ki Tchibo Cafissimo Espresso Kraftig Intense Aroma 96szt x 7,5g mocna"
Calitti,Consumables,medium,2,5,"Calitti Strong Lavender 5L ?wirek bentonitowy lawendowy | CALITTI CLUMPING STRONG LAVENDER 5L lawendowy ?wirek bentonitowy dla kota | Calitti Crystals silikonowy ?wirek 8 szt. x 3,8l"
Calvin Klein,Consumables,high,22,11,Calvin Klein Women EDP 100 ml | PERFUMY CALVIN KLEIN EUPHORIA 100ML WODA PERFUMOWANA DLA KOBIET EDP DAMSKA | Calvin Klein Obsession Night 100ml Perfumy Damskie Woda Perfumowana
Canaveral,Consumables,low,1,1,MEGA PREZENT GRA DLA 4 OS B Tarcza elektroniczna do darta 12 rzutek + groty
Canun,Consumables,high,7,1,Canun DOG MENU pe?noporcjowa sucha karma dla psa WO?OWINA Witaminy 20kg
Capricare,Consumables,high,7,6,Mleko CAPRICARE 3 (zestaw 4szt x 800g) | Capri CARE 3 KOZIE MLEKO JUNIOR powy?ej 12 miesi?ca ?ycia dziecka 400g | CapriCare 2 mleko nast?pne powy?ej 6 miesi?ca oparte na mleku kozim 800 g
Care Life,Consumables,medium,4,4,?wirek silikonowy dla kota 3.8L bezzapachowy | TOALETKA KOSMETYCZNA z LUSTREM BIA?A + TABORET | Krzes?o tapicerowane Fotel Welurowe do kuchni jadalni salonu
Carolina Herrera,Consumables,high,20,4,Carolina Herrera Good Girl edp 80mlwoda perfumowana dla kobiet | Carolina Herrera Good Girl Blush 50ml EDP Woda Perfumowana dla kobiet | Carolina Herrera Good Girl 80 ml woda perfumowana dla kobiet
Carousel Coffee,Consumables,high,9,2,Carousel Coffee Daily Cup Crema kawa ziarnista 1kg | Carousel Daily Cup Classic kawa ziarnista mieszana 1 kg
Castrol,Consumables,high,12,15,OLEJ CASTROL 5W-30 LL EDGE TITANIUM 5L | OLEJ CASTROL EDGE 5W/30 LL LONG LIFE 4 LITRY + ZAWIESZKA / 2026 ROK / | CASTROL OLEJ CASTROL 5W30 4L EDGE LL TITANIUM
Cat'S Best,Consumables,high,7,3,"CAT'S BEST ORIGINAL ?WIREK DREWNIANY DLA KOTA ZBRYLAJ?CY 5L | Cat's Best Original ?wirek dla kota zbrylaj?cy drewniany 20l (ok. 8,6kg) | Cat's best Smart Pellet 20l"
Cat's Best,Consumables,medium,4,2,"Cat s Best Original ?wirek drewniany 2x30L | Cat's Best Original 40L ?wirek Drewniany Dla Kota Zbrylaj?cy 17,2kg"
CatWalk,Consumables,high,9,3,?wirek dla kota bentonitowy 25L LAWENDOWY CatWalk zbrylaj?cy 25L Naturalny | ?wirek dla kota bentonitowy 25L LAWENDOWY CatWalk zbrylaj?cy 25L Naturalny | ?wirek dla kota silikonowy bezpy?owy CatWalk Diamonds
Cata,Consumables,low,1,1,"Pi?a ?a?cuchowa Cata 900 W / 1,3 KM"
Catan,Consumables,low,1,1,"CATAN Osadnicy z Catanu - Gra planszowa, GALAKTA"
Cats Best,Consumables,low,1,1,"JRS Cats Best ?wirek Drewniany Zbrylaj?cy 5l/2,1kg"
Cedrus,Consumables,low,4,15,"RB02 Cedrus Rozdrabniacz spalinowy do 100mm z slinikiem Loncin G200 6,5KM | CEDRUS RB02 PRO ROZDRABNIACZ SPALINOWY PROFESJONALNY REBAK GA??ZI 12cm RB | OD?NIE?ARKA ZAMIATARKA 4w1 spalinowa CEDRUS ZM06E Gratis"
Cell Fusion C,Consumables,medium,4,2,CELL FUSION C Calming Down Cream 50 ml POLSKA DYSTRYBUCJA | CELL FUSION C INTENSIVE CREAM Krem nawil?aj?cy do twarzy dzie? i noc 100ml
Ceramikker,Consumables,medium,2,6,P?yn do Szyb Samochodowych Auta Lusterek w Samochodzie Spray Glass Cleaner | MOCNY Odmra?acz do Szyb Samochodowych Spray ZERO ICE P?yn do Odmra?ania | LIQUID GLASS Samochodowy Wosk do Lakieru Auta Karoserii Syntetyczny Czarny
Cerave,Consumables,high,21,16,"Emulsja Nawil?aj?ca CeraVe Sk ra Sucha i Bardzo Sucha, Twarz i Cia?o 1l | CeraVe oczyszczaj?cy ?el do mycia sk ry normalnej i t?ustej, 1000 ml | CeraVe Nawil?aj?ca emulsja do suchej i bardzo suchej sk ry 473ml"
Cetaphil,Consumables,high,14,7,Cetaphil krem nawil?aj?cy 100 g | Cetaphil Pro Oil Control pianka do mycia twarzy sk ra tr?dzikowa 236 ml | Cetaphil Krem nawil?aj?cy do cia?a 453 g DuoPack
Chanel,Consumables,high,5,1,Woda perfumowana Chanel N 5 kwiatowa 100 ml
Chappi,Consumables,high,9,3,CHAPPI DR B I WARZYWA 13.5KG | Chappi Wo?owina Dr b Warzywa 13.5kg Karma dla Ps w | Chappi z wo?owin? drobiem i warzywami 9kg sucha karma dla psa
Clavier,Consumables,low,1,10,Frezarka Manicure Pedicure Hybrydy ?ele Mocna 65W Clavier FX820 | Frezarka Do Paznokci Mocna 65W Profesjonalna Manicure Pedicure | Clavier ZS603 Frezarka do manicure 65W - BIA?A
Cleo,Consumables,high,10,4,CLEO mix Karma sucha dla kot w doros?ych MI?SO WITAMINY 10kg | Norsa Pharma LACTOFERIN NUCLEO 30kaps LAKTOFERYNA | Norsa Pharma Nucleoplex (45kaps)
Cloud,Consumables,low,1,1,320522 CLOUDBOX PROJEKTOR MUZYCZNY Z BAJKAMI CHMURKA + GRATIS MASKOTKA
Clovin,Consumables,low,1,3,Proszek do prania Signum 10kg kolor | Clovin II Septon proszek do dezynfekcji i do prania 15kg | Proszek do prania Signum Universal 10 kg worek
Cobi,Consumables,low,1,2,MOOSE TOYS LITTLE LIVE PETS MAMA SURPRISE CHOMIKI | MI? COBI? PACJENT
Coccolino,Consumables,high,6,8,"P?yn do p?ukania Coccolino Fresh&Soft Blue Splash 1,7L | Coccolino Sensitive&Soft P?yn do p?ukania tkanin 1,7L (68pra?) | Coccolino P?yn do p?ukania tkanin ubra? Perfume&Care MIX 4x1275 ml"
Colon,Consumables,medium,4,1,Colon C Suplement diety 200 g
Colostrum Polska,Consumables,medium,2,1,COLOSTRUM JUNIOR Z PROBIOTYKIEM CUKIERKI DLA DZIECI 80 szt.
Compex,Consumables,low,1,1,Elektrostymulator mi??ni Compex SP 8.0 regeneracja pe?ny zestaw
Contipro,Consumables,medium,2,2,"Geloren Horse HA Kolagen dla Koni ?elki jab?kowe 60szt - 450g | Geloren Horse HA jab?kowy dla koni ?elki kolagen 2 x (60szt, 450g) j2SP39a"
Corciano,Consumables,low,1,2,BIE?NIA ELEKTRYCZNA DOMOWA CORCIANO LAXE SK?ADANA MASA?ER 150KG 19KMH | WANNA WOLNOSTOJ?CA Pari 170 x 80 PRZY?CIENNA SYFON
Cortina,Consumables,low,1,1,ZNICZ ELEKTRYCZNY RICO P?OMIE? XL EFEKT ?YWEGO OGNIA +BATERIE
Cosrx,Consumables,medium,4,1,COSRX Balancium Comfort Ceramide Cream Regeneruj?cy Krem 80 g
Costa,Consumables,high,13,4,Kawa Ziarnista Costa Professional Bright Blend 1000g | Kawa ziarnista Costa Pro Signature Blend Dark Roast Mocha Italia 1kg | Kawa ziarnista Arabica Costa Coffee Brazilian Single Origin Blend 1000 g
CraftCleaners,Consumables,low,1,1,R ?owa Piana do Usuwania Mocnych Zabrudze? - ?r?ca Landryna Craft Cleaners
Curaprox,Consumables,medium,2,2,Curaprox Ultra Soft Szczoteczka do Z?b w 5460 Ultra Soft 3 sztuki | Curaprox szczoteczka do z?b w CS 5460 ultra soft
Cybex,Consumables,high,5,9,Cybex Pallas G2 fotelik samochodowy 9-50 kg 76-150 cm / Stone Grey Plus | CYBEX LEKKI FOTELIK SOLUTION B I-FIX SAMOCHODOWY DZIECI?CY 15-50 KG ISOFIX | CYBEX LEKKI FOTELIK SOLUTION B I-FIX REGULOWANY DLA DZIECKA 3-12 LAT ISOFIX
Cztery ?apy,Consumables,high,5,1,Karma dla psa JAKO?? Cztery ?apy wo?owina 20 kg
D-Lux,Consumables,low,1,3,"D-LUX P?yn do Ple?ni 2x500 ml - Zestaw 2 butelek na ?ciany, sufity, okna | D-LUX Pow?oka Hydrofobowa do kuchni lub ?azienki. 250 ml. Efekt ?lizgawki | P?yn do czyszczenia fug bez szorowania D-LUX 1L rozpuszcza brud w 30 sekund"
DEKO,Consumables,low,1,3,POZIOMICA LASEROWA 360 P?ASZCZYZNOWA 4D LASER KRZY?OWY+DETEKTOR WI?ZKI DEKO | PI?A TARCZOWA PRZECINARKA PILARKA R?CZNA DO DREWNA 1600W TARCZA 185MM DEKO | SZLIFIERKA MIMO?RODOWA OSCYLACYJNA ELEKTRYCZNA Z REGULACJ? KR??KI ?CIERNE
DMF,Consumables,medium,2,3,Olej hydrauliczny HL 46 / L-HL 46 / 20L / VG 46 | GL-4 80W90/20L | Olej silnikowy OIL ONE MultiTEC 5W-30 5L
DX2,Consumables,high,8,2,DX2 szampon przeciw siwieniu w?os w 150 ml | DX2 szampon przeciw siwieniu w?os w 150 ml
DYMBOX,Consumables,low,1,1,"W?dzarnia, DYMBOX generator, Komplet-zestaw do w?dzarni elektrycznej 2,9 kW"
Dada,Consumables,low,1,2,CHUSTECZKI NAWIL?ANE DADA EVERYDAY ZESTAW 1008szt 14x72szt | Pieluchomajtki DADA PANTS EXTRA CARE 5 Junior 126 sztuk.
Dafi,Consumables,medium,2,15,6 SZTUK DAFI CLASSIC WK?AD FILTR DO WODY ORGINA? | 6 SZTUK DAFI CLASSIC WK?AD FILTR DO WODY ORGINA? | 12 SZTUK PAKIET DAFI CLASSIC WK?AD FILTRY DO WODY
Dallmayr,Consumables,override,999,11,Kawa ziarnista Arabica 100% Dallmayr Crema Prodomo 1000 g | DALLMAYR PRODOMO KAWA MIELONA 500g DYSTRYBUCJA NIEMIECKA | Kawa ziarnista Dallmayr Home Barista Crema e Aroma 1kg
Davidoff,Consumables,override,999,12,Davidoff Fine Aroma kawa rozpuszczalna 100g | Davidoff Fine Aroma in | Kawa mielona Davidoff Fine Aroma 250g
De Heus,Consumables,medium,4,1,Nioska kruszonka Pasza karma dla kur niosek kruszonka 25kg
Dechra,Consumables,medium,4,2,Dechra Preparat Porus One 30 saszetek dla kota - wsparcie nerek | Dechra Preparat Porus One 30 saszetek dla kota - wsparcie nerek
Decorati,Consumables,low,1,1,PROMOCJA ?WI?TECZNA ! TOALETKA KOSMETYCZNA M Z LUSTREM I TABORETEM HIT !!
DekoracjeNaTort,Consumables,medium,4,1,BARWNIKI SPO?YWCZE W P?YNIE KOLOROWE DO CIAST TORT W KREMU MASY WYDAJNE
Demon,Consumables,low,1,4,"?WIDER SPALINOWY WIERTNICA GLEBOWA DEMON DO GLEBY DO ZIEMI 5,2Km WIERT?A | KOSA SPALINOWA 5.2KM DEMON RQ580 PODKASZARKA KOSIARKA WYKASZARKA DO TRAWY | Dmuchawa spalinowa plecakowa do li?ci DEMON M88180"
Demoxoft,Consumables,low,1,2,"Demoxoft Clean chusteczki do powiek 20 sztuk | Demoxoft Plus Clean, chusteczki do higieny powiek i sk ry wok ? oczu, 20szt"
DentiPro,Consumables,medium,4,4,"Irygator do Z?b w 4 Tryby +4 Dysze - Profesjonalny, Bezprzewodowy i Stylowy | Szczoteczka Soniczna Do Z?b w - Zestaw Etui 6 ko?c wek Indukcja Elektryczna | Irygator do z?b w ALPHA DentiPro SWF-01 Bia?y"
Dermedic,Consumables,high,8,2,DERMEDIC HYDRAIN2 KREM NAWIL?AJ?CY DO TWARZY 50ML | Krem Nawil?aj?cy Dermedic Hydrain 3 Dzie? i Noc 50ml Sk ra Sucha
Dermz,Consumables,high,5,1,Zestaw kosmetyk w DERMZ Healpsorin szampon 500 ml + od?ywka 500 ml+GRATIS
Dexeryl,Consumables,high,9,3,Dexeryl Krem do sk ry suchej 500 g | Dexeryl shower krem myj?cy pod prysznic 500 ml | Dexeryl olejek do mycia sucha sk ra 500 ml
Dexter,Consumables,high,11,2,Sucha karma dla psa Dexter Balance Du?e Rasy Owczarek Labrador 20kg | Karma Sucha Dexter Complete Dla Psa Z Witaminami Du?e Rasy Owczarek 20kg
Dilmah,Consumables,low,1,1,Dilmah Pick'n'Mix herbata 240 kopert
Dino,Consumables,medium,4,1,DINO Z WO?OWIN? - karma dla ps w doros?ych 20kg
Dior,Consumables,high,5,2,Dior Sauvage 100 ml perfumy | Dior Brush - Full Coverge Fluid Foundation Brush Nr.12 - P?dzel do podk?adu
Divinus,Consumables,high,12,2,Sucha karma dla psa Divinus Performance 20kg Du?e i ?rednie Rasy | DIVINUS Cat Complete karma sucha dla kot w doros?ych witaminy 20 kg
Dolce Gusto,Consumables,high,7,3,Kapsu?ki Nescafe Dolce Gusto Cafe au Lait 30szt | Kapsu?ki Nescafe Dolce Gusto Cafe au Lait 30szt | Nescafe Dolce Gusto Flat White kawa 16 kapsu?ek
Dolfos,Consumables,medium,4,1,Witaminy Ekologiczne dla kur niosek DOLMIX DN RE 25kg bez barwnika
Dolina Noteci,Consumables,high,227,72,Sucha karma dla psa DOLINA NOTECI WO?OWINA 3kg SUSZONA BEZZBO?OWA | Sucha karma dla psa DOLINA NOTECI JAGNI?CINA 3kg SUSZONA BEZZBO?OWA | RAFI Dolina Noteci WO?OWINA Karma Sucha KOT 7kg
Domestos,Consumables,medium,2,1,DOMESTOS Professional Pine Fresh P?yn do mycia dezynfekcji toalet 5L
Doppelherz,Consumables,medium,4,5,"Doppelherz System Kollagen 11.000 PLUS | DOPPELHERZ KOLLAGEN 11000 plus Kollagen System 25 ml x 30 ampu?ek | Doppelherz System Kollagen Beauty, p?yn, suplement diety, 30"
Douglas,Consumables,low,1,2,DOUGLAS EXCLUSIVE KALENDARZ ADWENTOWY 2025 | KALENDARZ ADWENTOWY DOUGLAS EXCLUSIVE 2025 Kosmetyki warto?ci ponad 1700z?.
Dr. Jacob's Medical,Consumables,medium,4,1,"Dr. Jacob's Witamina ADEK, 20 ml"
Dr. Mercola,Consumables,medium,4,1,Dr. Mercola Witamina C Liposomalna 180k Oryginalna
Dr.Jart+,Consumables,medium,4,2,Dr.Jart+ Ceramidin Skin Barrier Moisturizing Cream 50 ml | Dr.Jart+ Ceramidin Cream dzie? i noc 50 ml Krem nawil?aj?cy do twarzy
Drager,Consumables,low,1,1,Alkomat elektrochemiczny DRAGER Alcotest 4000
Dreamies,Consumables,medium,3,1,DREAMIES Przysmak Dla Kota Mix Smak w 12x60g
Dreft,Consumables,medium,2,2,Dreft kapsu?ki do zmywarki Platinum Professional LEMON CYTRYNOWE 75 szt | Dreft kapsu?ki do zmywarki Platinum ORYGINAL 75 szt
Drewmart,Consumables,low,1,1,BUDA DLA PSA R ?NE KOLORY OCIEPLANA L +GRATISY!!!
Dromader,Consumables,medium,2,2,SEKRETY ELEKTRONIKI 1200 KOMBINACJI EKSPERYTMENT W | SEKRETY ELEKTRONIKI Du?y ZESTAW 500 Eksperyment w DO?WIADCZE? ELEKTRONIK
Ducray,Consumables,high,10,4,"DUCRAY ANACAPS REACTIV na wypadanie w?os w 30 kaps. | DUCRAY ANACAPS REACTIV na wypadanie w?os w 30 kaps. | Szampon Ducray Anaphase przeciw wypadaniu w?os w, 400 ml"
DuoLife,Consumables,high,9,2,DUOLIFE Collagen Suplement Diety Kolagen 750 ml | Suplement diety DuoLife MY BLOOD MOJA KREW burak p?yn 750 ml 1 szt.
Dutch Therapy,Consumables,low,1,1,Olejek Green Out
Dzidziu?,Consumables,low,1,1,Dzidziu? ?el do mycia butelek i artyku? w dzieci?cych 2l Zapas
E.Wedel,Consumables,medium,2,2,E.Wedel Czekolada Mocno gorzka 80% Kakao 80 g Wedlowska | Czekolada gorzka E.Wedel 90 g
ENTitis,Consumables,low,1,1,"Zestaw ENTitis do ssania truskawkowy, 3x30pastylek"
Ecogene,Consumables,low,1,1,Bio 7 Max 2 kg Bakterie do Oczyszczalni ?ciek w i Szamb + kapsu?ki
Ecomill,Consumables,medium,2,1,Kapsu?ki do prania Eco Mill Uniwersalne Zielona Herbata 70szt + Gratis
Eden,Consumables,medium,2,2,2x SZCZOTECZKA SONICZNA elektryczna z?b w PixieDent PEARL + Ko?c wki + Etui | EDEN COUNTRY CUISINE KACZKA JAGNI?CINA KR LIK ML 12kg ?REDNIE/DU?E RASY
Eduscho,Consumables,high,8,2,Kawa ziarnista Eduscho Caffe Crema GOLD 1 kg | Kawa ziarnista EDUSCHO Caff  Crema Strong 1 kg
Eko-Higiena,Consumables,medium,4,4,R?czniki w? kninowe fryzjerskie 70x40 cm 100 sztuk SOFT PERFOROWANE | R?cznik fryzjerski Papierowy GRUBY EXTRA ROLKA 95m | 3x R?CZNIK FRYZJERSKI BARBERSKI CELULOZOWY EXTRA GRUBY ROLKA 27cm 70gm2
Ekspand,Consumables,low,1,2,Toaletka z lustrem kosmetyczna BIURKO 12 LED do makija?u TL08/BL808 BIA?A | W zek schodowy transportowy magazynowy sk?adany m?ynarka towarowy WM01
Elektrostatyk,Consumables,high,5,6,FOTEL W?DKARSKI KRZES?O F5R STP ELEKTROSTATYK Stolik Uchwyt | FOTEL W?DKARSKI KRZES?O F5R STP ELEKTROSTATYK Stolik Uchwyt | Fotel W?dkarski F5R ELEKTROSTATYK
Elf,Consumables,medium,3,7,Aparat NATYCHMIASTOWY dla dzieci zdj?cia kolor selfie menu PL gry Druku? | Elf Evolution Full-Tech FE 5W30 5L | OLEJ ELF EVOLUTION 900 NF 5W40 5W-40 5L + GRATIS
Eliton,Consumables,medium,2,2,BIE?NIA ELEKTRYCZNA ELITON 120kg 12km/h LED | Bie?nia elektryczna VIGO 20 km/h 150 kg masa?er
Elixir,Consumables,low,1,2,Struny do gitary akustycznej Elixir Nanoweb 10-47 - powlekane | ELIXIR BIA?E MUMIO - STAWY KO?CI NERWOB LE ?YLAKI
Eloderm,Consumables,medium,2,2,Eloderm balsam nawil?aj?cy do cia?a 400ml | Eloderm 2w1 ?el do w?os w i cia?a 750 ml. AZS. Kwasy OMEGA 3 6 9.
Emolium,Consumables,medium,4,6,EMOLIUM DERMOCARE Emulsja do cia?a 400 ml | EMOLIUM DERMOCARE Emulsja do cia?a 400 ml | EMOLIUM DERMOCARE Emulsja do cia?a 400 ml
Equazen,Consumables,medium,3,3,EQUAZEN ?elki owocowe kwasy omega-3 EPA 60 szt. | EQUAZEN 360 + 40 kapsu?ek gratis do ?ucia smak truskawkowy | Equazen EYE Q 400 kapsu?ek
Erborian,Consumables,high,8,2,ORYGINALNY Erborian CC Red Correct Krem CC Koryguj?cy Zaczerwienienia 15ml | ERBORIAN CC RED CORRECT - KREM CC PRZECIW ZACZERWIENIENIOM 45 ML SPF25
Essensey,Consumables,high,33,11,OMEGA 3 3000 MG Olej z Ryb Pacyfiku + Witamina E Serce M zg Wzrok EPA DHA | OMEGA 3 3000 MG Olej z Ryb Pacyfiku + Witamina E Serce M zg Wzrok EPA DHA | MAGNEZ 100% RWS Complex 4 FORMY + Witamina B6 Zm?czenie Nerwy Cytrynian
Estadi,Consumables,low,1,1,2 szt Poduszka 70x80 - Antyalergiczna Pikowana +Suwak +Regulacja Wysoko?ci
Etika,Consumables,low,1,1,ODKURZACZ BEZPRZEWODOWY PIONOWY R?CZNY 3w1 BEZWORKOWY ELEKTROSZCZOTKA LED
Eukanuba,Consumables,high,16,6,Sucha karma dla psa Eukanuba German Shepherd Kurczak 12kg | EUKANUBA Mono-Protein Salmon 12kg | Eukanuba Daily Care Overweight Adult Dog 12kg
Euro Craft,Consumables,low,1,2,WIERTNICA GLEBOWA ?wider spalinowy 3 WIERT?A przed?u?ka amortyzator ZESTAW | WYCI?GARKA ELEKTRYCZNA WCI?GARKA 800KG 2000W LINOWA SUWNICA HJ207 STEROWANA
Eveline Cosmetics,Consumables,medium,5,3,"EVELINE MAGIC SKIN CC Upi?kszaj?cy krem do twarzy 8w1 NAWIL?AJ?CY, 50 ml | Eveline Wonder Match Luksusowy Podk?ad 015 | ZESTAW PREZENTOWY KOSMETYKI DLA KOBIET PREZENT + GRATIS TORBA WOREK"
Evimax Vega,Consumables,low,1,1,Sufrin 60 kapsu?ek
Eyfel,Consumables,low,1,4,ANIO? MELEK EYFEL ZAPACHY DO DOMU PATYCZKI 120 ML | ANGEL EYFEL - ZAPACHY DO DOMU PATYCZKI 120ml | CZERWONY ANIO? EYFEL ZAPACHY DO DOMU PATYCZKI 120
FARCHIONI,Consumables,low,1,1,FARCHIONI IL CASOLARE EXTRA VIRGIN 1 L NATURALNA OLIWA Z OLIWEK
FIT-NET,Consumables,low,6,6,BIE?NIA ELEKTRYCZNA G-RUNNER 400 DOMOWA WZNIOS G?O?NIKI SK?ADANA DO 120kg | BIE?NIA ELEKTRYCZNA G-RUNNER 400 MASA?ER DOMOWA WZNIOS AUX SK?ADANA | BIE?NIA ELEKTRYCZNA DOMOWA G-RUNNER 500 ANDROID USB MASA?ER AUTOWZNIOS WIFI
Fairy,Consumables,high,17,19,Kapsu?ki do zmywarki Fairy Platinum All In One Cytryna GIGA PACK 81 szt. | Kapsu?ki do zmywarki Fairy Platinum All In One Cytryna 81 szt. GIGA PACK | Kapsu?ki do zmywarki FAIRY Platinum All in One
Fanfaro,Consumables,low,1,1,FANFARO Dexos2 5W30 5L - OLEJ OPEL CHEVROLET GM
Fanola,Consumables,medium,4,1,Fanola Szampon do W?os w Suchych z Keratyn? Keraterm Przeciw Puszeniu 1L
Faq,Consumables,low,1,4,"FAQ 202, maseczka LED + FAQ P1 Primer + FAQ krople na czo?o i pod oczy | FAQ 202 Smart Silicone LED Face Mask | FAQ 202 & Zestaw Maseczek Kolagenowych FAQ Glass Skin"
Farmapol,Consumables,high,9,3,"Niacynobaza 25% Skoncentrowane serum z niacynamidem, 30 g | Colostrobaza 5% krem przeciwzmarszczkowy (30 g) | FARMAPOL Cremobaza 10% Krem z mocznikiem p ?t?usty, 30 g"
Farmina,Consumables,high,9,4,"Sucha Karma Dla Psa Hipoalergiczna FARMINA VET LIFE UltraHypo 12kg | RETIMAX 1500 Ma??, regeneracja 30g | RETIMAX 1500 Ma?? z Witamina A regeneracja sk ry 30g"
Felix,Consumables,high,23,8,"Karma Dla Kota Mokra Felix Fantastic Mix Smak w W Galaretce 10,2 Kg 120x85g | KARMA DLA KOTA MOKRA FELIX FANTASTIC MIX SMAK W 120 x 85 G SASZETKI | Felix Countryside Selection Karma dla kot w w galaretce 120 x 85g"
Fenix,Consumables,low,2,5,Latarka czo?owa Fenix HM70R czo? wka 1600 lm UBS-C | Fenix HM70R Latarka czo?owa LED 1600 lumen w | Latarka diodowa LED Fenix C7 3000lm 470m 5000 mAh USB-C IP68 duraluminium
Fiido,Consumables,medium,2,1,Rower miejski elektryczny FIIDO C11 PRO Emerald Blue AUTORYZOWANY Sklep
Finish,Consumables,high,15,19,S l do zmywarek FINISH 4 kg | Kapsu?ki do zmywarki FINISH Powerball Ultimate All in 1 Lemon - 120 szt. | Kapsu?ki do zmywarki FINISH Powerball Quantum All in 1 Lemon - 150 szt.
Fisher Price,Consumables,low,1,4,FISHER PRICE SZCZENIACZEK UCZNIACZEK zabawka interaktywna dla maluszka JFD | FISHER PRICE MUZYCZNY PINGWINEK KIWACZEK pluszowa zabawka dla niemowl?t | FISHER PRICE MUZYCZNA PODUSZKA do zabawy LENIWIEC
Fisher-Price,Consumables,low,5,9,Muzyczny Pingwinek Kiwaczek zabawka dla niemowl?t HNC10 Fisher-Price | FISHER MI?KKIE PIANINKO SENSORYCZNE DLA NIEMOWL?T + LUSTERKO GRYZAK GRATIS | FISHER MI?KKIE PIANINKO SENSORYCZNE DLA NIEMOWL?T + LUSTERKO GRYZAK GRATIS
FitbyMed,Consumables,medium,2,2,DEPILATOR LASEROWY IPL DO W?OS W TWARZY CIA?A BIKINI DEPILACJA Bezbolesny | DEPILATOR LASEROWY DEPILACJA IPL ZESTAW Bezbolesny Bikini DO CIA?A FitbyMed
Fitmin,Consumables,high,10,3,FITMIN sucha karma dla PSA For Life Adult 12kg | Fitmin for Life Lamb & Rice 12kg | FITMIN Dog for Life Adult Large Breed karma dla du?ych ras 12kg
FloraZoo,Consumables,high,8,2,KARMA POKARM ZIARNO S?ONECZNIK DO KARMNIK DLA DZIKICH PTAK W ZIMUJ?CYCH | KARMA POKARM ZIARNO S?ONECZNIK DO KARMNIK DLA DZIKICH PTAK W ZIMUJ?CYCH
FoodSaver,Consumables,low,1,1,"Zgrzewarka pr ?niowa do ?ywno?ci Pakowarka FoodSaver + Worki, Folia ZESTAW"
ForMeds,Consumables,high,15,5,ForMeds BICAPS MAG B6 MAGNEZ cytrynian + wit. B-6 NERWY SERCE MI??NIE KO?CI | ForMeds BICAPS WITAMINA B COMPLEX 120 kapsu?ek metylokobalamina KOMPLEKS | Witamina B Complex Energia Uk?ad Nerwowy BICAPS ForMeds 120 kaps
Forest Vitamin,Consumables,low,1,1,OMEGA 3 STRONG MOCNE KWASY T?USZCZOWE 100 MOCNE 500 EPA 250 DHA
Foresto,Consumables,medium,3,2,FORESTO OBRO?A NA KLESZCZE DLA DU?YCH PS W POWY?EJ 8kg D?UGO?? 70cm | Elanco Obro?a Foresto na pch?y i kleszcze dla psa i kota poni?ej 8kg
Forever,Consumables,medium,4,8,Forever Aloe Vera Gel sok z aloesu czysty 1L | Forever Aloe Vera Gel sok z aloesu czysty 1L | Forever Aloe Vera Gel sok z aloesu czysty 1L
Forever Living,Consumables,medium,4,1,Suplement Forever Living Aloe Vera Mango ?el Mi??sz aloesowy syrop 1L
Fort,Consumables,medium,4,1,Zestaw 2x Kawa mielona Fort 500 g
Forte,Consumables,high,24,19,ZMA MAGNEZ 100% + CYNK FORTE + WIT B6 ZM?CZENIE TESTOSTERON COMPLEX ZMB | MA?LAN SODU Forte 1000mg 90 Kaps Mikropeletki Stopniowe uwalnianie Jelita | HEPATIALE FORTE ADVANCED - preparat wspomagaj?cy funkcje w?troby
Foxy,Consumables,medium,4,9,R?cznik papierowy Foxy Mega 2 szt. | FOXY Mega D?ugie R?czniki Kuchenne 2 rolki | FOXY MEGA R?czniki papierowe kuchenne 2 sztuki
French Avenue,Consumables,high,5,2,FRENCH AVENUE VULCAN FEU 100ml UNISEX PREMIUM ARABSKI SZTOS*ODLOTOWY ZAPACH | FRENCH AVENUE LIQUID BRUN WODA PERFUMOWANA 100ML ORYGINA?
Fresso,Consumables,medium,4,1,Perfumy do samochodu Fresso Gentleman 50 ml
Frischer Professional,Consumables,low,1,1,TABLETKI DO CZYSZCZENIA PRALKI ODKAMIENIAJ?CE NEUTRALIZUJ?CE ZAPACH 42szt
Friskies,Consumables,high,5,3,PURINA Friskies Junior 15kg | Friskies Junior 10+5kg Gratis Karma Dla Szczeni?t Kurczak Mleko i Warzywa | PURINA Friskies Balance 15kg
Frolic,Consumables,medium,4,1,"Frolic karma sucha wo?owina 2,6 kg"
Frosch,Consumables,low,4,3,FROSCH ekologiczne EKO tabletki sodowe do zmywarki zmywarek 30 SZT ALL-IN-1 | Tabletki Kapsu?ki Do Zmywarki Zmywarek Frosch Limonka 70 szt Niemieckie | Frosch Sodowe Tabletki do Zmywarek All in 1 50szt
Fuchs,Consumables,medium,2,3,FUCHS AGRIFARM MOT 15W40 op.20l | FUCHS Olej AGRIFARM UTTO MP 20L | FUCHS Agrifarm Stou MC 10W-40 Olej wielofunkcyjny 20L
Funfit,Consumables,low,1,1,BIA?A TOALETKA KOSMETYCZNA Z LUSTREM 12xLED SZUFLADY
Fushi,Consumables,low,1,1,"Fushi, olej rycynowy - organiczny, nierafinowany, t?oczony na zimno, 250ml"
GTV,Consumables,low,2,2,Szuflada GTV AXIS PRO 500D1 Bardzo Wysoka L500 H199 Bia?a Cichy Domyk Wysuw | Szuflada GTV Axis Pro 500 wysoka H 199 bia?a super wysoka cichy domyk wysuw
Galmet,Consumables,low,1,4,GALMET Wymiennik 200L z w??ownic? spiraln? + Grza?ka elektryczna 2kW | Zbiornik buforowy do ogrzewania centralnego GALMET 500L | WYMIENNIK BOJLER 300L Z W??OWNIC? GALMET STOJ?CY
Gama,Consumables,low,1,1,Kapsu?ki uniwersalne do prania Gama Smart Choice 4w1 60szt. DE
Game Dog,Consumables,medium,2,2,Game Dog AniFlexi HA 150 tab wspiera stawy ps w | GAME DOG AniFlexi+ V2 550g Refill Pack
GardenPharm,Consumables,medium,5,1,Halier Hairvity suplement diety tabletki przeciw wypadaniu w?os w kobieta
Geek & Gorgeous,Consumables,medium,2,2,"Geek and Gorgeous A-Game 5 - serum z 0,05% Retinalu A-Game 5 | Geek and Gorgeous A-Game 10 - serum Przeciwstarzeniowe z 0,1% Retinalu 30ml"
German,Consumables,low,2,2,TOALETKA kosmetyczna BIA?A z lustrem LED 12 wiza? | TOALETKA kosmetyczna BIA?A z lustrem 12 LED wiza? BETI7
Germann,Consumables,low,1,1,"AGREGAT PR?DOTW RCZY A8 5,2kW MIED? pr?du AVR + ELEKTRYCZNY ROZRUCH GERMAN"
Gevalia,Consumables,override,999,1,Gevalia Mellanrost 200g kawa rozpuszczalna
Gimoka,Consumables,high,8,2,GIMOKA 1KG GRAN BAR KAWA ZIARNISTA W?OSKA | Kawa ziarnista mieszana Gimoka L'Espresso All'Italiana 1000 g
Glenmark,Consumables,low,1,1,REVITANERW Junior prawid?owe funkcjonowanie m zgu 30 kapsu?ek
Glimmerstone,Consumables,medium,4,6,WODA DEMINERALIZOWANA GLIMMERSTONE 4 x 5L = 20L SPRAWDZONA WYSOKA JAKO?? | P?yn do ch?odnic G12 czerwony 5L   Antifreeze ochrona aluminium uniwersalny | Uniwersalny P?yn do ch?odnic G12 Czerwony 20L - Antifreeze -35 C Aluminium
Global Food,Consumables,low,1,7,TRUSKAWKI LIOFILIZOWANE 100g (PLASTRY) NATURALNE BEZ CUKRU | NASIONA CHIA Sza?wia Hiszpa?ska 1kg (1000g) SUPERFOOD Naturalne | ORZECHY W?OSKIE ?USKANE 1kg (1000g) NATURALNE
GoDan,Consumables,low,1,3,"BUTLA Z HELEM NA URODZINY 0,43 m3 NA 50 BALON W DO SAMODZIELNEGO DMUCHANIA | BUTLA Z HELEM NA 30 BALON W HEL DO BALON W | KOTYLION NARODOWY Bia?o Czerwony POLSKA 11 LISTOPADA 3 MAJA ?WI?TO FLAGA"
Gold Dog,Consumables,high,5,1,Karma dla Owczarka Gold Dog Snocerek Beef & Salmon 15kg bez drobiu
Golden Pharm,Consumables,low,1,1,Glistnik G rski Ekstrakt Mocny ?urzajki Brodawki Modzele W? kniaki 10ml
Goldwell,Consumables,low,1,1,Goldwell Texture Roughman Pasta teksturyzuj?ca do w?os w 150ml
GoodMajster,Consumables,low,1,3,"?UPARKA DO DREWNA Hydrauliczna indukcyjna STOJAK R?BAK GoodMajster HLS760 | ZAG?SZCZARKA GoodMajster 130kg 7HP REWERS W ZEK RATO + OLEJ + MATA, UBIJAK | ROZDRABNIACZ DO GA??ZI R?BAK SPALINOWY 9KM 212ccm RATO MOCNY DOUBLE SAFETY"
Gorenje,Consumables,low,2,16,"Zamra?arka szufladowa Gorenje F4142PW Bia?a 165l szer. 55cm DYSTRYBUCJA PL | Lod wka wolnostoj?ca GORENJE RK4182PS4 180cm 39dB Srebrna 269 l | Zamra?arka szufladowa Gorenje FN4172CW NO FROST 169,1 cm bia?a DYSTRYB. PL"
Gorvita,Consumables,low,1,1,GORVITA COLAFIT KOLAGEN NATURALNY LIOFILIZOWANY STAWY 60 KOSTEK
Gourmet Perle,Consumables,high,18,3,MOKRA KARMA DLA KOTA GOURMET PERLE MIX FILECIK W W SOSIE - 60X85G | Karma mokra dla kota PURINA GOURMET PERLE mini fileciki mix smak w 60x85g | PURINA GOURMET PERLE MINI FILECIKI W SOSIE MOKRA KARMA DLA KOTA 12x85g
Green Cell,Consumables,low,1,8,AKUMULATOR AGM GREEN CELL 12V 100AH FOTOWOLTAIKA W ZKI UPS PRACA CYKLICZNA | Przetwornica Napi?cia Inwerter 12V Na 230V 2000W/4000W Czysta Sinusoida | PRZETWORNICA 12V 230V 3000W 6000W SAMOCHODOWA NAPI?CIA INWERTER SINUS USB
Green Touch,Consumables,high,27,11,TRUSKAWKA LIOFILIZOWANA 100 g ca?e plastry truskawki bez konserwant w | ZESTAW PREZENTOWY kosz s?odycze herbata migda?y syrop mi d konfitura box | Herbata matcha japo?ska 100 g Ujicha codzienna Green Touch Uji Kyoto
Grubber,Consumables,low,1,3,PODNO?NIK NO?YCOWY SAMOCHODOWY 3.5 t WYSOKI 1.2 m MOBILNY GRUBBER MT350EXL | Monta?ownica do opon k ? automatyczna z RunFlat GRUBBER GR922 400V NOWO?? | Mocny PODNO?NIK no?ycowy NAPOSADZKOWY 3500kg 230V 185cm Grubber XL350N
Grundfos,Consumables,low,1,4,Pompa Hydroforowa SCALA2 3-45A Grundfos ; pompa 93013252 +kluczyk gratis | POMPA OBIEGOWA C.O GRUNDFOS ALPHA 1L ELEKTRONIK 25 60 180 | Pompa cyrkulacyjna GRUNDFOS 15-14 B PM z kablem
Guillin,Consumables,low,1,1,POJEMNIKI ALI25 NA CIASTO OPAKOWANIE CUKIERNICZE 50SZT 164 x148 x 82
HIPPOVET Pharmacy,Consumables,low,1,1,Hippovet Pharmacy GastricAid Dog wspomaga leczenie wrzod w u ps w 250ml
HMS,Consumables,low,3,4,BLUETOOTH MUSIC BOXING MACHINE DO ?WICZE? BOKSERSKICH 9 TRYB W Z LICZNIKIEM | Elektroniczna Tarcza Bokserska Bluetooth Na ?cian? Z G?o?nikiem + R?kawice | Bie?nia Elektryczna Treningowa Sk?adana Do Biegania ?wicze? Cardio 1-18km/h
HS,Consumables,low,1,1,Zestaw do polerowania reflektor w HS z past? polersk? i akcesoriami
Hasbro,Consumables,medium,5,10,HASBRO TABOO TABU Imprezowa gra towarzyska WERSJA POLSKA F5254 | FURBY 2.0 Interaktywna maskotka Fioletowa F6743 | HASBRO GAME OPERACJA GRA ZR?CZNO?CIOWA DLA DZIECI
Hasco-Lek,Consumables,low,1,1,Mensil tabletki na POTENCJ? Erekcj? Wzw d 25 mg 8 szt. Syldenafil
HauMiau,Consumables,high,6,1,29x0.9KG Karma dla psa baton Royal Food Hau Miau Mix Smak w 95% mi?sa
Haxe,Consumables,high,6,6,Mocny irygator dentystyczny bezprzewodowy do z?b w 3 tryby 4 ko?c wki BIA?Y | IRYGATOR DENTYSTYCZNY do z?b w BEZPRZEWODOWY | IRYGATOR DENTYSTYCZNY do z?b w BEZPRZEWODOWY
Head & Shoulders,Consumables,high,8,2,head & shoulders CLASSIC CLEAN 2w1 szampon POMPKA 800ml | Head & Shoulders Szampon z Pompk? do W?os w Menthol Fresh 800ml
Health Labs Care,Consumables,medium,3,2,Health Labs FeMe Complex wysokoprzyswajalne ?elazo Laktoferyna 60 kapsu?ek | HEALTH LABS OmegaMe Omega 3 EPA i DHA 60 szt
Herz Medical Instruments,Consumables,medium,3,8,BA?KI CHI?SKIE BEZOGNIOWE PR ?NIOWE DO MASA?U ZESTAW 12 SZT Z POMPK? | Masa?er do Szyi Karku Ramion Plec w Shiatsu 30W Herz G?owice SPR??YNUJ?CE | Elektrostymulator Mi??ni i Nerw w TENS EMS 60 prog
Hiflofiltro,Consumables,low,1,1,FILTR OLEJU HIFLOFILTRO HF401
Hill's,Consumables,high,13,5,"Hill's PRESCRIPTION DIET z/d 10 kg sucha dieta dla ps w, hydrolizat bia?ka | Sucha Karma Hill's PD z/d Mini Food Sensitivities, dla ps w z alergi?, 1 kg | Hill's Z/D Dog Food Sensitivities Mini 1 kg"
Hipp,Consumables,medium,3,4,"Mleko HiPP 1 BIO COMBIOTIK mleko POCZ?TKOWE dla niemowl?t od urodzenia 550g | Hipp 2 Combiotik zestaw 3x 550 g | HiPP 3 JUNIOR COMBIOTIK dla dzieci po 1. roku, 550 g"
Honda,Consumables,low,2,2,"Agregat inwerterowy Honda EU22i 2200W AVR 230V cichy, lekki + GRATISY | Agregat Pr?dotw rczy Honda EU32i Jednofazowy Cichy 2.6kW Olej + Przegl?d"
Hortmasz,Consumables,medium,5,5,"GLEBOGRYZARKA HORTMASZ +P?UG 6,5KM 85cm KO?A BIEGI | MOCNA GLEBOGRYZARKA HORTMASZ HGS X620N 7KM KO?A XL | Glebogryzarka Hortmasz 62cm 7KM BARDZO MOCNA HGS X520 HGSX520 212CC+4xOLEJ"
Huggies,Consumables,medium,3,11,HUGGIES Extra Care pieluszki jednorazowe rozmiar 3 (6-10 kg) Mega 3x72 szt. | HUGGIES Extra Care pieluszki jednorazowe rozmiar 3 (6-10 kg) Mega 3x72 szt. | HUGGIES PURE chusteczki JUMBO PACK 10 x 72
Hummer,Consumables,medium,4,1,Hummer ADULT Sucha Karma Mix Smak w Dla Ps w Aktywnych 20 kg
I&KK,Consumables,low,1,1,TABLETKI SOLNE 40 work w po 25kg DO UZDATNIANIA WODY 1000KG
IBO,Consumables,medium,4,4,POMPA CYRKULACYJNA OBIEGOWA CWU DO WODY Z KABLEM ENERGOOSZCZ?DNA CPI 15-15 | POMPA OBIEGOWA ELEKTRONICZNA DO PIECA KOT?A CO ?RUBUNKI BETA2 25-60/180 IBO | POMPA OBIEGOWA ELEKTRONICZNA DO PIECA KOT?A C.O. ?RUBUNKI BETA 2 25-40/180
IUVI Games,Consumables,medium,2,2,Smart Games Kote?ki IUVI Games (PL) | Smart Games Kote?ki (PL) IUVI Games
Idee Kaffee,Consumables,medium,4,1,Darboven Oryginalna Kawa Idee Kaffee 500g mielona
Ikonka,Consumables,low,2,4,"MUZYCZNA MASZYNA BOKSERSKA W TRENINGOWEJ ?CIANIE BOKSERSKIEJ +R?KAWICE | Du?y Drewniany Domek Lalek XXL - Willa 117cm PREMIUM + Akcesoria | Lustro do makija?u LED Hollywood z 12 ?ar wkami, 30x40 cm, USB, stoj?ce"
Illy,Consumables,medium,4,1,Kawa ziarnista ILLY Classico 0.25 kg
Immortal Nutrition,Consumables,medium,4,1,BIA?KO WPC IMMORTAL WHEY PROTEIN PLUS 2000G CIASTKO Z KREMEM COOKIE +GRATIS
Insport Nutrition,Consumables,low,1,2,"CZYSTY KOLAGEN na STAWY 300g w proszku NATURALNY 10,000mg | KREATYNA Monohydrat 500g MIKRONIZOWANA Creatine Monohydrate"
Invex Remedies,Consumables,medium,4,1,KRZEM Z BOREM I JODEM SILOR+B+J 1L INVEX REMEDIES SUPLEMENT DIETY
Italform,Consumables,low,1,1,TOALETKA KOSMETYCZNA Z LUSTREM LED BIA?A
Iwetta,Consumables,high,5,1,MI?SO MRO?ONE DLA PSA WO?OWE BEZ KO?CI 10KG BARF SUROWE ?WIE?E KARMA WO?OWA
JYIPure,Consumables,low,1,1,ELEKTRYCZNA SKROBACZKA SKROBAK MASZYNKA N ? DO ?USEK RYB SKALER TARKA 120W
Jacobs,Consumables,override,999,15,Kawa mielona Jacobs Kronung 500 g | Kawa ziarnista mieszana Jacobs Kr nung Espresso 1000 g | Kawa ziarnista Jacobs Kr nung 6/10 1kg
Jaguar,Consumables,high,8,5,Jaguar PreStyle Ergo 5.5 No?yczki do strzy?enia profesjonalne | JAGUAR Classic Gold Woda Toaletowa dla M??czyzn Perfumy M?skie EDT 100ml | JAGUAR Classic Gold Woda Toaletowa dla M??czyzn Perfumy M?skie EDT 100ml
John Dog,Consumables,high,8,3,JOHN DOG WIEPRZOWINA Z WO?OWIN? ?REDNIE I DU?E RASY BEZGLUTENOWA BEEF PORK | JOHN DOG sucha karma dla psa rasy ?rednie i du?e WIEPRZOWINA WO?OWINA 12 kg | JOHN DOG CIEL?CINA Z JAGNI?CIN? 12KG ?REDNIE DU?E WSZYSTKIE RASY DOROS?E
Joie,Consumables,low,1,2,JOIE FOTELIK SAMOCHODOWY DLA DZIECKA 15-36 KG I-TRILLO I-SIZE ISOFIX ADAC 4 | JOIE ELEVATE R129 FOTELIK SAMOCHODOWY 9-36KG I-SIZE 100-150CM
Josera,Consumables,high,42,12,"Sucha Karma dla Psa Josera Kids 12,5kg | Josera Catelux karma dla kota odk?aczaj?ca 10 kg | JOSERA A/S Senior Balance 12,5kg"
K rastase,Consumables,medium,2,2,K rastase Elixir Ultime Olejek Do W?os w Nadaj?cy Po?ysk 30 ml | K rastase Nutritive 8H Magic Night Serum Na Noc Do W?os w Suchych 90 ml
K2,Consumables,high,6,11,P?YN DO SPRYSKIWACZY ZIMOWY K2 CLAREN 5L ZAPACHOWY -22C SKUTECZNY BEZ SMUG | K2-ZMYWACZ DO HAMULC W BREAKE CLEANER 600ML | K2 NANO SPRYSK ZIMOWY P?YN DO SPRYSKIWACZY -20 5L
KFD,Consumables,high,19,13,KFD PURE WPC 82 - BIA?KO SERWATKOWE 100% | KFD PREMIUM CREATINE JAB?KO 500G | KFD PREMIUM CREATINE - 500 G KREATYNA MONOHYDRAT - NATURALNA
KailaArt,Consumables,low,1,1,WORECZKI Z ORGANZY PREZENTY BI?UTERI? KOMUNIA CUKIERKI 8x10 100 szt +
Kamikaze,Consumables,medium,3,3,"Hulajnoga elektryczna Kamikaze K1 Lite 800W 60km 10'' Czarno-pomara?czowy | Hulajnoga Elektryczna Kamikaze K1 Katana RGB, 1400W, Blokada NFC 1400W 10"" | Hulajnoga elektryczna 1000W moc Peak Kamikaze K1 2025 48V 15Ah zasi?g 60km"
Karex,Consumables,medium,4,2,Czarny S?onecznik Ziarna Karma PREMIUM Dla Ptak w I Go??bi 20 kg | POLSKIE SANKI + OPARCIE + PODN ?KI + PCHACZ + ?PIW R
Katadyn,Consumables,medium,4,1,NRG-5 RACJA ?YWNO?CIOWA nrg5 z witaminami hermetyczna wa?no?? 01/2046 20lat
Kenay,Consumables,low,1,1,KenayAG Ubichinol V100 koenzym Q10 100mg kapsu?ki 60 kapsu?ek
Kendamil,Consumables,high,10,7,Mleko Kozie Kendamil Pocz?tkowe 1 800g Bez Oleju Rybiego i Palmowego DHA+ | Kendamil 3 Junior mleko kozie nast?pne od 12. miesi?ca 800g | Mleko Kendamil 2 Premium Organiczne Bio Nature 800g Bez Oleju Rybiego
Kerastase,Consumables,override,999,1,Kerastase Genesis serum przeciw wypadaniu w?os w 90ml
Keto Centrum,Consumables,high,5,2,"Kolagen wo?owy Keto Centrum | Kawa ""Czarny Owoc"" 1kg Keto Centrum"
Kiano,Consumables,low,1,1,Grzejnik elektryczny Kiano Heater 20 MOCNY 2000 W
Kimbo,Consumables,high,32,8,Kawa ziarnista KIMBO Intenso 1 kg | Kawa ziarnista Arabica Kimbo Espresso Crema Intensa 1000 g | Kawa ziarnista Kimbo Aroma Gold 3x1kg
Kinderkraft,Consumables,low,1,5,Sk?adane Krzese?ko do Karmienia 2w1 Kinderkraft DINNLY Fotelik dla Dzieci | Kinderkraft Comfort Up i-Size Fotelik Samochodowy 76-150 cm 9-36 kg Czarny | Fotelik samochodowy Kinderkraft Junior FIX I-SIZE 100-150cm 15-36kg1
Kinderplay,Consumables,low,7,16,LALKA BOBAS DU?A INTERAKTYWNA REALISTYCZNA SMOCZEK KINDERPLAY M WI 41CM | KLOCKI MAGNETYCZNE KONSTRUKCYJNE ?WIEC?CE TOR EDUKACYJNE PANELE 75 el. 3D | KINDERPLAY W ZEK DLA LALEK G??BOKI GONDOLA SK?ADANY TORBA REGULOWANA R?CZKA
Kindii,Consumables,high,10,5,Podk?ady jednorazowe Kindii Pure& Soft 30 szt | KINDII P?ATKI KOSMETYCZNE DLA NIEMOWL?T BABY PURE BAWE?NA 9x60SZT 9PAK | P?atki kosmetyczne bawe?niane Kindii Pure waciki dla niemowl?t 60 szt
KingSmith,Consumables,low,1,1,Bie?nia elektryczna KINGSMITH WalkingPad R1 Pro
Klarta,Consumables,medium,2,2,Nawil?acz ewaporacyjny Klarta HUMEA White 300ml/h 3L 44m  cichy PZH | PRZYSMAK DLA PSA - Mi?kki filet z piersi kaczki BEZZBO?OWY MERSJO 500g
Klaudyna Hebda Nature,Consumables,medium,3,1,Balsam Lekki Oddech 3 szt Dla Dzieci Doros?ych Z Olejkami Eterycznymi Hebda
Kol-pol,Consumables,high,10,18,SODA OCZYSZCZONA 1kg Spo?ywcza wodorow?glan sodu | ?URAWINA SUSZONA 1kg Ci?ta naturalna wysoka jako?? | ERYTROL 1kg Erytrytol naturalny s?odzik 0 kalorii
Kospel,Consumables,medium,2,5,Bojler w??ownica spiralna 200L KOSPEL wymiennik CWU zbiornik emalia SW-200 | KOSPEL ELEKTRYCZNY PRZEP?YWOWY PODGRZEWACZ WODY PPE4.M MEDIUM-17/18/21/24 | BOJLER DWUP?ASZCZOWY 140L KOSPEL WP-140 ZBIORNIK CIEP?A WODA WYMIENNIK WP
Koszyk-Zdrowia,Consumables,low,1,1,BOX PREZENTOWY Z HERBAT? i dodatkami zestaw upominkowy z czekolad?
Krexus,Consumables,low,1,1,Elektrostymulator mi??ni nerw w TENS EMS MASA? 73 programy Krexus
Kukirin,Consumables,medium,3,3,"Kukirin G2 2025 Nowy sk?adane pojazdy elektryczne 1200W 45KM/H 15Ah 48V 10"" | KuKirin G4 Sk?adane Pojazdy elektryczne 2000W 70KM/H 60V 20Ah 75km +Prezent | 2026 KuKirin S1 Max City Sk?adany elektryczny 500W 36V 10.4Ah 25 km/h 40km 8""PL"
Kuvings,Consumables,low,1,1,WYCISKARA KUVINGS REVO830 WOLNOOBROTOWA DO SOKU Z WARZYW PREZENT +3 SITA
L'Or al,Consumables,medium,4,2,L'Or al Professionnel Vitamino Color szampon do w?os w 1500 ml | L'Or al True Match Piel?gnuj?cy Podk?ad do Twarzy w P?ynie 2.N Neutral 30ml
LFP,Consumables,low,1,1,ELEKTRONICZNA POMPA OBIEGOWA C.O. LFP LESZNO POLSKA EPCO 25 / 40-70 180
LUNA 55,Consumables,low,1,1,G? WKA g?owa treningowa fryzjerska do czesania
La Brasiliana,Consumables,medium,4,1,Kawa ziarnista La Brasiliana Marfisa 2x1kg
La Roche-Posay,Consumables,high,20,9,LA ROCHE-POSAY MELA B3 SKONCENTROWANE SERUM DO TWARZY NA PRZEBARWIENIA | LA ROCHE-POSAY LIPIKAR SYNDET AP Ultradelikatny Krem Myj?cy do Cia?a Zapas | La Roche Effaclar DUO+M krem o potr jnym dzia?aniu 40 ml
LaCreativa,Consumables,low,1,2,KOSMETYKI DLA DZIECI kuferek z kosmetykami ZESTAW do makija?u do malowania | Czytnik Kart Do Nauki ANGIELSKIEGO POLSKIEGO 1020+ S? W TRZY TRYBY J?ZYK W
Laksol,Consumables,low,1,9,BENZYNA EKSTRAKCYJNA 5L PREMIUM - Bezwonna | BENZYNA EKSTRAKCYJNA 5L PREMIUM - Bezwonna | BENZYNA EKSTRAKCYJNA 20L PREMIUM - Bezwonna
Laktowit,Consumables,medium,2,2,Laktowit 1 LAKTOFERYNA+MFGM mleko pocz?tkowe od urodzenia 400 g | 4 x Mleko Laktowit 3 LAKTOFERYNA + MFGM powy?ej 1. roku 400 g
Lanc me,Consumables,high,5,1,Lanc me La Vie Est Belle 75 ml woda perfumowana
Lancome,Consumables,override,999,2,Lancome La Vie Est Belle woda perfumowana dla kobiet 100 ml | LANCOME LA VIE EST BELLE 100ML WODA PERFUMOWANA DLA KOBIET EDP DAMSKA
Lattafa,Consumables,high,34,12,Lattafa Angham Woda Perfumowana 100ml | LATTAFA Khamrah QAHWA perfumy arabskie unisex woda perfumowana 100ml | LATTAFA Khamrah QAHWA perfumy arabskie unisex woda perfumowana 100ml
Launch,Consumables,low,1,10,LAUNCH X431 Pro ELITE 2025 CanFD DoIP 8 cali DARMOWE AKTUALIZACJE 2 lata | X431 PRO V5.0 OBDII DoIP INTERFEJS DIAGNOSTYCZNY CAN-FD LAUNCH OBD2 [J.PL](http://J.PL) | LAUNCH x431 CRP 919E BT KIT+ KABLE 2 walizki CanFD 2025 24 msc update
Lavazza,Consumables,override,999,25,Lavazza Tierra Selection kawa ziarnista w?oska arabica 1kg | Lavazza Qualita Rossa kawa mielona ?rednio palona 250g | Lavazza Qualita Oro Mountain Grown kawa ziarnista Arabica 1000 g 1 kg
Lefrosch,Consumables,medium,4,1,CAPITIS DUO Szampon 110 ml
Lennylamb,Consumables,low,1,1,Noside?ko niemowl?ce LennyLamb - LennyLight JODE?KA almond
Lescolton,Consumables,low,1,1,Depilator Laserowy IPL Dwie Lampy Odm?adzanie Nogi Bikini Lescolton T009i
Levoit,Consumables,low,1,2,Oczyszczacz powietrza Levoit Core 300S HEPA CADR 240 m3/h cichy smart | Odkurzacz bezprzewodowy pionowy Levoit LVAC-300 Plus elektroszczotka LED
Limit,Consumables,medium,2,2,"SUWMIARKA ELEKTRONICZNA CYFROWA 150MM 0,01MM LIMIT | Suwmiarka Cyfrowa Elektroniczna 150mm CDH Limit"
Lindt,Consumables,low,1,1,Pralinki z czekolady mlecznej Lindt Lindor 200 g
Lionelo,Consumables,medium,2,5,Podgrzewacz do butelek LIONELO Thermup Double | Fotelik samochodowy Podstawka siedzisko ISOFIX Lionelo Luuk i-Size 125-150 | Bujaczek le?aczek elektryczny obr t 360 panel sterowania 0-9kg Lionelo Iris
Lipid Systems,Consumables,high,5,1,Suplement diety Lipid Systems Ascolip witamina C saszetki 30 szt.
Liqui Moly,Consumables,high,9,22,LIQUI MOLY DODATEK DO DIESLA OCHRONA FILTRA DPF CZY?CI CHRONI REDUKUJE OSAD | LIQUI MOLY 2666 DODATEK DO PALIWA SPULUNG DIESEL 500ML | Liqui Moly Top Tec 4200 Longlife III 5 l 5W-30 Olej silnikowy 5L
Little Live Pets,Consumables,medium,4,4,LITTLE LIVE PETS INTERAKTYWNY PINGWIN | LITTLE LIVE PETS ?WINKA MORSKA MAMA SURPRISE | Little Live Pets Mama Surprise Minis Bunny kr liczek fioletowy
Littlest Pet Shop,Consumables,low,1,1,LITTLEST PET SHOP DOM DU?Y DOMEK ZWIERZAK W FIGURKI + AKCESORIA
Long4Lashes,Consumables,medium,2,1,LONG4LASHES SERUM PRZYSPIESZAJ?CE WZROST RZ?S 3 ML
Loreal,Consumables,override,999,6,LOREAL ABSOLUT REPAIR MASKA ZNISZCZONE REGENERACJA DO W?OS W 500 ML | Podk?ad do twarzy Loreal True Match 4N BEIGE | LOREAL VOLUME MILLION LASHES SO COUTURE Tusz do rz?s - BLACK 9.5ml
Lotos,Consumables,low,1,1,Olej silnikowy mineralny Lotos Turdus 20l 15W-40
Lotus,Consumables,medium,4,1,Zestaw 2 x Krem ciasteczko Biscoff g?adki 400 g LOTUS
Lovege,Consumables,low,1,1,Sante Lovege Nap j Owsiany Mleko Owsiane Barista Bez Cukru 1L do kawy
Lovela,Consumables,high,8,8,"Lovela Baby hipoalergiczny p?yn do prania bia?ego mleczko dla dzieci 4,5 L | Lovela Baby hipoalergiczny p?yn do p?ukania tkanin dla dzieci niemowl?t 2l | LOVELA Baby Hipoalergiczne Mleczko do Koloru 4,5L"
Luca,Consumables,low,6,4,Materac 160x200 Kokos DAKOTA GOLD Premium - 24 cm | Materac 140x200 Kokos DAKOTA GOLD Premium - 24 cm | TERMOPLASTYCZNY DWUSTRONNY Materac spr??ynowy KIESZONKOWY 160X200 24c KOKOS
Lucaffe,Consumables,high,8,2,Lucaffe Mamma Lucia kawa ziarnista ARABICA ROBUSTA 1 kg | Kawa ziarnista LUCAFFE MR. EXCLUSIVE 1 kg + GRATIS videobook
Lucze,Consumables,medium,3,1,LUCZE ?wacze wo?owe 1kg suszone 100% NATURALNY gryzak przysmak dla psa
Ludwik,Consumables,low,5,11,P?yn do mycia naczy? zapas mi?towy _[ 5L ]_ Ludwik - WYDAJNY - KONCENTRAT | P?yn do mycia naczy? Ludwik Malinowy 5 l | LUDWIK P?yn do mycia naczy? cytrynowy 5 kg
Lumiled,Consumables,low,1,1,Wysokiej Jako?ci Oprawa O?wietleniowa Sufitowa Natynkowa 36 W G13 126cm
M ller's,Consumables,high,8,6,"Mollers Omega-3 Rybki, ?elki, smak malinowy, 36 szt. | M ller's GOLD TRAN Norweski Cytrynowy 2 x 250ml wit D3 2000 IU Moller's | Tran norweski MOLLERS owocowy 250ml"
MK Cafe,Consumables,override,999,9,MK Cafe Premium 1kg kawa ziarnista | MK Cafe Premium 1kg kawa ziarnista | Kawa ziarnista MK Cafe Select 1000 g
Mafell,Consumables,low,1,1,PILARKO-ZAG??BIARKA ELEKTRYCZNA MAFELL MT 55 CC MIDIMAX 162MM WALIZKA SZYNA
Majster Pro,Consumables,low,4,11,SPAWARKA INWERTOROWA inwerterowa MMA Pulse TIG Lift TIG 330A DIGITAL MP0118 | SZLIFIERKA ?YRAFA GIPSU G?ADZI ?CIAN TYNK W LED WALIZKA Majster PRO MP0016w | Spawarka 200 inwertorowa MIGOMAT FLUX MIG MAG MMA GAZ Co2 SYNERGIA MP0126
Make It Real,Consumables,low,1,1,Prezent Dla Dziewczynki DO TWORZENIA BRELOCZK W MAKE IT REAL Puchate Kotki
Mamabrum,Consumables,medium,5,16,Stolik Edukacyjny Dla Dzieci Wielofunkcyjny z Wysokiej Jako?ci Drewna | Mamabrum drewniana Toaletka dzieci?ca + akcesoria MAKEUP DREESER 3+ MAM68 | Kuchnia dzieci?ca Mamabrum Kuchnie dla dzieci LED KITCHEN W1C600B
ManLife,Consumables,low,1,1,TESTOSTERON tabletki
Mannol,Consumables,low,2,4,OIej Silnikowy Mannol Defender 10w40 7507 5L | MANNOL ENERGY 7511-5 5W30 5L | MANNOL CERAMIC 7720 5W30 olej silnikowy 5L
Mar-Pol,Consumables,medium,4,5,NAGRZEWNICA SPALINOWA DMUCHAWA OLEJOWA 8KW 12/230V NOWE OGRZEWANIE | PODNO?NIK PNEUMATYCZNY BA?WANEK PODUSZKA 3.5 Tony + GUMA /// LEWAREK ?aba | NAGRZEWNICA SPALINOWA DMUCHAWA OLEJOWA OGRZEWANIE POSTOJOWE WEBASTO 8KW
Marinex,Consumables,medium,3,2,BIOMARINE 1140 Tran OLEJ Z W?TROBY REKINA OMEGA-3 | BioMarine Medical Immuno & Neuro Lipids (?spm) 200ml Marinex omega-3
Matrix,Consumables,high,18,6,Matrix Food For Soft olejek nawil?aj?cy do w?os w suchych nawil?enie 50ml | Matrix Total Results Food for Soft od?ywka 1000 ml | MATRIX TOTAL RESULTS FOOD FOR SOFT Nawil?aj?cy szampon do w?os w 1000ml
Mattel,Consumables,low,1,6,"Mattel. BJV44 Blokus Mattel | Mattel. BJV44 Blokus Mattel | MATTEL BARBIE KARETKA MOBILNA gabinet lekarski, klinika z wyposa?eniem"
Maverick,Consumables,low,2,2,Auto na Akumulator BUGGY CAN AM MAVERICK TURBO RR 4 Silniki | Aga Toaletka kosmetyczna z o?wietleniem i gniazdkiem elektrycznym + taboret
Mazda OE,Consumables,medium,2,2,ORYGINALNY OLEJ MAZDA 0W20 SUPRA-X 5L | MAZDA Original Oil Ultra 5W30 5L - oryginalny olej silnikowy OEM
Medica Herbs,Consumables,medium,3,3,"Ostropest Karczoch Mniszek, Medica Herbs 3x60kap Trawienie Wsparcie w?troby | Medica Herbs Kolagen Morski (60kaps) | Medica Herbs BERBERYNA HCL 500mg W?TROBA Cukier CHOLESTEROL Odchudzanie"
Mediderm,Consumables,medium,4,1,MEDIDERM 1 kg krem
Medisept,Consumables,high,8,5,VELOX SPRAY 1L DEZYNFEKCJA POWIERZCHNI TEA TONIC | 2 x Velox Spray p?yn do dezynfekcji 1l Tea tonic | Preparat do dezynfekcji Medisept Velox Spray Neutral p?yn 5 l
Melitta,Consumables,high,8,4,Ekspres ci?nieniowy automatyczny Melitta Latticia 1450 W srebrno-czarny | Automatyczny ekspres ci?nieniowy Melitta Latticia OT 1450 W Czarny M?ynek | Kawa mielona MELITTA AUSLESE KLASSISCH 500g
Mercator Medical,Consumables,medium,4,4,R?KAWICZKI NITRYLOWE MERCATOR NITRYLEX CLASSIC L 100SZT NIEBIESKIE | R?kawiczki NITRYLOWE czarne MERCATOR NITRYLEX AQL 1.5 r. L 100 szt. | R?kawiczki Nitrylowe Mercator Nitrylex CLASSIC Niebieskie Medyczne 100szt L
Mercedes-Benz OE,Consumables,low,1,2,MERCEDES MB 229.51 ENGINE OIL 5W-30 5L ORIGINAL | OLEJ SILNIKOWY MERCEDES MB 229.52 5W-30 5L A0009898207
Mersjo,Consumables,high,11,4,OLEJ NORWESKI Z ?OSOSIA DLA PSA I KOTA Salmon Oil Omega 3 i 6 MERSJO 1000ml | PODK?ADY HIGIENICZNE ch?onne MATY DLA PSA nauka sikania MERSJO 90x60 50szt | PODK?ADY HIGIENICZNE ch?onne MATY DLA PSA nauka sikania MERSJO 90x60 100szt
Mesoestetic,Consumables,high,8,2,MESOESTETIC COSMELAN 2 KREM DEPIGMENTUJ?CY SKUTECZNA REDUKCJA PRZEBARWIE? | Mesoestetic Cosmelan 2 krem na przebarwienia 30ml + 5 pr bek
Meta,Consumables,low,1,5,REGA? WARSZTATOWY MAGAZYNOWY METALOWY DO PIWNICY 180x90x40cm 5 P ?EK 875KG | REGA? METALOWY DO GARA?U SPI?ARNI PIWNICY SOLIDNY 900kg 6 P ?EK 222x90x40cm | Lampa sufitowa ?yrandol Plafon Metalowa LOFT LED 3xE27 czarna 382-E3 SPOT
Metabo,Consumables,medium,6,12,UKO?NICA PI?A UKOSOWA KAP WKA KGS 305 MM METABO | Pi?a uko?nica Metabo KGS 254 M 613254000 | METABO Uko?nica Kap wka Pilarka z Funkcj? Posuwu KGS 216 M 1200W 613216000
Microlife,Consumables,high,6,6,TERMOMETR BEZDOTYKOWY MICROLIFE NC 200 ELEKTRONICZNY + ETUI SZYBKI POMIAR | TERMOMETR BEZDOTYKOWY ELEKTRONICZNY MEDYCZNY MICROLIFE NC 200 DOK?ADNY | Microlife termometr medyczny bezdotykowy bezkontaktowy NC200 + BATERIE
Milka,Consumables,low,1,1,MILKA czekolada mleczna CHOINKI 90g
Millers Oils,Consumables,low,1,2,Olej silnikowy syntetyczny Millers Oils EE PERFORMANCE C3 5W30 5l | Millers Oils EE Performance C3 5W40 5L
Minn Kota,Consumables,high,5,2,Silnik dziobowy Minn Kota Powerdrive elektryczny 55 Lb d?g 54 cale (137 cm) | Silnik Minn Kota Terrova 12V 55 lb
Missha,Consumables,medium,4,2,Missha BB nr 23 Natural Beige 50 ml SPF 42 Be?owy | Krem BB Missha Perfect Cover Light Beige 21 Nawil?aj?cy SPF42 PA +++ 50ml
Misure,Consumables,low,1,1,CI?NIENIOMIERZ NARAMIENNY ELEKTRONICZNY LCD ARYTMIA I FUNKCJA G?OSOWA
Miuu,Consumables,medium,2,2,ZESTAW BIA?A drabinka gimnastyczna do ?wicze? pok j dziecka | ZESTAW 220cm Drabinka gimnastyczna do ?wicze? pok j dziecka
Mk Cafe,Consumables,override,999,8,Mk Cafe Premium Gold 175g Kawa Rozpuszczalna S?oik | MK Cafe Premium 500g kawa mielona | Kawa mielona MK Cafe Premium 500g
Mlekovita,Consumables,low,5,5,MLEKOVITA SBA In | Mlekovita Bia?ko Od?ywka Bia?kowa WPC Koncentrat Bia?ka Czekoladowe 700g | BIA?KO KONCENTRAT SERWATKOWE WPC NATURAL 700g
Mobil,Consumables,low,2,10,MOBIL SUPER 2000 X1 10W40 - 4L | Mobilna ?adowarka Zencar 11kW 6-16A Volvo XC40 | OLEJ 5W-30 MOBIL SYNT S SPECIAL V - 3000XE 4L
Moby System,Consumables,low,2,3,DREWNIANE KRZESE?KO DO KARMIENIA Moby-System WOODY | ? ?eczko Dzieci?ce Niemowl?ce Dostawne 3w1 Wolnostoj?ce K ?ka + Materac | ? ?eczko Turystyczne Kojec Dla Dziecka Podr zny z Materacem Sk?adany
Modern Home,Consumables,low,1,1,ST ? CATERINGOWY OGRODOWY SK?ADANY TURYSTYCZNY BANKIETOWY WALIZKA 90x200cm
Moje Auto,Consumables,low,1,1,PLYN DO SPRYSKIWACZA MOJE-AUTO -20 5L ZIMOWY
Monster,Consumables,low,2,5,KOLEKCJONERSKA LALKA WEDNESDAY ADDAMS MONSTER HIGH + AKCESORIA | KOLEKCJONERSKA LALKA WEDNESDAY ADDAMS MONSTER HIGH + AKCESORIA | Terenowy Samoch d Zdalnie Sterowany Auto Pilota MONSTERTRUCK 4X4 Akumulator
Moomin Baby,Consumables,low,1,1,MOOMIN BABY pieluszki ekologiczne dla dzieci 6 junior 12-24 kg 51 pieluszek
Moose Toys,Consumables,medium,2,2,Little Live Pets Interaktywna Panda Chu Chu 50 funkcji z Nocnikiem 26676 | LITTLE LIVE PETS 26593 MAMA SURPRISE KR LICZEK kr lik
Moschino,Consumables,medium,4,1,MOSCHINO I Love Love Woda Toaletowa dla Kobiet Perfumy Damskie EDT 100ml
Motul,Consumables,high,8,17,Motul 8100 X-clean EFE C2/C3 5W/30 5L | 3 Filtry + olej Audi A6 C7 2.0 Tfsi 180KM 211KM 220KM 245KM | MOTUL 5W40 5L 8100 X-CESS
Motus,Consumables,medium,2,2,Hulajnoga Elektryczna Motus Scooty 10 Lite 2022 700W Lekka 3 biegi | Hulajnoga elektryczna Motus Scooty 10 Gen 4 350W zasi?g 60 km bateria 15Ah
Mountain Goat,Consumables,medium,7,3,KUBEK TERMICZNY TERMOS GOR?CE NAPOJE DO 12H KAWA HERBATA SZCZELNY 450ml | RACZKI TURYSTYCZNE NA BUTY G RSKIE ANTYPO?LIZGOWE KOLCE ?A?CUCHY L | TERMOS TURYSTYCZNY NA HERBAT? KAW? PR ?NIOWY SZCZELNY STAL NIERDZEWNA 1L
Movenpick,Consumables,override,999,3,Movenpick Caffe Crema kawa ziarnista arabica intensywna 1kg | Kawa ziarnista mieszana Movenpick Espresso 1 kg 1000 g | Kawa ziarnista mieszana Movenpick Crema Intensa Gusto Italiano 1000 g
Mr. Ziggi,Consumables,medium,2,2,Mr. Ziggi proszek do prania i dezynfekcji hipoalergiczny do koloru 70pr 5kg | ZIGGI proszek do prania 2 x 5 kg DEZYNFEKCJA 100 % hipoalergiczny
Multilaser,Consumables,low,1,1,Papier ksero A4 do drukarki 2500 kartek 5 ryz 80g biurowy Multilaser bia?y
Mustela,Consumables,medium,4,3,"?el do mycia cia?a i w?os w Mustela Bebe Enfant 750 ml | Mustela Maternite Krem na rozst?py 2 x 250 ml | Mustela Od?ywczy sztyft z Cold Cream 9,2 g"
MyBabyBottle,Consumables,medium,2,1,MyBabyBottle Przeno?ny podgrzewacz do butelek wody mleka dla dzieci
NAC,Consumables,high,15,30,Aboca NeoBianacid nadkwasowo?? i refluks 45 tabl | Aboca NeoBianacid nadkwasowo?? i refluks 45 tabl | K?cik opiekunki do piel?gnacji Lalek 42 cm Ko?yska Baby Nurse Domek Smoby
NIVEA Men,Consumables,low,1,3,NIVEA MEN Silver Protect Antyperspirant m?ski w kulce pod pachy 50ml x 6szt | NIVEA MEN ?el pod prysznic 3w1 m?ski - P?yn do mycia cia?a w?os w 500ml x 5 | NIVEA Men mix ?eli pod prysznic 5 x 500 ml + skarpetki
NKT,Consumables,low,1,3,"PRZEW D NKT INSTAL+ YDYp 3X1,5 450/750V 100MB | Przew d p?aski instalacyjny YDYp NKT 3x2,5 - 1 metr | Przew d P?aski elektryczny, instalacyjny YDYp NKT 3 x 2,5 750V 100m"
NM Revolution,Consumables,low,1,4,PAPIER KSERO DO DRUKARKI A4 BIA?Y 80G 500 KARTEK | PAPIER KSERO A4 500 bia?y drukarki 80g RYZA | 40x MOCNA BATERIA R6 NM REVOLUTION ALKALINE LR6 PALUSZKI AA ALKAICZNE XL
NOLLI,Consumables,low,1,1,PODUSZKA ELEKTRYCZNA ROZGRZEWAJACA TERMOFOR BOLACE STAWY MIESNIE 9 TEMP
NORIMPEX,Consumables,low,1,1,Zestaw bokserski elektryczny maszyna do boksowania elektryczna
NOXy,Consumables,medium,3,3,P?yn AdBlue Noxy 10l Ad Blue Lejek Euro 5 Euro 6 | P?yn AdBlue Noxy 10l Ad Blue Lejek Euro 5 Euro 6 | Noxy ADBLUE p?yn Diesel Dodatek katalizatora 10L
Nanolash,Consumables,low,1,1,Everett Cosmetics Nanolash Od?ywka Przyspieszaj?ca Wrost Rz?s 3ml
Narum,Consumables,medium,3,3,"Narum Coli Biotic 60kapsu?ek | Narum Fast Caps Priobiotyk ZDROWE JELITA Narine 200mg 30 kapsu?ek | Narum Narine Matsun Lactobacterium Mazuni, 30 kaps"
Natex,Consumables,low,1,1,2 x PODUSZKA ANTYALERGICZNA 70X80 GRUBA ZAMEK SOFT BABYBALL ZESTAW NATEX PL
Natu Care,Consumables,low,1,1,Kwas Mas?owy Ma?lan Sodu 1200 mg Jelita 90 Szt Kapsu?ek Na Jelita Trawienie
Natulim,Consumables,low,2,2,Kapsu?ki do zmywarek NATULIM Eko 6w1 30 szt. | Eko tabletki do zmywarki 6w1 Natulim   60 szt.
Natur Produkt Pharma,Consumables,low,2,1,TriSulin 60 tabletek powlekanych Reguluje poziom cukru Cukier w normie
Naturalnie Zdrowi,Consumables,medium,4,1,Naturalnie Zdrowi Truskawkowe rollsy z witamin? D3 owocowa przek?ska 50 g
Nature'S Protection,Consumables,low,1,2,"Nature's Protection White Dogs Small Lamb 1,5kg | Nature's Protection Superior Care BIA?E PSY jagni?cina 10kg STOP ZACIEKOM"
Nature's Sunshine,Consumables,low,1,1,"Nature's Sunshine Tei-fu - Balsam do masa?u cia?a na b le stawowe, mi?"
Neakasa,Consumables,medium,2,1,NEAKASA KUWETA DLA KOTA M1 DO KOMFORTOWEGO I WYGODNEGO U?YTKOWANIA W DOMU
Neno,Consumables,medium,4,8,Podw jny bezprzewodowy laktator NENO CAMINO zestaw premium | NENO PODGRZEWACZ PRZENO?NY SAVIA | NENO IVO NIANIA OBROTOWA VIDEO IP Z ODBIORNIKIEM
Nescafe,Consumables,high,26,8,Nescafe Crema 200 g | Nescafe Classic kawa rozpuszczalna 200 g | Kawa rozpuszczalna Nescafe Classic 200 g
Nestl,Consumables,high,13,12,"Mleko Nestl  NAN OPTIpro Plus 2, 5HMO 800 g | Mleko modyfikowane Nan Optipro plus HMO 3 (800 g) | Mleko NAN OPTIPRO HA3 800g"
No brand on Allegro,Consumables,high,117,446,Hak zaczep do przyczep uniwersalny kat I | MINI WIELOFUNKCYJNA PI?A STO?OWA 7-BIEG W 220V | POLSKIE SANKI +OPARCIE +PCHACZ +?PIWOREK +PODN ?KI
Nordic Naturals,Consumables,medium,2,2,"Nordic Naturals OMEGA-3 smak Cytrynowy KWASY OMEGA 3 EPA DHA 1560mg 237 ml | Nordic Naturals - Omega 3, 1560mg, Cytryna P?yn 473 ml"
Normet,Consumables,medium,2,4,"PODNO?NIK SAMOCHODOWY NO?YCOWY MOBILNY NORMET PX-3500S 3,5T 120 CM 230V | Podno?nik no?ycowy mobilny 3,5T NORMET PX-3500X | Podno?nik No?ycowy Mobilny PX-2800 + Olej NORMET"
Norsa Pharma,Consumables,low,1,1,Norsa Pharma Hepaset Pro (60kaps)
Norsan,Consumables,high,17,6,Norsan Omega-3 ARKTIS (200 ml) smak cytrynowy | NORSAN OMEGA-3 TOTAL smak neutralny p?yn OLEJ RYBI WITAMINA D 200 ml | Norsan Omega-3 Arktis TRAN OLEJ RYBI Z DORSZA Omega ODPORNO?? 120kaps
NostroCafe,Consumables,medium,4,1,Kawa Ziarnista 1KG BRAZYLIA SANTOS - ?wie?o Palona
Now Foods,Consumables,medium,3,1,NOW Foods Ultra Omega-3 Kwasy EPA 500mg DHA 250mg Olej Rybi 1000mg 90 gels
Now foods,Consumables,high,10,4,NOW Foods Magnez Glycinate Albion Skurcze DIGLICYNIAN MAGNEZU 100mg 180 tab | NOW Foods ULTRA OMEGA-3 (500 EPA / 250 DHA) 180 kapsu?ek ?elowych | NOW Extra Strength Ubiquinol 200mg 60c KOENZYM Q10 WYSOKO PRZYSWAJALNY
Nuno,Consumables,medium,4,1,Kawa Ziarnista NUNO Special Blend 1kg ?wie?o palona 80% Arabica/20% Robusta
Nutella,Consumables,high,15,4,Nutella Krem Orzechowo Czekoladowy XXL Do Smarowania Oryginalny Ferrero 3kg | Nutella Krem orzechowo-czekoladowy 3kg 3 kg | Mas?o tradycyjne Nutella 1000 g
Nutrena,Consumables,medium,4,1,Karma dla kur niosek Nutrena KURKA NATURKA kruszonka 25kg
Nutridrink,Consumables,low,1,7,NUTRIDRINK o smaku truskawkowym 4 x 125 ml | Nutridrink smak truskawkowy 4 x 125 ml | NUTRIDRINK PROTEIN ZESTAW 24X125 MIX SMAK W
Nutrition Health Institute,Consumables,low,1,1,TENfertil ON 120 kaps P?ODNO?? U M??CZYZN
NutroPharma,Consumables,medium,2,4,Femaltiker Plus smak karmelowy 12 saszetek | PRENATAL LAKTO ?elazo laktoferyna DHA luteina dla kobiet karmi?cych 60 kaps | Femaltiker Plus smak czekoladowy LAKTACJA KARMIENIE Nutropharma 14 saszetek
Oatly,Consumables,low,1,2,OATLY BARISTA MLEKO OWSIANE Nap j Owsiany 1l mleko barma?skie | Nap j Owsiany Oatly Barista Edition 1L
Oclean,Consumables,medium,2,2,Szczoteczka soniczna Oclean X Pro Digital z?ota | OCLEAN X PRO Digital szczoteczka soniczna w kolorze fioletowym
Ogniochron,Consumables,medium,2,1,Ga?nica 1kg Samochodowa Apteczka Pierwszej Pomocy Kamizelka Odblaskowa
Olaplex,Consumables,high,16,11,Olaplex No.5 Bond Maintenance od?ywka wzmacniaj?ca w?osy 250ml | Olaplex No.5 Bond Maintenance od?ywka wzmacniaj?ca w?osy 250ml | OLAPLEX NO. 5 OD?YWKA ODBUDOWUJ?CA 250ML DO W?OS W ZNISZCZONYCH S?ABYCH
Old Spice,Consumables,medium,4,2,Old Spice Whitewater 3w1 ?el pod prysznic i szampon dla m??czyzn XL 1000ml | Old Spice Original 3w1 zestaw na prezent MEN
Oleofarm,Consumables,medium,3,3,"COLLAFLEEX SHOT PLUS 13000 na stawy ko?ci OLEOFARM 20 fiolek x 25ml | Oleofarm Sok Imbir z kurkum? i cytryn? 980 ml | Oleofarm Collaflex 120 kaps   Zdrowe stawy, regeneracja, ruch"
Olimar,Consumables,low,1,1,Czerwone worki na ?mieci 120l na odpady medyczne
Olimp,Consumables,high,18,19,Olimp Vita-Min Multiple Sport 40+ 60 caps. Witaminy I Minera?y Magnez | OLIMP WHEY PROTEIN COMPLEX 700g BIA?KO WPC OD?YWKA BIA?KOWA WHEY PROTEIN | OLIMP ROCKY CREATINE 250g KREATYNA MONOHYDRAT NATURALNY MIARKA 70 PORCJI
Olini,Consumables,high,6,1,2x Olej Omega-3 dla dzieci Jagodowo-malinowy z witaminami 100 ml DHA i EPA
OlsiFood,Consumables,low,1,1,"""DRIED MANGO"" MANGO SUSZONEBez Dodatku Cukru OlsiFood 1000 g"
Omna,Consumables,low,1,4,DARSONVAL DERMA WAND 4 PELOTY PIEL?GNACJA ELEKTRODY DO TWARZY W?OS W CIA?A | CZUJNIK CZADU DETEKTOR TLENKU W?GLA CO BEZPRZEWODOWY EKRAN LCD 2w1 PRO+ | Latarka akumulatorowa szperacz najmocniejszy LED bardzo mocna powerbank
OneTeam,Consumables,low,1,1,SK?ADANY ST ? DO PING PONGA DLA DZIECI TENIS STO?OWY OneTeam 180x102x76 cm
Optima Natura,Consumables,low,1,1,OLEJEK Z?ODZIEI PRZEZI?BIENIE ROZTOCZA WIRUSY 30ml
Optimanova,Consumables,high,8,2,SUCHA KARMA OPTIMANOVA ADULT MINI DIGESTIVE RABBIT KR LIK 6KG | SUCHA KARMA OPTIMANOVA ADULT DIGESTIVE DLA PS W Z ALERGI? 12KG
Oral B,Consumables,high,8,4,SZCZOTECZKA ELEKTRYCZNA ORAL B VITALITY PRO 103D IDEALNY PREZENT NA ?WI?TA | SZCZOTECZKA ELEKTRYCZNA ORAL B VITALITY PRO 103D FIOLETOWA + ?ADOWARKA | SZCZOTECZKA ELEKTRYCZNA ORAL B VITALITY PRO 103D FIOLETOWA + ?ADOWARKA
Oral-B,Consumables,high,115,85,SZCZOTECZKA SONICZNA ORAL-B VITALITY PRO D103 | SZCZOTECZKA ELEKTRYCZNA ORAL-B DO Z?B W VITALITY D103 PRO 3 TRYBY LILAC | Szczoteczka Elektryczna do Z?b w Oral-B Vitality Pro D103 Fioletowa Zestaw
Orijen,Consumables,high,7,3,"Orijen Regional Red Dog 11,4kg | ORIJEN Original Dog 11,4kg. data wa?no?ci 28.11.2026 | Karma sucha dla psa Orijen Six Fish ryba 11,4 kg"
Orlen Oil,Consumables,medium,2,4,Olej Hydrauliczno Przek?adniowy Orlen AGRO BASIC UTTO 10W30 20L | TURDUS SHPD 15W40 20L ORLEN | Olej silnikowy mineralny ORLEN Turdus 5 l 15W-40
Osavi,Consumables,low,1,1,Osavi Marine Super Omega 2900 mg Omega 3 500ml ODPORNO?? Serce M ZG
OstroVit,Consumables,high,8,4,"OstroVit Creatine Monohydrate 3300, kapsu?ki, 400 szt. | Kreatyna OstroVit Monohydrat 500 g CZYSTA Creatine NATURALNA | KWASY T?USZCZOWE EPA DHA OSTROVIT OMEGA 3 150+30 CAPS"
Ostrovit,Consumables,high,24,11,Witamina D3 OstroVit 4000 IU 120kaps softgel KO?CI Z?BY UK?AD ODPORNO?CIOWY | OstroVit 100% Whey Protein 700 g BIA?KO SERWATKOWE WPC 80 OD?YWKA BIA?KOWA | OstroVit 100% Whey + Digezyme 700g Bia?ko Serwatkowe WPC + Enzymy Trawienne
PAO Diod,Consumables,medium,4,1,Kapilar SUPLEMENT z bioflawonoid modrzewia syberyjskiego ARAM 200 tabl.
PASEBIKE,Consumables,medium,2,1,"PASEBIKE C29 Pojazd elektryczny 1000W 21AH 55KM/h 120KM Hamulec olejowy APP 29""*2.1"
PLAYIO,Consumables,low,1,1,Samoch d Czo?g zdalnie sterowany DU?Y STRZELAJ?CY rzutkami auto PLAYIO
PRIMA DERMA,Consumables,low,1,1,P?atki Kosmetyczne Bawe?niane Du?e Jednorazowe Waciki Bia?e Opakowanie 500g
PRO X,Consumables,medium,2,2,Alkomat elektrochemiczny Pro X-3 + gratisy | Alkomat elektrochemiczny AlcoFind Pro X-5 Plus SKALIBROWANY
Pampers,Consumables,high,67,75,"Pieluchy PAMPERS Active Baby Monthly Box 4 Maxi (180 szt.) | Pampers Premium Care Rozmiar 4, 114 szt. Pieluchomajtki Miesi?czny zapas | PAMPERS PREMIUM CARE PANTS R.4 114 SZTUKI PIELUCHY ZESTAW"
Pan Mi?sko,Consumables,high,29,10,Pan Mi?sko Karma sucha CIEL?CINA z Indykiem chrupki M 9kg hipoalergiczna | Pan Mi?sko Karma sucha CIEL?CINA z Indykiem chrupki M 9kg hipoalergiczna | Pan Mi?sko Ciel?cina z indykiem M 20kg
Panini,Consumables,medium,2,7,PANINI FIFA 365 2026 MEGAZESTAW STARTOWY ALBUM 3 SASZETKI i 3 KARTY LIMITED | Opiekacz Gofrownica Panini do kanapek TEFAL UltraCompact SW383D10 3w1 | ALBUM na 540 kart FIFA 365 2026
Papito,Consumables,high,5,1,Karma Mokra dla Psa Ps w Baton Mi?sny PAPITO 83% Mi?sa Uniwersalna + Gratis
Pasieka Rodzinna,Consumables,low,1,1,Naturalny Mi d Pszczeli Wielokwiatowy Polski RODZINNEJ PASIEKI ?wie?y 2025
Pedigree,Consumables,high,29,7,PEDIGREE MOKRA KARMA DLA PSA MIX SMAK W W GALARETCE SASZETKI 40 X 100 g | PRZYSMAKI PEDIGREE DENTASTIX LARGE DU?E RASY 56-PACK 8X270G | PEDIGREE sucha karma dla psa du?e i ?rednie rasy wo?owina warzywa 12 kg
Pedro's,Consumables,medium,4,1,Kawa mielona Pedros Active 12x500g
Pellini,Consumables,high,13,3,Kawa ziarnista PELLINI ESPRESSO BAR VIVACE 1kg | W?OSKA KAWA ZIARNISTA PELLINI ESPRESSO BAR CREMOSO NO.9 WYSOKA JAKO?? 1000G | Kawa ziarnista Pellini Top 1kg 100% Arabica aromatyczna bez kwasu i goryczy
Perfect Fit,Consumables,high,16,3,SUCHA KARMA PERFECT FIT STERILE 1+ DLA STERYLIZOWANYCH KOT W 7KG | PERFECT FIT STERILE 1+ KARMA KOTA Z KURCZAKIEM 7kg | PERFECT FIT sucha karma dla psa ma?e rasy z kurczakiem 6 kg
Perlux,Consumables,low,1,1,PERLUX 90 szt Kapsu?ki do prania uniwersalne ?el + proszek w jednym
Persil,Consumables,medium,4,11,"Persil Discs Color Kapsu?ki do Prania Kolor 60szt | Persil Proszek do Prania Kolor w 130 pra? DE | Uniwersalny ?el do prania Persil Tiefenrein 113 pra? 5,7L z Niemiec"
Pet Republic,Consumables,high,7,1,Pet Republic MEGA PACK mokra karma dla kota 4 smaki saszetki 40x100g
PetBiom,Consumables,high,5,1,"PAKIET 3 OP.PETBIOM (21G) PROBIOTYK DLA PSA, KOTA"
PetSafe,Consumables,medium,4,1,PetSafe Extreme Weather Pet Door termoizoluj?ce drzwiczki dla psa i kota L
Petkit,Consumables,medium,3,1,Petkit Pura Max 2 Premium Automatyczna Samoczyszcz?ca Kuweta Dla Kota
Petronas,Consumables,medium,2,1,Olej Petronas Urania Daily TEK Plus 0W30 10L oryginalny do Iveco Daily
Pharmaceris,Consumables,high,8,5,Pharmaceris H stimupurin szampon wzrost w?os w 250ml | Pharmaceris H preparat do intensywnej kuracji stymuluj?cej wzrost w?. 125ml | Pharmaceris H-Sebopurin Sz. reguluj?cy sebum 250ml
Philips Avent,Consumables,low,5,11,ZESTAW PHILIPS AVENT BUTELKA NATURAL RESPONSE AIRFREE 260ml + 125ml AIRFREE | PHILIPS AVENT ZESTAW BUTELEK DO KARMIENIA 3x 260ML RESPONSE SMOCZKI | PHILIPS AVENT Smoczek Natural Response 2szt. kaszka 6m+ 966/02
Physiogel,Consumables,medium,4,1,Physiogel krem nawil?aj?cy do twarzy 100 ml
Physis of Crete,Consumables,low,1,1,GRECKA OLIWA Z OLIWEK EXTRA VIRGIN PHYSIS OF CRETE ?WIE?A 5L 5000ml 0.2
PiLeJe,Consumables,medium,4,2,Probiotyk LACTIBIANE Cnd 10M 30 kapsu?ek | Probiotyk LACTIBIANE Wzorcowy 30 kapsu?ek
Piast,Consumables,medium,4,2,Pasza dla kur niosek Piast granulat 25kg Nioska G od 18 tyg. ?ycia | 5kg Pasza karma dla kr lika w tuczu KR LIK TUCZ (P852G) PIAST
Pierzynki,Consumables,high,5,3,"PODUSZKA 70x80 PUCHOWA 100% BAWE?NA 2kg WYSOKA PRODUCENT 2KOLORY PROMOCJA | Poduszka Pierze 70x80 cm puch i pierze R ?OWA LUB KREMOWA, producent | KO?DRA PUCHOWA 160x200 5kg PUCH+PIERZE ZIMOWA 2KOLORY+Z?OTA BIZA DOOKO?A"
Piper,Consumables,high,5,2,Piper karma sucha jagni?cina 12 kg | Medica Herbs CURCUMA i PIPERYNA Tumeric KURKUMA Odporno?? Kr??enie 60kaps.
Pirolam,Consumables,high,5,1,Pirolam szampon przeciw?upie?owy 150 ml z cyklopiroksolamin? i witaminami
Podkowa,Consumables,low,1,1,"2x Podkowa Kolagen NatiCol + Kwas Hialuronowy, Chondroityna + Wit C 100 tab"
Pokusa,Consumables,high,12,5,POKUSA Karma Sucha Premium Selection Beef Wo?owina dla psa 12 kg | Pokusa Beef Adult Premium Selection 12kg wo?owina | Karma Pokusa Premium Selection Veal with Salmon / Ciel?cina z ?ososiem 12kg
Pollux,Consumables,medium,2,3,Papier ksero Pollux 80g - A4 1 ryza (500 arkuszy) | Papier ksero do drukarki bia?y POLlux A4 80g 5ryz | Papier biurowy ksero Pollux format A4 80g 2500 ark.
Polpharma,Consumables,low,3,3,Tadalafil Maxigra 10 mg lek tabletki na erekcj? potencj? 4 tabletki | Maxigra Max tabletki na POTENCJ? Erekcj? Sildenafil 50 mg 8 x 4szt. | Maxigra Go 25 mg 8 tabletek
Polskie Rafinerie,Consumables,low,1,1,OLEJ HYDRAULICZNY HL 46 200L 20L x 10szt LHL46 L-HL46 VG46 HL46
Polspeed,Consumables,low,1,3,Papier ksero Polspeed A4 80 g/m2 - 500 ark. | Papier biurowy PolSpeed format A4 80g 2500 arkuszy | Papier Ksero A4 POLSPEED 500 arkuszy ryza
Portal Games,Consumables,low,1,4,GRA MAGNETYCZNE KAMIENIE 60 szt KULKI STRATEGICZNA EDUKACYJNA KLOCKI MAGNES | Kamienie Magnetyczne Szachy Strategiczna Magnetyczna Gra Planszowa 20 Sztuk | KAMIENIE MAGNETYCZNE DO GRY GRA SZACHY 20 KULEK MAGNETYCZNYCH MAGNETIC
Premium Light,Consumables,low,1,1,Wk?ady do zniczy OLEJOWE znicze do 96h ECO K3 20sz
Prevital,Consumables,high,12,2,MOKRA KARMA DLA KOTA MIX SMAK W PUSZKA 415G X 24 SZT PREVITAL WIT. A E D3 | Karma mokra dla kota PreVital saszetki mix smak w sos megabox 40 szt x 100g
Prima,Consumables,high,8,2,Aromatyczna Kawa Mielona Prima Finezja 500g | Kawa ziarnista Prima Aroma Gold 2x 900g
Prima Derma,Consumables,low,1,1,P?atki higieniczne bawe?niane Prima Derma 500 g
Primabobo,Consumables,low,1,2,"PRIMABOBO Barierka ochronna do ? ?ka CLASSIC 200cm dla dzieci WYSOKA SZARA | WANIENKA SK?ADANA MILO Primabobo ze stojakiem, termometr LCD, FOTELIK"
Primal Spirit,Consumables,high,30,6,Primal Spirit Karma dla psa OCEANLAND 65% Mi?sa RYBY KURCZAK 12kg | Primal Spirit IBERIAN PORK karma dla psa WIEPRZOWINA IBERYJSKA SZYNKA 12kg | Primal Spirit IBERIAN PORK karma dla psa WIEPRZOWINA IBERYJSKA SZYNKA 12kg
Promienie S?o?ca,Consumables,low,1,5,Orzechy W?oskie 1 kg ?uskane POLSKIE Naturalne ?wie?e Wysoka Jako?? PREMIUM | PISTACJE PRA?ONE SOLONE 1kg Pistacja Du?e Naturalne Orzechy ?wie?e | PISTACJE Pra?one Niesolone 1 kg 1000 g w ?upinie Promienie S?o?ca
Promiler,Consumables,low,1,4,"Skalibrowany jak policyjny ALKOMAT AL-8000 PLUS | Alkomat Promiler iSOBER 30 | Alkomat Promiler iBlow Elektrochemiczny, Policyjny bez ustnika + Gratis"
Purina,Consumables,override,999,7,"PURINA PRO PLAN FORTIFLORA DLA PSA 30 x1g - data waznosci : 03.2027r. | PURINA PRO PLAN Veterinary Diets Feline HA ST/OX-Hypoallergenic 3,5 kg | Karma dla psa PURINA Dog Chow z Jagni?cin? 14 kg"
Purina ONE,Consumables,high,11,3,"KARMA PURINA ONE STERILCAT KARMA DLA DOROS?YCH KOT W DOROS?YCH 85g 1*40 | KARMA MOKRA PURINA ONE ADULT MULTIPACK 40X85G SOSIE | 4x Purina One Sterilcat, Wo?owina Pszenica 1500g(6"
Purina One,Consumables,low,1,1,"PURINA ONE SterilCat, wo?owina 9,75kg"
QEMETICA,Consumables,low,3,3,S l pastylkowa tabletki do uzdatniania wody zmi?kczacza 25kg CIECH | Tabletki Solne do Zmi?kczania Wody Ciech S l do Zmi?kczacza Qemetica 20 kg | Tabletki Solne do Uzdatniania Wody Qemetica Ciech 20 kg S l do Zmi?kczacza
QSTI,Consumables,low,1,1,Zestaw do regeneracji polerowania lamp reflektor w czajniczek p?yn 400 ml
Qualitium,Consumables,medium,4,6,"Olej syntetyczny QUALITIUM PROTEC 5W30 5 l 5W-30 | 5w40 PROTEC 502.00/505,00 5L QUALITIUM | OLEJ P ?SYNTETYCZNY QUALITIUM PROTEC 10W40 A3B3 5L"
RD Stone,Consumables,low,1,1,W?giel GROSZEK workowany PALETA 1000 kg OPA? WYSOKIEJ JAKO?CI 26-27 MJ
Rafi,Consumables,high,172,59,RAFI JUNIOR Lamb 10kg z Jagni?cina karma dla psa | RAFI CAT Z WO?OWIN? 7KG PE?NOPORCJOWY POSI?EK DLA KOT W WSZYSTKICH RAS | RAFI CAT Karma sucha WO?OWINA 7kg
Rational,Consumables,low,1,1,TABLETKI MYJ?CE RATIONAL 56.00.210 100 sztuk
Raw Paleo,Consumables,high,17,4,Raw Paleo Ultra Beef Adult Mini 8kg Karma z Wo?owin? Dla Ps w Ras Ma?ych | Raw Paleo Ultra Beef Adult Mini 8kg Karma z Wo?owin? Dla Ps w Ras Ma?ych | Sucha Karma Z Indykiem Raw Paleo Ultra Medium Large Adult 10kg
Red-Ice,Consumables,low,1,2,KUFEREK KOSMETYCZNY XL 3D DU?Y NA LAMP? LAKIERY | Folia B?belkowa P?cherzykowa
Reeg,Consumables,low,1,2,Kompresor samochodowy pompka elektryczna spr??arka REEG Air pump PRO | Urz?dzenie rozruchowe Booster Kompresor REEG Jump Starter Air Pump 2in1
RefectoCil,Consumables,low,1,2,RefectoCil ?elowa Farba do brwi i rz?s 3 Br?zowa Natural Brown 15 ml | REFECTOCIL HENNA W ?ELU DO BRWI I RZ?S BR?ZOWA TRWA?A KOLORYZACJA
Regina,Consumables,low,1,1,REGINA PAPIER TOALETOWY RUMIANEK 16 rolek
Regulus,Consumables,low,1,1,ZAW R TERMOSTATYCZNY SCH??DZAJ?CY DBV1 IZOLACJ? 3/4 DO PIECA KOT?A REGULUS
Rems,Consumables,low,1,1,Zaciskarka elektryczna REMS Power-Press SE do 108 mm (plastik) 572111
Revolution,Consumables,low,1,3,Revolution kalendarz adwentowy 2025 kosmetyki makija? makeup 24 dni prezent | Makeup Revolution London Advent Calendar | Makeup Revolution London Advent Calendar
Rippey,Consumables,low,1,1,DART TARCZA ELEKTRONICZNA DO GRY W RZUTKI BULL
Rituals,Consumables,low,1,3,RITUALS Kalendarz Adwentowy 2025 ?wi?teczny prezent edycja limitowana | Kalendarz adwentowy Rituals Diorama 2025 | RITUALS The Ritual of Sakura - Zestaw kosmetyk w PREZENT NA DZIEN KOBIET
Rode,Consumables,low,2,11,RODE NT1 Signature - Mikrofon pojemno?ciowy | TRUTKA TRUCIZNA NA MYSZY SZCZURY MOCNY ?RODEK NA GRYZONIE PASTA 1KG | MELT ?RODEK DO UDRA?NIANIA RUR KANALIZACYJNYCH UDRA?NIACZ FAREN 1500ml
Roshen,Consumables,high,7,4,KROCK ROSHEN CUKIERKI KROCK ZE S?ONYM KARMELEM I PAST? ORZECHOW? 1kg | Cukierki Roshen Coffee Like Karmelki nadziewane 1 kg | Cukierki Roshen  Krock  z karmelem i orzechami 1kg
Rotex,Consumables,low,1,1,Kulka silikonowa Wk?ad do poduszki Wype?nienie do Poduszek Maskotek 3KG
Royal Canin,Consumables,override,999,36,Sucha karma dla psa Royal Canin Gastro Intestinal Low Fat 6 kg | Royal Canin Yorkshire Terrier Adult 3kg York opakowanie oryginalne | ROYAL CANIN Yorkshire Terrier Adult 3kg
Runner Athletix,Consumables,low,1,1,"Bie?nia elektryczna domowa 1-12 km/h DU?Y WY?WIETLACZ, CICHA, 120kg RAX9002"
Rutus,Consumables,medium,4,2,"Rutus Versa cewka elipsa 24DD cz?stotliwo?? multi wodoszczelny detektor | Detektor Rutus Versa 28,5DD 11""DD 4-40kHz elipsa wodoszczelny bez s?uchawek"
S?odkie Zdrowie,Consumables,high,6,4,WITAMINA C kwas l-askorbinowy 1kg 100% CZYSTA | KOLAGEN RYBI MORSKI w proszku NATURALNY CZYSTY 100% 500g | KOLAGEN RYBI MORSKI w proszku NATURALNY CZYSTY 100% 500g
SEYSSO,Consumables,high,6,4,SONICZNA SZCZOTECZKA DLA DZIECI 0-3 LAT SEYSSO BABY 2 KO?C WKI POD?WIETLANE | Szczoteczka elektryczna Seysso Carbon Basic Lavender Soniczna Fioletowa | SEYSSO PROFESSIONAL SZCZOTECZKA SONICZNA DO Z?B W 2x KO?C WKAMI + ETUI NOWA
SFD,Consumables,high,11,6,BIA?KO SFD WPC PROTEIN ECONO 700G WANILIOWE NIEBO WHEY OD?YWKA BIA?KOWA FIT | SFD OMEGA 3 STRONG 90 KAPSU?EK 330 EPA + 220 DHA + WITAMINA E WZROK SERCE | SFD DZIKIE BIA?KO 3000g NATURALNY PROTEIN WPC MI??NIE MASA REGENERACJA SI?A
SKIMACOFFEE,Consumables,high,13,3,Kawa ziarnista 1kg BRAZYLIA 100% ARABICA ?wie?o Palona SkimaCoffee | Kawa ziarnista 1kg KOLUMBIA 100% ARABICA ?wie?o Palona do ekspresu + GRATIS | Kawa ziarnista 1kg ITALIA COMO ?wie?o Palona do ekspresu + GRATIS
SPI 55,Consumables,medium,2,7,PODK?ADY HIGIENICZNE CH?ONNE MATY DLA PSA DO SIKANIA GRUBE 60x60cm 100 SZT | LAMPKI CHOINKOWE 500 LED KOLOROWE RGB 35m WEWN?TRZNE ?WI?TECZNE 8 TRYB W | KURTYNA ?WIETLNA NA OKNO 300 LED 3x3 LAMPKI ?WI?TECZNE CHOINKOWE GIRLANDA
Salus,Consumables,medium,2,3,Regulator temperatury bezprzewodowy SALUS 091FLRFV2 | SI?OWNIK TERMOELEKTRYCZNY DO ROZDZIELACZ T30NC 230V M30x1.5 ENERGOOSZCZ?DNY | SALUS Bezprzewodowy elektroniczny regulator temperatury 091FLRFV2
Salus Haus,Consumables,medium,4,1,Floradix ?elazo i witaminy p?yn 500 ml
Salvitis,Consumables,medium,2,2,"Kolagen do picia, kuracja na 2 miesi?ce, zestaw Salvitis, 30 ml x 60 szt. | Kolagen do picia, kuracja 2 miesi?ce, Salvitis Collagen Flex 12000, 30mlx60"
Sanct Bernhard,Consumables,low,1,1,Omu?ek zielonowargowy 500 mg koncentrat z omu?ka Sanct Bernhard 300 kaps.
Sandezia,Consumables,medium,3,3,"Sandezia sucha dezynfekcja 10kg | Sandezia 10kg   sucha dezynfekcja kurnika, obory i chlewni, wirusy bakterie | SANDEZIA sucha dezynfekcja 2x10 kg wirusy bakterie"
Sanofi,Consumables,low,1,2,"Essentiale Max 600mg 30 kapsu?ek na w?trob? | Pharmaton Geriavit Zestaw, na witalno?? i uk?ad odporno?ciowy 100 + 30 tab."
Sanprobi,Consumables,medium,2,1,"SanProbi Barrier 40 kaps. PROBIOTYK, JELITA, ODPORNO??"
Sanytol,Consumables,low,1,1,SANYTOL DEZYNFEKUJ?CY DODATEK DO PRANIA 1L
Sch lke,Consumables,low,1,2,"Chusteczki do dezynfekcji powierzchni Mikrozid 100 | Octenisept, 1000 ml"
Scheppach,Consumables,low,3,16,SCHEPPACH HMS1070 - Grubo?ci wko-wyr wniarka | ?uparka do Drewna Hydrauliczna R?bak HL760L Pozioma 7Ton ?upiarka Scheppach | ?uparka do Drewna Hydrauliczna R?bak 400V SI?A 107cm Scheppach COMPACT 15T
Segafredo,Consumables,high,12,3,Segafredo Intermezzo 1kg kawa ziarnista | Kawa ziarnista mieszana Zanetti Segafredo 1kg | Kawa ziarnista mieszana Segafredo Intermezzo 1000 g
Semilac,Consumables,low,1,5,Semilac 002 Delicate French Lakier hybrydowy do paznokci do frencha 7ml | SEMILAC PREZENTOWY ZESTAW DO PAZNOKCI MANICURE HYBRYDOWY LOVE ME | Semilac Lampa do paznokci i hybryd UV LED 36/54w Bia?a Diamond Collection
Sena,Consumables,medium,2,5,"Ga?nica Samochodowa Proszkowa 1kg Typ Pgp-1 B ABC TOP legalizacja do 2028 | Szafa na bro? ARSENA? 1253 elektroniczny Sejf S1 na 10 szt. broni + GRATISY | Sejf na 10 szt. broni Arsena? 1253-E Elektronik. Sejf S1. 3 p ?ki, skrytka."
Seni,Consumables,high,12,13,SENI CARE KREM OCHRONNY Z ARGININ? 200 ml | Podk?ady SENI 90x60 30 szt. podk?ad do szpitala | OD?YWCZY KREM DO ST P SENI CARE Z MOCZNIKIEM 100 ML
SensePads,Consumables,low,1,1,100 x PODK?ADY CH?ONNE HIGIENICZNE MATY 90X60
Serenelife,Consumables,medium,2,2,BIE?NIA ELEKTRYCZNA DOMOWA SK?ADANA SERENELIFE DO 120KG | BIE?NIA DOMOWA ELEKTRYCZNA SKLADANA DO CHODZENIA WALKING PAD SERENELIFE
Sesderma,Consumables,high,5,2,Sesderma C-VIT serum liposomowe do twarzy 30 ml | Sesderma C-Vit Krem nawil?aj?cy do twarzy 50 ml
Sevico,Consumables,low,1,1,MASZYNKA DO CI?CIA P?YTEK GLAZURY TERAKOTY PRZECINARKA R?CZNA 120cm 1200 mm
Seysso,Consumables,medium,2,2,Szczoteczka elektryczna do z?b w SEYSSO BASIC BLACK seria CARBON | Ko?c wka do szczoteczek SEYSSO Carbon PROFESSIOANAL 4 szt
Sheba,Consumables,override,999,13,Sheba Fine Flakes Delicacy 80x85g Drobiowe Smaki Karma Dla Kota w Galaretce | Sheba Fine Flakes Delicacy 80x85g Drobiowe Smaki Karma Dla Kota w Galaretce | Sheba Fine Flakes Delicacy 80x85g Drobiowe Smaki Karma Dla Kota w Galaretce
Shell,Consumables,medium,3,9,?niegowce zimowe WODOODPORNE trzewiki ko?uszek SoftShell RZEPY Wojty?ko 26 | Shell Helix Ultra 4L 5w40 | SHELL HELIX ULTRA 5W30 - 4L
Shure,Consumables,low,1,1,Shure SM7B mikrofon do wokalu wokalny dynamiczny dla lektora podcastu radia
Sicao,Consumables,low,1,1,"NAJLEPSZA Czekolada MLECZNA 1 KG do fontann fondue Sicao 32,1% kakao"
Silky,Consumables,high,6,3,"?wirek silikonowy dla kota bezpy?owy SILKY 3,8l | MICRO drobny ?wirek silikonowy dla kota SILKY 30,4L ZESTAW 8x3,8l | ?wirek silikonowy dla kota bezpy?owy SILKY 8x3,8l ZESTAW 8 sztuk"
Simon,Consumables,low,1,2,Gniazdo Elektryczne ?cienne Kontakt-simon bia?y DGZ2MZ.01/11 | GNIAZDKO PODW JNE z uziemieniem GNIAZDO KONTAKT SIMON 10 z bolcem do ramek
Simpsons Premium,Consumables,medium,4,2,"Simpsons Premium Adult Sensitive, ?oso? z ziemniakami 12 kg | Simpsons Premium Sensitive karma dla ps w wra?liwych, jagni?cina 2x 12kg"
Siver City,Consumables,low,1,1,Hulajnoga Elektryczna 700W Siver 10 Lite 2025 z Kierunkowskazy Amortyzacja
Skrzydlate,Consumables,medium,4,1,Optibrix 5 kg Dziobak wap? witaminy dla kur niosek kanibalizm kur
SodaStream,Consumables,low,1,8,Saturator Soda Stream Terra czarny 1 butelka | SATURATOR SODASTREAM TERRA ZESTAW DO WODY GAZOWANEJ 3 BUTELKI NAB J 5 el | SATURATOR DO WODY SODASTREAM TERRA CZARNY 2 BUTELKI CYLINDER 6 NAPOI ZESTAW
Sodastream,Consumables,low,1,7,Saturator SodaStream Terra czarny + 2 butelki Fuse 1l + gaz | Cylinder SodaStream gaz butla nab j CO2 r ?owy | Saturator do wody gazowanej Sodastream ART + Nab j z gazem CO2 + Butelka 1L
Sokarnia Podlaska,Consumables,low,1,1,ZAKWAS Z BURAKA KISZONEGO Z CZOSNKIEM SOK 5L Naturalny Zdrowy Super Smak
Solgar,Consumables,medium,4,1,"Solgar Skin, Nails and Hair suplement diety 120 tabletek"
Solidarno??,Consumables,low,1,1,Cukierki ?liwka na??czowska 1kg Solidarno?? 1000 g
Somat,Consumables,low,1,1,Kapsu?ki do zmywarki SOMAT Excellence 4w1 - 75 szt
Songmics,Consumables,low,2,3,Toaletka kosmetyczna z 9 ?ar wkami LED lustrem 2 szuflady 3 otwarte przegro | Toaletka kosmetyczna z 9 ?ar wkami LED lustrem 2 szuflady 3 otwarte przegro | Kosz na ?mieci POTR JNY 3 KOMORY 54L segregacja klapa CICHE ZAMYKANIE bia?y
Sonicare,Consumables,high,19,27,Szczoteczka Soniczna Philips Sonicare do Z?b w | Szczoteczka soniczna PHILIPS Sonicare 5300 HX7108/01 Bia?y | Szczoteczka soniczna Philips Sonicare HX3792/12 Akumulatorowa R ?owa
Sopro,Consumables,low,1,1,Folia w P?ynie Hydroizolacja Zaprawa Uszczelniaj?ca SOPRO DSF 523 20 kg
Soxo,Consumables,low,1,1,"SOXO termofor pluszowy szary kot 1,8L du?y na wod? prezent dla dziewczyny"
Spichlerz Zdrowia,Consumables,low,1,1,OLEJ Z CZARNUSZKI 500ML ZAWSZE ?WIE?Y CZARNUSZKA POLECA ZDROWA MARKA
Spin Master,Consumables,low,1,15,HATCHIMALS PUFFICORN ALIVE interaktywna maskotka MYSTERY HATCH JAJKO | PSI PATROL Patrolowiec Transformuj?ca Ci??ar wka | PSI PATROL MIGHTY PUPS ZESTAW 8 POJAZD W METALOWYCH TRUE METAL
Spomlek,Consumables,low,1,1,Spomlek WPI 90 In
Stada,Consumables,medium,4,1,Zestaw Nizoral szampon leczniczy 4 op. x 100 ml
Staleks,Consumables,medium,4,3,Staleks Profesjonalne C??ki Do Sk rek Expert 21 10mm Z wysokiej klasy stali | Staleks Rolka Z Ta?m? ?ciern? PapMAm ATSC-180W | STALEKS PRO Pilnik do paznokci mineralny P ?KSI??YC/? DKA #100/180 25 sztuk
Stanley,Consumables,medium,5,12,Skrzynia narz?dziowa SKRZYNKA 3-poziomowa | DMUCHAWA AKUMULATOROWA V20 18V 0*AH GEN2 SFMCBL730B | Kompresor bezolejowy
Stapiz,Consumables,high,16,4,STAPIZ SZAMPON SLEEK LINE Z JEDWABIEM 1L JEDWAB | STAPIZ SZAMPON 1L Z JEDWABIEM - SLEEK LINE -REPAIR | STAPIZ SLEEK REPAIR SZAMPON DO W?OS W ZNISZCZONYCH Z JEDWABIEM 1000 ML 1 L
Starbucks,Consumables,high,9,2,Starbucks Vanilla Kawa Kapsu?ki Nespresso 10 szt | Kawa ziarnista Arabica Starbucks Blonde Espresso 450 g
Stazer,Consumables,medium,2,4,ST ? CATERINGOWY OGRODOWY SK?ADANY BANKIETOWY NA TARAS BALKON 70x180 cm | Koc Elektryczny Grzewczy 180x160 cm Mi?kki Pilot Timer Regulacja | Choinka na pniu sztuczna jak ?ywa g?sta zielona ?wi?teczna o?nie?ona 150 cm
Steam,Consumables,high,7,7,"Nowy Steam Deck 256gb gwarancja | PAROWNICA NA PLUSKWY MYJKA PAROWA NA OWADY STEAMER OKIEN 13ELEMENT W 3,5BAR | PAROWNICA DO UBRA? STEAMER ?ELAZKO PAROWE R?CZNE REGULACJA PARY 45G / MIN"
Sterillhand,Consumables,low,1,1,Sterillhand P?YN DO DEZYNFEKCJI R?K I SK RY KANISTER ZAPAS ALPINUS 5L
Stiga,Consumables,low,2,8,Od?nie?arka spalinowa Stiga ST 4262 P - Elektryczny Rozrusznik ZESTAW | Traktorek ogrodowy Stiga Estate 384 ST 450 + 2 Oleje | Traktor Stiga Estate 398 W SE 2-Cylindry ZESTAW
Storck,Consumables,medium,3,2,Merci Bombonierka CZEKOLADKI Pralinki Storck Finest Selection 250g | Storck Merci Petits Mix cukierk w 1 kg z Niemiec
Storz & Bickel,Consumables,medium,4,2,"Waporyzator Venty do suszu CBD i Medycznej marihuany od Storz & Bickel | VENTY waporyzator do suszu konopnego CBD, medycznej marihuany STORZ&BICKEL"
Strefa Spania,Consumables,low,1,2,PODUSZKA 70x80 2-PACK CLASSIC ANTYALERGICZNA + ZAMEK REGULACJA WYSOKO?CI PL | Ko?dra Aloe Vera Ca?oroczna Ciep?a Puszysta 220x200 Polska Antyalergiczna
Sudocrem,Consumables,high,12,3,Sudocrem Expert krem barierowy przeciw odparzeniom 400 g | SUDOCREM Expert krem barierowy na odparzenia 400 g | SUDOCREM EXPERT Krem barierowy 400 g
Sunlu,Consumables,low,1,2,FILAMENT SUNLU 1.75 mm PLA+ Plus Black Czarny 1kg | SUNLU PET-G 1.75mm 1kg Black / Czarny
Super Benek,Consumables,high,17,17,SUPER BENEK ?wirek Lawenda 10l | Super Benek LAWENDA 10L | Super Benek
SuperButelki,Consumables,medium,2,3,"100 SZT BUTELKI MONOPOLOWE NA BIMBER NALEWKI DOMOWE WINO SOKI 0,5L 500 ML | 24x s?oiczki 120 ml na przyprawy + NABIERAK + 200x etykiety PRZYPRAWNIK | 50SZT BUTELKI MONOPOLOWE NA BIMBER NALEWKI SOKI WINO CYDR W DK? 500 ML 0,5L"
Svr,Consumables,low,1,2,?EL DO MYCIA DLA SK RY WRA?LIWEJ CIA?A TWARZY SVR TOPIALYSE LAVANT 1000 ML | SVR Topialyse Huile Lavante Olejek Do Mycia Cia?a Przeciw?wi?dowy 1000 ml
Swanson,Consumables,high,12,8,Swanson Ultimate 16 rodzaj w Probiotyk + Minera?y Mikroflora jelitowa 60kap | SWANSON PROBIOTYK EPIC PRO 25 szczep.zdrowe jelita | Swanson Koenzym Q10 200 mg M?odo?? Witalno?? SK RA 90 kaps
Swederm,Consumables,high,8,2,Ma?? do r?k Hud Salva z witamin? E 100 ml Swederm Hudsalva Vit E | 3x Krem do r?k Hud Salva hipoalergiczny 100 ml Swederm Hudsalva Sensitive
Swisso,Consumables,high,12,3,Kawa Ziarnista 1kg Arabica 100% Crema ?wie?o Palona Premium Swisso 8x1kg | Kawa Ziarnista 100% Arabica 1kg - Swisso Kaffee Crema + RR - Mix 2+2 x1kg | Kawa ziarnista Arabica Swisso Kaffee Espresso 1000 g
Synoptis Pharma,Consumables,low,1,1,"Silderos Max 50mg, 4 tabletki D.W. 01,2027 r S.N. SID23100"
Syta Micha,Consumables,high,9,2,Syta Micha CHEF Kr lik 92% z Warzywami Karma Mokra Monoproteinowa 400g | Mokra karma dla psa Syta Micha CHEF Ko? z warzywami puszka 400g
T?ocznia Szymanowice,Consumables,medium,2,2,Sok z Granatu T?oczony Naturalny 100% Soku NFC Granat 5 litr w Bez Dodatk w | Sok Jab?kowy S?odki Naturalny T?oczony na Zimno T?ocznia Szymanowice 5l
TCL,Consumables,low,1,16,"Telewizor QLED TCL 43P79K 43"" 4K UHD czarny | Telewizor QLED TCL 55P7K 55"" 4K UHD czarny | Telewizor TCL 55Q6C 55"" 4K UHD"
TENA,Consumables,low,2,8,Wielopak 6x20szt TENA MEN ACTIVE FIT LEVEL 2 m?skie wk?adki ch?onno?? 4/8 | Wielopak 6x20szt TENA MEN ACTIVE FIT LEVEL 2 m?skie wk?adki ch?onno?? 4/8 | Majtki ch?onne TENA Pants Normal L pieluchomajtki pieluchy dla doros?ych
Tassimo,Consumables,high,7,7,Kapsu?ki TASSIMO Jacobs Caffe Crema Classico XL 16 | Kapsu?ki TASSIMO Jacobs Latte Macchiato Classico 8 | Kapsu?ki TASSIMO Jacobs Milka do ekspresu Bosch Tassimo (10 szt.)
Tchibo,Consumables,override,999,16,Kawa ziarnista Tchibo Variazione 1 kg (przeznaczona do kaw mlecznych) | Kawa ziarnista TCHIBO ESPRESSO SICILIA STYLE 1kg +100g Gratis! | Kawa ziarnista Tchibo Caff  Crema Intense 1 kg + 10% kawy GRATIS
Tec2,Consumables,low,1,1,TEC2000 Diesel System Cleaner Usuwa wod? z baku
Techlife,Consumables,low,1,1,HULAJNOGA ELEKTRYCZNA 3000W BATERIA SAMSUNG 20AH TECHLIFE Q5 V3 2026 +PILOT
Tega Baby,Consumables,medium,2,2,Pojemnik na zabawki z pokryw? na k ?kach XXL Pud?o na zabawki 60l TEGA | WANIENKA DLA DZIECKA TEGA BABY WANNA DU?A SERIA KACZKA NIEBIESKA 102 cm
Tena,Consumables,low,2,9,ZEST TENA LADY MAXI NA NOC specjalistyczne podpaski 12szt balsam cia?a 20ml | Wk?adki anatomiczne TENA MEN Extra Light 14 sztuk | Tena Lady Normal wk?adki podpaski Mi?kkie elastyczne urologiczne 30 sztuk
Testo,Consumables,medium,4,1,Anemometr wiatromierz z r?kawami 417 - 1 TESTO
Thea,Consumables,medium,2,1,RESVEGA kwasy OMEGA luteina wzrok Thea 60 kaps.
Thunder,Consumables,medium,6,13,"Joie i-TRILLO FX THUNDER Fotelik i-Size 100-150cm ok. 3,5-12 lat | Piec na drewno EKO wolnostoj?cy 7kW ?eliwny piecyk koza zestaw ECODESIGN | Bie?nia sk?adana elektryczna domowa 140kg aplikacja amortyzacja mocna 17 km"
Todomi,Consumables,medium,2,1,TODOMI SZCZOTECZKA SONICZNA DO ZEBOW ELEKTRYCZNA 8 KONCOWEK WIELE TRYBOW
Tom Ford,Consumables,high,10,2,TOM FORD Tobacco Vanille woda perfumowana zapach perfumy unisex EDP 50ml | TOM FORD OMBRE LEATHER 100ML WODA PERFUMOWANA DLA KOBIET I M??CZYZN UNISEX
Tommy Cafe,Consumables,high,20,5,Kawa ziarnista 2x1kg BRAZYLIA Santos 100% ARABICA ?wie?o palona Tommy Cafe | Kawa ziarnista 1kg x2 BRAZYLIA Santos 100% Arabica ?wie?o palona Tommy Cafe | Kawa ziarnista 1kg KOLUMBIA 100% Arabica ?wie?o Palona EXCELSO - Tommy Cafe
Total,Consumables,medium,4,7,OLEJ TOTAL- 5W30 QUARTZ INEO ECS 5L | OLEJ 5W-40 TOTAL QUARTZ 9000 ENERGY 5L | OLEJ 0W-30 TOTAL QUARTZ INEO FIRST 4L
Toyota OE,Consumables,medium,2,2,OLEJ SILNIKOWY 5W30 5W-30 5L FUEL ECONOMY 08880-80845 TOYOTA OE | OLEJ 0W20 TOYOTA AFE 5 L
Transa Electronics,Consumables,medium,6,7,Zgrzewarka PR ?NIOWA Pakowarka ?ywno?ci 3 FUNKCJE FOLIA WORKI ADAPTERY 160W | WYCISKARKA WOLNOOBROTOWA DO SOK W OWOC W WARZYW JuiceWell DU?A MOC 400W | Wyciskarka do cytrus w Sok w ELEKTRYCZNA STAL NIERDZEWNA DU?A MOC 300W
Trec,Consumables,medium,4,9,TREC WHEY 100 900g OD?YWKA BIA?KOWA WPC CZEKOLADA | PYSZNE BIA?KO WPC Trec Whey 100 900g PROTEINY NA MAS? MI??NIE DO TRENINGU | KREATYNA TREC CM3 180 kaps. SILNY JAB?CZAN KREATYNY MOCNY T-C-M SI?A MASA
Trizand,Consumables,low,2,2,ELEKTRYCZNE PODGRZEWANE SKARPETY GETRY ZIMOWE OGRZEWACZE DO ST P TERMICZNE | Zestaw Survivalowy Wojskowy Survival Niezb?dnik do Prze?ycia 32w1 Multitool
TropiDog,Consumables,low,1,1,TROPIDOG Beef 12kg Adult Medium Large Breeds
Tropidog,Consumables,high,7,2,TROPIDOG Salmon Rice 12kg Medium Maxi adult z ?ososiem | TropiDog Adult Wo?owina du?a rasa 12kg x 2 karma dla psa + gratis
Tuf Tuf,Consumables,high,6,1,MOKRA KARMA DLA KOTA 24x415g 75% MI?SA W SOSIE TUF TUF PUSZKI MIX Smak w
Tw j Cel To,Consumables,high,8,5,"OMEGA 3 1000mg EPA 500mg DHA 250mg TR JGLICERYDY ZDROWE SERCE M ZG - MOCNA | BERBERYNA 400mg Ekstrakt MOCNA ODCHUDZANIE CUKRZYCA POZIOM CUKRU Apetyt IO | BIOTYNA 4x 2,5mg NA W?OSY SK R? PAZNOKCIE WITAMINY Tw j cel to 400 TAB"
Tytan,Consumables,low,1,5,"TYTAN WINS FOLIA P?YNNA ZEWN?TRZNA SZCZELNY MONTA? OKNA BIA?A 2,4L | TYTAN 60 SEKUND PIANO KLEJ UNIWERSALNY SZYBKI 750ml PIANA PIANKA | Podpa?ka do grilla kominka rozpa?ka bia?a Tytan 480szt PROMO"
USP Zdrowie,Consumables,medium,4,4,"PUERIA DUO, ci??a od 13. tyg. + karmienie piersi? | Reme Kolagenowa formu?a pi?kna smak pomara?cza 150g | Reme Kolagenowa, Formu?a Pi?kna Pomara?cza   Marakuja, 150 g"
Universal Nutrition,Consumables,medium,4,3,ANIMAL PAK 44 Packets Witaminy saszetki Universal Nutrition Multiwitamina | ANIMAL FLEX UNIVERSAL 44 SASZ. MOCNE ZDROWE STAWY | UNIVERSAL ANIMAL FLEX 44 sasz MOCNE Stawy
Urbogym,Consumables,high,13,14,BIE?NIA ELEKTRYCZNA DOMOWA V660MS AUTO K?T 15 POZIOM W MASA?ER HANTELKI | ROWER STACJONARNY ROWEREK MAGNETYCZNY TERNINGOWY DO DOMU LCD ARGO YELLOW | BIE?NIA ELEKTRYCZNA DOMOWA V520 AMORTYZACJA REGULACJA NACHYLENIA SK?ADANA
Util-Pasz,Consumables,medium,4,1,Karma dla kur Nioska z pokrzyw? i mi?t? 25 kg Util-Pasz
VITAMMY,Consumables,medium,4,2,SZCZOTECZKA SONICZNA ELEKTRYCZNA DO Z?B W VITAMMY SYMPHONY PINK + LUNA+ | SZCZOTECZKA SONICZNA ELEKTRYCZNA DO Z?B W VITAMMY SYMPHONY BLUE 82000R/M
Valeant,Consumables,low,1,1,4FLEX Kolagen nowej generacji 30 sasz. na stawy
Valentis,Consumables,medium,4,4,"Kerabione Booster, kapsu?ki, 30 szt. | Kerabione dla w?os w, 60 kaps. | Flexus Shots P?yn doustny 20 fiolek po 10ml"
Valvoline,Consumables,medium,4,8,VALVOLINE Synpower XL III 5w30 5L - syntetyczny olej silnikowy XLIII | VALVOLINE MAXLIFE SYNTHETIC 5W40 5W-40 olej silnikowy 4L | OLEJ VALVOLINE 10W40 MAXLIFE 5L
Vanco,Consumables,low,1,1,Folia fryzjerska do farbowania pasemek w?os w w rolce rolka 1 szt. 700g
Vasco,Consumables,low,1,1,Elektroniczny T?umacz
Vaspiatta,Consumables,medium,4,1,Kawa ziarnista VASPIATTA Crema Italiana 1 kg
Velvet,Consumables,low,2,7,R?cznik Papierowy Velvet Turbo 1 Rolka Super Ch?onny Mocny Wytrzyma?y XXL | Krzes?o Velvet CAPPUCCINO Ciemny be? Z?ote Nogi Po?ysk Glamour Welur | Velvet TURBO r?czniki papierowe 3 warstwy 340 listk w - 6 gigarolek
VelvetCARE,Consumables,low,1,3,VELVET ZZ R?CZNIKI PAPIEROWE SK?ADANE CELULOZA 2W DO PODAJNIKA | Papier toaletowy JUMBO BIA?Y CELULOZA 12 ROLEK X 100m | Papier toaletowy VelvetCARE JUMBO BIA?Y 12szt 100m
Venom,Consumables,low,7,17,MOCNA KOSIARKA SPALINOWA Z NAP?DEM 53CM SILNIK LONCIN 196CC NOWY MODEL 9W1 | PI?A SPALINOWA PILARKA ?A?CUCHOWA 58CC 4x?A?CUCH 2xPROWADNICE 16' 18' | POT??NA GLEBOGRYZARKA SPALINOWA SILNIK LONCIN 196cc DZIK WIELKIE KO?A P?UG
Verco,Consumables,high,11,3,PREGNA PLUS 30 kaps. witaminy dla kobiet w ci??y | PREGNA PLUS 30 kaps. witaminy dla kobiet w ci??y | Pregna 250 DHA dla kobiet w ci??y i karmi?cych piersi? 30kaps
Vergnano,Consumables,high,12,3,Caffe Vergnano Gran Aroma kawa ziarnista w?oska 1kg | Caffe Vergnano Anticabottega kawa ziarnista 1 kg | Vergnano 800 Ottocento Crema Kawa ziarnista 1kg
Verotech,Consumables,low,1,6,"NISZCZARKA DO PAPIERU DOKUMENT W ?CINKOWA P-4 VEROTECH VS-1008CC | Cicha, mocna niszczarka zgodna z RODO, Cross-Cut 5x28mm Du?y Kosz 18L DVD | LAMINARKA A4 Verotech laminator GRATISOWE FOLIE"
Versace,Consumables,medium,4,1,Versace Bright Crystal 90ml EDT Woda Toaletowa Dla Kobiet Perfumy Damskie
Versele-Laga,Consumables,high,7,2,VERSELE-LAGA Cuni Adult Complete 8kg Pokarm kr lik | VERSELE-LAGA Karma dla kota Classic cat variety 10 kg
Vet Expert,Consumables,override,999,6,Vet Expert Intestinal Elimination Sucha Karma Dla Psa Indyk 12kg Trawienie | Vet Expert Hypoallergenic Ultra 8kg Sucha karma dla ps w z alergi? ryba | Vet Expert Hypoallergenic Insect Karma Weterynaryjna Dla Psa Z Owadami 12kg
VetPlus,Consumables,high,7,3,VetPlus LYPEX dla ps w i kot w 60 kapsu?ekc | VetPlus Synoquin Small Breed 30 tabl. ma?e rasy suplement dla PSA | Synoquin Large Breed 30 tabletek
Vetexpert,Consumables,override,999,11,VETEXPERT RenalVet 60 kaps dla psa i kota na nerki | Vetexpert Raw Paleo Ultra Turkey Puppy Medium/ Large 10kg | VetExpert Raw Paleo Ultra Beef Mini Adult 8kg
Vetfood,Consumables,high,23,6,VetFood Flora Balance 120 kapsu?ek * | VetFood Flora Balance 120 kapsu?ek | Flora Balance 120 kaps. Probiotyk Psy Vetfood
Vevor,Consumables,low,1,1,VEVOR Dr??ek Baletowy Podw jny Aluminium 118CM Regulowany Wysoko??
Viano,Consumables,high,13,13,VIANO SAMOCHODOWY ODSTRASZACZ GRYZONI KUN MYSZY SZCZUR W ?ASIC DUO-LED | TRIO BEZPRZEWODOWY ODSTRASZACZ GRYZONI KUN MYSZY SZCZUR W VIANO NA KUNY | SAMOCHODOWY RADAROWY ODSTRASZACZ KUN GRYZONI SZCZUR W MYSZY VIANO NA KUNY
Vichy,Consumables,high,40,19,Vichy Liftactiv Collagen Specialist 50 ml krem do twarzy na noc | VICHY Traitement Anti-Transpirant 48H dezodorant w kulce 2x50ml | VICHY STRESS RESIST roll-on 72h antyperspirant w kulce potliwo?? 50 ml
Victor Reinz,Consumables,low,1,1,VICTOR REINZ REINZOSIL SILIKON MASA USZCZELNIAJ?CA
Vitammy,Consumables,medium,4,3,SZCZOTECZKA SONICZNA ELEKTRYCZNA DO Z?B W VITAMMY SYMPHONY BLACK + LUNA+ | CI?NIENIOMIERZ NARAMIENNY VITAMMY E1 ARYTMIA ETUI ZASILACZ M WI PO POLSKU | SZCZOTECZKA SONICZNA ELEKTRYCZNA DO Z?B W VITAMMY SYMPHONY WHITE
Vizir,Consumables,medium,4,7,"Vizir Kapsu?ki do prania kolorowych tkanin, 60 pra? | Vizir Color Skoncentrowany proszek do prania kolor, 70 pra? | Vizir KAPSU?KI do kolorowych tkanin Kapsu?ki do prania, 50 pra?"
Voliotis Family,Consumables,medium,2,2,OLIWA Z OLIWEK EXTRA VIRGIN VOLIOTIS FAMILY 3000 ML GRECKA | Extra virgin oliwa z oliwek 5l niefiltrowana Voliotis
Volkswagen OE,Consumables,medium,3,3,OLEJ VOLKSWAGEN LONGLIFE III FE VW 0W-30 5L VAG | Olej Volkswagen LongLife IV FE 0W20 508.00/509.00 5 Litr w OE | Oryginalny Olej VW Longlife 0W30 504.00/507.00 VW OE
Vonmie,Consumables,low,1,1,ELEKTROSTYMULATOR MI??NI BRZUCHA EMS VONMIE S21 PAS WYSZCZUPLAJ?CY GRZANIE
WIELKA PAKA,Consumables,high,6,1,Karma mokra dla kota 50 szt. Saszetki Mix Smak w Wielka Paka dla Kociaka
WOW! Stuff,Consumables,low,1,1,Maskotka WOW Disney Stitch Chatty du?y 30cm
Wafi,Consumables,high,13,2,Karma Mokra Dla Kota Wafi Kawa?ki Mi?sa w Sosie 24x415G Puszka | Karma Mokra Dla Psa Wafi Kawa?ki Mi?sa w Sosie 24x415G Puszka Owczarek
Walden,Consumables,medium,3,3,BIE?NIA DOMOWA ELEKTRYCZNA SK?ADANA 10 KM/H WALDEN F2800 | BIE?NIA DOMOWA ELEKTRYCZNA SK?ADANA 10 KM/H WALDEN F2600 | BIE?NIA ELEKTRYCZNA DOMOWA WALDEN 12 KM/H
Walkingpad,Consumables,medium,4,4,Bie?nia elektryczna KINGSMITH WalkingPad X21 | BIE?NIA ELEKTRYCZNA G-RUNNER 460 SK?ADANA POD ? ?KO WALKINGPAD -2w1 12km/h | Bie?nia elektryczna domowa sk?adana Walkingpad Runner 12kmh CICHA!! RAX9003
Warmi?ska Manufaktura,Consumables,medium,4,4,Olej z czarnuszki 500ml Warmi?ska Manufaktura | Olej lniany 500ml Warmi?ska Manufaktura | Olej z wiesio?ka 250ml Warmi?ska Manufaktura
WaterWipes,Consumables,medium,4,6,"WaterWipes BIO chusteczki nawil?ane 12 x 60 szt. | WaterWipes Chusteczki Nawil?ane Dla Dzieci 10x60szt 99,9% wody+EXTRA pianka | Chusteczki Nawil?ane WaterWipes dla Dzieci Zapas Na Miesi?c 24x60 + Szampon"
Waterpik,Consumables,medium,3,3,WATERPIK IRYGATOR WP-100 ULTRA BIA?Y | Irygator stacjonarny Waterpik Aquarius WP-672EU - czarny | IRYGATOR DO Z?B W WATERPIK WF-150 MOCNY 10 POZIOM W 6 DYSZ 3 LATA GWARANCJI
We Care About You,Consumables,medium,4,3,TIMELESS GENTLEMAN M?SKIE PERFUMY ORYGINALNE | Thermo Burn Rider X SPALACZ T?USZCZU | GetMen POTENCJA EREKCJA LIBIDO PO??DANIE POZIOM TESTOSTERONU
Webski,Consumables,low,2,2,ELEKTRONICZNA STRZELNICA LICZNIK PUNKT W DLA DZIECI DWA PISTOLETY STRZA?KI | NAJLEPSZY PREZENT DLA KIEROWCY UCHWYT DO TELEFONU TABLETA NA SZYB? KOKPIT
Wedel,Consumables,low,1,1,KALENDARZ ADWENTOWY ONLYBIO E. WEDEL PREZENT KOSMETYK W DLA DZIEWCZYNY MAMY
Weima,Consumables,low,1,1,Glebogryzarka spalinowa Weima WMX620 X620 silnik 7KM + belka + 2 x obsypnik
West Caffee,Consumables,high,12,3,Kawa ziarnista Brazylia 1kg ?wie?o Palona - 100% Arabica - Monte Carmelo | KAWA ZIARNISTA Kolumbia ?WIE?O PALONA - Supremo don Pablo - 100% Arabica | Kawa ziarnista Honduras 1kg ?wie?o Palona 100% Arabica Esencia Alta Montana
Whiskas,Consumables,override,999,19,"WHISKAS SUCHA KARMA DLA KOT W DOROS?YCH KURCZAK 3,8 KG | WHISKAS Karma sucha dla kota - Kurczak 14kg | WHISKAS Adult z tu?czykiem karma sucha 14 kg"
Wiejska Zagroda,Consumables,high,69,17,Wiejska Zagroda Wo?owina z Indykiem 20kg L | WIEJSKA ZAGRODA M sucha karma dla psa Kaczka z gruszk? chrupki 9kg | Wiejska Zagroda karma sucha dla kota KURCZAK z KACZK? 5 kg 76% mi?sa
Woseba,Consumables,high,16,4,Woseba Arabica Kawa ziarnista 1kg | 5x Kawa ziarnista Woseba Mocca Fix Gold 1kg | Woseba Mocca Fix Gold - kawa mielona 500g
WowPaw,Consumables,medium,4,3,?wirek dla kota bentonitowy zbrylaj?cy naturalny bezpy?owy LAWENDOWY 25L | ?wirek bentonitowy lawendowy 25 l WowPaw | ?WIREK BENTONITOWY BEZZAPACHOWY DLA KOTA 25L ZBRYLAJ?CY NATURALNY BEZPY?OWY
Xtrexo,Consumables,medium,3,5,Bie?nia elektryczna XTREXO Walking Pad W100 czarna 131x58x17 cm 1-6 KM/H | Zestaw hantli regulowanych XTREXO 2x10kg multicolor 20kg DO ?WICZE? SOLIDNE | Bie?nia elektryczna XTREXO TXO-X250-S SK?ADANA REGULACJA K?TA 1-16 km/h
Yamaha,Consumables,medium,4,19,PIANINO cyfrowe YAMAHA YDP-145 WH TYLKO AUTORYZOWANY SPRZEDAWCA | Yamaha RX-V6A (Czarny) | Yamaha RX-V6A (Czarny)
Yankee Caffee,Consumables,high,33,8,Kawa ziarnista Do ekspresu 1kg 100% ARABICA ?wie?o Palona NIEBIA?SKA PIANKA | Kawa ziarnista Crema 100% Arabica ?wie?o palona Niebia?ska Pianka (2x1kg) | Kawa ziarnista do mleka 1kg ARABICA ?WIE?O PALONA Crema Mleczne zapomnienie
YarnArt,Consumables,low,1,1,W? czka akrylowa Baby YarnArt 338 zielona ciemnozielona 50 gram 150 metr w
Ydolo,Consumables,high,15,3,YDOLO karma p ?wilgotna dla psa wieprzowina Iberico 10 kg | YDOLO Wild Fish Karma p ?wilgotna dla psa - Ryby morskie 10 kg | YDOLO DUCK 10KG kaczka - karma p ?wilgotna dla psa
Yodeyma,Consumables,high,26,7,PERFUMY YODEYMA CARIBBEAN 100 ML | Perfumy damskie YODEYMA Boreal 100 ML | Perfumy m?skie Platinum Yodeyma 100 ml Woda perfumowana dla m??czyzn
Yves Saint Laurent,Consumables,high,25,8,Yves Saint Laurent MYSLF 100ml EDP woda perfumowana dla m??czyzn | Yves Saint Laurent LIBRE Le Parfum 50ml | Yves Saint Laurent Libre Le Parfum 50 ml orygina?
ZOONEST,Consumables,medium,2,1,?WIREK DREWNIANY PELLET DLA KOTA KR LIKA ?WINKI ZOONEST 15KG JASNY
Zavida,Consumables,medium,4,1,2 sztuki - Zavida Waniliowo Orzechowa 907g kawa ziarnista smakowa
Zelletten,Consumables,low,1,1,Waciki Zelletten 12 WARSTW W ROLCE 1000 SZT bezpy?owe grube DWIE ROLKI
Zelmer,Consumables,medium,4,4,"MASZYNKA DO MIELENIA MI?SA CICHA ZELMER + SZATKOWNICA 1900W 2,5 KG/MIN NOWA | FRYTKOWNICA BEZT?USZCZOWA ZELMER FRYTOWNICA PIEKARNIK AIR FRYER 1600W 6,5l | Robot planetarny ZELMER ZKR1355 Czarny"
Ziaja,Consumables,high,15,6,Ziaja Yego Zestaw Kosmetyk w do M??czyzn 4 elementy Krem Balsam ?el Kulka | Zestaw kosmetyk w Ziaja Marshmallow zestaw okoliczno?ciowy prezentowy | Zestaw kosmetyk w Ziaja Jeju R ?owy zestaw okoliczno?ciowy prezentowy
Zielana,Consumables,low,1,1,"KOMPLEX ZIO?OWY 50ml ZIELANA kompleks zio?owy, pio?un orzech"
[B.Box](http://B.Box),Consumables,low,2,3,BBOX INNOWACYJNY KUBEK TRENINGOWY Z OBCI??ON? S?OMK? NA WOD? DLA DZIECKA | [B.BOX](http://B.BOX) Wymienne rurki s?omki do bidonu kubka + szczoteczka 1 sztuka | [B.BOX](http://B.BOX) INNOWACYJNY KUBEK BIDON Z OBCI??ON? S?OMK?
aga,Consumables,low,1,1,St ? sk?adany ogrodowy cateringowy 180 cm walizka
arom ma,Consumables,medium,2,1,Zestaw Olejek Duszek 20ml i Balsam Krakacz 15ml aromama
cafe paradise,Consumables,medium,4,1,Kawa ziarnista Arabica cafe paradise Brazylia CafeParadise 1000 g
d,Consumables,low,1,1,?adowarka samochod w Typ2 11kW Przeno?ny Wallbox EV elektryk w 7m Wi-Fi
davines,Consumables,medium,4,1,FANOLA NO YELLOW SZAMPON 350 + DAVINES MLECZKO 135
eHokery,Consumables,low,3,4,ST ? OGRODOWY CATERINGOWY BANKIETOWY SK?ADANY OGRODOWY WALIZKA 180 cm | KRZES?O WELUROWE PIKOWANE TAPICEROWANE METALOWE NOGI DO JADALNI SALONU LOFT | ST ? BANKIETOWY CATERINGOWY ROZK?ADANY SK?ADANY OGRODOWY WALIZKA 180 cm
eurovac,Consumables,low,1,1,EuroVac folia do zgrzewarki pr ?niowej 7 rolek
iNaturalni,Consumables,medium,4,1,Orzechy W?oskie ?uskane 1 kg 1000g ?wie?e Du?e Pe?ne Witamin 100% Naturalne
4Swiss,OHL,medium,4,2,Odkurzacz Bezprzewodowy Pionowy Myj?cy 4Swiss VC024 Filtr HEPA Mopuj?cy | Odkurzacz Bezprzewodowy 4Swiss VC024 Filtr HEPA Pionowy Mopuj?cy Myj?cy
?pijZdrowo,OHL,high,13,13,Materac kieszeniowy 90x200 wygodny MEDIC MAX | Materac 160x200 kieszeniowy kokos NATURAL MAX | Materac 120x200 kokos NATURAL MAX exclusive 24 cm
ALLNOEL,OHL,low,1,1,KLOCKI MAGNETYCZNE 501 EL SZE?CIANY DLA DZIECI + 6 FIGUREK PIKSELE ZESTAW
ARSA GO,OHL,low,1,8,MOCNE LAMPKI CHOINKOWE 500 LED O?WIETLENIE ?WI?TECZNE ZEW/WEW BIA?Y CIEP?Y | KURTYNA ?WIETLNA LED GIRLANDA Lampki 3x3 m DRUCIKI SOPLE ZDALNE STEROWANE | MOCNA LAMPA SOLARNA 600W LED ULICZNA Z CZUJNIKIEM RUCHU I ZMIERZCHU PILOT
AUTOXSCAN,OHL,low,1,1,AUTOXSCAN X558 PRO Dekarbonizator proszkiem orzechowym Odkurzacz do metalu
Abrams,OHL,high,7,7,"WIERTARKO WKR?TARKA AKUMULATOROWA UDAROWA BEZSZCZOTKOWA 2XAKU 21V MOCNA | WIERTARKO WKR?TARKA AKUMULATOROWA UDAROWA 2X AKU 21V WALIZKA WYDAJNA | SOLIDNY BLENDER KIELICHOWY SZKLANY 1,5L MIKSER DO SMOOTHIE TYTANOWE OSTRZA"
Aigostar,OHL,low,1,1,FRYTKOWNICA BEZT?USZCZOWA XXL AIR FRYER 7L FRYTOWNICA 1900W LCD KOSZ CZARNA
Air Essence,OHL,low,1,1,"Stoj?cy Odkurzacz Myj?cy, Bezprzewodowy 7w1, Air Essence Typhoon Drive Jet"
Allbag,OHL,low,1,1,ETYKIETY TERMICZNE BIA?E 100x150 mm 65GSM SAMOPRZYLEPNE PERFORACJA 24 ROLKI
AlphaCar,OHL,low,1,1,DYWANIKI GUMOWE NA WYMIAR KORYTKO 2cm + TUNEL ?RODKOWY + STOPERY
Amper,OHL,medium,2,2,LAMPA LED KWADRAT SUFITOWA PLAFON LED OPRAWA + PILOT + RGB | Designerska Lampa ?yrandol Plafon kwadratowy Amper 45 x 25 cm O?wietlenie
Archon Studio,OHL,low,1,1,Heroes of Might and Magic III: Gra planszowa
Arion,OHL,low,1,3,? ?ko Kontynentalne ARION 180x200 Pojemnik MATERAC Bonell DU?E WYGODNE | ARION Friends Bravo Croc 24/10 20kg | ARION Premium Lamb & Rice 10+2kg +GRATIS
Austone,OHL,medium,2,9,Austone SP401 205/55R16 94 V XL FR EV 3PMSF opona ca?oroczna | 1x OPONA CA?OROCZNA 205/60R16 Austone SP401 96V | 4x 195/55R16 Austone All Season Fixclime SP-401
Auto Gamma,OHL,low,1,3,?ar wki Samochowowe LED H7 60W 24000LM 6500K Canbus +1000% Mocne 2 szt. | ?ar wki LED D3S D3R Canbus Mocne 160W 25000LM 6000K 2 szt. | Lampa LED HEXAGON Panel O?wietlenie Warsztat Gara? Dom 297 x 515 5500-6000K
BESTEN,OHL,medium,3,3,"Pi?a ?a?cuchowa Akumulatorowa Ga??zi wka Pilarka 30Cm Bezszczotkowa 2X4,0Ah | BESTEN Klucz Udarowy Akumulatorowy Bezszczotkowy Nasadki 2XAku Mocny 800Nm | Podno?nik samochodowy BESTEN 2,5T hydrauliczny niskoprofilowy BE0002880"
BFGoodrich,OHL,low,1,1,4 x BFGoodrich Advantage All-Season 205/55R16 91 H 3PMSF opona ca?oroczna
BJC,OHL,medium,2,2,"UDAROWY KLUCZ PNEUMATYCZNY BJC NISKOCI?NIENIOWY 1600Nm do k ? MOCNY 1/2"" | ?ADOWARKA AKUMULATORA PROSTOWNIK BJC INWERTEROWY Z ROZRUCHEM 600A 12V 24V"
Barum,OHL,high,5,6,2x opony zimowe 205/55R16 Barum POLARIS 6 | 1x Opona zimowa Barum POLARIS 6 205/60R16 92H | 1x Opona zimowa Barum POLARIS 6 195/65R15 91T
Beauty System,OHL,low,1,1,LAMPA WARSZTATOWA SONOBELLA BSL-01 LED 24W CLIP
Beko,OHL,medium,2,12,Kuchenka mikrofalowa wolnostoj?ca Beko MOC20100BFB Czarny 700 W 20L | Kuchenka mikrofalowa Beko MOC20100WFB 700W 20L Blokada rodzicielska Bia?a | KUCHENKA MIKROFALOWA BEKO MOC20100WFB
Berdsen,OHL,medium,6,10,Parownica do ubra? 2000W Steamer ?elazko parowe regulacja pary 45g/min | OSUSZACZ POWIETRZA KOMPRESOROWY POCH?ANIACZ WILGOCI 12L HIGROSTAT TIMER | Irygator dentystyczny bezprzewodowy Berdsen BD-200
Berhard,OHL,medium,2,2,DMUCHAWA SPALINOWA ODKURZACZ DO LI?CI BERHARD | M?OTOWIERTARKA WIERTARKA M?OT UDAROWY SDS+ MOCNY
Best,OHL,low,1,1,Mop p?aski 3 KOMOROWY kompaktowy BEST SEPARACJA Czysta Brudna Woda 2 wk?ady
Beurer,OHL,medium,3,3,LAMPA ANTYDEPRESYJNA BEURER TL 50 ?WIAT?O DZIENNE BIA?A LAMPA | Lampa antydepresyjna Beurer TL 45 Perfect Day bia?y | Beurer Lampa antydepresyjna TL30
Blossom,OHL,medium,2,1,Odkurzacz pionowy VC-550 akumulatorowy 550W z filtrem HEPA
Bluebox,OHL,low,1,1,Akumulator ?elowy AGM-100 12 V 100 Ah
Bluey,OHL,medium,3,6,LEGO BLUEY 11203 Dom rodzinny Blue | Zabawka interaktywna BLUEY BLU17632 | Zestaw Moose Toys Bluey Dom rodzinny Bluey's Family Home
Bob Snail,OHL,low,1,2,KALENDARZ ADWENTOWY BOB SNAIL z przek?skami owocowymi zabawkami i magnesami | Zestaw Owocowych Rolls w BOB SNAIL zdrowa przek?ska MIX 4 smaki 36x30g--2
Bosch,OHL,high,26,78,BOSCH ODKURZACZ PRZEMYS?OWY GAS 35 L AFC 1380W | Pompka rowerowa BOSCH EasyPump 0603947000 | Pompka rowerowa BOSCH EasyPump 0603947000
Bridgestone,OHL,high,11,17,Opona zimowa 235/45R18 98V XL Blizzak 6 BRIDGESTONE | 4x opony zimowe Bridgestone Blizzak LM005 195/65R15 91T 2024 | 4x NOWE 2025r! OPONY ZIMOWE 205/55R16 BRIDGESTONE BLIZZAK 6 91H + ubezpiecz
Callimed,OHL,low,1,1,Lampa na podczerwie? Sollux lecznicza terapeutycza promiennik podczerwieni
Canpol,OHL,low,1,3,CANPOL WK?ADKI LAKTACYJNE PRZYLEPIEC SAMOPRZYLEPNE ?ELUJ?CE 140SZT 1/654 | Laktator muszlowy CANPOL BABIES podw jny SmartSense | Canpol babies Bezprzewodowy laktator muszlowy Hands-Free
Ceat,OHL,low,1,2,1x Opona Zimowa 195/65R15 Ceat WINTER DRIVE 91H Nowa 2025 | 4x Opony zimowe 205/55R16 91H WinterDrive CEAT
Cleverclixx,OHL,low,1,1,CLEVERCLIXX - KLOCKI MAGNETYCZNE LARGE RACE TRACK PASTEL - 80 EL.
Command,OHL,low,1,3,"Rzepy Samoprzylepne COMMAND Zestaw 24szt/12par - Bezinwazyjne,bez narz?dzi | Command przezroczyste haczyki do wieszania ozd b 40 szt + 48 mini pask w | Command przezroczyste haczyki do wieszania ozd b 40 szt + 48 mini pask w"
Concordia,OHL,low,1,1,SZAFKA NOCNA STOLIK NOCNY SYPIALNI 2 SZUFLADY BIA?Y MAT D?B WOTAN SCANDI
Connetix,OHL,low,1,1,Klocki Magnetyczne konstrukcyjne du?e 102 el CONNETIX Rainbow Creative Pack
Continental,OHL,medium,4,8,4x Continental WinterContact TS 870 195/65R15 91T | 4x 205/55R16 Continental WinterContact TS 870 | 4x OPONY 205/55R16 Continental AllSeasonContact 2
Cosori,OHL,medium,4,6,"Frytkownica Bezt?uszczowa Air Fryer Cosori Turbo Tower Pro Smart 10,8L | Air fryer frytkownica Cosori CAF-DC121-AEUR 2630W 10,8L Czarna | Air fryer frytkownica Cosori CAF-DC121-AEUR 2630W 10,8L Czarna"
Ctek,OHL,low,1,2,?adowarka automatyczna prostownik CTEK MXS 5 12V | CTEK MXS 10 12V 10A MXS10 ?adowarka automatyczna z kompensacj? temp.
D?bica,OHL,high,8,27,1x Opona zimowa D?bica FRIGO HP 2 215/55R17 98V XL FR | 1x OPONA CA?OROCZNA 205/60R16 D?bica Navigator 3 | 1x opona ca?oroczna 195/65R15 D?bica NAVIGATOR 3
Daewoo,OHL,high,8,8,Agregat pr?dotw rczy Generator DAEWOO GDA 7500DPE-3 6.5kW 15KM 230/400V AVR | Agregat pr?dotw rczy inwertorowy Generator DAEWOO GDA 6600Ei 5.5kW 230V USB | DAEWOO GENERATOR AGREGAT PR?DOTW RCZY GDA 6500E 5KW 5000W Z ROZRUSZNIKIEM
Dany Meble,OHL,medium,4,4,"MEBLE KUCHENNE KUCHNIA ZESTAW SZAFKI S?UPEK BLAT JOLA 3,2M D?B WOTAN | MEBLE KUCHENNE KUCHNIA ZESTAW SZAFKI MODU?OWE BLAT JOLA 3,2M D?B WOTAN | MEBLE KUCHENNE KUCHNIA ZESTAW SZAFKI MODU?OWE BLAT JOLA 2,6M D?B WOTAN"
De'Longhi,OHL,high,17,19,Ekspres ci?nieniowy De'Longhi [ECAM610.55.SB](http://ECAM610.55.SB) 1450 W PrimaDonna Soul 19 bar | Ekspres ci?nieniowy De'Longhi ECAM310.80SB Magnifica Evo Next LatteCrema | De'Longhi Magnifica Start Milk ECAM [220.80.SB](http://220.80.SB) Ekspres do kawy ci?nieniowy
DeWalt,OHL,high,15,40,SZLIFIERKA K?TOWA 125mm 1500W DIAX 230V Regulacja obrot w | ZESTAW 18V DeWalt DCK755P3T BRUSHLESS - 3 akumulatory 18V/5.0Ah | Zestaw 18V 2x5Ah wkr?tarka DCD796+zakr?tarka DCF887 DeWalt DCK266P2 DS150
Decortrend,OHL,low,1,1,MATA PODK?ADKA Ochronna PVC na BIURKO BLAT ST ? 180x120 Mi?kkie SZK?O
Dedra,OHL,medium,4,13,Podno?nik p?yt gipsowych regipsu GK stojak gipsowo-kartonowy ud?wig 68kg | Szlifierka LED DEDRA do Gipsu G?adzi Tynku ?cian Sufit w Bezpy?owa ?yrafa | Szlifierka LED DEDRA do Gipsu G?adzi Tynku ?cian Sufit w Bezpy?owa ?yrafa
Delonghi,OHL,high,17,19,Ekspres do kawy ci?nieniowy DeLonghi ECAM310.80SB 1450W automatyczny | Ekspres do kawy ci?nieniowy DeLonghi ECAM310.80SB 1450W automatyczny | Ekspres ci?nieniowy do kawy DeLonghi Magnifica Start [ECAM220.80.SB](http://ECAM220.80.SB) 1450W
Delphi tools,OHL,high,8,12,"KLUCZ DYNAMOMETRYCZNY 1/2 28-210Nm CrMO & CrV + 3 NASADKI 17,19,21 mm +- 4% | WIERTARKO WKR?TARKA AKUMULATOROWA UDAROWA BEZSZCZOTKOWA PRO 2xAKU WKR?TAK | LASER KRZY?OWY Poziomica Laserowa 16 Linii + STATYW 115 cm 4D Zielony 2xAKU"
Dewalt,OHL,high,37,76,DEWALT DWS780 UKO?NICA PILARKA 305mm + ST ? DE7023 - Polska Dystrybucja - | Nowy Akumulator Li-Ion DeWalt DCB547 18V 54v 9Ah FLEXVOLT Oryginalny | Akumulator DEWALT DCB547 XR FLEXVOLT 54V 9Ah Polska Dystrybucja Oryginalny
Disney,OHL,high,8,7,LEGO Disney 43275 Zamek Kopciuszka i kareta | LEGO Disney Kraina Lodu 43273 Kalendarz adwentowy na rok 2025 | LEGO Disney Lodowy zamek Elzy 43238
Dreame,OHL,high,21,28,ROBOT SPRZ?TAJ?CY DREAME X40 MASTER INTELIGENTNY ODKURZACZ MOPUJ?CY | Robot Kosz?cy DREAME A2 Kosiarka 3000 m  Bez Kabla | Robot sprz?taj?cy Dreame L50 Pro Ultra bia?y Mopowanie 19500 Pa Wyposa?enie
Dumel,OHL,low,1,4,DUMEL Arka Noego statek ? dka ze zwierz?tkami m wi po polski je?dzi gra 1+ | 32730 Odkrywczy Domek zabawka interaktywna edukacyjna PL 12m+ Dumel | TRAKTOR FARMER. DUMEL
Duracell,OHL,low,1,4,4x AKUMULATORKI baterie DURACELL R6 AA 2500 mAh NAJWY?SZA POJEMNO?? | Bateria do aparat w s?uchowych Duracell 312 (opakowanie 60szt.) | Alkaliczne baterie Duracell AAA LR3 24szt.
Dyson,OHL,high,14,22,Odkurzacz pionowy Dyson Wash G1 niebieski | Odkurzacz pionowy Dyson V16 Piston Animal | Odkurzacz pionowy Dyson V15 Detect Absolute 2023 660W srebrny
E-Sezon,OHL,medium,2,2,SANKI DZIECI?CE Z OPARCIEM I MATERACYKIEM+PODN ?KI GRANATOWY ?NIEG ZIMA | SANKI METALOWE Z OPARCIEM MATERACYKIEM PODNOZKI PAS BEZPIECZENSTWA S7
EVI,OHL,low,1,5,KURTYNA ?WIETLNA LED 3x3 LAMPKI 300 ?wi?teczne Choinkowe GIRLANDA CIEP?E XL | LAMPKI CHOINKOWE ZEWN?TRZNE 500 LED ?WI?TECZNE ?WIATE?KA NA CHOINK? 35m XXL | DRON FlyPro14 2 kamery RADAR PRZESZK D silniki BEZSZCZOTKOWE 75min ZABAWKA
Edaxe,OHL,low,1,2,DU?Y SAMOCH D ZDALNIE STEROWANY AUTO RC METAL TERENOWY NAP?D 4X4 XXXL 1:12 | SAMOCH D ZDALNIE STEROWANY DU?E AUTO RC METAL TERENOWY 4X4 + 2 AKUMULATORY
Egmont,OHL,low,1,2,Asteriks. Z?oty Menhir mi?kka Egmont - komiksy | UBONGO GRA PLANSZOWA RODZINNA TOWARZYSKA EGMONT
Electrolux,OHL,medium,4,19,P?yta indukcyjna Electrolux EIV835 | P?yta Indukcyjna Electrolux EIV634 Ceramiczna Moc 7350W 4 Pola | P?yta gazowa Electrolux EGG6407K Szklana
Elko-Lighting,OHL,low,1,1,Z?ota Lampa Wisz?ca Sufitowa ?yrandol Bia?e Kule Milo LED E27
Eneloop,OHL,medium,2,2,Akumulatorki Baterie ENELOOP PRO R03/AAA 930mAh 4szt Ekologiczne Opakowanie | 4x ENELOOP PRO AA AKUMULATORKI JAPAN R6 ORYGINA?
Energizer,OHL,medium,4,10,"20x Bateria ENERGIZER Max Plus LR03 AAA R3 EP92 1,5V | 40x MOCNA BATERIA ALKALICZNA DU?E PALUSZKI ENERGIZER INDUSTRIAL AA R6 LR6 | 40x MOCNA BATERIA ALKALICZNA DU?E PALUSZKI ENERGIZER INDUSTRIAL AA R6 LR6"
Eurokomp,OHL,medium,2,1,PROSTOWNIK AUTOMATYCZNY FUNKCJA NAPRAWY DO AKUMULATOR W 8A 12V 24V LCD
Eurotel,OHL,low,1,1,? ?ko pi?trowe 190x80 szuflada + materace JACEK
Evolution,OHL,low,1,3,Uko?nica do stali Evolution S355MCS z tarcz? 355mm / 66z + tarcza drewno | Wielozadaniowa pi?a sto?owa Evolution R255TBL+ 255mm/28z WERSJA PLUS | Pilarka sto?owa Evolution R255TBL+ 255mm 1800W + stojak st ?
Exide,OHL,low,1,1,AKUMULATOR SAMOCHODOWY EXIDE START-STOP AGM 70AH 760A EK700 EK720
FDM,OHL,low,1,1,Dop?ata do ? ?ka: materac HOME PLUS 90x200
FUGERT,OHL,medium,2,4,"PRZECINARKA DO P?YTEK GLAZURY 120 CM LASER MASZYNKA DO CI?CIA P?YTEK GRESU | PRZECINARKA DO P?YTEK GLAZURY 120 CM LASER MASZYNKA DO CI?CIA P?YTEK GRESU | KLUCZ UDAROWY AKUMULATOROWY BEZSZCZOTKOWY 1/2"" 850NM DO K ? 2X AKU 4AH"
Falken,OHL,low,1,1,4 x Falken EuroWinter HS02 PRO 225/55R19 103 V XL 3PMSF opona zimowa
Farys,OHL,medium,2,1,Meble gara?owe warsztatowe Rega? szafka do gara?u FR4113 haczyki GRATIS
Fasmax,OHL,medium,3,3,Materac piankowy FASMAX 140x200 PREMIUM MASSAGE | Materac masuj?cy FASMAX 120x200 ulga na b l plec w | Materac 160x200cm piankowy masuj?cy 20cm FASMAX ECO komfortowy H3 H4
Faworyt,OHL,low,1,2,Traktor ogrodowy z koszem Faworyt Traktorek TRT102H586V2 2 cylindry TR102HV | Traktor kosiarka z koszem Faworyt TRT92H586V2 92cm 18KM V-TWIN traktorek 26
Firestone,OHL,medium,2,4,1x Opona zimowa Firestone WINTERHAWK 4 235/55R19 105V XL | 4x Firestone 205/55R16 91T Winterhawk 4 | 4 x Firestone Winterhawk 4 225/55R19 99 V 3PMSF opona zimowa
Flex,OHL,medium,3,4,"Odkurzacz Przemys?owy Flex VCE 44 L AC SET 465690 w?? antystatyczny +GRATIS | Mocny, bezworkowy odkurzacz przemys?owy FLEX S44 L AC z otrz?saczem | SZLIFIERKA DO GIPSU ?YRAFA GE 6 R-EC ZESTAW ODKURZACZ FLEX VCE 33 L AC-SET"
Fnirsi,OHL,low,1,2,Zgrzewarka punktowa Fnirsi SWM-10 | Zgrzewarka punktowa do ogniw akumulatorowa przeno?na FNIRSI SWM-10 naklejka
Fogo,OHL,low,1,1,Agregat pr?dotw rczy Fogo 33399 3500 W F4001ISE
Foxsur,OHL,medium,2,1,Prostownik Samochodowy do Akumulator w z Rozruchem 12V 24V 25A AGM Booster
Freedconn,OHL,medium,2,1,MOCNY PROSTOWNIK DO SAMOCHODU AKUMULATORA 10A 12V 24V Polskie Napisy
Frischer,OHL,medium,3,2,ODKAMIENIACZ DO EKSPRESU UNIWERSALNY W P?YNIE 1000 ml | P?YN DO ROBOT W MOPUJ?CYCH SPRZ?TAJ?CYCH DO ODKURZACZY MYJ?CYCH 1000ml
GENBLU,OHL,low,1,1,"Agregat pr?dotw rczy inwertorowy generator pr?du GENBLU GN3300i 3,3kw CICHY"
Ga?-Gum,OHL,low,1,1,2x 195/65R15 OPONY ZIMOWE zestaw 2 szt. OPONA ZIMOWA 195 65 15 3PMSF 2026
Gabby'S Dollhouse,OHL,low,1,1,LEGO Gabby's Dollhouse 10788 Koci domek Gabi
Genius,OHL,medium,2,6,NOCO GENIUS 5 EU 6V 12V 5A ?adowarka Inteligentna | NOCO GENIUS 10 6V 12V 10A ?adowarka Inteligentna | NOCO GENIUS 10 6V 12V 10A ?adowarka Inteligentna
Gisam,OHL,medium,2,1,"1800NM bezszczotkowy klucz udarowy 1/2"" klucz wiertarka 2 x akumulator"
GoodMajster Machinery,OHL,low,1,1,AGREGAT PR?DOTW RCZY INWERTOROWY Cichy Mied? AVR GMM-IG2000iS 2000W RATO
Goodride,OHL,high,15,44,1x 225/55R18 Z-401 98V GOODRIDE ca?oroczne nowe ROK 2025 | 1x 215/55R17 Z-401 98V GOODRIDE nowe ca?oroczne ROK 2025 | 4x 225/50R17 Goodride All Season Elite Z401 98W XL rok 2025
Goodyear,OHL,medium,2,2,1x OPONA 215/45R16 Goodyear VECTOR 4S G2 | Goodyear 205/55 R16 VECTOR 4SEASONS V XL M+S 3PMSF OE AO 94V opona
Granna,OHL,low,1,2,Super Farmer DeLux | Gra planszowa Granna Super Farmer De Lux
HEVA,OHL,low,1,1,Kostkarka do lodu HEVA HIX 12kg domowa cicha maszyna ekspresowy l d 160W
Hankook,OHL,medium,4,8,1x opona zimowa 235/55R18 Hankook Winter i*cept evo3 X W330A | 1x HANKOOK 205/55R16 91H Winter i*cept RS3 W462 zimowe 2025 r | 1 opona zimowa 195/65R15 91T HANKOOK Winter RS3 W462
Heisberg,OHL,high,9,9,"Materac 140x200 kieszeniowy 21 cm ?REDNIO TWARDY dwustronny 7 stref BLANKA | Materac HOUSE MAX 140x200 kokos, twardy H4, ?rednio twardy H3, kieszeniowy | Materac spr??ynowy kieszeniowy BLACK KOKOS 160x200x24cm H3 Certyfikaty"
Hilding,OHL,high,13,13,Materac Kieszonkowy HILDING FANDANGO 180x200 MEDICOVER H4 Kokos Medyczny | Materac Spr??ynowy FANDANGO Hilding 160x200 cm H4 H5 Medyczny | Materac PASODOBLE Hilding 160x200 cm TWARDY Medyczny Spr??ynowy VELVET
Hizero,OHL,medium,2,2,HIZERO F600 - PREMIUM Bioniczny mop Nowy Model | HIZERO F500 - Bioniczny mop
Hoegert Technik,OHL,low,1,2,"Zestaw narz?dziowy 222 elementy, CrV, grzechotki 72T CrMo, Hoegert Technik | Szafka W zek z narz?dziami 252 elementy HT7G058"
Honiton,OHL,low,1,1,KLUCZE HONITON 94EL.ZESTAW NARZEDZIOWY ORGINA? HONITON Z ZAPI?CIAMI
Hot Wheels,OHL,high,26,25,HOT WHEELS KALENDARZ ADWENTOWY 2025 24 NIESPODZIANKI 10 AUTEK AKCESORIA | HOT WHEELS ZESTAW ZAKR?CONA MEGA MYJNIA Colour Sh | HOT WHEELS ZESTAW TOR W P?TLA T-REXA + autko
Humberg,OHL,low,1,1,POZIOMICA LASEROWA LASER KRZY?OWY 4D SAMOPOZIOMUJ?CY 50m ZESTAW HUMBERG
IDEAL,OHL,medium,4,5,SPAWARKA INWERTOROWA INWERTER IDEAL MIG 200 IGBT MAG MMA IGBT FLUX 200A ALU | PROSTOWNIK 230V do ?adowania Akumulator w 6/12V IDEAL SPRINT 20 2A 10A 20A | Akumulator do wspomagania rozruchu IDEAL BOOSTER 4400 ROZRUCH 4400A 12/24V
IMOUM,OHL,medium,3,2,"PI?A ?A?CUCHOWA AKUMULATOROWA NA WYSI?GNIKU 6"" 2AKU GA??ZI WKA + PRZED?U?KA | MINI PI?A ?A?CUCHOWA AKUMULATOROWA PILARKA 8"" DWA AKUMULATORY ZESTAW IMOUM"
INTERBEDS,OHL,high,6,6,? ?ko 140x200 Tapicerowane Hilton Materac Amber stela? metalowy podnoszony | ? ?ko 140x200 Tapicerowane Hilton Materac Amber stela? metalowy podnoszony | ? ?ko 160x200 Tapicerowane Hilton Materac Amber stela? metalowy podnoszony
Ikea,OHL,low,1,1,IKEA HEMNES ? ?ko rozk?adane BIA?E 2 materace
Intex,OHL,high,12,12,Materac Dmuchany Welurowy Dwuosobowy ? ?ko 203x152x46 Intex 64428ND New2026 | Materac Dmuchany Dwuosobowy z zag? wkiem ? ?ko z Pompk? 230V INTEX 64448ND | Materac dwuosobowy do spania ? ?ko turystyczne Intex 64179 z pompk?
Irobot,OHL,medium,2,2,Robot sprz?taj?cy iRobot Roomba 105 Combo Mopowanie Stacja oczyszczaj?ca | Robot sprz?taj?cy iRobot Roomba Max 705 Combo mopowanie
Jimmy,OHL,medium,2,1,Odkurzacz pionowy Mopuj?cy Jimmy PW11 Pro Max 21Kpa Podw jna szczotka
Jumbo,OHL,low,1,1,Hitster Edycja polska Imprezowa Towarzyska gra muzyczna Gra planszowa
Jura,OHL,high,11,14,"Automatyczny ekspres ci?nieniowy Jura E8 Piano do kawy 3,5-cal wy?wietlacz | Automatyczny ekspres ci?nieniowy Jura E8 Piano do kawy 3,5-cal wy?wietlacz | Automatyczny ekspres ci?nieniowy Jura E8 Piano do kawy 3,5-cal wy?wietlacz"
K nner & S hnen,OHL,high,9,9,"K&S KS 8100iE 1/3 ATSR GENERATOR INWERTEROWY AGREGAT 400V 230V EURO5 8,5 KW | K&S Agregat pr?dotw rczy inwertorowy 230V 3/3,3kW KS3300I | Agregat pr?dotw rczy stacjonarny K nner & S hnen 7500 W olej nap?dowy"
K rcher,OHL,high,6,14,Parownica K rcher SC 2 EasyFix Plus 1500 W 1.512-614.0 | Odkurzacz workowy K rcher WD 2 Plus V-12/4/18 | MYJKA CI?NIENIOWA K rcher K 7 POWER FLEX 1.317-300.0
KIMKE PROFFESIONAL,OHL,medium,2,2,Lampa SOLARNA 1600W uliczna REGULOWANY Panel Mocna Ogrodowa UCHWYT MONTA? | Lampa SOLARNA 3000W uliczna CZUJNIK RUCHU ZMIERZCHU Mocna UCHWYT MONTA?
Kangur,OHL,low,1,2,GRA PLANSZOWA 10 SEKUND KIDS ?WI?TA Kangur | 2W1 DZIECI KONTRA RODZICE MAGIA ?WI?T + GRA ZR?CZNO?CIOWA PIGGY POP
Karcher,OHL,override,999,35,ODKURZACZ PRZEMYS?OWY KARCHER WD 3 V-17/4/20 UNIWERSALNY 1000W SUCHO MOKRO | MYJKA PAROWA KARCHER SC 2 EASYFIX MOP PAROWY PAROWNICA + 4 SZCZOTECZKI | Odkurzacz pior?cy Karcher SE 3 Compact Home N1 1.081-539.0
Katarek,OHL,low,1,1,KATAREK PLUS aspirator kataru dla dzieci do odkurzacza z rozbieran? komor?
Kenwood,OHL,high,5,5,Kenwood KWL90.164SI robot kuchenny 1400 W 7 l Srebrny Wbudowane wagi | Robot kuchenny planetarny KENWOOD [KWL90.594.SI](http://KWL90.594.SI) Titanium Chef Patissier XL | Robot kuchenny planetarny KENWOOD [KWL90.594.SI](http://KWL90.594.SI) Titanium Chef Patissier XL
Kerch,OHL,high,7,6,"ROBOT KUCHENNY PLANETARNY MIKSER Z MIS? KERCH MYCHEF BLACK 6,2L 4000W! | ROBOT KUCHENNY PLANETARNY MIKSER Z MIS? KERCH MYCHEF 4000W GREY 6,2L NOWY | ODKURZACZ PRZEMYS?OWY BEZWORKOWY MULTI 2200W DMUCHAWA POPIO?U KOMINKA"
Kernel,OHL,low,1,1,Lampa UVB Kernel KN-4003 do leczenia chor b sk ry
KitchenAid,OHL,low,1,1,"Robot kuchenny planetarny KitchenAid Artisan 5KSM125EER czerwony misa 4,8 L"
Kleber,OHL,high,5,7,4 x Kleber Quadraxer 3 205/55R16 91 H 3PMSF opona ca?oroczna | 1x OPONA ZIMOWA 235/50R19 Kleber Krisalp HP3 SUV | 2 x Kleber Krisalp HP3 205/55R16 91 H 3PMSF opona zimowa
Klighten,OHL,medium,2,2,"LAMPA LED DO GARA?U, WARSZTATU MOCNA 120cm 80W | ZESTAW 6X LAMPA LED DO GARA?U, WARSZTATU MOCNA 120cm 6SZTUK"
Kodak,OHL,low,1,2,Kodak Fun Saver Aparat Jednorazowy ISO 800 39x 39 Zdj?? + LAMPA FLASH | Papier ksero Kodak Office A4 80 g/m2 500 arkuszy *
Koliber,OHL,medium,3,4,PIEKARNIK ELEKTRYCZNY 48L TERMOOBIEG RO?NO GRILL WOLNOSTOJ?CY MINI | ROBOT KUCHENNY PLANETARNY MIKSER KOLIBER X-3200-W 6.2L 7w1 WIELOFUNKCYJNY | ROBOT KUCHENNY PLANETARNY MIKSER KOLIBER X-3200-W 6.2L 7w1 WIELOFUNKCYJNY
Konnwei,OHL,low,1,1,TESTER DO AKUMULATOR W 6V 12V Konnwei KW650
Kormoran,OHL,high,12,29,1x Kormoran SUV SNOW 225/60R17 103V | 4 x Kormoran Snow 215/60R17 96 H 3PMSF opona zimowa | 4 x Kormoran Snow 215/55R18 99 V XL FR 3PMSF opona zimowa
Kowal Polska,OHL,high,8,11,"PROFESJONALNY AGREGAT PR?DOTW RCZY 11,8kW ELSTART AVR+ MIED? STOJAN KowaL | AGREGAT PR?DOTW RCZY 5,2kW pr?du AVR+ MIEDZIANY STOJAN KOWAL Licznik GODZIN | AGREGAT PR?DOTW RCZY 5,2kW generator MIED? stojan KowaL LICZNIK GODZIN AVR+"
KrafTWele,OHL,low,1,1,"AGREGAT GENERATOR PR?DOTW RCZY 9,8 KW 3F WYCISZONY"
Kraft&Dele,OHL,medium,5,11,"?URAW WARSZTATOWY PODNO?NIK DO SILNIKOW D?WIG 2T STOJAK SK?ADANY STABILNY | PODNO?NIK PNEUMATYCZNY Samochodowy BA?WANEK PODUSZKOWY 3.5T ?aba + GUMA | AGREGAT PR?DOTW RCZY GENERATOR PR?DU 230/400V SI?A 7,5KW 7500W 3FAZOWY 2XOL"
Krups,OHL,medium,6,6,Ekspres ci?nieniowy do kawy KRUPS EA8108 15 Bar | Automatyczny ekspres ci?nieniowy Espresso Krups EA897HE0 Evidence Eco | Ekspres automatyczny KRUPS Evidence Hot & Cold kawa mro?ona EA898G
Kumho,OHL,high,5,8,4x opony zimowe Kumho WinterCraft WP52+ 205/55R16 91H 2025 | 2 x Kumho WinterCraft WP52+ 235/55R18 104 V XL EV 3PMSF opona zimowa | 1x OPONA ZIMOWA 215/55R17 Kumho Wintercraft WP52
LEDSOURCE,OHL,low,1,1,Stojak Statyw 100W Na?wietlacz Lampa Robocza Halogen Budowlany Z Wtyczk?
LEGO,OHL,override,999,13,"Klocki Technic 42210 Samoch d Nissan Skyline GT-R (R34) z filmu Za szybcy, | LEGO Technic 42173 Koenigsegg Jesko Absolut szary hipersamoch d zestaw 10+ | LEGO Star Wars 75192 Sok ? Millennium"
LERTZ,OHL,medium,2,1,ODKURZACZ R?CZNY BEZPRZEWODOWY AKUMULATOROWY SAMOCHODOWY DU?A MOC 16000Pa
Labo,OHL,low,1,1,EuroBusiness (Eurobiznes) Gra planszowa Ekonomiczna Kupuj Sprzedawaj
Landspider,OHL,low,1,1,Opona letnia 215/70R15C 109/107S Duratraxx VAN LANDSPIDER
Lanvigator,OHL,medium,2,2,Opona LANVIGATOR WINTERGRIP HP 205/55R16 Zimowe | 2 x Opona LANVIGATOR Snowpower 195/65R15 Zima
Laresar,OHL,high,5,3,Odkurzacz Bezprzewodowy Akumulatorowy Laresar X11 550W 55kPa NOWY MODEL | ODKURZACZ AKUMULATOROWY PIONOWY R?CZNY BEZPRZEWODOWY LARESAR v7 500w 5 | Odkurzacz pionowy Laresar M3 czarny
Led Light,OHL,low,1,1,Solarna Lampa Uliczna LED 2000W 264 LED IP66 Panel Solarny Pilot
Lego,OHL,override,999,195,LEGO Ninjago 71841 Burzowa Wioska Dragon w Arena Walki Pow | LEGO Creator 40744 Kolekcja ozd b ?wi?tecznych | LEGO Creator 3 w 1 Uroczy kr liczek 31162
Lehmann,OHL,high,24,32,"ROBOT KUCHENNY PLANETARNY MIKSER Z MIS? BLENDER SZKLANY MASZYNKA DO MI?SA | PODNO?NIK SAMOCHODOWY ?ABA LEWAREK NISKOPROFILOWY PUNKTOWY 2,5T 2500 KG | PODNO?NIK SAMOCHODOWY ?ABA LEWAREK NISKOPROFILOWY PUNKTOWY 2,5T 2500 KG"
Lelani,OHL,low,1,1,Zestaw do hybryd lampa LED UV 48W lakiery preparaty + gratisy
Lisciani,OHL,low,1,1,Gra planszowa W g?owie si? nie mie?ci 2 - Gra o emocjach Lisciani
Lund,OHL,low,1,1,ODKURZACZ DO MEBLI SZYBKIE USUWANIE PLAM MOC 15 KPA PRZENO?NY
Luxolar,OHL,low,1,1,Wyj?tkowa Stylowa Lampa Wisz?ca ?yrandol LED 3 -punkty ?wiat?a E27
MATERACE Z G R,OHL,high,6,6,Materac kieszonkowy 90x200 piankowy pocket 7 strefowy trwa?y 17 cm H3 | Materac kieszonkowy 90x200 piankowy pocket 7 strefowy trwa?y 17 cm H3 | Materac kieszonkowy 90x200 piankowy pocket 17 cm pocketowyA spr??ynowy H3
MEMFLOW,OHL,low,1,9,CHOINKA SZTUCZNA SOSNA DIAMENTOWA ZIELONA 220CM JAK ?YWA PREMIUM + STOJAK | CHOINKA SZTUCZNA PE ?WIERK KAUKASKI G?STA PREMIUM 220CM STOJAK ?YWA | AIR FRYER FRYTKOWNICA BEZT?USZCZOWA 8L 1800W DU?A MISA XL PROFESJONALNA
MPM,OHL,medium,2,2,"WIELOFUNKCYJNY ROBOT KUCHENNY MIKSER PLANETARNY MPM MRK-25 3W1 MISA 6,5L | WIELOFUNKCYJNY ROBOT KUCHENNY MIKSER PLANETARNY MPM MRK-22 2600W MISA 7L"
MTM,OHL,low,1,1,Materac kieszeniowy z kokosem 140x200 PRESTIGE KOKOS profilowany exclusive
Majster Polska,OHL,medium,4,8,KLUCZ UDAROWY 750NM! AKUMULATOROWY BEZSZCZOTKOWY DO K ? 20V 1/2' 2XAKU | SZLIFIERKA szlifowania GIPSU G?ADZI TYNK W TYNKU ?cian sufit w LED MP0017 | Spawarka INWERTOROWA MIGOMAT FLUX MMA MIG TIG GAZOWY Z BUTL? MP0122
Makita,OHL,high,54,95,Zestaw Zasilaj?cy Makita DC18SD ?adowarka 1x Akumulator BL1830B 3ah 18V LXT | Odkurzacz 1200W 42l sucho/mokro L Makita VC4210L | MAKITA Radio budowlane akumulatorowe 18V stereo g?o?nik + zasilacz DMR116
MalPlay,OHL,low,1,1,KLOCKI MAGNETYCZNE 3D Uk?adanka Edukacyjna 106 element w
Maltec,OHL,medium,9,22,"PI?A ?A?CUCHOWA SPALINOWA PILARKA PROWADNICE OLEJ 5,7KM DU?Y ZESTAW MOCNA | OSUSZACZ POWIETRZA POCH?ANIACZ WILGOCI CICHY WYDAJNY MALTEC 0,8L | ODKURZACZ R?CZNY PIONOWY CYKLONOWY BEZWORKOWY 600W 5W1 MA?Y MOCNY LEKKI"
Mammotion,OHL,low,1,1,MAMMOTION YUKA 2000 Robot kosz?cy GPS Kosiarka do trawy Bez kabla
Maped,OHL,low,1,2,Tablica pod?wietlana MAPED LUMI BOARD | Creativ Airbrush Maker Zabawka Roku Nagroda dzieci 2025
MarBit,OHL,low,1,1,FRYTKOWNICA BEZT?USZCZOWA AIRFRYER DU?A MISA 8L XL
Marioinex,OHL,low,1,1,Klocki Marioinex Mini Waffle Konstruktor 350 element w
Martius,OHL,low,1,1,KLOCKI MAGNETYCZNE DLA DZIEWCZYNKI 213 SZE?CIANY KONSTRUKCYJNE ZAMEK PIXELE
Masterled,OHL,high,5,5,HALOGEN LED Z CZUJNIKIEM RUCHU NA?WIETLACZ LAMPA 50W 4500K ZEWN?TRZNY IP65 | HALOGEN LED na?wietlacz lampa 50W 4500K ZEWN?TRZNY IP65 | Lampa na stojaku Masterled 200 W 2x LED czarna IP65 4500 K 16000 lm
Materazzi,OHL,high,10,10,Materac 140x200 twardy GRUBY KOKOS kieszeniowy H5 pocket 7 stref CARBON MAX | Materac 140x200 kieszeniowy dwustronny ?rednio twardy BLANCO pocket MAX | Materac 160x200 kieszeniowy ?REDNIO TWARDY dwustronny 7 stref BLANCO
Max-Tech,OHL,low,1,1,Mata masuj?ca wibracyjna Materac masuj?cy do masa?u na ? ?ko 16 silnik w
Maxpeedingrods,OHL,medium,4,4,"MXR3800 cichy agregat pr?dotw rczy inwertorowy 3,5kW MaXpeedingrods | MXR3500S agregat pr?dotw rczy na propan butan LPG MaXpeedingrods | Cichy agregat pr?dotw rczy inwerterowy lekki generator 3,3kW MXR3500"
Mercedes,OHL,high,8,8,LEGO Technic 42165 Technic 42165 Mercedes-AMG F1 W14 E Performance | ?ar wka D1S Osram Clasic 66140 CLC AUDI BMW MERCEDES OPEL FORD ALFA ROMEO | LEGO Technic 42177 Mercedes-Benz G 500 PROFESSIONAL Line
MiGiris,OHL,low,1,3,LITEWSKA MASZYNKA ZIEMNIAK W CIORKA TARKA MIGIRIS | LITEWSKA MASZYNKA TARKA TARCIA ZIEMNIAK W MIGIRIS | LITEWSKA MASZYNKA TARKA DO TARCIA ZIEMNIAK W MIGIRIS ROBOT KUCHENNY
Milever,OHL,low,1,1,Milever Winter-Max A1 MW255 205/55R16 91 H 3PMSF opona zimowa
Milwaukee,OHL,high,8,20,Latarka Czo?owa Milwaukee L4 HL2-301 600Lm USB | M?otowiertarka SDS 2.3J M18 BLHX-502X SDS+ Milwaukee 2x5Ah | Szlifierka k?towa Milwaukee M18 FSAG125X-0 18V 125mm body
Minecraft,OHL,medium,15,16,Prezent Gra MINECRAFT Nintendo Switch PL | Gra Nintendo Switch Minecraft: Edition | KLOCKI LEGO / MINECRAFT 21280 KALENDARZ ADWENTOWY 2025 NA PREZENT
Modebelle,OHL,low,1,2,KLOCKI MAGNETYCZNE KONSTRUKCYJNE EDUKACYJNE ZESTAW 100 EL DU?E PANELE 3D | Namiot dla Dzieci TIPI do Pokoju domu Domek Wigwam Be?owy Mi? do zabawy
Modu,OHL,low,1,1,"Modu Dreamer Blocks 12w1 - du?e, kreatywne klocki z pianki EPP"
Monopoly,OHL,low,1,3,HASBRO MONOPOLY Disney Stitch Wersja polska G0388 | Gra planszowa Winning Moves Monopoly World Football Stars | Gra Monopoly Classic Refresh Polska Wersja Hasbro G0009
Moovkee.,OHL,low,1,1,POLSKIE SANKI metalowe z oparciem materacem z ODBLASKIEM MOOVKEE pasek
Motohobby,OHL,low,1,1,DYWANIKI KORYTKOWE DOPASOWANE KOMPLET GUMA PREMIUM
Mova,OHL,medium,4,6,Robot sprz?taj?cy Mova V50 Ultra Complete czarny Mop 24 000 Pa EPA | Odkurzacz pionowy bezprzewodowy mopuj?cy Mova X4 Pro | Automatyczny Robot Sprz?taj?cy MOVA Z60 Ultra Roller Complete
Mozano,OHL,high,8,11,OSUSZACZ POWIETRZA 20L WIFI POCH?ANIACZ WILGOCI 5.5L OCZYSZCZACZ HEPA | ROBOT PLANETARNY KUCHENNY MIKSER 3 MIESZAD?A MISA 6.2L MOCNY | ROBOT KUCHENNY MIKSER PLANETARNY MISA 6.2L MOCNY 3 MIESZAD?A MOCNY
Neo,OHL,medium,4,10,"Zestaw kluczy 300 element w 1/2"", 3/8"", 1/4"" Neo 10-218 P?askie Torx Bity | Szafka Narz?dziowa W zek Narz?dziowy z Wyposa?eniem 221 el. 7 Szuflad NEO | NEO SZAFKA WARSZTATOWA, 7 SZUFLAD + 176 NARZ?DZI 84-222-12"
Neonail,OHL,medium,2,3,NeoNail Lampa LED 36W/48 LCD Display | NEONAIL Lampa do paznokci LED UV 36W/48 LCD Display | Frezarka do paznokci NEONAIL NN M21 One Touch
Ninja,OHL,medium,5,9,"Air Fryer NINJA AF140EU 4,7L 4w1 | Frytkownica Bezt?uszczowa Ninja AF180EU Air Fryer 6,2 L 2000 W Czarny | Frytkownica bezt?uszczowa AirFryer Ninja SL400EU 2470W 9,5l Termoobieg"
Nokian,OHL,high,6,7,4x opony ca?oroczne Nokian Seasonproof 205/55R16 91V 2025 | 1x OPONA 205/55R16 Nokian Tyres Seasonproof 1 | 1x OPONA 205/55R16 Nokian Tyres Seasonproof 1
Nokian Tyres,OHL,high,16,30,1x opona zimowa 235/45R18 Nokian WR SNOWPROOF P | 4x OPONY 205/60R16 Nokian Tyres Seasonproof 2 | 4x opony zimowe Nokian Snowproof 1 185/65R15 88T
Nowoczesne Materace,OHL,low,1,1,Materac 140x200 piankowy masuj?cy 20 cm ?redniotwardy ECO COMPLEX
Numatic,OHL,low,1,1,"ODKURZACZ PIOR?CY Numatic George GVE370, 2L Novatep, 1L Bue Star, g?bki"
OPTIMAT,OHL,low,1,1,"Generator Agregat Pr?du AVR Diesel 9,5kW 230/400V pr?dotw rczy 3fazy diesla"
Orchidea,OHL,low,1,1,"Materac nawierzchniowy 140x200 pianka PUR, Nak?adka na ? ?ko i kanap? 5cm;"
Orno,OHL,low,1,1,Lampa Zewn?trzna LED 30W Czujnik Ruchu i Zmierzchu Regulacja Halogen Czarny
Paladone,OHL,low,1,1,LAMPKA MINECRAFT STEVE ICONS Lampa 11cm licencja
Panasonic,OHL,low,1,5,Panasonic ER-GN30 Trymer do nosa na mokro/sucho | PANASONIC ENELOOP PRO akumulatorki AAA 930mAh 4szt | Panasonic DC-TZ99E-K Aparat Lumix Kompaktowy Podr ?ny z 30-krotnym zoomem
Parkside,OHL,high,19,19,"PARKSIDE Akumulator litowo-jonowy 20V, 4 Ah, PAP 20 B3 Akumulator 20 V 4Ah | PARKSIDE Akumulator Bateria X20V Team 4 Ah NOWA PAP 20V | Akumulator Bateria Smart 8Ah 20V PARKSIDE PERFORMANCE PAPS 208 A1 Bluetooth"
Pezal,OHL,low,1,1,"AGREGAT PR?DOTW RCZY PEZAL PGG3100X 3,3kW AVR"
Pirelli,OHL,medium,3,6,1x 225/55R18 Pirelli Cinturato All Season SF3 | 1x 225/45R17 Pirelli Cinturato All Season SF3 | 4x Opony ca?oroczne 205/55R16 94V XL Cinturato All Season SF 3 PIRELLI 2025
Pokemon,OHL,medium,2,2,Zestaw kart Pokemon TCG: S&V - Surging Sparks - Booster Pack (1 Paczka) | Pokemon TCG: Mega - Evolution (M1 Base Set) - Booster Pack
Powermat,OHL,medium,4,5,"WIERTARKA MAGNETYCZNA Z OSPR?TEM GWINTARKA 2100W 50mm MT3 MT2 PM-WM-2100T | MINI TOKARKA STO?OWA DO METALU DREWNA OBRABIARKA 0-2500 obr./min +AKCESORIA | AGREGAT PR?DOTW RCZY PRZENO?NY JEDNOFAZOWY 230V , 3000W BENZYNA KO?A TRANS."
R-sport,OHL,low,1,1,Mercedes GTR-S Auto na akumulator EVA SK RA Pilot Akumulator litowo-jonowy
RUCKEN,OHL,medium,4,4,Materac 200x90 do ? ?eczka Premium FIZJOMOMMY Dzieci?cy Dwustronny H2/H3 | Materac 160x80 do ? ?eczka piankowy dzieci?cy twardy 80x160 cm dla dziecka | Materac 160x80 Piankowy HR50 do ? ?eczka 4w1 FIZJOMOMMY Wentylowany H2/H3
Ravensburger,OHL,medium,2,7,"GRA PLANSZOWA LA CUCARACHA Z?ap robala, gra dla ca?ej rodziny | RAVENSBURGER THINKFUN ZINGO! NOWA EDYCJA POLSKA GRA LOGICZNA BINGO 4+ | Ravensburger GraviTrax Junior Zestaw Startowy Dino XXL"
Rebel,OHL,high,9,17,"Wsi??? do Poci?gu: Pierwsza podr ? familijna gra planszowa wiek 6+, 2-4 os | Wsi??? do Poci?gu: Dooko?a ?wiata | Tajniacy (edycja 2025) - gra imprezowa"
Red Bull,OHL,medium,2,4,"LEGO Technic, Bolid F1 Oracle Red Bull Racing RB20 (42206) | LEGO 77243 Speed Champions Bolid F1 Oracle Red Bull Racing RB20 | Red Bull Kalendarz Adwentowy 24x250ml ?wi?teczny Zestaw Limited Edition"
RicoKids,OHL,low,1,3,"TABLICA DWUSTRONNA EDUKACYJNA DLA DZIECI MAGNETYCZNA KREDOWA + AKCESORIA | Butla z helem 0,20 m3 + balony x30 wst??ka 40m hel do balon w | KLOCKI MAGNETYCZNE EDUKACYJNE KONSTRUKCYJNE AUTO UK?ADANKA DLA DZIECI 3D"
Riwall,OHL,medium,8,16,ROZDRABNIACZ ELEKTRYCZNY G?ADKOLUFOWY R?BAK DO GA??ZI RIWALL RES 2545 | PANCERNY DOMOWY SEJF PIN SZYFR + NA KLUCZ PIENI?DZE DOKUMENTY RIWALL RSE-01 | Odkurzacz przemys?owy bezworkowy 2.0 RVS-01 sucho mokro do popio?u kominka
Riwall Pro,OHL,high,6,4,Odkurzacz Pior?cy Riwall Pro ROP-01 4w1 2200eW pranie Dywan w i Tapicerki | Odkurzacz Pior?cy Riwall Pro ROP-01 4w1 2200eW pranie Dywan w i Tapicerki | WALIZKA NARZ?DZIOWA ZESTAW NARZ?DZI KLUCZY 750 ELEMENT W SUPER ZESTAW
RoadX,OHL,low,1,1,1x Opona ca?oroczna RoadX RXMOTION 4S 205/55R16 94V XL
Roborock,OHL,high,10,13,"Robot sprz?taj?cy Roborock Saros 10R 22KPa mopowanie Stacja oczyszczaj?ca | Odkurzacz Robot sprz?taj?cy ROBOROCK Qrevo Edget | Roborock S8 MaxV Ultra 0,27 l Czarny"
Ruhhy,OHL,medium,4,12,WYDAJNY OSUSZACZ POWIETRZA CICHY WiFi TIMER 12L/24H POCH?ANIACZ WILGOCI | Robot Planetarny Kuchenny RUHHY z Blenderem Maszynka do Mielenia Mi?sa 3w1 | Robot Planetarny Kuchenny RUHHY z Blenderem Maszynka do Mielenia Mi?sa 3w1
Ryobi,OHL,low,1,2,Akumulator Ryobi AKU 18V (5.0 Ah) | Bezszczotkowy klucz udarowy RYOBI RIW18X-0 18V ONE+ HP Moment 900 Nm SOLO
SUNONE,OHL,low,1,1,Lampa LED+UV SUNONE SUN1 48 W bia?y
Saeco,OHL,medium,3,3,Ekspres do kawy ci?nieniowy automatyczny Saeco GranAroma czarny SM6580/00 | Automatyczny ekspres ci?nieniowy Saeco SM6680/00 1500 W czarny | Automatyczny ekspres ci?nieniowy Saeco SM6480/00 1500 W czarny
Sayus,OHL,low,1,1,LAMPA SOLARNA LED LATARNIA ULICZNA OGRODOWA CZUJNIK RUCHU ZMIERZCHU PILOT
Siemens,OHL,high,11,13,Ekspres ci?nieniowy Siemens CT718L1B0 iQ700 Home Connect sLine | Automatyczny Ekspres ci?nieniowy Siemens TE651319RW EQ.6 PLUS S.100 1500W | Siemens EQ Series tabletki odkamieniaj?ce i czyszcz?ce TZ80002 2w1 TZ80001
SilverCrest,OHL,low,1,1,ROBOT KUCHENNY LIDLOMIX MONSIEUR CUISINE SMART 2025 CZARNY MEGA ZESTAW
Silvercrest,OHL,medium,3,3,Silvercrest termorobot kuchenny Monsieur Cuisine Smart Bia?y Lidlomix 2024 | Robot kuchenny LIDLOMIX Monsieur Cuisine Smart SKMS 1200 SilverCrest WiFi | Robot kuchenny SilverCrest Monsieur Cuisine Smart 1200 W czarny
Smartled,OHL,high,11,15,Profil LED aluminiowy do p?yt GK gipsowych wpuszczany 2m regips szeroki | Halogen LED Statyw Budowlany Na?wietlacz 2x 50W 11000lm Lampa Na Stojaku | NA?WIETLACZ HALOGEN LED 50W Z CZUJNIKIEM RUCHU ZMIERZCHU LAMPA WODOODPORNA
SolidTape,OHL,medium,2,3,Etykiety termiczne 100x150 mm kurierskie 500 sztuk samoprzylepne bia?e | Etykiety termiczne 100x150 mm kurierskie 500 sztuk samoprzylepne bia?e | Etykiety termiczne 100x150 mm 500 szt.
Spotify,OHL,low,1,3,KLOCKI CADA FC BARCELONA CAMP NOU SPOTIFY STADION 728 EL. BARCA LA LIGA | Karta podarunkowa Spotify Premium 24.00 PLN | Spotify Premium 6 miesi?cy / 180 dni / KOD - Karta podarunkowa
Springos,OHL,low,1,14,KLOCKI KONSTRUKCYJNE DLA DZIECI MAGNETYCZNE DO BUDOWANIA ZESTAW 100 el. | CHOINKA SZTUCZNA ?WIERK KAUKASKI 180 cm naturalny g?sta PREMIUM + GRATIS | CHOINKA SZTUCZNA PE 220 cm ?WIERK W?OSKI KAUKASKI Jak ?ywa PREMIUM G?STA
StarHouse Games,OHL,low,1,1,GRA PLANSZOWA Labirynt ?cie?ki Przeznaczenia PRZYGODOWA 2-6 os b NA PREZENT
Starmix,OHL,medium,4,4,ODKURZACZ PRZEMYSLOWY Z OTRZ?SACZEM IPULSE L-1635 TOP STARMIX SX018621 | Odkurzacz przemys?owy Starmix ISC L-1425 1400 W | Odkurzacz przemys?owy Starmix 1625 Top 1600W z workami przystawk? do gipsu
Stator,OHL,medium,2,2,ZESTAW DU?E KLOCKI MAGNETYCZNE KONSTRUKCYJNE 3D PANELE MAGNETIC TILES 70 EL | DU?E KLOCKI MAGNETYCZNE 3D PANELE MAGNETIC zestaw 130 el Konstrukcyjne XXL
Steelfence,OHL,low,1,1,ODKURZACZ PRZEMYS?OWY DO POPIO?U PIECA KOMINKA 20L HEPA 2200W + DMUCHAWA
Stihl,OHL,high,6,7,"Pilarka spalinowa STIHL MS 231 35 cm 3/8"" 2,7KM | PILARKA SPALINOWA STIHL MS 172 2-MIX 35 CM 1,9 KM | PILARKA MS 162 STIHL (1,6KM, 35cm) + CZAPKA GOLFOWA"
Sunwide,OHL,low,1,1,2 x Sunwide Snowide 205/55R16 91 H 3PMSF opona zimowa
SuperLED,OHL,high,5,7,Zestaw Oprawa hermetyczna lampa do gara?u 120cm + 2x ?wietl wki LED | Zestaw Oprawa hermetyczna lampa do gara?u 120cm + 2x ?wietl wki LED | Halogen LED 2x50W 11000lm Na?wietlacz Budowlany Statyw SuperLED IP65
Swiffer,OHL,low,1,2,"Swiffer Duster Miote?ki do Kurzu, Wk?ady 18 szt. | Swiffer Wet mokre chusteczki wk?ady do mopa 2x40szt."
TM Toys,OHL,medium,2,6,Gra towarzyska RUMMIKUB LMD4602 | GRA RUMMIKUB | RUMMIKUB
TODOMI,OHL,low,1,4,STOJAK NA PRZYPRAWY POJEMNIKI 28x S?OICZKI PRZYPRAWNIK ORGANIZER NAKLEJKI | Efektowna Kurtyna ?WIETLNA SOPLE 501-1000 Lampek ?wi?teczne Ozdobne LED | Efektowna Kurtyna ?WIETLNA SOPLE 501-1000 Lampek ?wi?teczne Ozdobne LED
Tagred,OHL,high,20,34,"Szafka Narz?dziowa Solidna W zek Warsztatowy z wyposa?eniem 298el + kluczyk | Podno?nik Pneumatyczny Profesjonalny Mocny Ba?wanek 3,5T HEAVY DUTY + Guma | PROFESJONALNA SZAFA WARSZTATOWA W ZEK NARZ?DZIOWY DU?A JUMBO XXL 12 SZUFLAD"
Tech,OHL,medium,3,13,TECH-STEROWNIKI STEROWNIK DO INSTALACJI i-3 PLUS DO SYSTEM W SOLARNYCH | NIKWAX Tech Wash 1 l | Materac piankowy PEARL MAX HR 160x200x20cm H4 Technologia AIR Clima
Teesa,OHL,low,1,1,"Mop obrotowy dwukomorowy Teesa New Clean R13 5,7L"
Tefal,OHL,high,19,52,Patelnia Wok z pokrywk? TEFAL Daily Cook G7309955 28cm indukcja stalowy | Frytkownica bezt?uszczowa TEFAL EY905D10 2700W | Zestaw szybkowary TEFAL Secure Trendy Pressure 4L + 6L INDUKCJA P2584301
Tokachi,OHL,high,6,9,OZONATOR GENERATOR OZONU DO DOMU SAMOCHODU 130W MOCNY 60 000 MG/H POWIETRZA | WIERTARKO WKR?TARKA AKUMULATOROWA BEZSZCZOTKOWA UDAROWA PRO 2xAKU MOCNA 21V | KLUCZ UDAROWY AKUMULATOROWY 800Nm BEZSZCZOTKOWY 2w1 MOCNY 21V DO K ? 2xAKU
Toolme,OHL,medium,5,10,MOCNY 140W Oczyszczacz Filtr Powietrza Purifier > Ozonator > JONIZATOR | NAGRZEWNICA spalinowa dmuchawa elektryczna WEBASTO ogrzewanie new tm187 | INWERTOROWY 2500W AGREGAT PR?DOTW RCZY AVR CZYSTY SINUS PRO Toolme TM600
TopEshop,OHL,medium,3,3,Szafka ?azienkowa zabudowa rega? p ?ka na pralk? pralnia 180x64x64cm BIA?Y | Szafka ?azienkowa zabudowa rega? p ?ka na pralk? pralnia 180x64x64cm BIA?Y | BIURKO KUBA Z NADSTAWK? BIA?E ZESTAW 6 SZUFLAD P ?KI DO BIURA POKOJU PRACY
Trada,OHL,low,1,3,? ?ko kontynentalne 160x200 Palermo Szare ? ?KO DOST?PNE OD R?KI | ? ?KO kontynentalne BOND 160x200 Be?owe ? ?KO DOST?PNE OD R?KI | ? ?KO KONTYNENTALNE ROLO 140x200 SZARE MATERAC - ? ?KO DOST?PNE OD R?KI
Trefl,OHL,low,1,10,5 Sekund gra | 5 Sekund gra | 5 Sekund gra
Triangle,OHL,medium,4,4,1x Opona zimowa Triangle WINTERX TW401 225/50R17 98V | Triangle WinterX TW401 205/55R16 94 V 3PMSF opona zimowa | Triangle WinterX TW401 215/55R17 98 V 3PMSF opona zimowa
Ulanzi,OHL,low,1,1,Lampa o?wietleniowa LED do aparatu kamery 8W (2500K-9000K) Ulanzi VL200
VOKSAR,OHL,medium,2,2,Bezprzewodowy Odkurzacz Pionowy R?czny VOKSAR V11 5w1 LED 600W MOCNY HEPA | Frytkownica Bezt?uszczowa Dwukomorowa VOKSAR G11 AirFryer 2400W +PRZEPISY
Vakariten,OHL,low,1,1,"Agregat pr?dotw rczy generator pr?dnica 5500W /13KM (9,56kW) / AVR / 25L"
Vasagle,OHL,low,1,1,Toaletka lustro LED o?wietlenie regulowana bia?a nowoczesna
Verda,OHL,medium,2,9,"SKRZYNKA NA LISTY Z ADRESEM NUMEREM DOMU NAPISEM DRUK NADRUK UV ANTRACYT | PODNO?NIK SAMOCHODOWY NISKOPROFILOWY HYDRAULICZNY 2500KG LEWAREK ?ABA 2,5T | ODKURZACZ DO POPIOIU 1200W 15L SEPARATOR HEPA DMUCHAWA KOMINEK PIEC"
Victron,OHL,medium,3,3,Przeno?na ?adowarka do akumulatora IP65 Blue Smart 12V/15A Victron Energy | Prostownik z odsiarczaniem Victron BLUE 12V 15A | DOBRY ?ADOWARKA PROSTOWNIK Victron Energy IP65 12V 15A BLUE SMART BLUETOOTH
Videx,OHL,low,1,3,Latarka CZO?OWA AKUMULATOR CZUJNIK RUCHU 10W 500lm | LATARKA CZO?OWA LED WODOODPORNA PY?OODPORNA STROBOSKOP CZUJNIK RUCHU 5W | Oprawa O?wietleniowa Sufitowa Natynkowa Videx 72W LED 120 cm Czarny
Vileda,OHL,high,29,61,Wiadro i mop obrotowy Vileda Turbo 38 cm | Wiadro i mop obrotowy Vileda Turbo 38 cm | Vileda Mop Parowy Steam Plus elektryczny 3.0
Volt,OHL,medium,3,2,?ADOWARKA PROSTOWNIK DO AKUMULATORA 6V 12V 24V 15A | ZASILACZ AWARYJNY ZASILANIE AWARYJNE UPS SINUS PRO 2000E + AKUMULATOR 100Ah
Volt Polska,OHL,medium,3,9,ZASILACZ AWARYJNY PRZETWORNICA PIECA AWARYJNE ZASILANIE PIECA SINUSPRO 1000 | PRZETWORNICA NAPI?CIA UPS 1000W SINUS PRO 12V 230V | UPS ZASILACZ AWARYJNY STA?A FAZA SINUS PRO 800/500W 12V STOJ?CY 800E
W&M,OHL,low,1,1,1x 205/55R16 Opona zimowa 1 SZT 91T Master MS 790 W&M ZIMA
WABROTECH,OHL,low,1,2,WIERTNICA DO BETONU FI202 MM STATYW OTWORNICA DIAMENTOWA WT202 WABROTECH | Agregat Malarski Hydrodynamiczny Airless WT20i 1100W Dysza Pistolet W??
WEBTEX-1,OHL,low,1,1,Materac OPK5 180x200 MASUJ?CY pocket 7 stref KOKOS pianka HR profil 26 cm
Wagner,OHL,medium,3,3,Agregat malarski Wagner ControlPro 350M | AGREGAT MALARSKI PISTOLET WAGNER CONTROL PRO 350R | Agregat Malarski Pistolet Wagner Control PRO 350 R
Warmener,OHL,low,1,2,Mata Masuj?ca Wibracyjna SHIATSU Materac Fotel Masuj?cy do Masa?u Plec w | Podajnik Nalewak Dozownik Dyspenser do Wina Alkoholu W dki Whiskey Aerator
WattCycle,OHL,low,1,1,"AKUMULATOR LiFePO4 12V 100AH   LEPSZY NI? AGM/?ELOWY, ?YWOTNO?? 10 LAT, Z BMS"
Welltec,OHL,low,1,1,ROBOT SPRZ?TAJ?CY MOPUJ?CY WELLTEC R90 PRO + STACJA 5W1 + AKCESORIA
Woopie,OHL,low,1,1,DINOZAURY KLOCKI KONSTRUKCYJNE DO SKR?CANIA WKR?TARKA WYRZUTNIA STRZA?EK
Wuber,OHL,medium,7,20,"KOBY?KI SAMOCHODOWE WARSZTATOWE MOCNE ZABEZPIECZENIE 2 SZTUKI 3T + GUMA | KOBY?KI SAMOCHODOWE WARSZTATOWE MOCNE ZABEZPIECZENIE 2 SZTUKI 3T + GUMA | PI?A SPALINOWA PILARKA DO DREWNA ?A?CUCHOWA 5,7KM +2 PROWAD +OLEJ +2x ?A?C."
XBAY,OHL,low,1,1,Klocki Magnetyczne ZESTAW 168 sztuk Klock w Konstrukcyjnych dla dzieci
XMaster,OHL,medium,3,4,SZLIFIERKA K?TOWA AKUMULATOROWA MINI GUM WKA 19500 RPM 2x TARCZE + 2x AKU | BEZSZCZOTKOWA SZLIFIERKA AKUMULATOROWA K?TOWA K?T WKA DIAX 2xAKU 3AH TARCZE | BEZSZCZOTKOWY KLUCZ UDAROWY NASADKOWY AKUMULATOROWY 1/2 DO K ? ZESTAW
Yato,OHL,high,12,38,ZESTAW KLUCZY YATO YT-12681 | YATO ZESTAW KOMPLET KLUCZY NASADOWYCH 216 elem YT-38841 3GRZECHOTKI WALIZKA | Yato YT-08518 Lampa Warsztatowa Aku Led Cob 5W
Yoer,OHL,medium,9,18,Mop parowy Myjka parowa 18w1 Yoer 1600W FILTR +Dozownik p?ynu +21 ELEMENT W | Frytkownica bezt?uszczowa Dwukomorowa 10L Air Fryer Yoer 2850W 10 program w | Frytkownica bezt?uszczowa 6L Air Fryer Yoer 1700W +Separator +12 program w
Yokohama,OHL,high,5,9,4 x Yokohama BlueEarth Winter V905 225/55R19 99 V C FR 3PMSF opona zimowa | 1x OPONA ZIMOWA 235/50R19 Yokohama V905 103V | 4x Yokohama BluEarth*Winter V906 235/55R19 105V
YoloDiem,OHL,low,1,2,POZIOMICA LASEROWA 360 Laser Krzy?owy Zielony POZIOMNICA 4D 16 LINII ZESTAW | BLENDER R?CZNY WIELOFUNKCYJNY 9W1 1500W PRO 4 TYTANOWE OSTRZA BOGATY ZESTAW
iLife,OHL,medium,2,1,ILIFE W90 ODKURZACZ PIONOWY MOPUJ?CY BEZPRZEWODOWY NA MOKRO SUCHO MOP 3W1
iRobot,OHL,low,1,3,Robot sprz?taj?cy IROBOT Roomba Plus 505 Autowash Czarny | Robot sprz?taj?cy iRobot Roomba Plus 405 Combo Mopowanie Tworzenie mapy | Robot sprz?taj?cy IROBOT Roomba Plus 505 Autowash Bia?y
? ?koholicy,Review,low,0,2,"Ko?dra obci??eniowa antystresowa 6 kg, 150 x 200 cm, szara | Ko?dra OBCI??ENIOWA Koc SENSORYCZNY dla dzieci i doros?ych 150x200 cm 7 KG"
?ucznik,Review,low,0,1,Maszyna do szycia ?ucznik Mini dla dzieci ?atwa obs?uga zestaw prezent
ADLER,Review,low,0,3,M?YNEK DO KAWY ?ARNOWY MOCNY XL REGULACJA MIELENIA | M?YNEK DO KAWY ?ARNOWY MOCNY XL REGULACJA MIELENIA | Adler AD2167
AGP,Review,low,0,1,WIERTNICA AGP DM52D 1800 MIKROUDAR Przed?u?ka Wiert?o Korona 62mm
AJKmeble,Review,low,0,5,Szafa 90 cm GARDEROBA BIA?A NOWOCZESNA szuflady | ? ?ko 120x200 stela? metalowy podnoszony PANAMA M | ? ?ko lewituj?ce PERU 140x200 stela? metalowy podnoszony
ASG,Review,low,0,1,"Wiatr wka Pistolet ASG CZ 75 P-07 Duty Blow-Back ZESTAW ?RUT + 10xCO2 4,5mm"
Aba group,Review,low,0,6,100x Aba Group Pilnik ? dka P ?KSI??YC flaming SLIM 100/180 niepakowany | 100szt Aba Group BEZPIECZNY PAKIET Pilnik do paznokci P ?KSI??YC 100/180 | Aba Group Pilnik P ?ksi??yc Slim 100/180 Folia 100 sztuk Bezpieczny Pakiet
Aba?ury-Krystyna,Review,low,0,1,Aba?ur stylowy - do lamp pod?ogowych. Polecam!!!
Aboca,Review,low,0,2,Melilax Adult Mikrowlewka doodbytnicza z promelaxin 6 sztuk | Melilax Pediatric 6 sztuk ABOCA mikrowlewka doodbytnicza dla dzieci
Accu-Chek,Review,low,0,2,GLUKOMETR ACCU-CHEK IN | ACCU-CHEK IN
Active Hobby,Review,low,0,1,DU?A MATA EDUKACYJNA 4W1 MI?KKA Z PODUSZK? MINKY + 20 PI?EK INTERAKTYWNA
Activision Blizzard,Review,low,0,1,Call of Duty: Black Ops 7 PS5
Acuvue,Review,low,0,3,"Soczewki Acuvue Oasys 1-Day with HydraLuxe 30 szt -2,50 | Soczewki ACUVUE OASYS 1-DAY 30 SZT 8,5 moc -1,75 | Soczewki jednodniowe ACUVUE OASYS 1-DAY 30 szt. moc -1,50"
Adelid,Review,low,0,5,"GNIAZDO PODW JNE HERMETYCZNE NATYNKOWE DYMNE | ROZDZIELNICA SKRZYNKA BUDOWLANA Z WY??CZNIKIEM L0P 1X32A 1X16A 5P 400V | POLSKI PRZED?U?ACZ B?BNOWY NA B?BNIE 50M 3x2,5 H05VV-F OWY"
Adler Europe,Review,low,0,2,Opiekacz do orzeszk w ciastek Forma 24szt XXL Moc 1600W Pow?oka Non-Stick | Opiekacz do orzeszk w ciastek Forma 24szt XXL Moc 1600W Pow?oka Non-Stick
Afriso,Review,low,0,3,AFRISO Grupa pompowa na 2 obiegi z mieszaczem pompa WILO Para SC 25/6 | AFRISO Grupa pompowa z mieszaczem PrimoTherm K 180-2 DN25 pompa APH | SPRZ?G?O HYDRAULICZNE ZESTAW MIESZAJ?CY 2 OBWODY DO C.O. BPS 9090620 AFRISO
Agnex,Review,low,0,2,Erytrol Erytrytol Agnex 1kg naturalny s?odzik 0 kalorii Zdrowy Substytut | ORZECHY NERKOWCA PO? WKI 1kg NERKOWCE NERKOWIEC
Ajona Stomaticum,Review,low,0,1,AJONA Pasta koncentrat do z?b w i dzi?se? 25 m
Akord,Review,low,0,2,Szafa dwudrzwiowa 90 cm sypialnia 2 drzwi 2 szuflady 4 p ?ki pojemna Bia?a | Szafa do Sypialni Z Nadstawk? 100 cm 6 Drzwi 9 P ?ek Naro?na D?b Sonoma
Albi,Review,low,0,1,Czytaj z Albikiem GLOBUS INTERAKTYWNY fizyczny polityczny pi ro Albik 6+
Alcon,Review,low,0,1,P?yn do soczewek Alcon Opti Free Express 355 ml
Alexander,Review,low,0,1,Ale Pary ?wi?teczne Alexander
Allnutrition,Review,low,0,2,ALLNUTRITION ALLNATURE ERYTRYTOL 1 KG ERYTROL S?ODZIK ZAMIENNIK CUKRU | ALLNUTRITION FRULOVE CHERRY IN JELLY 1KG D?EM BEZ CUKRU FRU?ELINA WI?NIE
Allpowers,Review,low,0,3,MAGAZYN PR?DU STACJA ?ADOWANIA ENERGII POWERBANK UPS ALLPOWERS R2500 2500W | ALLPOWERS R1500 Lite Magazyn Energii Pr?d Powerbank UPS 1600W 1056Wh | Allpowers S2000 Pro Turystyczna Stacja Zasilania ?adowanie Z Zapalniczki
Almirall,Review,low,0,1,GELACET PLUS PROSZEK Z BIOTYN? I CYNKIEM SK RA W?OSY PAZNOKCIE 21 SASZETEK
Alpa,Review,low,0,1,Alpa Francovka Le?na 1000ml LESANA 1L
Alpako,Review,low,0,1,3.0 KG FOLIA STRETCH CZARNA DO PAKOWANIA 1szt. owijania
Alpen Camping,Review,low,0,7,Kartusze Gazowe ALPEN CAMPING 400ml GAZ kartusz nab j gazowy | 12 X GAZ do KUCHENKI TURYSTYCZNEJ PALNIKA KARTUSZ GRILL PALNIK KUCHENKA | FOX Zestaw 10 x Gaz Kartusz WK?AD Gazowy FIRMY ALPEN CAMPING 400ml / 227 gr
AlpenTent,Review,low,0,1,Namiot Jednoosobowy AlpenTent Solo1 Bivi Norka 1kg
Alpi Meble,Review,low,0,3,St ? rozk?adany EVO 90/190 okr?g?y Z MASKOWNIC? | St ? rozk?adany EVO 100/200 okr?g?y Z MASKOWNIC? | St ? rozk?adany 200/300 CLASSIC
Alpro,Review,low,0,2,Alpro Barista do kawy Napoj Owsiany bez cukru 750 ml | Alpro Barista do kawy Napoj Owsiany bez cukru 8x750 ml
Aluthermo,Review,low,0,1,Aluthermo Quattro sprzeda? w rolkach 30m2
Amio,Review,low,0,1,R?KAWICZKI R?KAWICE LEWA I PRAWA NA D?O? R?K? NA PALCE LED LEDOWE 1 KPL
Ampere,Review,low,0,1,Przeno?na Stacja ?adowania Samochodu Typ 2 Ampere Point 32A Q PRO 22kW
Ampere Point,Review,low,0,1,?adowarka do EV Typ 2
Amway Home,Review,low,0,1,"Odplamiacz przed praniem spray Amway Home 0,4 l -2szt"
Anbernic,Review,low,0,1,Anbernic RG40XX H LCD 4'' IPS 64GB 3200mAh
Ankon,Review,low,0,3,SZAFA PRZESUWNA z lustrem DERBY VI 200cm GARDEROBA | SZAFA UCHYLNA Santi I 200 cm - DU?A GARDEROBA 4-drzwiowa KLASYCZNA | SZAFA PRZESUWNA Lungo III 120cm z lustrem GARDEROBA - z?ote dodatki
Anwen,Review,low,0,1,Anwen Zio?owa Wcierka Rozgrzewaj?ca Grow Us Tender 150ml
Apacare,Review,low,0,1,Pasta do Z?b w Remineralizuj?ca ApaCare z Fluorem i Hydroksyapatytem 75ml
Appio,Review,low,0,1,MOCNY GENERATOR OZONU Ozonator Oczyszczacz do Powietrza 60 000 MG/H 140W
Aqara,Review,low,0,2,Aqara Sterownik E1 SRTS-A01 | Aqara Sterownik E1 SRTS-A01
Aquafilter,Review,low,0,3,FILTR WODY NA CA?Y DOM OD?ELAZIACZ ZMI?KCZACZ 3/4 - Przep?ywowy do Domu | FILTR WODY NA CA?Y DOM OD?ELAZIACZ ZMI?KCZACZ 3/4 - Przep?ywowy do Domu | FILTR WODY NA CA?Y DOM OD?ELAZIACZ ZMI?KCZACZ 3/4 - Przep?ywowy do Domu
Aquafit,Review,low,0,2,"Zmi?kczacz wody do domu AQUAFIT Active 32 Stacja uzdatniania wody Szary | Zmi?kczacz wody stacja uzdatniania wody full zestaw AQUAFIT REGULAR 27 1"""
Aquaphor,Review,low,0,6,Filtr wody pitnej Aquaphor Kryszta? A kran zestaw | Filtr wody pitnej Aquaphor Kryszta? A kran zestaw | FILTR DO WODY KUCHENNY PODZLEWOZMYWAKOWY AQUAPHOR KRYSZTA? A
Arbiton,Review,low,0,3,PODK?AD ARBITON MULTIPROTEC 1000 na ogrzewanie 3w1 edycja 2025 GRATIS | ARBITON MULTIPROTEC ACOUSTIC wyciszony 2mm 3W1 edycja 2025/2026 | ARBITON Podk?ad MULTIPROTEC ABSOLUTE 3mm 5m2
Archoil,Review,low,0,1,ARCHOIL AR6900-D MAX 1L 1000ml DODATEK DO DIESLA
Argo,Review,low,0,1,"Ok?adki Express 4,5mm oprawa dokument w NIEBIESKIE"
Ariete,Review,low,0,3,Piec do pizzy Ariete 928/01 Pizza Italia 1200W czerwony | Piec do pizzy Ariete 928/01 Pizza Italia 1200W czerwony | PIEC DO PIZZY ARIETE 909 kamie? 400 C + N ? DO PIZZY + EBOOK GRATIS!
Aristo,Review,low,0,1,Minovivax 5% rozt r na sk r? ?YSIENIE 50 mg/ml 100 ml
Aromase,Review,low,0,1,PEELING DO SK RY G?OWY AROMASE JUNIPER TRYCHOLOGICZNY OCZYSZCZAJ?CY 260 ml
Aromatly,Review,low,0,1,Aromatly DYFUZOR ZAPACHOWY Flame NAWIL?ACZ POWIETRZA KOMINEK AROMATERAPIA
Art-Trans,Review,low,0,1,Girlanda Jod?a JASNA zielona 100% PE wygl?d bardzo naturalny 110 cm g?sta
ArtGlob,Review,low,0,1,GLOBUS INTERAKTYWNY DLA DZIECI PARLAMONDO EDUKACYJNY NOWO??
Artego,Review,low,0,2,Artego Touch Hot Shot bardzo mocno utrwalaj?cy lakier do w?os w 500 ml | Artego Lakier Hot Shot mocno utrwalaj?cy w?osy 500 ml
Artus,Review,low,0,1,GRZEJKI ogrzewacze cia?a ?r d?o ciep?a grzania ?elazowe BODY WARMER 10sztuk
Asaka,Review,low,0,3,"?URAW WARSZTATOWY 2T sk?adany PODNO?NIK warsztatowy D?WIG do silnik w | WIERTNICA GLEBOWA ?WIDER SPALINOWY DO GLEBY 3 WZMOCNIONE WIERT?A DO ZIEMI | PODNO?NIK PNEUMATYCZNY BA?WANEK PODUSZKA 3,5T LEWAREK samochodowy ?aba Gum?"
Askato,Review,low,0,1,GENIALNY DZIECIAK. SZYBKA LOGIKA
Atemi,Review,low,0,2,Rakietka tenis sto?owy ATEMI 5000 BALSA - CARBON | RAKIETKA DO TENISA STO?OWEGO PING PONGA NEW ATEMI 2000 PRO CONCAVE
Atota,Review,low,0,1,"Gra Imprezowa Spierdolada 18+, na prezent"
Attabo,Review,low,0,2,?y?worolki dzieci?ce ATTABO 2w1 rolki i ?y?wy Kylo r ? M (34-37) Regulowane | ?y?wy figurowe ATTABO FS bia?y 39 EU TRWA?E OSTRZE OCIEPLANE WN?TRZE
Aurovitas Pharma,Review,low,0,1,FLEXISTAV XTRA smak porzeczkowo ?urawinowy 30 saszetek
Autool,Review,low,0,1,Maszyna do czyszczenia cz??ci samochodowych HTS558+2KG PROCHU + 23 ADAPTERY
Avalon Hill,Review,low,0,1,TALISMAN MAGIA I MIECZ 5 EDYCJA + DODATEK SOJUSZE - WEZWANIE LOSU
Avent,Review,low,0,5,Avent RESPONSE butelka 125 ml z wk?adk? AIR FREE | Butelka do karmienia Avent Natural 260 ml 2 sztuki smoczek response 1m+ | AVENT NATURAL RESPONSE SMOCZEK RESPONSYWNY DO BUTELKI ANTYKOLKOWY 2szt 6m+
B.Braun,Review,low,0,1,PRONTOSAN rany odle?yny stopa cukrzycowa b l 1L
BACscan,Review,low,0,1,Alkomat CA 9000 PRO+ pokrowiec ustniki 100 szt
BD,Review,low,0,1,R?kawiczki nitrylowe CZARNE L bezpudrowe ZARYS R?kawice Jednorazowe 100 szt
BE-ACTIVE,Review,low,0,1,SZACHY MAGNETYCZNE DREWNIANE KLASYCZNE DU?E 34X34 WARCABY BACKGAMON GRA 3W1
BES-POL,Review,low,0,1,WIESZAK NA UBRANIA WIESZAKI UBRANIOWE NA ODZIE? UNIWERSALNE CZARNE 100szt
BIC,Review,low,0,1,BIC ECO GLUE STICK KLEJ W SZTYFCIE MOCNY SZKOLNY BIUROWY 36g ZESTAW x12
BOSKO,Review,low,0,1,BOSKO COSMETICS Trychobooster pobudzaj?ca wcierka do w?os w 125ml
Babuszka Agafia,Review,low,0,1,BABUSZKA Myd?o do cia?a i w?os w czarne naturalne syberyjskie 500 ml Zestaw
Babystart,Review,low,0,1,FERTILMAN PLUS 120 tab. Poprawia jako?? nasienia
Bakaliowa Dolina,Review,low,0,1,ORZECHY W?OSKIE ?USKANE 1kg (1000g) NATURALNE PO? WKA
Balja,Review,low,0,1,"Proszek do zmywarki 1,2 kg 60 my? bez PVA bez fosforan w BALJA"
Ballistol Klever,Review,low,0,2,Gaz Pieprzowy Gaz Obronny Sto?ek Chmury MOCNY Niemiecki Klever KO FOG 40 ml | Klever Gaz pieprzowy KO Spray Jet 40 ml
Bambino,Review,low,0,2,Kredki o? wkowe grube BAMBINO drewno 12 kolor w+ temper wka | KREDKI O? WKOWE - 24 kolory + temper wka - BAMBINO
Bandai Namco,Review,low,0,1,CLAIR OBSCUR: EXPEDITION 33 / PS5 / GRA NA P?YCIE / NAPISY PL / NOWA
Bantex,Review,low,0,1,Koszulki krystaliczne A4 Bantex w kartonie 100szt.
Bartex,Review,low,0,1,"W?giel groszek BARTEX Gold 27-29 MJ worki 25kg, cena za 1t"
Baufol,Review,low,0,1,MATA TERMOIZOLACYJNA BAUFOL OCIEPLENIE TERMO OCHRONA DACH PODDASZE 30m 
Bauhus,Review,low,0,1,KLEJ DO STYROPIANU W PIANCE EPS XPS styroduru PIANOKLEJ Bauhus MOCNY 750
Baukrane,Review,low,0,1,Ta?ma bentonitowa Water&Stop 20x25mm 30 metr w.
Baulich,Review,low,0,2,Drabina aluminiowa 3x9 wielofunkcyjna uniwersalna 150 kg BAULICH hak GRATIS | Drabina aluminiowa 3x11 wielofunkcyjna uniwersalna 150kg BAULICH hak GRATIS
Bausch&Lomb,Review,low,0,6,"ReNu MultiPlus, 360 ml | ReNu Multiplus P?yn do piel?gnacji soczewek kontaktowych, nawil?enie, 360ml | ReNu Multiplus - P?yn do piel?gnacji soczewek kontaktowych"
Bayer,Review,low,0,1,"Roundup 360 SL PLUS 2x5L BAYER RANDAP glifosat, na wszystkie chwasty, perz"
Bazar Zdrowia,Review,low,0,2,M?KA MIGDA?OWA 1kg Migda?y Mielone Naturalna | Mas?o Klarowane GHEE 750g 900ml do sma?enia JAKO??
Bazyl,Review,low,0,2,?wirek bentonitowy Bazyl 20L Ag+ Compact + 5L GRATIS | Bazyl Ekonomik 20L
Begris,Review,low,0,2,Zimowy p?yn do spryskiwaczy 4x5L 20l zapachowy etanol mocny -20 BEZ SMUG | ZGARNIACZ DO ?NIEGU ZGARNIACZE DO OD?NIE?ANIA P?UG R?CZNY NA K ?KACH LOPATA
Belini,Review,low,0,2,Szafa przesuwna z lustrem 235 cm  CLAT Mirror Line Garderoba Pojemna | Szafa przesuwna PREMIUM z lustrem 200 cm SZUFLADY VERONA Modern Garderoba
Beretta,Review,low,0,2,BERETTA CIAO X 25C (20KW CO/25KW CWU) 2 FUNKCYJNY KOCIO? 20 KW | BERETTA CIAO CAI Lx Piec kocio? gazowy 2f dwufunkcyjny otwarta komora
Berlinger,Review,low,0,2,Tarka do ziemniak w 4w1 | Tarka do ziemniak w 4w1
Bester,Review,low,0,1,P ?automat spawalniczy BESTER MIG 200-S
Bestlift,Review,low,0,1,Podno?nik Jednokolumnowy Mobilny Samochodowy BESTLIFT 130E AUTOMAT 3000KG
Betlewski,Review,low,0,1,Betlewski czerwony Portfel damski zabezpieczenie RFID pomys? na prezent
Bihui,Review,low,0,1,PRZECINARKA DO GLAZURY LASER HD TCP 120CM BIHUI
Bikor,Review,low,0,1,Bikor Egyptische Erde Ziemia Egipska Kultowy Bronzer Konturowanie
Bio7,Review,low,0,1,BIO7 MAX 2kg Aktywator BAKTERIE do szamb oczyszczalni USUWA ZAPACH T?USZCZ
BioRepair,Review,low,0,3,Biorepair Pe?na Ochrona Pasta do z?b w 75 ml | 2 Pasta do Z?b w BioRepair Night na Noc Bez Fluoru remineralizuj?ca na noc | 2x BIOREPAIR NIGHT PROTECTION PASTA DO Z?B W NA NOC 75ml
Biofinity,Review,low,0,1,Soczewki BIOFINITY TORIC 3 szt. Toryczne
Biolit,Review,low,0,1,BIOLIT POPULIN PLUS
Biopol,Review,low,0,1,KUDZU ROOT kanadyjskie ekstrakt 500mg NA?OGI 90t
Biorepair,Review,low,0,1,Pasta do z?b w Biorepair Night 75ml - Intensywna odbudowa szkliwa noc?
Biotech,Review,low,0,4,BioTech USA Iso Whey 908g lactose reduced o smaku waniliowym | BIOTECH ISO WHEY ZERO 908G MASA MI??NIOWA WPI BIA?KO AMINOKWASY EAA I CAA | BIOTECH ISO WHEY ZERO 908G MASA MI??NIOWA WPI BIA?KO AMINOKWASY EAA I CAA
Biovico,Review,low,0,1,Biovico Sizarol Complex Horse - 2L - na stawy dla koni i kuc w
Bispol,Review,low,0,1,Wk?ady Parafinowe Do Zniczy Ognik Bispol WP3 72h 24 Sztuki D?ugo Pal?ce
Bitmat,Review,low,0,1,Mata wyg?uszaj?ca panel na ?cian? do kuchni absorber echo pog?os dekoracja
Blaupunkt,Review,low,0,1,"Telewizor LED Blaupunkt 32HLW4000S 32"" HD Ready czarny"
Blue Technology,Review,low,0,1,MGR-11-S-AL MIERNIK CZUJNIK TESTER GRUBO?CI LAKIERU
Body Art,Review,low,0,1,FARBY FARBKI DO MALOWANIA TWARZY CIA?A HALLOWEEN ZMYWALNE DZIECI BEZPIECZNE
Bojanek,Review,low,0,1,MATA OCHRONNA NA WYMIAR BLAT ST ? 2MM PODK?ADKA MI?KKIE SZK?O + GRATIS
Boll,Review,low,0,3,Neutralizator rdzy Boll 00140192 400 ml | BOLL ?rodek do konserwacji podwozia 4x1 Litr | BOLL ?RODEK DO KONSERWACJI PODWOZIA SPRAY 500ML
Bomann,Review,low,0,1,Lod wko-zamra?arka French Door Bomann KG 7361 IX (ciemny inox)
Borygo,Review,low,0,1,Boryszew Borygo R ?owe - Gotowy P?yn Do Ch?odnic 5L
Boste,Review,low,0,2,BOSTE MASKA LED NA TWARZ TERAPIA FOTONOWA 4w1 OCZYSZCZANIE LIFTING + PILOT | BOSTE MASA?ER DO KARKU SZYI PLEC W CIA?A Z FUNKCJ? GRZANIA BEZPRZEWODOWY
Bostik,Review,low,0,2,"Klej monta?owy Mamut bia?y, Bostik 290 ml | Klej monta?owy Mamut bia?y, Bostik 290 ml"
Bourjois,Review,low,0,1,Bourjois Mascara Volume Glamour Pogrubiaj?cy tusz do rz?s nr 06 Black 12ml
Bowers & Wilkins,Review,low,0,2,S?uchawki Bowers & Wilkins Px8 czarne ANC BT 5.2 aptX 30h | S?uchawki nauszne Bowers & Wilkins Px7 S3 (Anthracite Black)
Bright White,Review,low,0,1,PASKI WYBIELAJ?CE BRIGHT WHITE SUPREME 14 szt. (7 saszetek)
Brita,Review,low,0,13,"Wk?ad filtruj?cy Brita Maxtra Pro Pure Performance 3 sztuki | Dzbanek filtruj?cy Brita Glass 2,5 l przezroczysty | Dzbanek filtruj?cy Brita Glass 2,5 l przezroczysty"
Britax R mer,Review,low,0,2,Fotelik samochodowy Britax-Romer KidFix i-Size 15-36 kg Cosmos Black | Bezpieczny Fotelik samochodowy Britax-Romer Kidfix i-Size 15-36 kg
Brodli,Review,low,0,1,ALKOMAT PROFESJONALNY ETUI KALIBRACJA 10 USTNIK W DOK?ADNO?? JAK POLICYJNY
Brogaz,Review,low,0,3,"Butla z Helem jednorazowa do 30 balon w 0,25m3 | Butla z helem Du?a na 50 balon w Urodziny HEL | Hel do balon w butla z helem Du?a na 90 balon w XXL Urodziny Komunia Hit"
Bros,Review,low,0,3,BROS LEP NA MYSZY SZCZURY PU?APKA LEPOWA DO PIWNICY KORYTARZ MAGAZYN 1SZT. | MICROBEC ULTRA BAKTERIE DO SZAMBA CYTRYNOWY 1kg | BROS Trutka Granulatna Myszy i Szczury 1kg
Bruder,Review,low,0,12,Bruder Kombajn zbo?owy John Deere T670i 02132 | Bruder Kombajn zbo?owy John Deere T670i 02132 | Traktor John Deere 9620 RX Bruder 04055
CASIO,Review,low,0,2,Oryginalny Pasek CASIO GA-100A-9A ? ?ty b?yszcz?cy | Casio GPR-H1000-1ER Rangeman
CD Projekt RED,Review,low,0,2,Cyberpunk 2077 Ultimate Edition PS5 - Dubbing PL - NOWA - P?yta Blu-ray | Cyberpunk 2077 Ultimate Edition PS5 - Dubbing PL - NOWA - P?yta Blu-ray
COBBO Robotics,Review,low,0,2,Robot do mycia okien COBBO E6 Slim | Robot do mycia okien COBBO Q6
Camry,Review,low,0,1,OPIEKACZ DO ORZESZK W DO CIASTEK XL 24 SZT SZYBKIE PIECZENIE FORMA 1600W
Candy,Review,low,0,3,Pralka Candy RapidO Pro RP 496BWMBCB/1-S 9kg 1400 obr/min 76 dB Czarna | W?ska Pralka 43cm Candy CS41262DE/1-S 6kg 1200obr wy?wietlacz 16prog. Smart | PRALKA KOMPAKTOWA CANDY CW50-BP12307-S
Caputo,Review,low,0,1,M?ka Caputo Pizzeria 5 kg - idealna na pizz?!
Carcommerce,Review,low,0,1,Ga?nica Samochodowa 1kg 2026 Proszkowa do Auta + 5 Lat Produkcja 2026 Rok
Cardo,Review,low,0,5,INTERKOM MOTOCYKLOWY CARDO PACKTALK PRO | INTERKOM MOTOCYKLOWY CARDO Packtalk EDGE Single JBL | Intercom CARDO PACKTALK EDGE SINGLE Interkom Zestaw na 1 Kask
Caricol,Review,low,0,2,"Caricol, saszetki z p?ynem, 20 szt. | Caricol, saszetki z p?ynem, 20 szt."
Carmax,Review,low,0,3,PODNO?NIK SKRZYNI BIEG W 500KG - DOCISKACZ NO?NY | PRASA HYDRAULICZNA 20T PODW JNY NAP?D SZYBKO - WOLNO + PRZESUWANY T?OK L/P | PRASA HYDRAULICZNA 12T - WARSZTATOWA - MOCNA - DU?A + P?YTY Z 4 WYCI?CIAMI
Carruzzo,Review,low,0,2,NAWIL?ACZ POWIETRZA AROMATERAPIA JONIZATOR DO POKOJU BIURA DOMU GRATISY | STOL DO AIR HOCKEY CARRUZZO 85X42CM ZASILANIE BATERIE KOMPAKTOWY
Caso Design,Review,low,0,2,"CASO DESIGN HOT7 dyspenser do gor?cej wody 2,7L 2600W regulacja temperatury | CASO DESIGN HW770 dyspenser do gor?cej wody 2,7L 2600W, filtr"
Castelo,Review,low,0,1,GITARA KLASYCZNA AKUSTYCZNA 4/4 DLA POCZ?TKUJ?CYCH AKCESORIA GRATISY KOSTKI
Cece of Sweden,Review,low,0,1,Ce-Ce LAKIER KERATIN COMLEX EXTRA STRONG CeCe 750ml
Cellfast,Review,low,0,1,CELLFAST ?OPATA DO ?NIEGU ZBO?A ODPORNA NA MR Z 40-340 plus skrobaczka 49cm
Center-Flex,Review,low,0,1,Ta?ma TUFF-TAPE pro ameryka?ska TT 30mb do ??cze?
CentrumNaklejek,Review,low,0,1,NAKLEJKI ochronne na ca?y rower GRAVEL folia ORAGUARD 270 gruba ZESTAW XXL
CeraVe,Review,low,0,2,CeraVe ?el Myj?cy Przeciw Niedoskona?o?ciom 236 ml | CeraVe ?el Myj?cy Przeciw Niedoskona?o?ciom Sk ra T?usta Tr?dzikowa 473ml
Ceresit,Review,low,0,2,CERESIT AERO 360 POCH?ANIACZ STOP WILGOCI WK?ADY DO USUSZACZA POWIETRZA | Ceresit Whiteteq Quattro Piana pistoletowa 750ML
Champion,Review,low,0,2,14kg S?onecznik czarny nie ?uskany ziarno na zim? karmnik dla ptak w Champi | 19kg S?onecznik czarny nie ?uskany ziarno na zim? karmnik dla ptak w Champi
Chemia Bomar,Review,low,0,1,Biopaliwo do biokominka bezzapachowe 5 L bioetanol
Chemikal Polska,Review,low,0,1,3 x NEUTRALIZATOR RDZY 1kg neutralizator / odrdzewiacz
Chovery,Review,low,0,1,Robot sprz?taj?cy Chovery CL1 bia?y
Cisowianka,Review,low,0,1,"Woda Mineralna Cisowianka Niegazowana niskosodowa Zgrzewka 6x1,5L"
Claresa,Review,low,0,6,Top Hybrydowy Do Paznokci CLARESA Diamond No Wipe do hybryd led uv 5ml | Top Claresa Diamond Top No Wipe | Claresa Top Diamond No Wipe TOP HYBRYDOWY UV/LED NAWIERZCHNIOWY
CleanTEC,Review,low,0,1,CleanTEC Czyszczenie EGR katalizatora sondy lambda turbospr??arki 106
Clinex,Review,low,0,1,CLINEX GRILL - P?YN DO MYCIA PIEKARNIK W - 1L
Cliver,Review,low,0,1,delikatny r?cznik papierowy zz ellis 3000szt 2837
Coca-Cola,Review,low,0,10,"Nap j gazowany Coca-Cola Zero Cukru butelka 1,5l | Nap j gazowany Coca-Cola Zero Cukru butelka 1,5l | Nap j gazowany Coca-Cola Zero Cukru butelka 1,5l"
Coccine,Review,low,0,1,SUPERMOCNY IMPREGNAT DO SK R ZAMSZU NUBUKU COCCINE
Coconaut,Review,low,0,1,Coconaut Woda kokosowa z m?odego kokosa ZESTAW 24 x 320ml
Colt,Review,low,0,1,"PISTOLET METALOWY WIATR WKA NA CO2 COLT 1911 4,5MM"
Comfee,Review,low,0,1,KUCHENKA MIKROFALOWA Comfee CMO-MP012OC-BK
Complex-Partner,Review,low,0,1,"Gwo?dzie do gwo?dziarki ??czone papierem 3,1x90mm 34  2000szt Pier?cieniowe"
Concept 2,Review,low,0,1,Wio?larz powietrzny Concept 2
Contigo,Review,low,0,3,Kubek Termiczny CONTIGO West Loop 2.0 470ml CZARNY Mat prezent | Kubek termiczny Contigo Byron 720 ml grafitowy | Kubek termiczny Contigo Byron 720 ml grafitowy
Contour,Review,low,0,2,CONTOUR PLUS PASKI TESTOWE POMIAR GLUKOZY WE KRWI 50 SZTUK | Contour Plus Paski testowe do glukozy 50 sztuk
Corega,Review,low,0,1,3x Corega Super Mocny Klej mocuj?cy do protez z?bowych smak Mi?towy
Cormak,Review,low,0,4,Mocna super ?uparka Cormak 8 ton klin gratis 230V | SOLIDNA ?UPARKA DO DREWNA 8T 230V + KLIN max 52cm 8 TON CORMAK POLSKA | W zek paletowy paleciak widlak MASZTOWY 160cm 1t
CottonMoose,Review,low,0,1,Cottonmoose ?piworek combi 3w1 do w zka / Black
Craftman,Review,low,0,1,GITARA KLASYCZNA AKUSTYCZNA 3/4 DLA POCZ?TKUJ?CYCH 34
Cronen,Review,low,0,2,PUFA SAKO OXFORD XXXXL + GRATIS MEGA WOREK FOTEL WODOODPORNY PUFY SIEDZISKO | PUFA SAKO DLA M?ODZIE?Y + GRATIS
Cronos,Review,low,0,1,PROMIENNIK PODCZERWIENI IR GRZEJNIK 800W + NOGI
Crys-X,Review,low,0,1,Crys-X 180g Z PASKAMI KLEJ?CYMI - membrana dachowa WYTRZYMA?O?? A? 320/200N
Cuba,Review,low,0,1,CUBA GOLD FOR MEN 100ml + 100ml + 35ml + 200ml
Curasept,Review,low,0,3,Pasta do z?b w CURASEPT BIOSMALTO Protection przeciw pr chnicy 75 ml | Pasta do z?b w CURASEPT BIOSMALTO Protection przeciw pr chnicy 75 ml | CURASEPT BIOSMALTO Caries Abrasion Erosion pasta
DAMIX,Review,low,0,1,RURA DO OGRZEWANIA POD?OGOWEGO POD?OG WKI INSTALACJI 16x2mm KRAG 600m DAMIX
DARFOR,Review,low,0,1,WANNA WOLNOSTOJ?CA BIA?A 160 ODLEW MINERALNY KONGLOMERAT POLSKA PRODUKCJA
DEDAKJ,Review,low,0,2,DEDAKJ DA-1A - domowy koncentrator tlenu | Koncentrator tlenu przeno?ny DEDAKJ DA-1A +MASKA Do Oddychania+FILTR-ZESTAW
DESEO,Review,low,0,1,PASTA PISTACJOWA 100% DESEO 1 KG PASTA Z PISTACJI PISTACJE 100%
DIAGCOM,Review,low,0,1,TESTER INTERFEJS DIAGNOSTYCZNY SKANER MULTI DIAGCOM PRO+ SINGLE BOARD BT4.3
DIATOMIT,Review,low,0,1,DIATOMIT NATURALNA ZIEMIA OKRZEMKOWA WSPARCIE DLA KUR 19/20KG / 40L
DNA Professional,Review,low,0,1,Tarcza bokserska muzyczna
Daiwa,Review,low,0,1,Ko?owrotek Daiwa 23 Ninja LT 4000-C
Davines,Review,low,0,3,DAVINES OI ALL IN ONE MILK NAWIL?AJ?CE MLECZKO DO W?OS W 135 ML | Davines OI All In One Milk Mleczko w spray'u od?ywka nawil?aj?ca b/s 135ml | Davines Oi All In One Milk Mleczko do W?os w 135ml
De Dietrich,Review,low,0,2,PIEC KOCIO? GAZOWY 1-FUNKCYJNY KONDENSACYJNY INIDENS 24 kW DE DIETRICH | Kocio? piec gazowy De Dietrich Inidens 20/24 MI 2F
Deccart,Review,low,0,1,LISTWA ?CIENNA SZTUKATERIA Bia?a TWARDA 2m DP1
Deeper,Review,low,0,3,Echosonda w?dkarska DEEPER CHIRP+ 3 | Echosonda Deeper Smart Sonar PRO PLUS + 2 | ? dka zan?towa DEEPER QUEST Baitboat + Echosonda z GPS
Defro,Review,low,0,13,Defro Calori 15 kW kocio? pelletowy najnowsza wersja + internet + lista ZUM | Kocio? Defro Evopell piec na pellet 12 kW ECODESIGN lista ZUM | KOCIO? NA PELLET 11 kW DEFRO CALORI AUTOMATYCZNY ZAP?ON SAMOCZYSZCZ?CY
Delecta,Review,low,0,1,Fajny pisak XXL mix kolor w Delecta do dekoracji ciast pierniczk w 7x30g
Denon,Review,low,0,3,DENON AVR-X2800H 7.2 + 150W NA KANA? + Atmos + 8K + STREAMING + HDMI GRATIS | DENON AVC-X3800H 9.4 + 180W NA KANA? + Atmos + 8K + STREAMING + 2 STREFY | DENON AVC-X3800H 9.4 + 180W NA KANA? + Atmos + 8K + STREAMING + 2 STREFY
Desmal,Review,low,0,1,Smalec g?si 720ml DESMAL
Deye,Review,low,0,1,Falownik DEYE SUN-10K-SG05LP3-EU-SM2 Inwerter Hybrydowy nowy model 10kW
Dezal,Review,low,0,3,PROFESJONALNA POLSKA GOFROWNICA DEZAL DO GOFR W 301.4 SOLIDNA 1300W | PROFESJONALNA POLSKA GOFROWNICA DEZAL DO GOFR W 301.4 SOLIDNA 1300W | PROFESJONALNA POLSKA GOFROWNICA DEZAL DO GOFR W 301.4 SOLIDNA 1300W
Dezal-Pro,Review,low,0,1,Gofrownica DEZAL 301.5B czarny
Didibaby,Review,low,0,1,Namiot TIPI WIGWAM mata 5 poduszeczek przytulanek
Diolut,Review,low,0,1,Maszyna do robienia przypinek 58mm dla dzieci + 100 pin w + projekty DIY
Doktor O'grodnik,Review,low,0,1,OBORNIK GRANULOWANY BYDL?CY 40L 25KG NAW Z NATURALNY EKOLOGICZNY
Domatorski,Review,low,0,3,2x PODUSZKA 70X80 ANTYALERGICZNA PIKOWANA ZAMEK | KO?DRA 200x220 CA?OROCZNA POLSKA ANTYALERGICZNA | KO?DRA CA?OROCZNA 160x200 ANTYALERGICZNA POLSKA DOBRA JAKO??
Dometic,Review,low,0,1,Wspomaganie steroci?gu hydraulicznego SeaStar PA1200-2
Dooc,Review,low,0,4,Drabina aluminiowa przegubowa 150KG + podest 4x4 grube profile DOOC | Rega? magazynowy metalowy DOOC oryginalny 5x175 kg 3w1 DO GARA?U PIWNICY | Rega? magazynowy metalowy 3w1 CZARNY 5x175 kg. 180x90x30 DOOC
Doris,Review,low,0,1,Tablica pod?wietlana Doris 30 x 20 cm
Dragon,Review,low,0,1,S l drogowa 20 kg CHLOREK SODU dragon
Dresdner Essenz,Review,low,0,1,B?D? ZDR W prozdrowotna s l do k?pieli dla najm?odszych 400g DRESDNER ESSEN
Dro-masz,Review,low,0,3,"Zag?szczarka gruntu 90 kg 18 kN P?YTOWA | Zag?szczarka Dro-Masz 155 kg, sil.Loncin, rewers,mata+w zek+przegl?d zerowy | Stopa wibracyjna Dro-Masz, skoczek, ubijak, sil. Loncin168F+przegl?d zerowy"
Drukant,Review,low,0,1,16x Etykiety nalepki na BIMBER w dk? Duch Puszczy
Dulux,Review,low,0,1,Farba Dulux Easy Care nieskazitelna biel 9L
Durex,Review,low,0,6,Prezerwatywy DUREX SENSUAL NO LATEX cienkie bez lateksu nielateksowe 20 szt | Prezerwatywy Durex EXTRA SAFE pogrubione nawil?ane bezpieczne 24 szt. | Durex SURPRISE ME zestaw prezerwatyw mix 40szt
E-Pack,Review,low,0,1,FOLIA STRETCH CZARNA DU?O FOLI KRYJ?CA MOCNA
EM Automotive,Review,low,0,1,?ar wki D1S LED ksenonowe ?arnik Palniki Xenon Plug&Play 6500K CANBUS MOCNE
ERG-BET,Review,low,0,2,FOLIA STRETCH CZARNA STRECZ DU?O FOLII MOCNA KRYJ?CA 3MA DO PACZKI GRUBAXXL | FOLIA STRETCH CZARNA 3 KG STRECZ ROLKA MOCNA GRUBA KRYJ?CA XL KLASA PREMIUM
ESAB,Review,low,0,1,ESAB SWARM A20 przy?bica spawalnicza automatyczna DIN 9 13 ADF CE 1/1/1/2
Easy Candle,Review,low,0,1,Wosk Sojowy Naturalny Do ?wiec EasyCandle 2 kg
Eaton,Review,low,0,1,"EATON WY??CZNIK R ?NICOWOPR?DOWY 4P 40A 0,03A AC"
Ecovacs,Review,low,0,3,Robot sprz?taj?cy ECOVACS Deebot X11 OmniCyclone Czarny | Robot do mycia okien myjka do okien Ecovacs WINBOT W2S OMNI ze stacj? bia?y | Robot do mycia okien Ecovacs Winbot W2 Pro Omni
Edger,Review,low,0,1,?opata Szufla Do ?niegu Aluminiowy Prosty Trzonek 135cm Aluminium CZARNA
Egis,Review,low,0,1,"Biovital Zdrowie Plus p?yn energia i witalno??, serce, Prezent 1l"
EkaMedica,Review,low,0,1,2 x EkaMedica Karczoch 1L Wsparcie trawienia Wsparcie w?troby Cynaryna
Ekopasz Hajn wka,Review,low,0,1,Wys?odki buraczane suche niemelasowane dla konia
Ekototu,Review,low,0,1,Parazytek P?yn 100ml
Elbrus,Review,low,0,1,NATIONAL GEOGRAPHIC KALENDARZ ADWENTOWY
Electro Chem,Review,low,0,1,Alkohol Izopropylowy IZOPROPANOL IPA 99% 5L + Atomizer + R?kawiczki GRATIS
Elektrokabel,Review,low,0,1,"Przew d kabel p?aski drut YDYP 3x2,5 - 100m"
Elgydium,Review,low,0,2,Wybielaj?ca pasta do z?b w ELGYDIUM WHITENING mi?towa 2 x 75 ml | Elgydium Anti-Plaque 75ml Pasta REDUK. TWORZ. SI? P?YTKI NAZ?BNEJ
Elica,Review,low,0,1,P?yta indukcyjna z okapem ELICA NIKOLATESLA FIT BL/A/72 PRF0167054
Elite,Review,low,0,5,Fotel Biurowy Krzes?o Obrotowe Ergonomiczne Ergohuman 2 Elite Siatka Czarny | Skyn Prezerwatywy Nielateksowe Elite 36 szt. | Trena?er Elite Direto XR-T + podstawka
Elmex,Review,low,0,2,Pasta do z?b w ELMEX Sensitive na nadwra?liwo?? z aminofluorkiem 75 ml | elmex SENSITIVE i elmex SENSITIVE Whitening zestaw past do z?b w
Eludril,Review,low,0,2,"ELUDRIL CARE, P?yn przeciwbakteryjny do p?ukania ust, 2 x 500 ml | Eludril classic, p?yn p?ukanie jamy ustnej, 500 ml"
Emprez,Review,low,0,1,Robot sprz?taj?cy Emprez Robot do Mycia Szyb i Okien HCR-10 bia?y
Enbio,Review,low,0,1,"KOMPAKTOWY AUTOKLAW ENBIO 4BEAUTY 2,7L KLASA B FILTR Z?OTY CERTYFIKAT TUV"
Engler,Review,low,0,1,DETEKTOR CZUJNIK WYKRYWACZ EDG-1 GAZ ZIEMNY LPG METAN ETAN PROPAN BUTAN
Ero-Bull,Review,low,0,1,Feromony m?skie Ero-Bull Night Wolf 50 ml
Esab,Review,low,0,2,Przy?bica spawalnicza samo?ciemnij?ca ESAB Savage A41 maska do spawania | Spawarka migomat ESAB Rogue EMP 210 Pro + uchwyt MXL 201 3m MIG/MAG TIG MMA
Essential Parfums,Review,low,0,1,ESSENTIAL PARFUMS BOIS IMPERIAL 100ML EDP
Est e Lauder,Review,low,0,4,Podk?ad Est e Lauder Double Wear 2N1 Desert Beige 30 ml STARA FORMU?A | Podk?ad Est e Lauder Double Wear 2N1 Desert Beige 30 ml STARA FORMU?A | Estee Lauder Double Wear Podk?ad Ivory Beige 3N1
Eura-Tech,Review,low,0,1,Czujnik czadu i gazu ziemnego 2w1Eura CGD-50A2
Eurogold,Review,low,0,1,Deska do prasowania du?a sk?adana z gniazdem r?kawnikiem szeroka 120x38 cm
Eurotec,Review,low,0,1,POMPA DO SZAMBA I BRUDNEJ WODY SZLAMOWA EUROTEC
Eurovent,Review,low,0,1,PAROIZOLACYJNA FOLIA EUROVENT AKTIV AKTYWNA MEMBRANA 75m2 Paroizolacja
Eversolo,Review,low,0,1,EverSolo DMP-A6 Gen 2 - Zbalansowany Odtwarzacz Sieciowy Hi-Fi
Excellence,Review,low,0,1,Zestaw prezentowy PROZDROWOTNY malina p?dy sosny aronia mniszek jarz?bina
Excellent,Review,low,0,1,100szt x PILNIK Pilniczek do paznokci ? dka 100/180
FAKRO,Review,low,0,1,Schody strychowe wy?az FAKRO LWK PLUS 70x120 / 280 ORYGINA?
FIDIA,Review,low,0,1,Zestaw Itami plastry lecznicze 2 op. x 10 sztuk na b l
FLAEM,Review,low,0,1,INHALATOR FLAEM DLA DOROS?YCH I DZIECI NEBULIZATOR PROFESJONALNY Delphinus
FLOXER,Review,low,0,1,"Zmywacz do Hamulc w FLOXER 20L - Czyszczenie Tarcz i Klock w, Odt?uszczacz"
FUMO,Review,low,0,2,URZ?DZENIE ROZRUCHOWE ROZRUCH POWERBANK BOOSTER CAR JUMP STARTER 6000A LCD | URZ?DZENIE ROZRUCHOWE ROZRUCH POWERBANK BOOSTER CAR JUMP STARTER 6000A LCD
FX Protect,Review,low,0,1,FX Protect G-FINITY CNT GRAPHENE COATING 30ML
Factoryherbs,Review,low,0,1,NIE BYLE BADYLE DLA KR LIKA FACTORYHERBS 1kg zi ?
Farma Bia?ka,Review,low,0,1,Bia?ka Jaj w P?ynie Farma Bia?ka p?ynne 6 x 1000 g
Farmasi,Review,low,0,1,FARMASI Dr. Tuna ?el masa?u b le reumatyzm wyci?g Kasztanowiec Zwyczajny
Fellowes,Review,low,0,4,"Niszczarka biurowa papieru dokument w do biura ?cinkowa mocna Fellowes 12C | NISZCZARKA DOKUMENT W FELLOWES 99Ci, ?cinki 4x38 mm, P-4, 4691001 | NISZCZARKA DOKUMENT W FELLOWES 99Ci, ?cinki 4x38 mm, P-4, 4691001"
Feniks,Review,low,0,1,"Feniks Ekopodpa?ka 5kg (ok. 450-500sz.) Podpa?ka, Rozpa?ka drewniana"
Ferrero,Review,low,0,3,PRALINY Z ORZECHEM LASKOWYM FERRERO ROCHER 200g DE DATA 01.05.2026 | PRALINY Z ORZECHEM LASKOWYM FERRERO ROCHER 200g DE DATA 01.05.2026 | Ferrero Rocher 200 g Praliny z Niemiec
Ferroli,Review,low,0,7,KOCIO? NA PELLET PIEC FERROLI BIOPELLET PRO 12 KW ZBIONIK 105 kg lista ZUM | KOCIO? PIEC NA PELLET 18 kW FERROLI BIOPELLET PRO 5. KLASA ECODESIGN | KOCIO? PIEC NA PELLET FERROLI PRO 8kW BIOPELLET + GRATIS
First Austria,Review,low,0,1,Masa?er do st p wodny AUTOMATYCZNE ROLKI WIBRACJE FIRST AUSTRIA
Fiskars,Review,low,0,2,FISKARS ZESTAW KOMPLET 5 NO?Y N ? SZEFA CZARNY BLOK DREWNO OSTRE STAL | FISKARS ZESTAW KOMPLET NO?Y 6x N ? KUCHENNY SZEFA KUCHNI CHLEBA ESSENTIAL
FiveStars,Review,low,0,1,Zawory wentyle bezd?tkowe TR413 Fivestars do k ? felg 100 sztuk
Flaem,Review,low,0,3,INHALATOR NEBULIZATOR T?OKOWY DLA DZIECI DOROS?YCH FLAEM ALPHANEB 4POZIOMY | INHALATOR DLA DZIECI PNEUMATYCZNO-T?OKOWY FLAEM NEBULAIR+ NEBULIZATOR RF7 | INHALATOR DLA DZIECI FLAEM 4NEB NEBULIZATOR RF9 4TRYBY PRACY CERTYFIKAT TUV
Flama,Review,low,0,1,Kominek kaflowy piec wk?ad kominkowy wolnostoj?cy koza ELDUR cappuccino
Flipper Zero,Review,low,0,1,FLIPPER ZERO multitool radiohacking RF RFID IR BT
Floxer,Review,low,0,1,Biopaliwo 20L FLOXER Bioetanol Bezwonny bio etanol 99.9% do komink w ATEST
Flumi,Review,low,0,1,Basen dla dzieci Suchy z pi?eczkami kulkami 90x40 200 pi?ek GRATISY FLUMI
Fluorecare,Review,low,0,1,"TEST COMBO 4w1 COVID-19, Grypa AB, RSV FLUORECARE wa?no?? - 2028 rok - 1szt"
Flytec,Review,low,0,2,? DKA ZAN?TOWA FLYTEC V020 GPS 3 ZBIORNIKI 500m BATERIA 12000mAh LED | SZYBKA ? dka Zan?towa Flytec V080 GPS Podajnik 3kg Bateria 20Ah 800m 15km/h
Fome Flex,Review,low,0,1,Pianka PUR do ocieple? izolacji + 48 dysz do natrysku 850ml Fome Flex x 24
Forch,Review,low,0,2,Preparat Antykorozyjny Neutralizator rdzy Forch Korroplex L237 1000 ml | FORCH L237 KORROPLEX NEUTRALIZATOR RDZY PREPARAT ANTYKOROZYJNY 1L
Fotobum,Review,low,0,2,1x Foto-kalendarz A3+ TWOJE ZDJ?CIA kalendarze DU?Y FORMAT 13 kartek planer | Fotokalendarz ?cienny A3 Pionowy 2026 FOTO-kalendarz z Twoimi zdj?ciami
Fox,Review,low,0,1,PROFESJONALNA SUSZARKA DO W?OS W FOX BLUE EYE - JONIZACJA - 2 KONCENTRATORY
Framire,Review,low,0,3,Szafa przesuwna Norvio I 250 cm z lustrem | Szafa przesuwna Rivano VI 150 cm z lustrem | Szafa przesuwna Rivano I 150 cm z lustrem
Freshtek,Review,low,0,2,Freshtek One Shot Neutralizator zapach w Od?wie?acz powietrza Kashmir 2 szt | NEUTRALIZATOR ZAPACH W OD?WIE?ACZ ONE SHOT BAWE?NA
Fristom,Review,low,0,1,KLIN+MOCOWANIE MOCNY ODLEW PRZYCZEPA LAWETA BUS 3.5T
FromSoftware,Review,low,0,4,BLOODBORNE GAME OF THE YEAR EDITION PL PS4 | BLOODBORNE EDYCJA GRY ROKU GOTY / PL / PS4 / NOWA | BLOODBORNE EDYCJA GRY ROKU GOTY / PL / PS4 / NOWA
Full Power,Review,low,0,1,NAJMOCNIEJSZY BOOSTER ROZRUCHOWY JUMP STARTER 6000A Z KOMPRESOREM 10 BAR
Fundacja Braterska,Review,low,0,4,PISTACJE PRA?ONE SOLONE DU?E Opakowanie 2x500g - 1kg - FUNDACJA BRATERSKA | PISTACJE PRA?ONE SOLONE DU?E- FUNDACJA BRATERSKA - PISTACJA 2 X 500G - 1KG | ORZECHY NERKOWCA CA?E 500g FUNDACJA BRATERSKA
Funko,Review,low,0,1,#NAME?
Furby,Review,low,0,3,Furby Tie Dye interaktywny pluszak g?osowy 6+ (Wersja Francuska) | Furby Tie Dye interaktywny pluszak g?osowy 6+ (Wersja Francuska) | Furby Tie Dye interaktywny pluszak g?osowy 6+ (Wersja Francuska)
G tze & Jensen,Review,low,0,1,Gofrownica G TZE & JENSEN DW900 1600W LCD
GC,Review,low,0,1,P?ynne szkliwo GC Tooth Mousse truskawka 35 ml
GC Tooth Mousse,Review,low,0,1,GC TOOTH MOUSSE PASTA DO Z?B W BEZ FLUORU SMAK TUTTI FRUTTI 35 ml
GDD,Review,low,0,1,Korki Analne Zestaw 3 Sztuk z Kryszta?em Sex Gad?ety Erotyczne dla Par
GIANTS Software,Review,low,0,4,FARMING SIMULATOR 22 Symulator farmy 2022 - PL - PS4 / PS5 - P?yta Blu-ray | Farming Simulator 22 PS4 PS5 NOWA Pude?kowa PO POLSKU + DLC | FARMING SIMULATOR 22 Symulator farmy 2022 - PL - PS4 / PS5 - P?yta Blu-ray
GL CKSTOFF,Review,low,0,1,GLUCKSTOFF Poduszka ortopedyczna do spania memory motyl BAMBUS PREMIUM CE.
GM,Review,low,0,1,GM 5W30 5L OPEL SAAB CHEVROLET KIELCE
GP,Review,low,0,1,40x Baterie AA R6 GP Extra G-tech alkaliczne
GRAFJET,Review,low,0,1,METALOWE D?UGOPISY COSMO z grawerem LOGO napisem REKLAMOWE
GYS,Review,low,0,1,"GYS GYSFLASH 100.12HF 12V 100A KABLE 2,5M 029071"
Gabby's Dollhouse,Review,low,0,2,KOCI DOMEK GABI WIELKI INTERAKTYWNY T?CZOWY DOM + LALKA GABBY D?WI?K 60 CM | KOCI DOMEK GABI INTERAKTYWNY GABBY'S DOLLHOUSE WIELKI 60 CM FIGURKI PANDU?
Galaxia,Review,low,0,1,POJEMNIKI NA PRZYPRAWY 24SZT S?oiczki S?oiki Przyprawnik Organizer NAKLEJKI
Games Workshop,Review,low,0,1,Farba akrylowa Citadel Shade Agrax Earthshade modelarska 18 ml
Gardena,Review,low,0,1,Zbieracz do li?ci i trawy GARDENA 3565-20
Gc Tooth Mousse,Review,low,0,2,P?ynne szkliwo bez fluoru GC Tooth Mousse truskawka | P?ynne szkliwo pasta bez fluoru GC Tooth Mousse mi?towa 35 ml
Geberit,Review,low,0,3,Stela? podtynkowy do toalety Geberit Duofix Sigma 8 cm | GEBERIT STELA? podtynkowy WC 111.320.00.5 SIGMA | GEBERIT STELA? WC DUOFIX SIGMA UP320 111.320.00.6 H112
Gillette,Review,low,0,21,"Gillette ProGlide Power Wk?ady do maszynki do golenia dla m??czyzn, 8 sztuk | 8x ORYGINALNE WK?ADY OSTRZA NO?YKI GILLETTE FUSION DO MASZYNKI XL | WK?ADY DO MASZYNKI GILLETTE MACH 3 MACH3 - NO?E OSTRZA DO MASZYNKI MACH3 x8"
Gl ckstoff,Review,low,0,1,Poduszka Ortopedyczna GL CKSTOFF do Spania Pianka Memory Motyl na B l Szyi
Glibert,Review,low,0,1,S l fizjologiczna GILBERT ampu?ka 100 szt. x 5 ml
Global Food Hygiene,Review,low,0,1,R?KAWICE R?kawiczki NITRYLOWE BEZPUDROWE M czarne jednorazowe 100 sztuk
Gockowiak,Review,low,0,2,REGA? MAGAZYNOWY METALOWY GARA?OWY BIUROWY OCYNK P ?KI MDF 180x90 875kg | S?OIKI S?OICZKI NA PRZYPRAWY POJEMNIKI KWADRATOWE SZKLANE 24szt 72 NAKLEJKI
Gold,Review,low,0,1,"Drut spawalniczy GOLD G3Si1 (SG2) Szpula B300 15kg fi 1,0mm"
Golddoor,Review,low,0,3,"LAMELE NA FILCU 51,5x275 ?CIENNE PANEL AKUSTYCZNE D?B NATURALNY WOTAN INNE | 80x16 mm LISTWA PRZYPOD?OGOWA BIA?A MDF DEKORACYJNA COK ? promie? R2 | LAMELE NA P?YCIE 51,5x275 CM ?CIENNE PANELE AKUSTYCZNE D?B NATURALNY WOTAN"
Golden Tools,Review,low,0,1,DMUCHAWA SPALINOWA DO LI?CI ?NIEGU PIACHU GT
Goliat,Review,low,0,2,Girlanda CHOINKOWA ?WI?TECZNA G?STA JAK ?YWA DEKORACJA ?A?CUCH choinkowy | ZIELONA CHOINKA SZTUCZNA Anna 120cm klasyczna tradycyjna Polski Producent
Goliath,Review,low,0,1,POD?OGA TO LAWA
Goliath Games,Review,low,0,1,PIGGY POP NIE P?KAJ PROSIACZKU GRA ZR?CZNO?CIOWA
GorzkoiSlodko,Review,low,0,2,SODA OCZYSZCZONA spo?ywcza wodorow?glan sodu 1kg | S?ONECZNIK ?USKANY ziarno naturalnie ?wie?y 1kg
Gourmet,Review,low,0,1,Gourmet Pastete 24X85G Mus MIX
Graco,Review,low,0,1,Graco 20B476 PISTOLET ULTRA QUICKSHOT CEE 20B476
Grafen,Review,low,0,1,Piana monta?owa Grafen PISTOLETOWA ca?oroczna -10 C izolacyjna 750 ml
Granitan,Review,low,0,2,BATERIA KUCHENNA CZARNA ELASTYCZNA WYLEWKA KRAN CZARNY GI?TKA WYLEWKA GRADO | Zlewozmywak granitowy DWUKOMOROWY TWIN Zestaw zlew bateria syfon GRATIS
Granum,Review,low,0,1,Trawa Kwiatami Malowana Granum 250 m  5 kg mieszanka Kwietna ??ka
Gre-Max,Review,low,0,3,Prze?cierad?o JERSEY z gumk? 180x200 POLSKIE GRUBE | PODUSZKA PUCHOWA 70x80 100% PUCH G?SI GRUBA MI?KKA WYGODNA | Komplet po?cieli 200x220 100% bawe?na gruba polska
Green Essence,Review,low,0,2,ERYTRYTOL 1kg erytrol s?odzik naturalny 0 kalorii zamiast cukru 1000g keto | Erytrol Erytrytol 1kg naturalny s?odzik 0 kalorii zdrowy substytut cukru
Green Oro,Review,low,0,1,Naw z do Trawy Trawnika Boisk Jesienny GREEN AKI 24kg GREEN ORO
Grohe,Review,low,0,3,Zestaw prysznicowy podtynkowy GROHE Termostatyczny Oszcz?dny Czarny Mat | Vitalio Comfort 250 Zestaw prysznicowy do monta?u ?ciennego GROHE 266962431 | Bateria prysznicowa termostatyczna GROHE SmartControl Podtynkowa 29124000
Grupa Inco,Review,low,0,1,FLOROVIT JESIENNY NAW Z DO TRAW TRAWNIK W 25KG+FE CHRONI PRZED PRZYMROZKAMI
Grzybek,Review,low,0,2,MIX BOROWIK+PODGRZYBEK GASTRO 500g ZBI R 2025 PL Atest grzyby suszone | PODGRZYBEK KAPELUSZE 500g NOWY ZBI R 2025 Polski Atest grzyby suszone le?ne
HELPA,Review,low,0,1,"HELPAka - zestaw 6 kaszek bestsellerowych HELPA, eko, bez dodatku cukru"
HIGI24,Review,low,0,1,R?czniki Papierowe ZZ V Bia?e R?cznik Papierowy do Podajnika Sk?adane 4000
HUMBERG,Review,low,0,5,"Podno?nik samochodowy hydrauliczny podno?nik ?aba 80-360mm lewarek 2,5T | PODNO?NIK SAMOCHODOWY 3 T HUMBERG HM-381 | PODNO?NIK SAMOCHODOWY 3 T HUMBERG HM-381"
Hager,Review,low,0,4,Ogranicznik przepi?? Hager T1+T2 TN-S/TT 50kA SPA931 | HAGER PRZE??CZNIK MODU?OWY SIE?-AGREG 4P 63A SF463 | HAGER RCCB Wy??cznik r ?nicowopr?dowy 1P+N 40A 30mA 6kA Typ A CDA240J
Haier,Review,low,0,3,"POMPA CIEP?A HAIER SUPER AQUA 7,8 KW AU082FYCRA(HW) SAM MONOBLOK | POMPA CIEP?A POWIETRZE-WODA MONOBLOK 5 kW STEROWNIK YR-E27 HAIER 230V | Lod wka HAIER No Frost French Door HFKR7819DNGB Space Fit Czarny ZERO LED"
Hangar 13,Review,low,0,1,Mafia The Old Country PL (PS5)
Hans,Review,low,0,1,HANS TRUCK W zek narz?dziowy 520 element w
HardMaister,Review,low,0,1,"Drabina Aluminiowa 3x11 stopni Wielofunkcyjna Uniwersalna 150 kg 8,2m Mocna"
Haribo,Review,low,0,1,HARIBO GOLDB REN MINIS Z?OTE MISIE 100 op. 1000g ?ELKI Z NIEMIEC
Hatsan,Review,low,0,1,"Wiatr wka spr??ynowa Hatsan AirTact GEN-2 4,5 mm 4,5mm Mocna"
Hebar,Review,low,0,2,S?ONECZNIK ?USKANY 25 KG 25000 G PESTKI NASIONA NATURALNE ZIARNO WOREK | S?ONECZNIK ?USKANY 25 KG 25000 G PESTKI NASIONA NATURALNE ZIARNO WOREK
Hecadi,Review,low,0,1,MI D MANUKA MGO 400+ 500 g HECADI
Heckermann,Review,low,0,2,CHOINKA SZTUCZNA SOSNA NA PNIU DIAMENTOWA O?NIE?ONA 180 CM JAK ?YWA G?STA | Parasol Grzewczy Gazowy Tarasowy Promiennik Ogrzewacz 13 KW 227cm Pokrowiec
Heckmann,Review,low,0,4,85-385mm 2.5t 12kg PODNO?NIK HYDRAULICZNY PUNKTOWY ?ABA LEWAREK NISKOPROFIL | 85-385mm 2.5t 12kg PODNO?NIK HYDRAULICZNY PUNKTOWY ?ABA LEWAREK NISKOPROFIL | Podno?nik jednokolumnowy blacharsko lakierniczy
Hefajstos,Review,low,0,1,Przyssawka PR ?NIOWA Automat AKU Pandora do CHROPOWATYCH p?ytek NA PREZENT
Hello Case,Review,low,0,1,ZESTAW
Hendi,Review,low,0,1,MASZYNKA DO PIEROG W PIEROGARKA R?CZNA HENDI 230107
Hobot,Review,low,0,1,Robot do mycia okien HOBOT S7 Pro
Hoernecke,Review,low,0,1,Gaz Pieprzowy Gaz Obronny Mocny Niemiecki Hoernecke TW500 Chmura OC10% 40ml
Hoffner,Review,low,0,1,"ZESTAW GARNK W MARMURKOWYCH GARNEK DU?Y Z POKRYWK? 10L GARNEK INDUKCJA 6,2L"
Holika Holika,Review,low,0,1,"Holika Holika Waterproof Sun Gel ?el do twarzy i cia?a SPF 50+, 100 ml"
Holzstar,Review,low,0,1,PI?A UKO?NICA Z POSUWEM 2000W KGZ 305 E I HOLZSTAR 5702306
Hsm,Review,low,0,1,Nacinarka do karton w HSM ProfiPack C400 produkcja wype?niaczy + BON
Hugo Boss,Review,low,0,3,HUGO BOSS SZARY BOTTLED EDT 100ML PRODUKT FOLIA | Hugo Boss Deep Red EDP 90 ml | Hugo Boss Boss No.6 Bottled 100ml woda toaletowa
Husqvarna,Review,low,0,2,"Pi?a spalinowa HUSQVARNA 562 XP 970502018 | HUSQVARNA 445 MARK II Spalinowa Pi?a ?a?cuchowa 2,8KM 2100W Orygina? 45 CM"
IKEA,Review,low,0,1,Serwis obiadowy Ikea 48 szt talerze talerzyki miski miseczki komplet
IdeaMeb,Review,low,0,2,Stolik i krzese?ko z szuflad? R ?ne kolory | Stolik i dwa krzese?ka z szuflad? R ?ne motywy i kolory
Imatrix,Review,low,0,1,ZAAWANSOWANA LICZARKA DO BANKNOT W TESTER FORTUNE 2026 POLSKA
Impor,Review,low,0,1,Krzes?o Krzes?a Sk?adane Czarne
Innotec,Review,low,0,1,Suchy wosk do podwozia 2szt
Innvigo,Review,low,0,1,CEZARO 574SC 1L miot?a zbo?owa przytulia chwasty
Insomniac Games,Review,low,0,2,Marvel's SPIDER-MAN 2 PS5 NOWA Pude?kowa FULL PO POLSKU | Marvel's Spider-Man 2 PS5 / NOWA / POLSKI DUBBING / P?YTA
Inspirum,Review,low,0,2,"Listwa Przypod?ogowa bia?a LCL-01 7,5cm Poliuretan | Sztukateria ?cienna poliuretanowa bia?a SL03"
Instax,Review,low,0,1,INSTAX MINI EVO BROWN EX D
Invital,Review,low,0,1,INVITAL LED zestaw akwariowy 60 litr w z biofiltrem i grza?k?
Iodica,Review,low,0,2,IODICA Jod w p?ynie koncentrat 100ml | IODICA 240ml JOD szk?o NATURALNY KONCENTRAT JODU
Ironpack,Review,low,0,9,PRZYLGI KURIERSKIE Koperty Kangurki C6 1000 szt | ETYKIETY TERMICZNE 100x150 mm Kurierskie Bia?e 500 szt | FOLIA B?BELKOWA p?cherzykowa 50cm OCHRONNA MOCNA
JCB,Review,low,0,4,ZESTAW NARZ?DZIOWY KLUCZY NASADOWYCH KLUCZE P?ASKIE TORX NASADKI JCB 216EL | TRAKTOR ZDALNIE STEROWANY Z PRZYCZEP? RC LICENCJA JCB FASTRAC 4220 CI?GNIK | Podno?nik hydrauliczny 3T niskoprofilowy ?aba JCB TH33013
JFC,Review,low,0,1,Poid?o izolowane niezamarzaj?ce dwukomorowe 80 l
JSM FITNESS,Review,low,0,1,"SZTANGIELKA REGULOWANA 41.5KG skok co 1.5kg, 26w1 HANTLA REGULOWANA JSMp"
JadorDecor,Review,low,0,1,KOMPLET KO?DRA CA?OROCZNA 160X200 i 2 PODUSZKI 70X80 ANTYALERGICZNA POLSKA
Jager German,Review,low,0,1,kompresor spr??arka 100l 540lMin 230V jager german
Jana,Review,low,0,1,? ?ko tapicerowane 160 200 z pojemnikiem i zag? wkiem Mika szare 028-45
Janome,Review,low,0,1,Maszyna do szycia JANOME Juno E1015
Jestic,Review,low,0,3,Stojak Choinkowy Du?y Pod Choinke na ?wi?ta ZIMA Choinka Antracyt | POJEMNIK KOSZ KUBE? 240L NA ?MIECI ODPADY-MOCNY PL | POJEMNIK KOSZ KUBE? 120L NA ?MIECI ODPADY-MOCNY PL
John Cotton,Review,low,0,3,Ko?dra 160x200 cm   400gsm - CA?OROCZNA - ANTYALERGICZNA POLSKA pranie 60 C | Ko?dra 200x220 cm   400gsm - CA?OROCZNA - ANTYALERGICZNA POLSKA pranie 60 C | KO?DRA ZIMOWA Teraz Ciep?o! 160x200 cm   bardzo ciep?a ZIMOWA KO?DRA GRUBA
Johnson & Johnson,Review,low,0,2,"Jednodniowe Soczewki Kontaktowe Acuvue Oasys 1-Day, 30 szt. -2.50; 8.5 | Soczewki ACUVUE OASYS for ASTIGMATISM 6 szt."
Junkers,Review,low,0,2,JUNKERS BOSCH CERAPUR GC2200W 25C KOCIO? GAZOWY KONDENSACYJNY DWUFUNKCYJNY | PODGRZEWACZ WODY WRD 9-4 KB 23 S5395 / WY?WIETLACZ LCD
K&K Herbal,Review,low,0,1,ENTEROSGEL 225 G (TUBA)
K&S Basic,Review,low,0,1,Generator pr?du inwerterowy KSB 35i - 3500 W / 3200 W - 223cm  - K&S Basic
K-Sport,Review,low,0,1,Drabinka metalowa do ?wicze? gimnastyczna z dr??kiem dla dzieci i doros?ych
Kaczory,Review,low,0,1,PODK?AD PAPIEROWY PRZE?CIERAD?O NA KOZETK? 60x50 m
Kadax,Review,low,0,4,SZKLANE POJEMNIKI NA ?YWNO?? 12x SZKLANY ZESTAW POJEMNIK W PUDE?KO LUNCHBOX | SUSZARKA NA PRANIE STOJ?CA DU?A XXL MOCNA STALOWA 20m DO UBRA? NA BIELIZN? | DESKA DO PRASOWANIA 120x38 cm SZEROKI BLAT SK?ADANA UCHWYT NA ?ELAZKO
Kaja,Review,low,0,1,Cymba?ki drewniane Dzwonki chromatyczne 27 ton w
Kalorik,Review,low,0,1,MYJKA PAROWA Czy?cik do Okien PAROWNICA 1000W R?czna Myjka 3bary KALORIK
Kam-Przyczepki,Review,low,0,1,KO?O k ?ko podpora PODPOROWE BEZ UCHWYTU 200kg MANEWROWE do przyczepy
Kambukka,Review,low,0,3,Kubek termiczny termos Kambukka Olympus 300ml na kaw? herbat? do samochodu | Kambukka kubek termiczny Olympus 500ml Matte Black termos na kaw? do szko?y | Kubek termiczny KAMBUKKA Olympus Latte
Kamille,Review,low,0,1,NADZIEWARKA DO KIE?BASY PIONOWA 3 kg MASZYNKA DO KIE?BAS SZPRYCA KAMILLE
Kan-therm,Review,low,0,3,Rura PE-RT 16x2.0 Blue Floor KAN-THERM 600M do ogrzewania pod?ogowego | Rura Kan-Therm BLUE FLOOR EVOH 16x2 mm - 600MB | KAN-THERM RURA WIELOWARSTWOWA FI 16x2 600 mb PE-RT/AL/PE-RT OGRZEWANIE
Karty Grabowskiego,Review,low,0,1,Karty Grabowskiego Tabliczka mno?enia 11 gier
Katrin,Review,low,0,3,R?cznik ZZ w sk?adce H3 40216 KATRIN 4000 listk w BIA?Y | R?cznik ZZ w sk?adce H3 KATRIN 35298 4000 listk w | R?cznik papierowy 2 warstwy KATRIN sk?adany ZZ 4000 listk w
Kattovit,Review,low,0,1,Zestaw pr bny Kattovit Gastro na uk?ad pokarmowy 12x85g
Keter,Review,low,0,1,St ? sk?adany Work Table Keter 237005
Kidde,Review,low,0,4,Czujnik tlenku w?gla czadu Kidde 2030-DCR | Czujnik tlenku w?gla czadu Kidde 2030-DCR | Czujnik czadu Tlenku w?gla Detektor CO Bezprzewodowy Kidde K7DCO 10 lat LCD
Kinder,Review,low,0,9,Kalendarz adwentowy ze s?odyczami Kinder w kszta?cie domku | KINDER JOY JAJKO Z NIESPODZIANKA 20 g | Zestaw Paczka S?odyczy Kinder Prezent dla Dzieci S?odycze ?wi?ta Wielkanoc
Kindle,Review,low,0,3,"Czytnik Ebook AMAZON Kindle Paperwhite 16GB, 7"" 2024 Black B0CFPJYX7P | Amazon Kindle Paperwhite 12 gen. 2024 16GB (z reklamami) czarny | Amazon Kindle Paperwhite 12 gen. 2024 16GB (z reklamami) czarny"
Kingbolen,Review,low,0,4,TESTER INTERFEJS DIAGNOSTYCZNY SKANER UNIWERSALNY K7 FULL 3lata akt PL | KINGBOLEN K8 PRO OBD2 Bezprzewodowy interfejs diagnostyczny Do?ywotnie aktualizacje [j.PL](http://j.PL) | INTERFEJS SKANER DIAGNOSTYCZNY UNIWERSALNY OBD 2 DO?YWOTNIA AKTUALIZACJA
Kingspan,Review,low,0,1,ZBIORNIK DO NA DIESLA ON 2500 LITR W FUELMASTER
Kistenberg,Review,low,0,1,W ZEK SKRZYNKA NARZ?DZIOWA NARZ?DZIA K ?KACH 3w1
Klar,Review,low,0,1,"PROSZEK DO PRANIA KLAR WASCH 10,07KG BIEL OPAKOWANIE XXL"
Klarwod,Review,low,0,1,KLARWOD HELIX 25 STACJA UZDATNIANIA WODY AUTOMATYCZNY ZMI?KCZACZ
Klasek,Review,low,0,7,WYRZUTNIA FAJERWERK W 200 STRZA? W NAJLEPSZA NA WESELE ?LUB SYLWESTRA 20mm | MEGA D?UGA Bateria 100 strz. w 20 mm Atrakcyjne Fajerwerki na Imprez? Pokaz | Bateria 90 strza? w w 20 mm Atrakcyjne fajerwerki na imprez? pokaz C9020X
Klipsch,Review,low,0,1,KLIPSCH R-820F REFERENCE KOLUMNY POD?OGOWE 150W G?O?NIKI DO KINA CZARNE
Km Express,Review,low,0,1,"ROZPA?KA PODPA?KA 5,8kg 2400 szt kostek DU?A do Pieca Kominka Grilla GRATIS"
KneeGuardKids,Review,low,0,1,KNEE GUARD KIDS 4 PODN ?EK DO FOTELIKA UNIWERSALNY
Knott,Review,low,0,1,ORYGINALNE SZCZ?KI OK?ADZINY KNOTT B?BEN 200X50 VGB10 VGB13 VGB15 KK6282S
Kochmanski,Review,low,0,4,KOCHMANSKI portfel damski sk rzany du?y super pojemny czerwony sk ra rfid | KOCHMANSKI portfel m?ski sk rzany rozbudowany czarny z czerwonym RFID sk ra | Portfel m?ski SK RZANY ochrona kart RFID SK RA NATURALNA CZARNY elegancki
Konighoffer,Review,low,0,2,SUSZARKA Balkonowa na Pranie STALOWA SOLIDNA Konighoffer Spring 174x61x108 | Suszarka balkonowa Konighoffer Vera Black i koszyk na klamerki
Kontrast,Review,low,0,1,KRZES?O SK?ADANE OGRODOWE DOMOWE TABORET METALOWE LEON SZARE
Koruma,Review,low,0,1,PORTFEL M?ski Sk rzany OCHRONA Kart RFID BLOCK Kiesze? na Zamek - KORUMA
Kozlusan,Review,low,0,1,"Kocio? piec na pellet Kozlusan LIDIA COMPACT MINI 10 kW, raty 0%, lista ZUM"
Kraft,Review,low,0,1,Nawiewnik okienny monta? BEZ FREZOWANIA New Air Comfort box airbox do okna
Kram,Review,low,0,1,Kubki papierowe kraft 250 ml 100 szt. ekologiczne do kawy i napoj w
Kratki,Review,low,0,9,Wk?ad kominkowy WIKTOR 14 kW ?eliwny ZESTAW KOMIN fi 200 + DOLOT | WK?AD KOMINKOWY powietrzny KRATKI kominek ZUZIA ?eliwny fi 200 ekoprojekt | Wk?ad Kominkowy kominek Antek 10 CA?Y ZESTAW P?yty kratki rury dolot
Krause,Review,low,0,5,"Drabina aluminiowa 3x12 KRAUSE MONTO TRIBILO Profesjonalna + Trigon 9,30m | Drabina aluminiowa 3x9 KRAUSE CORDA wys. rob. 6,2m | Drabina wielofunkcyjna Krause Corda 3x11 szczebli"
Kruzzel,Review,low,0,2,Namiot domek dla dzieci r ?owy z lampkami LED 130x100x115 cm | Kuchnia Drewniana dla Dzieci Du?a Kuchenka ?wiat?o LED + Akcesoria Garnki
Kubu?,Review,low,0,1,Kubu? mus Zestaw mix owocowy 36sztuk
Kuchnia Zdrowia,Review,low,0,1,CYNAMON LASKI 500g LASKA CYNAMONU NATURALNA AROMATYCZNA
L'Oreal,Review,low,0,1,L'Oreal Absolut Repair Maska Regeneruj?ca wzmacniaj?ca W?osy Zniszczone 500
LEDLUX,Review,low,0,1,?ar wka LED E27 10W =100W SMD 4000K neutralna Premium nie mruga ZESTAW
La Millou,Review,low,0,1,La Millou Poduszka do spania bawe?na Ballerine L dzieci?ca
La Roche Posay,Review,low,0,2,LA ROCHE POSAY TOLERIANE ROSALIAC AR CONCENTRATE 40 ml. | LA ROCHE POSAY EFFACLAR + M ?el do mycia twarzy 400 ml
LauroCann,Review,low,0,1,Ma?? laurowa konopna 20% na b le 250ml laurowo-konopna mocna
Lazur,Review,low,0,1,? ?KO turystyczne SK?ADANE HOTELOWE 200 X 90
Ledroom,Review,low,0,1,Lampka schodowa LED 230V BIA?A Oprawa na schody O?wietlenie schod w ZIMNA
Lelka,Review,low,0,1,BALETKI DO TA?CA TRADYCYJNE BALET RYTMIKA PUDROWY R ? DZIECI?CE ROZMIAR 28
Lemberg,Review,low,0,1,Kawior czerwony z ikry dzikiego ?ososia gorbusza 500gLEMBERG ?WIE?A DOSTAWA
Lenor,Review,low,0,6,"Lenor P?yn do p?ukania tkanin Spring Awakening 6x1,492L | P?yn do p?ukania Lenor 5 l 200 pra? | Lenor p?yn do p?ukania tkanin 8x59 pra? Mix"
Lezyne,Review,low,0,2,Mini pompka Lezyne POCKET DRIVE do 11bar 14cm rowerowa r?czna FLEX pocket | Mini pompka Lezyne POCKET DRIVE do 11bar 14cm rowerowa r?czna FLEX pocket
Lider,Review,low,0,1,LIDER ZBIERACZ ZAMIATARKA R?CZNA DO LI?CI TRAWY Z KOSTKI CHODNIKA 53cm
Linarem SiatkiSieci,Review,low,0,1,TA?MA OGRODZENIOWA ANTRACYT 19x35m OS?ONA NA OGRODZENIA PANELOWE P?OT +UV
Lincoln Electric,Review,low,0,1,"Spawarka Lincoln Electric QUICKMIG 300 MIG/MAG, MMA, Synergia"
Linis,Review,low,0,1,Rewelacyjne Wk?ady Do Zniczy Ca?oroczne Znicz Szafir 3 14cm x 20szt.
Lisap,Review,low,0,1,Lisap Ultimate 3 Spray Termoochronny 250 ml
Londa,Review,low,0,3,LONDA ROZJA?NIACZ w Proszku BLONDORAN Puder Rozja?niaj?cy 2x 500g | LONDA ROZJA?NIACZ w Proszku BLONDORAN Puder Rozja?niaj?cy 2x 500g | LONDA ROZJA?NIACZ w proszku Blondoran 2x500 g
Lovi,Review,low,0,2,LOVI Butelka do karmienia Mammafeel 250ml ze smoczkiem dynamicznym 3m+ | Sterylizator LOVI 12-209
Lowrance,Review,low,0,1,LOWRANCE Echosonda Eagle Eye 9 z sonarem live + Cover
Loxon,Review,low,0,1,"LOXON MAX 5% p?yn przeciw wypadaniu w?os w, ?ysienie 60 ml"
Lucart,Review,low,0,1,ETYKIETY TERMICZNE 100x150 500szt KARTON 24 ROLKI
Lumenix,Review,low,0,1,10x Panel LED Oprawa Rastrowa 60x60cm 595x595mm 50W Kaseton CCD Sufitowy
Lupico,Review,low,0,1,Choinka Sztuczna Na Pniu Diamentowa Montana 180cm
Lupilu,Review,low,0,1,DREWNIANA KUCHNIA DLA DZIECI + AKCESORIA EFEKTY ?WIETLNE D?WI?KOWE PREZENT
Lyapko,Review,low,0,3,"WA?EK DO TWARZY LYAPKO 3,5 MINI ROLLER IG?OWY MASA?U AKUPRESURY BEZ NIKLU | LYAPKO WA?EK UNIWERSALNY 3,5 DO MASA?U LIMITOWANY | ORYGINALNY WA?EK AKUPUNKTUROWY APLIKATOR WIELOIG?OWY LYAPKO DO TWARZY 3.5"
M-FOLIE,Review,low,0,1,FOLIA STRETCH 3KG XXL STRECZ CZARNY CZARNA ROLKA MOCNA KRYJ?CA
M?yn Suwa?ki,Review,low,0,1,M?ka orkiszowa jasna TYP 630 5kg
MA Professional,Review,low,0,1,P?YN CH?ODNICZY G12 CZERWONY GOTOWY DO CH?ODNIC MOJE AUTO PRO R ?OWY 5L
MAX,Review,low,0,2,PODNO?NIK P?YT REGIPS W GIPSOWO KARTONOWYCH 3.5m OSB GK GIPSOWYCH STOJAK | Mata masuj?ca wibracyjna do masa?u z grzaniem Mocna Masa?er na fotel
MG Home,Review,low,0,1,KOMPLET MAGDA GESSLER SERWIS OBIADOWY PORCELANA TALERZE 18el 6 OS B SZARY
MGA,Review,low,0,1,KAMPER CAMPER ZABAWKOWY DU?Y LOL Surprise Glam N' Go Camper 50+ SUPRISES 3+
MIGOgroup,Review,low,0,6,"S?ONECZNIK ?USKANY 1000g, Naturalny 1Kg | ?URAWINA SUSZONA BEZ KONSERWANT W 1Kg | MIGDA?Y KALIFORNIJSKIE ca?e 1kg - MIGOgroup"
MRM Chemicals,Review,low,0,1,GLIKOL ETYLENOWY KONCENTRAT p?yn solarny ch?odniczy instalacje -80 C 20L
MTA,Review,low,0,1,Tablica magnetyczna sucho?cieralna 120x90 bia?a na ?cian? pisanie + GRATISY
MUFART,Review,low,0,1,St ? z Krzes?ami Nowoczesny Styl Do Kuchni Jadalni Salonu 4 krzes?a ATTE
Machine Studios,Review,low,0,2,Indiana Jones i Wielki Kr?g PS5 | Indiana Jones i Wielki Kr?g PS5
Magicbox,Review,low,0,5,Piratix Zestaw Crazy Jungle Krokodyl King Croc Kapitan JawCrush | PIRATIX KRAKEN SHIP | Super Zings Things Kazoom Power Ci??ar wka Mister Mr. King Truck
Majestic Sport,Review,low,0,1,Pas kulturystyczny obci??eniowy do ?wicze? podnoszenia ci??ar w EVA PRO L
Malatec,Review,low,0,1,Masa?er do St p z Podgrzewaniem MALATEC Shiatsu do Masa?u N g Wibracyjny
Mapei,Review,low,0,4,MAPELASTIC Hydroizolacja na tarasy i balkony 32kg | Hydroizolacja folia w p?ynie MAPEI MAPEGUM WPS 20kg do wewn?trz do ?azienki | MAPEI HYDROZIOLACJA FOLIA W P?YNIE MAPEGUM WPS 10KG
Mapo Tea,Review,low,0,1,ZESTAW ZIMOWY CYNAMON LASKA ANY? GO?DZIKI POMARA?CZE 350G DO GRZA?CA
Mardom,Review,low,0,2,ROLETA DZIE? NOC W KASECIE NA WYMIAR OKNO DO 150 CM Z PROWADNICAMI KOLORY | ROLETY DZIE? NOC WEWEN?TRZNE ROLETA W KASECIE Z PROWADNICAMI NA WYMIAR
Mareani,Review,low,0,2,DESKA SEDESOWA WC WOLNOOPADAJ?CA UNIWERSALNA DO KO?O ROCA CERSANIT | Deska Sedesowa WC Wolnoopadaj?ca Uniwersalna do KO?O ROCA CERSANIT
Marek,Review,low,0,1,Kolorowe Dzwonki CHROMATYCZNE CYMBA?KI 27 Tonowe METALOWE P?ytki + Pa?eczki
Marvis,Review,low,0,2,WYBIELAJ?CA PASTA DO Z?B W MARVIS Z FLUOREM WHITENING MINT 85ML | WYBIELAJ?CA PASTA DO Z?B W MARVIS Z FLUOREM WHITENING MINT 85ML
Masseno,Review,low,0,1,Sofa naro?na KAME do salonu FUNKCJA SPANIA pojemnik SPR??YNY FALISTE salon
Master,Review,low,0,1,OSUSZACZ POWIETRZA MASTER DH 732 P NEW MODEL ! PRO
MatMay,Review,low,0,1,FOTEL Czarny Rozk?adany MASUJ?CY BUJANY Do Salonu Spania Wypoczynkowy MASA?
Matador,Review,low,0,2,4x Matador MP93 Nordicca 205/55R16 91T | 4x opony zimowe Matador MP93 Nordicca 195/65R15 91T 2025
Matchbox,Review,low,0,1,MATCHBOX ZESTAW Myjnia Turbo Cyklon zestaw z 2 autkami
Maxblinds,Review,low,0,1,?ALUZJE DREWNIANE POZIOME BAMBUSOWE 50MM NA WYMIAR
Maxi Cosi,Review,low,0,2,Maxi Cosi Emerald 360 S Obrotowy Fotelik Samochodowy 40-150cm | MAXI COSI EMERALD 360 S fotelik obrotowy dzieci?cy 0-36 kg Isofix
Maybelline,Review,low,0,4,"Maybelline Lash Sensational Sky High Cosmic Black 7,2 ml tusz do rz?s | MAYBELLINE LASH SENSATIONAL SKY HIGH / 01 VERY BLACK | Maybelline Lash Sensational Tusz do Rz?s"
Meaco,Review,low,0,3,Osuszacz powietrza Meaco Arete One 25L 267 W 25 l/ | Hybrydowy osuszacz i oczyszczacz powietrza Meaco Arete Two 12L Wi-Fi | Hybrydowy osuszacz i oczyszczacz powietrza Meaco Arete Two 25L Wi_Fi
Mebel Elite,Review,low,0,8,Rozk?adany Fotel Czarny Masuj?cy Wypoczynkowy Z Podn ?kiem Do Salonu BOX | FOTEL MASUJ?CY   WYPOCZYNKOWY   BR?ZOWY   Z PODN ?KIEM   RELAX   VX MAX | Fotel Rozk?adany Wypoczynkowy Tapicerowany Do Spania Salonu Szary DANNY 2
Mebelbos,Review,low,0,1,DU?A KOMODA Mebelbos Evo 183 cm do Salonu Kaszmir 3 szuflady 2 drzwi
Med plus,Review,low,0,1,Ba?ki szklane bezogniowe pr ?niowe 12 szt. Med Plus
Medi Sleep,Review,low,0,3,PODUSZKA ORTOPEDYCZNA DO SPANIA NA BOKU I BRZUCHU PROFILOWANA PIANKA MEMORY | PODUSZKA ORTOPEDYCZNA DO SPANIA NA BOKU PROFILOWANA DLA WYMAGAJ?CYCH MEMORY | PODUSZKA ORTOPEDYCZNA DO SPANIA PROFILOWANA Z WG??BIENIEM PIANKA MEMORY
Medivon,Review,low,0,1,Mata Masuj?ca SHIATSU Masa? Masa?er Plecy Powietrzny MEDIVON AIR PRO
Mega-M,Review,low,0,2,NADZIEWARKA PION 5L DO KIE?BAS KABANOS W PAR WEK r?czna szpryca kie?basy | NADZIEWARKA PION 5L DO KIE?BAS KABANOS W PAR WEK r?czna szpryca kie?basy
Meglio,Review,low,0,1,P?yn odt?uszczaj?cy MEGLIO Sgrassatore Lemon 5L
Melt,Review,low,0,1,Preparat MELT 750ml
Menicon,Review,low,0,2,Preparat p?yn czyszcz?cy Menicon Progent 5 dawek | Preparat p?yn czyszcz?cy Menicon Progent 5 dawek
Merz Pharmaceuticals,Review,low,0,1,MERZ SPEZIAL SPECIAL SK RA W?OSY PAZNOKCIE 120szt
MesMed,Review,low,0,1,Aspirator do nosa MESMED Happinosek MM-127
Metal-Plast Wa?brzych,Review,low,0,1,OSTRZA?KA DO NO?Y I NO?YCZEK - PRODUCENT
Metz,Review,low,0,1,"Telewizor LED Metz 60MUF7000Z 60"" 4K UHD czarny"
Millena,Review,low,0,1,DESKA DO PRASOWANIA DU?A 130x48 SK?ADANA DO GENERATORA PARY STACJI PAROWEJ
Minelab,Review,low,0,3,"Wykrywacz metali Minelab X-Terra Pro | Wykrywacz metali Minelab Manticore + 2 Cewki - 15'' M oraz 9'' M GRATIS | Wykrywacz metali Minelab EQUINOX 900 (3 Cewki, S?uchawki)"
Mink,Review,low,0,1,GRA ZR?CZNO?CIOWA PI?KARSKI SAMOCH D ZDALNIE STEROWANY AUTO POD?WIETLENIE
Miralex,Review,low,0,1,DAOPro nietolerancja histaminy 30 tab. (zestaw 4szt.)
Mirka,Review,low,0,1,MIRKA DEROS II 650 Szlifierka Oscylacyjna Indukcyjna 150mm / 5mm MID6504044
Misioo,Review,low,0,3,Bujak ?cianka Wspinaczkowa Zje?d?alnia dla Dzieci Poduszka R ? Misioo 4w1 | Suchy Basen z Pi?kami 90x30 dla Dzieci Jasny R ?owy Sztruks 200pi?ek MISIOO | Suchy Basen z Kulkami 90x30 Basenik Piankowy Szary Sztruks 200 pi?ek MISIOO
Mistral,Review,low,0,2,"R?CZNIK PAPIEROWY CZY?CIWO CELULOZA 6x100m 2W NIE PYLNY | Czy?ciwo papierowe, r?cznik papierowy 2 x 200m"
Moderno Meble,Review,low,0,4,REGULOWANE ZAG? WKI nowoczesny naro?nik Avesta | Wygodny naro?nik z funkcj? spania Bjorn w welurze | Rozk?adany naro?nik AVESTA ruchome zag? wki
Molten,Review,low,0,8,PI?KA SIATKOWA MOLTEN V5M5000 MECZOWA | PI?KA SIATKOWA MOLTEN V5M5000 MECZOWA | PI?KA SIATKOWA MOLTEN V5M5000 FIVB MECZOWA rozm 5
Moni-Pol,Review,low,0,1,BENZYNA EKSTRAKCYJNA 5L NAJWY?SZA JAKO?? MONI-POL!
Montibello,Review,low,0,2,Montibello Smart Touch od?ywka w sprayu kuracja Reset My Hair 12w1 150 ml | Montibello Decode Zero Cosmic Anti-Frizz Spray 200
Movino,Review,low,0,4,MOVINO GLIDE hulajnoga wyczynowa | MOVINO GLIDE hulajnoga wyczynowa | Hulajnoga Wyczynowa MOVINO Zintegrowane Stery IHC P?ynna Stalowa Kierownica
Muduko,Review,low,0,2,WIRUS rodzinna familijna imprezowa gra karciana | Gra towarzyska MUDUKO Wirus! Roll & Write 8+
Multi-Mam,Review,low,0,1,"Multi-Mam Kompresy na brodawki sutkowe, dla karmi?cych mam, ukojenie 12szt."
Multigra,Review,low,0,1,Gra edukacyjna MONTESSORI do nauki pisania czytania prezent dla 7 latka 7+
Muralo,Review,low,0,1,? ?KO TAPICEROWANE DO SYPIALNI 160x200 ? ?KO PODW JNE Z POJEMNIKIEM BE?OWE
NARWAL,Review,low,0,1,Robot sprz?taj?cy NARWAL Flow
NAVITEL,Review,low,0,2,NAVITEL DVR R600 REJESTRATOR JAZDY KAMERKA Full HD | Wideorejestrator samochodowy Navitel RS990 GPS Night Vision PRO 4K
NIVEA,Review,low,0,2,NIVEA MEN BLACK&WHITE Antyperspirant 72h w kulce m?ski 50ml x6 + minis | NIVEA MEN 3w1 ?el pod prysznic m?ski zestaw - P?yn do mycia 500ml x5
Nanobauer,Review,low,0,1,"KAMIENIO?ERCA Odkamieniacz 750ml P?yn do mycia kabin prysznicowych, WC"
Nasza Ksi?garnia,Review,low,0,3,Lisek urwisek Nasza Ksi?garnia - gry | Sen Gra Karciana Tworzenie Sn w Krainy 8+ Nasza Ksi?garnia | Sen Gra Karciana Tworzenie Sn w Krainy 8+ Nasza Ksi?garnia
Nato Defense,Review,low,0,1,GAZ PIEPRZOWY OBRONNY NATO 2 SZTUKI ?EL 50ml
Naughty Dog,Review,low,0,2,THE LAST OF US PART I / PL / NOWA / PS5 | THE LAST OF US PART I / PL / NOWA / PS5
Navitel,Review,low,0,1,Wideorejestrator NAVITEL RS985 Duo prz d ty? 4K HDR GPS Wi-fi SONY + 64GB
Nebu-Dose,Review,low,0,1,"NEBU-DOSE 0,9% hialuronic s l fizjologiczna x30"
Netflix,Review,low,0,1,Karta podarunkowa Netflix 80 z?
New Home,Review,low,0,1,4 KRZES?A TAPICEROWANE FADO EKOSK RA EKSKLUZYWNE KRZES?O FADO TAPICEROWANE
Nice,Review,low,0,3,Zbiornik bojler podgrzewacz pompa ciep?a CUBION 300L 2 w??ownice HPH | ZESTAW DO WIERCENIA P?YTEK OTWORNICE FREZ 20-68mm M14 SENDI 01961204611 | ORYGINALNY ZESTAW NICE WINGO 2024 KOMPLET 2 PILOTY
Nicekids,Review,low,0,1,PODUSZKA DLA KOBIET W CI??Y CI??OWA DO SPANIA TYPU C NICEKIDS
Niepo?omicki Bartnik,Review,low,0,1,"MI D SPADZIOWY ?WIE?Y SPAD? IGLASTA Z PASIEKI ZE SPADZI IGLASTEJ 1,2kg 2025"
Nikon,Review,low,0,7,Nikon D850 body | Aparat fotograficzny Nikon Z6 II body | NIKON D7500 + NIKON NIKKOR 18-140MM VR + GRATISY
Nilfisk,Review,low,0,1,MYJKA CI?NIENIOWA NILFISK PREMIUM POWER 190 INDUKCYJNY 190-12
Nivel System,Review,low,0,2,NIWELATOR LASEROWY CZERWONA WI?ZKA NL320R DIGITAL NIVEL SYSTEM ZESTAW | Laser krzy?owy niebieski cl4b laser 360 NIVEL poziomica laserowa zestaw
No brand in Allegro,Review,low,0,1,"E proszek do prania kolor w 4,125 kg"
No-Pest,Review,low,0,3,MYSZO?APKA ?YWO?APKA PU?APKA ?APKA NA MYSZY I SZCZURY CHWYTACZ NO PEST | BOMBA NA PLUSKWY KARALUCHY PAJ?KI FOGGER NO PEST 400ML GRANAT ULTRA MOCNA | TRUTKA NA SZCZURY I MYSZY GRANULAT BRODIFAKUM NO PEST 1KG BARDZO SILNA
Nokta,Review,low,0,2,"Detektor NOKTA Simplex Ultra SX28 11"" DD 6 tryb w pracy 15kHz + SB Pack | NOKTA The LEGEND 12"" LG30"
Nord,Review,low,0,1,NORD STAGE 4 88 PIANINO CYFROWE PERFORMACNE STAGE PIANO SYNTEZATOR
Nufarm,Review,low,0,1,"Stabilan 750SL 20l regulator wzrostu, antywylegacz"
Nutrisslim,Review,low,0,1,Detoks Belly Burn z Chlorell? & Ostropestem Plamistym  Nature s Finest 125g
Ocean,Review,low,0,1,"Zmi?kczacz wody - 25L, s l, test, wk?ady"
Ocean BNT,Review,low,0,1,"Zmi?kczacz wody - 30L, s l, test, wk?ady"
Oculus,Review,low,0,1,Gogle VR Oculus Meta Quest 3S 256GB
Ogniwo,Review,low,0,1,Piec Ogniwo Classic DS 10 kW kocio? w?glowy zasypowy 5 klasy
Okuma,Review,low,0,1,OKUMA KO?OWROTEK 8K FD5+1BB
Olczyk,Review,low,0,1,"Pellet Pelet Olczyk 6mm certyfikat A1 paleta 990kg, worek 15kg, certyfikat"
Oleo-Mac,Review,low,0,1,OLEO MAC OM-LINE RDR60 ROZDRABNIACZ SPALINOWY ROZDRABNIARKA REBAK DO GA??ZI
Olight,Review,low,0,3,Mikroskop Delta Optical BioLight 300 | Mikroskop Delta Optical Biolight 100 Bia?y | Zmywarka Bosch SMV25EX02E 60 cm 13 kpl 3 szuflada InfoLight AquaStop
Olivia Garden,Review,low,0,3,Szczotka do w?os w Olivia Garden FingerBrush lavenda | Olivia Garden Finger Brush Medium Szczotka Pastel Pink W?osie Dzika | Olivia Garden Finger Brush Medium Hot Pink szczotka do rozczesywania w?os w
Omega Pharma,Review,low,0,1,Xylorin udro?nia nos aerozol spray do nosa 18 ml
Omni-Biotic,Review,low,0,1,OMNi-BiOTiC 10 AAD 5 g 30 saszetek
Omron,Review,low,0,5,CI?NIENIOMIERZ OMRON M3 COMFORT AFib NOWY MODEL 2025 MIGOTANIE PRZEDSIONK W | CI?NIENIOMIERZ OMRON M3 COMFORT AFib NOWY MODEL 2025 MIGOTANIE PRZEDSIONK W | CI?NIENIOMIERZ OMRON M7 Intelli IT COMFORT R?KAW / MANKIET
Ondragon,Review,low,0,2,"PRZED?U?ACZ B?BNOWY BUDOWLANY DO OGRODU 50M 3x2,5 KABEL LISTWA NA B?BNIE CE | W?? STRA?ACKI DO SZAMBA BRUDNEJ WODY 2"" 30M MOCNY PARCIANY + SZYBKOZ??CZKI"
Onyx Boox,Review,low,0,2,"CZYTNIK ONYX BOOX NOTE AIR 5C KOLOR 10,3"" E-INK COLOR 64GB/6GB+ RYSIK PEN 3 | Czytnik Onyx Boox Note Air4 C 10,3 EInk Kaleido 3 64G Gray - BEZ REKLAM"
Opalescence,Review,low,0,3,PASTA OPALESCENCE SENSITIVE WYBIELAJ?CA 133g | WYBIELAJ?CA Pasta do Z?b w Opalescence 100 ml wzmacniaj?ca szkliwo | Opalescence Cool Mint wybielaj?ca pasta do z?b w 100ml
Opharm,Review,low,0,2,CHUSTECZKI NAWIL?ANE WOD? 98% Z KLIPSEM 10 x 80SZT FIFI WIPES | Chusteczki nawil?ane dla dzieci - wodne 99 % FIFI AQUA- 800 szt
Optimum Nutrition,Review,low,0,2,Bia?ko OPTIMUM NUTRITION Gold | Bia?ko Serwatkowe OPTIMUM Gold
Opus,Review,low,0,1,Kordonek MAXIMUM Opus - kolor 001 Bia?y 4 sztuki
Ornatum,Review,low,0,1,"MASYWNY,STALOWY KUTY STOJAK CHOINKOWY,POD CHOINKE SH10 Z POJEMNIKIEM NA WOD"
Orsetto,Review,low,0,1,KOJEC DZIECI?CY XL Z MAT? PIANKOW? 180x200 cm + 4 UCHWYTY 50 PI?EK
OrthoVisions,Review,low,0,1,KRZES?O PRYSZNICOWE TABORET POD PRYSZNIC STO?EK 4x PRYSZNICOWY DO K?PIELI
Oscar Cook,Review,low,0,2,NADZIEWARKA do Kie?bas W?dlin MASZYNKA Szpryca Lewarek do KIE?BASY 3kg | NADZIEWARKA do KIE?BAS 3l PIONOWA szpryca maszynka do KIE?BASY w?dlin 3kg
Osprey,Review,low,0,1,"Buk?ak Osprey HYDRAULICS LT 10005147 niebieski 2,0L"
Otostick,Review,low,0,2,Otostick Plastry Korektory na Odstaj?ce Uszy | Otostick korektory estetyczne uszu odstaj?ce uszy + GRATIS
Outtec,Review,low,0,1,PI?KARZYKI CYMBERGAJ MINI BILARD ST ? 3W1 DO PI?KARZYK W GRY STO?OWE OUTTEC
OverTrade,Review,low,0,1,50x PU?APKA NA MYSZY SZCZURY MYSZO?APKA SILNY KLEJ MOCNA ?APKA LEP AROMAT
Overlord,Review,low,0,1,Overlord R?kawice Bokserskie Legend Z?ote 10 oz
Owolovo,Review,low,0,2,Owolovo Mix mus w owocowych Mega Zestaw 40 x 200 g | Mix mus w OWOLOVO 16 smak w dla dzieci i doros?ych 48 x 200g
Ozonmed,Review,low,0,2,Profesjonalny Generator Ozonu Ozonator Powietrza Domowy Samochodowy PRO-10M | Ozonator Powietrza 30 000 mg/h Generator Ozonu PRO-30G
P.Shine,Review,low,0,2,P.SHINE ZESTAW DO MANICURE JAPO?SKIEGO | Japo?ski Manicure P.Shine Do Japo?skiego Manicure Japanese Du?y ZESTAW 9w1
PPG,Review,low,0,1,Lakier bezbarwny PPG Deltron D800 + utwardzacz D802
PPG Sigma Coatings,Review,low,0,2,Farba do BETONU ?ywica epoksydowa posadzki gara? Sigmafast 205 RAL 7001 20L | ZYWICA EPOKSYDOWA Farba na beton ZESTAW 120m KOLOR
PREVION,Review,low,0,1,"Masturbator m?ski z 3 pompkami i 7 ruchami obrot, wibruj?cy i ss?cy PREVION"
PTF,Review,low,0,1,SZKLARNIA OGRODOWA z POLIW?GLANU 2x4 TUNEL PL
PUVEROMEBLE,Review,low,0,1,SZAFA ANTRACYT D?B WOTAN GARDEROBA DU?A NA UBRANIA OTWIERANA SZUFLADY 90cm
Paclan,Review,low,0,4,Reklam wki jednorazowe Paclan EXPERT 43x35 cm przezroczyste 120 sztuk | Paclan Expert mocne worki na ?mieci zawi?zywane 60L zestaw 300 sztuk | Zestaw 3x PACLAN FOLIA ALUMINIOWA Gruba Mocna - 60 metr w
Paco Rabanne,Review,low,0,2,Paco Rabanne Invictus 100ml woda toaletowa m??czyzna EDT | Paco Rabanne 1 Million Men woda toaletowa 100ml
Pakova,Review,low,0,5,TA?MA pakowa BR?ZOWA 48/100y Ta?ma klej?ca PAKOVA Zestaw 36 szt | TA?MA PAKOWA BEZBARWNA 48/132y klej?ca transparent mocna PAKOVA 36 szt | TA?MA PAKOWA TRANSPARENT 48/100y Klej?ca Bezbarwna Mocna Pakova 36szt
Pam-Folie,Review,low,0,1,WORKI NA ?MIECI BUDOWALNE 240L XXL 10 Sztuk Du?e Mocne 45 Mikron Pam Folie
PanKornik,Review,low,0,1,W?DZARNIA DREWNIANA OGRODOWA Z PALENISKIEM 2XL KOMPLETNY ZESTAW W?DZARNICZY
Pard,Review,low,0,1,CELOWNIK LUNETA TERMOWIZYJNA TERMOWIZJA PARD PANTERA 256 Q PA2Q-25 OLED
Party Deco,Review,low,0,2,"HEL DO BALON W BUTLA Z HELEM DO POMPOWANIA BALON W 0,20m3-1602 | BUTLA Z HELEM HEL DO BALON W DO NAPOMPOWANIA MAX DO 30 BALON W-5795"
Pasieka Kaszubska,Review,low,0,1,"MI D LIPOWY - 1,2KG - PASIEKA KASZUBSKA - ?WIE?Y - 2025"
Pasieka Sienkiewicz,Review,low,0,1,MI D LIPOWY Z WARMII 700G ?WIE?Y I AROMATYCZNY
Paysafecard,Review,low,0,12,PSC 280 PLN KOD PIN PAYSAFECARD 280 Z? | PAYSAFECARD PSC 100 z? | PaySafeCard 500 PLN PSC KOD PIN KARTA (2x200 + 100) PSC
Pelltech,Review,low,0,1,Drabinka gimnastyczna do ?wicze? regulowany dr??ek zestaw akcesori w BUK
Pepsi,Review,low,0,2,"Syrop koncentrat do wody Soda Stream Pepsi 440 ml | 6x Nap j gazowany Pepsi Max bez cukru 2,25l"
Per La Vita,Review,low,0,1,Szafa CALIFORNIA dwudrzwiowa 80 CM BIA?O CZARNY garderoba przedpok j matowa
Pereko,Review,low,0,3,"KOCIO?, PIEC PEREKO QmPell EVO 8 kW najnowszy sterownik PLUM | KOCIO? piec PEREKO QM-PEL EVO 12 kW na pelet HIT na rynku | PEREKO QM PELL EVO 18 kW KOCIO? PIEC NA PELLET Z ZASOBNIKIEM 5. KLASA"
Perfecto,Review,low,0,1,R?cznik sk?adany ZZ 2W PERFECTO EasyOpen CELULOZA Gruby Ch?onny 150 szt.
Perwoll,Review,low,0,4,Perwoll Renew Color P?yn do Prania Kolorowych Tkanin 3l 60 Pra? | Perwoll Renew Black P?yn do Prania Ciemnych Tkanin 3l 60 Pra? | Perwoll Renew Black P?yn do Prania Ciemnych Tkanin 3l 60 Pra?
Pharm Foot,Review,low,0,1,Pharm Foot CRACKED HEEL PROTECTOR ma?? na p?kaj?ce pi?ty 200ml
Pierre Fabre,Review,low,0,1,"Pierre Fabre, Alopexy 0,05g/ml roztw r na porost w?os w, ?ysienie 3 x 60 ml"
Pilsan,Review,low,0,1,TRAKTOR XXL JE?DZIK NA PEDA?Y CZERWONY Z PRZYCZEP? 143 CM PILSAN 07316
Placo,Review,low,0,1,PLACO PLACENTA LOTION AMPU?KI PRZECIW WYPADANIU NA POROST W?OS W 12x10ML
Planika,Review,low,0,4,Parasol grzewczy Ogrzewacz ogrodowy Planika Faro 8kW z Pokrowcem + GRATIS | Ogrzewacz gazowy kominek tarasowy PLANIKA FARO czarny POKROWIEC KAMYKI | Ogrzewacz gazowy kominek tarasowy PLANIKA FARO czarny POKROWIEC KAMYKI
Plantur,Review,low,0,1,Plantur39 Phyto-Caffeine Tonic 200 ml
Playio,Review,low,0,1,Samoch d zdalnie sterowany auto RC terenowe sterowane z efektem mg?y PLAYIO
Playmobil,Review,low,0,1,PLAYMOBIL Posterunek policji Komisariat z autem 71602 + Katalog 2026
Pok mon,Review,low,0,3,POK MON TCG: MEGA CHARIZARD X EX - ULTRA-PREMIUM COLLECTION | Pok mon TCG: Mega Evolution - Phantasmal Flames - Booster Box | Pok mon TCG: Phantasmal Flames - Elite Trainer Box
Polion,Review,low,0,1,Przetwornica samochodowa 12V/230V Polion 1200W czysty sinus
Poljet,Review,low,0,1,Papier ksero A4 Poljet 90g CIE 166 - 250 arkuszy
Polynor,Review,low,0,3,POLYNOR PRO izolacje piana natryskowa pur pianka pur OCIEPLENIE GARAZU 24el | POLYNOR PRO izolacje piana natryskowa pianka pur OCIEPLENIE GARA?U + GRATIS | POLYNOR izolacje piana natryskowa pur pianka pur OCIEPLENIE PODDASZA GARAZU
Polyphony Digital,Review,low,0,3,GRAN TURISMO 7 / GT 7 / PL / NOWA / PS5 | GRAN TURISMO 7 / GT 7 / PL / NOWA / PS5 | GRAN TURISMO 7 / GT 7 / PL / NOWA / PS5
Posciel-Hurt,Review,low,0,1,Komplet po?cieli 160x200 gruba Polska bawe?na 100% du?o wzor w - certyfikat
PowerColor,Review,low,0,1,PowerColor Hellhound Radeon RX 9070 XT AMD 16 GB GDDR6
Premiorri,Review,low,0,3,"1x 205/55R16 OPONY CA?OROCZNE NOWE 94V XL 3PMSF 2025/2026 | 4x 205/55R16 OPONY ZIMOWE NOWE 2025 | 1x 195/65R15 OPONY CA?OROCZNE NOWE 15"" NOWY WZ R 3PMSF 2025/2026"
Prinz,Review,low,0,1,PODK?AD POD PANELE na OGRZEWANIE POD?OGOWE MATA KWARCOWA 2mm PRINZ 1m2
Pro,Review,low,0,1,"ZESTAW: SZPACHLE DO G?ADZI: 25,40,60,80,100 CM"
ProBio Ko?o,Review,low,0,1,EkoSynbiotyk 1000ml Probioko?o
ProBioBed,Review,low,0,1,?ci ?ka ProBioBED Classic paleta (18 szt.) 270 kg trociny odpylone dla koni
Proficare,Review,low,0,1,SZCZOTKO SUSZARKA DO W?OS W LOK WKA SZCZOTKA WIELOFUNKCYJNA 4W1 PROFICOOK
Profimet,Review,low,0,1,Szklarnia Ekspert Tunel 40x20 3x6m z poliw?glanem 6mm
Promis,Review,low,0,1,DU?A KUCHNIA DREWNIANA dla Dzieci EDUKACYJNA INTERAKTYWNA LEDY +AKCESORIA
Prosperplast,Review,low,0,1,KOMPOSTOWNIK 800L DWUKOMOROWY POPRAWIONY MODEL NEW
Provag,Review,low,0,1,"Provag Emulsja, 500ml"
Psomar,Review,low,0,4,CHOINKA SZTUCZNA PREMIUM ?WIERK PE+PVC JAK ?YWA 3D 220 cm ! | CHOINKA SZTUCZNA PREMIUM ?WIERK PE+PVC JAK ?YWA 3D 220 cm ! | CHOINKA SZTUCZNA PREMIUM PE+PVC ?WIERK JAK ?YWA 3D 270 cm !
Pure Chemical,Review,low,0,13,ODMRA?ACZ DO SZYB MOCNY Pure Chemical -40 C 1L | ODMRA?ACZ DO SZYB MOCNY 5L PURE CHEMICAL | ODMRA?ACZ DO SZYB MOCNY 5L + 1L W SPRAYU
Purox,Review,low,0,1,PUROX Proszek do prania kolor w KOLOR 10 kg 142 prania folia
Qbrick,Review,low,0,1,SKRZYNKI NARZ?DZIOWE QBRICK SYSTEM PRO DRAWER Z258117PG003
Qbrick system,Review,low,0,2,SKRZYNKA Narz?dziowa Du?y Zestaw TWO 6in1 QBRICK # | Zestaw skrzynek narz?dziowych QBRICK System Two Promo 7in1
Qmed,Review,low,0,4,Poduszka ortopedyczna do spania profilowana na b le kr?gos?upa szyjnego | Qmed poduszka ortopedyczna do spania PODW JNIE profilowana PREMIUM szwedzka | WYGODNA PODUSZKA POD KARK ortopedyczna do spania pianka profilowana zdrowa
Qpharma,Review,low,0,1,EQUAZEN p?yn cytrusowy 200ml
Queisser Pharma,Review,low,0,1,Doppel herz system Kollagen 11.000 Plus zdrowe ko?ci stawy 30 ampu?ek
Quest,Review,low,0,2,PASEK ODCI??AJ?CY Z BATERI? BOBOVR S3 PRO DO GOGLI VR META QUEST 3 10000MAH | META QUEST 3S 128GB GOGLE OKULARY VR 120 Hz + 2 PADY
RANGERS,Review,low,0,2,"PRZED?U?ACZ NA B?BNIE 3x2,5 50m B?BNOWY BUDOWLANY ZWIJAK OGRODOWY | PRZED?U?ACZ NA B?BNIE 3x2,5 50m B?BNOWY BUDOWLANY ZWIJAK OGRODOWY"
RAV,Review,low,0,1,GIRLANDA 300 cm choinkowa GIRLANDY girland ?wi?teczna ?wierkowa
RED TECHNIC,Review,low,0,2,PRZECINARKA DO GLAZURY MASZYNKA R?CZNA DO CI?CIA P?YTEK LASER 800 MM | PRZECINARKA do Glazury MASZYNKA R?czna do Ci?cia P?ytek LASER 1200 mm
REX,Review,low,0,1,28 x kartusze gazowe kartusz gazowy REX GAS nab j do kuchenki i palnik w
RGL,Review,low,0,3,Choinka JAK ?YWA 220 100% PE Efekt NOWE P?DY G?sta 979 tips | G?STA CHOINKA 220 cm FULL PE 740 Tips w PE 100% JAK ?YWA 2025/2026 3D | BIA?A G?STA SZTUCZNA NAPRUSZANA CHOINKA PE 220 cm O?NIE?ONA szron ?nieg
ROHSEL,Review,low,0,1,Laser krzy?owy NITRONIX POZIOMNICA LASEROWA 4D 360 16 LINII 3 GEN. 45 m
Raimondi,Review,low,0,1,Przecinarka Do P?ytek Wielkoformatowych 336cm Raimondi Raizor MkII PLUS
Rapeks,Review,low,0,1,OGRZEWACZ DO R?K I CIA?A CHEMICZNE
Ratimor,Review,low,0,1,TRUTKA PASTA NA MYSZY I SZCZURY RATIMOR NIEBIESKI 1 KG + R?KAWICZKI GRATIS
Rauch,Review,low,0,1,System kominowy RAUCH 8m komin fi 200+2 wentylacje OCIEPLONY systemowy
Ravenol,Review,low,0,2,Ravenol VMP 5W30 CleanSynto USVO 5L | RAVENOL VST 5W40 CLEANSYNTO A3/B4 SN/CF 5L
Rayovac,Review,low,0,3,Baterie S?uchowe RAYOVAC 312 MF PR41 ZincAir 60szt | Baterie do aparat w s?uchowych - RAYOVAC EXTRA - 312 / PR41 - 80 sztuk | Baterie do aparat w s?uchowych - RAYOVAC EXTRA - 312 / PR41 - 60 sztuk
RedSteel,Review,low,0,1,PROFESJONALNA WINDA PODNO?NIK DO PODNOSZENIA P?YT OSB KARTONOWO GIPSOWYCH
Reelu,Review,low,0,1,Wibrator Damski Masa?er ?echtaczki 2w1 Magic Wand Sex Maszyna Gad?ety REELU
Restilo,Review,low,0,1,RESTILO Zas?ona 90% zaciemniaj?ca 140x270 blackout [j.be](http://j.be)? na ta?mie wave
Revlon,Review,low,0,1,Revlon Colorstay Podk?ad Kryj?cy Do Twarzy Cera T?usta Mieszana Kolory Mix
Rhino,Review,low,0,2,Piano KLEJ DO STYROPIANU EPS XPS 800ml Piana MOCNY WYDAJNY Zestaw Start-owy | PIANKA NISKOPR??NA Pistoletowa 750ml CA?OROCZNA PIANA MONTA?OWA Zestaw
Ribes,Review,low,0,1,St ? okr?g?y 90 rozk?adany do 190 cm LOFT metalowe nogi gruby blat 5 cm
Riwall Pro Home,Review,low,0,1,PROFESJONALNA BIE?NIA DOMOWA SK?ADANA LED BT G?O?NIK 10KM/H 130KG PAS 100CM
Roblox,Review,low,0,1,Karta podarunkowa Roblox 50 z?
Rockstar Games,Review,low,0,3,GRAND THEFT AUTO V FIVE GTA 5 - Polska wersja - PS5 - P?YTA - NOWA | GRAND THEFT AUTO V FIVE GTA 5 - Polska wersja - PS5 - P?YTA - NOWA | GRAND THEFT AUTO V FIVE GTA 5 - Polska wersja - PS5 - P?YTA - NOWA
Rohtenbach,Review,low,0,2,POMPA DO C.O. POMPA OBIEGOWA PIECA CO 25-60/180 CICHA ENERGOSZCZ?DNA ZESTAW | POMPA 750W DO WODY CZYSTEJ SZAMBA BRUDNEJ Z ROZDRABNIACZEM ZATAPIALNA MOCNA
Roko,Review,low,0,1,PROSZEK DO CZYSZCZENIA PROTEZ MULTICLEAN 5x5g
Roland,Review,low,0,4,Roland FR-4X BK - AKORDEON CYFROWY KLAWISZOWY - RATY 0% | ROLAND FP-30X BK PIANINO CYFROWE STAGE PIANO 88 KLAWISZY WA?ONA KLAWIATURA | ROLAND FP-30X BK PIANINO CYFROWE DO NAUKI MAX 4
Rollo,Review,low,0,1,10 x Gilzy Rollo Micro Slim Blue 200 szt cienkie do cienkich papieros w
RoofLite+,Review,low,0,1,Drewniane 3 szybowe okno dachowe RoofLITE+ TRIO PINE 78x118 + ko?nierz
Rotenso,Review,low,0,1,Pompa ciep?a Rotenso windmi 8 kW Promocja
Royal Catering,Review,low,0,1,MASZYNA DO WATY CUKROWEJ DU?A MISA 52 cm Z W ZKIEM
Royal Tiger,Review,low,0,2,Ry? ja?minowy PREMIUM 5kg ROYAL TIGER pandan Kambod?a AROMAT | Ry? ja?minowy PREMIUM 5kg ROYAL TIGER pandan Kambod?a AROMAT
Runpotec,Review,low,0,1,Rozwijak do kabli przewod w peszli ODWIJAK XB500
S&G Home,Review,low,0,1,? ?ko tapicerowane 120x200 VINCENT + pojemnik + stela? podnoszony !!
S?onik Jumbo,Review,low,0,1,R?cznik papierowy S?onik Jumbo Max 300 list 2warstwowy 1szt.
SHOW,Review,low,0,1,Talerzyki Papierowe Kapibara Birthday 18cm Zestaw Dekoracja Urodziny 10 szt
SIATPOL,Review,low,0,1,SIATKA ogrodzeniowa LE?NA L 150/10/30 + skoble 50m
SILVER SHARKY,Review,low,0,1,POKROWIEC MATA ANTYSZRONOWA NA PRZEDNI? SZYB? MAGNETYCZNA + GRATIS
SKYN,Review,low,0,3,Prezerwatywy SKYN SELECTION SENSES z wypustkami cienkie MEGA MIX 35 szt. | Prezerwatywy SKYN SELECTION SENSES mix Intense Feel Original Elite 35 szt. | SKYN Large Nawil?ane Prezerwatywy bez lateksu Du?e XXL 36 szt. Nielateksowe
SOSTA,Review,low,0,1,Polskie Mas?o Klarowane 700 ml SOSTA Naturalne do Sma?enia Bez Laktozy
SPORT BLAST,Review,low,0,1,ZESTAW na domow? si?owni? 76kg SZTANGA obci??enia Z GRYFAMI NAK?AD hantle
STR-CUT,Review,low,0,1,PRZECINARKA GILOTYNA MASZYNA DO CI?CIA STYROPIANU STYRODURU STR CUT A-105
SZERIDAN,Review,low,0,1,P ?ka na Samochodziki Autka Pojazdy Gara? Parking Winda Z Imieniem
SaeYang,Review,low,0,3,Frezarka do paznokci Saeyang Marathon 3 Champion White | FREZARKA DO PAZNOKCI MARATHON 3 CHAMPION MOCNA 45W | Saeyang frezarka Marathon 3 Champion + H200
SafeMed,Review,low,0,1,R?kawiczki nitrylowe M czarne Effect PF Black SafeMed 100 szt.
Sante,Review,low,0,1,Sante Erytrytol 1kg s?odzik naturalny 0 kalorii
Santoemma,Review,low,0,1,SANTOEMMA Przystawka do modelu Sabrina NS270N-M
Satisfyer,Review,low,0,1,Satisfyer PINGWINEK Masa?er Stymulator ?echtaczki Wibrator Powietrzny
Saunier duval,Review,low,0,1,Kocio? piec gazowy kondensacyjny 2f SAUNIER DUVAL THELIA CONDENS 25A
Savo,Review,low,0,3,SAVO ?RODEK PRZECIW PLE?NI I GRZYBOM SPRAY 500 ML | Savo na ple?? spray przciw ple?ni p?yn 500 ml | Savo Spray ?rodek na ple?? grzyby Mocny Preparat P?yn przeciw ple?ni 500ml
Sawyer,Review,low,0,2,FILTR DO WODY SAWYER MINI WATER FILTRATION SYSTEM Blue Niebieski | FILTR DO WODY SAWYER MINI WATER FILTRATION SYSTEM Blue Niebieski
Scala Plastics,Review,low,0,1,RURA DRENARSKA W OTULINIE FI 100 50M ODWADNIANIE W?? DRENARSKI DN100 50MB
Scandic,Review,low,0,1,SCANDIC DECOLORANT SILVER ROZJA?NIACZ BEZPY?OWY DO W?OS W DO 7 TON W 500 G
Schar,Review,low,0,2,SCHAR Mix B bezg.mieszanka do wypieku pieczywa 1kg | SCHAR Mix B bezg.mieszanka do wypieku pieczywa 1kg
Schleich,Review,low,0,1,Schleich 99092 Kalendarz Adwentowy Horse Club 2024
Schuberth,Review,low,0,1,"INTERKOM MOTOCYKLOWY CARDO SC EDGE DO KASKU SCHUBERTH C5, E2, S3, J2"
Schwarzkopf,Review,low,0,1,Schwarzkopf Silhouette Lakier 750ml Czarny
Science in Sport,Review,low,0,1,SIS ?EL ENERGETYCZNY MIX SMAK W Variety
Scoot and Ride,Review,low,0,1,SCOOTANDRIDE HULAJNOGA i JE?DZIK 2w1 Highwaykick 1 Rose 1-5 LAT + GRATIS
Scrabble,Review,low,0,2,Gra MATTEL Scrabble Junior | SCRABBLE ORIGINAL Gra S?owna Scrable Skrable PL
Seagate,Review,low,0,2,SEAGATE 4TB IronWolf NAS 5.9K 256MB SATA III 3.5'' ST4000VN006 | SEAGATE IronWolf Pro
Selectic,Review,low,0,1,Polska marka liczarka do banknot w Selectic K-21
Sendi,Review,low,0,2,Maszynka do p?ytek przecinarka gresu Sendi 1200 mm 120cm PROCUTTER PRO | Przecinarka r?czna do glazury SENDI PRO CUTTER ULTRA 1200 do ci?cia p?ytek
Senus,Review,low,0,1,Folia stretch XXL mix czarna transparent 3kg 6szt
Senzi Cosmetics,Review,low,0,3,WOSK SOJOWY DO ?WIEC Produkcja ?wiec ?wiece Sojowe DIY PREMIUM HURT 20 kg | Baza Mydlana Gliceryna Prze?roczysta Bezbarwna W?asne Myd?o w domu 1kg | Baza Mydlana Bia?a Glicerynowa PREMIUM Myde?ka VEGAN Bez SLS Gliceryna 1kg
Sephora,Review,low,0,1,SEPHORA FAVORITES 2025 Kalendarz Adwentowy 24 Niespodzianki Prezent
Shav,Review,low,0,1,SHAV 2 - Maszynka do Strzy?enia Golenia W?os w
Sherman,Review,low,0,3,Podgrzewacz indukcyjny do ?rub INDUCTOR sherman nagrzewnica indukcyjna INDI | P ?AUTOMAT SPAWALNICZY SHERMAN 200A MMA TIG 4T 3W1 | Spawarka MIG 200 SMART z w zkiem SHERMAN 3w1 MIG/MAG MMA TIG
Shimano,Review,low,0,1,Ko?owrotek Shimano Ultegra FD 4000 XG
Siarkopol,Review,low,0,2,Naw z jesienny do trawnika OGR D 2001 Siarkopol 25kg | Naw z Siarkopol Ogr d 2001 uniwersalny jesienny 25 kg
Silkn,Review,low,0,1,Maska do twarzy LED SILKN FLM100PE1001Bia?y
SilverTools,Review,low,0,1,W?? PNEUMATYCZNY DO KOMPRESORA GUMOWY ELASTYCZNY 10x17mm 10m 20 BAR
Simba,Review,low,0,2,SIMBA Stra?ak Sam Jupiter NOWY 925-2595 | AQUA GELZ DU?Y ZESTAW KREATYWNY XXL 13 KOLOR W ?ELI ZWIERZ?TKA 3D + FOREMKI
Simplicol,Review,low,0,3,SIMPLICOL INTENSIV SAMT-SCHWARZ BARWNIK DO TKANIN AKSAMITNA CZER? Z NIEMIEC | SIMPLICOL FARBA DO UBRA? TKANIN BARWNIK INTENSYWNY CZARNY DO PRALKI 560G DE | SIMPLICOL Barwnik do Ubra? Tkanin AKSAMITNA CZER?
Skydd,Review,low,0,1,DODATEK DO DIESLA SKYDD DEPRESATOR BLACK ARROW 1L
Skyn,Review,low,0,4,Skyn Nielateksowe Prezerwatywy Original 40 szt. | Prezerwatywy bez lateksu SKYN Original 40 szt mi?kki SKYNFEEL klasyczne | Prezerwatywy bez lateksu SKYN Original 40 szt mi?kki SKYNFEEL klasyczne
Smart,Review,low,0,5,TA?MA PAKOWA SMART TRANSPARENT 48/100 | TA?MA PAKOWA 48/66 66y KLEJ?CA BR?ZOWA 36 sztuk 36SZT 48x66 | TA?MA PAKOWA 48/66 66y KLEJ?CA BR?ZOWA 36 sztuk 36SZT 48x66
Smartmax,Review,low,0,1,My First Safari Animals. SmartMax
Smith&Brown,Review,low,0,4,Ma?a zamra?arka szufladowa podblatowa 60L 85cm Smith&Brown SZTTF-411-WE3 | LOD WKA SFBF-532-BE3 NO FROST 175cm CZARNA W?SKA 48 cm Smith&Brown | Lod wka No Frost Smith&Brown SFBF-532-SE3 175cm 225L Srebrna
Soflens,Review,low,0,1,"Soczewki Miesi?czne SOFLENS 38 MOC: -4,00 / DIA 14mm / BC 8.7"
Softimi,Review,low,0,4,PODUSZKA ANTYALERGICZNA 70x80 CM DO SPANIA PIKOWANA GRUBA NA ZAMEK BIA?A | PODUSZKA ANTYALERGICZNA 70x80 CM DO SPANIA PIKOWANA GRUBA NA ZAMEK BIA?A | PODUSZKA ANTYALERGICZNA 2x70x80CM KOMPLET DO SPANIA PIKOWANA BIA?A NA ZAMEK
Sol de Janeiro,Review,low,0,1,SOL DE JANEIRO CHEIROSA & CHEER MIST SET ZESTAW 3 MGIE?EK 62 40 48 3X 30ML
Solstro,Review,low,0,1,Okno dachowe 3 szybowe AAY 78x140 + ko?nierz falisty TFX lub p?aski LSX
Sonax,Review,low,0,1,SONAX XTREME ZIMOWY P?YN DO SPRYSKIWACZY -20 C 2x4L
Sonos,Review,low,0,1,Sonos Arc Ultra (Czarny)
Soppec,Review,low,0,2,Farba geodezyjna drogowa budowlana spray SOPPEC TRACK MARKER POMARA?CZ FLUO | Farba Geodezyjna Soppec Fluo Track Marker Spray r ?owy 12szt.
Soudal,Review,low,0,4,SOUDAL SOUDATIGHT HYBRID P?YNNA MEMBRANA GREY 6 kg | SOUDAL Soudabond Easy TURBO szybki klej pianoklej budowlany szybkoschn?cy | 15x SOUDAL T-REX GOLD KLEJ MONTA?OWY MOCNY 290ml - szybkie klejenie
Soundcore,Review,low,0,2,Soundcore A3952011 s?uchawki douszne 10Hz - 40000Hz | S?UCHAWKI BEZPRZEWODOWE DOUSZNE dokana?owe SOUNDCORE LIBERTY 4 PRO BT 5.3
Soyovo|diy,Review,low,0,1,ZESTAW DO ROBIENIA ?WIEC DIY ZR BTO SAM FORMY DO ?WIEC R ?NE KSZTA?TY
Spalsadz,Review,low,0,1,SPALSADZ KATALIZATOR WYPALANIA SADZY W KOMINIE 5KG
Spartus,Review,low,0,1,SPAWARKA SPARTUS EASYMIG 217 DUAL PULS SYNERGIA
Speedo,Review,low,0,1,CZEPEK P?YWACKI SPEEDO 40 16 EU LONG HAIR SILIKONOWY CZARNY OKAZJA
SportRecord,Review,low,0,1,Stadiopasta ma?? na kontuzje urazy siniaki b l 300g DU?E OPAKOWANIE +GRATIS
Spray-Kon,Review,low,0,2,KLEJ DO FOLII PAROIZOLACYJNEJ SPRAY-KON FOIL 500ml | Klej do Folii Paroizolacyjnej i Membran w SPRAY-KON 500ML
Stadler Form,Review,low,0,4,Nawil?acz powietrza Stadler Form Oskar Little | Nawil?acz powietrza Stadler Form Oskar Little | Nawil?acz powietrza Stadler Form Oskar Little
Stapar,Review,low,0,1,P?yn do spryskiwaczy zimowy 5L -22C Cytrusowy
Starlink,Review,low,0,1,Starlink
Steelseries,Review,low,0,2,Klawiatura STEELSERIES Apex 9 Mini | S?uchawki SteelSeries Arctis Nova 5P - Black
Stelge,Review,low,0,1,Rolety Plisowane Roleta Plisowana Plisy NA WYMIAR POLSKI PRODUCENT
Stella Green,Review,low,0,1,GEOKRATA Kratka Drogowa Parkingowa MOCNA CERTYFIKOWANA 50 x50 Czarna
Strotex,Review,low,0,3,Folia Membrana dachowa STROTEX NEXTREME 200g 4W | FOLIA PAROIZOLACYJNA ALUMINIOWA STROTEX AL 90 75m2 | FOLIA MEMBRANA DACHOWA STROTEX MU
Sublix,Review,low,0,1,PODUSZKA ?WI?TECZNA PREZENT MIKO?AJKI ?WI?TA BO?E NARODZENIE 002
Sucker Punch Productions,Review,low,0,2,GHOST OF TSUSHIMA / PS4 / NOWA / DUBBING PL | Ghost of Yotei PS5 Dubbing PL NOWA
Sumo Digital,Review,low,0,1,SACKBOY: WIELKA PRZYGODA / PS5 / GRA DLA DZIECI / P?YTA / POLSKI DUBBING
SunDeposit,Review,low,0,1,Magazyn Energii SunDeposit LiFePO4 10.75kWh
SunWood,Review,low,0,4,Lamele ?cienne na P?ycie 275x58cm Panele Dekoracyjne 3D D?B WOTAN i Inne | Lamele na Filcu ?cienne 275x58cm Panele Dekoracyjne 3D D?B WOTAN i Inne | Panel ?cienny na P?ycie 275x46 Lamele Dekoracyjne PREMIUM D?B R ?ne Kolory
SuperThings,Review,low,0,2,Super Zings Things Zestaw Kaboom City Kalendarz Adwentowy | Figurka Magicbox SuperThings Wild Tigerbot
Supla,Review,low,0,1,PROMOCJA - Dwukierunkowy Licznik Energii 3-faz SUPLA MEW-01
Sutricon,Review,low,0,1,"Sutricon, ?el silikonowy na blizny, 15ml"
Syntron,Review,low,0,2,Plafon Natynkowy Bia?y 120cm X 30cm 60W barwa neutralna | Panel LED 60W NATYNKOWY Kwadratowy 60x60cm Plafon
TABSOL,Review,low,0,1,SIARCZAN MAGNEZU S L EPSOM ANGIELSKA GORZKA 10KG NIEMCY
THM,Review,low,0,1,"PODNO?NIK PNEUMATYCZNY BA?WANEK PODUSZKOWY PODUSZKA GUMA MOCNY 3,5T"
TM,Review,low,0,1,Gaz pieprzowy obronny obezw?adniaj?cy Policyjny 50 ml 2 szt. ZESTAW KABURA
TSP,Review,low,0,1,50x PU?APKA NA MYSZY SZCZURY MYSZO?APKA SILNY KLEJ LEP AROMAT MOCNA ?APKA
Tactix,Review,low,0,1,"Skrzynka narz?dziowa modu?owa, systemowa na ko?ach ZESTAW TACTIX"
Tacx,Review,low,0,2,TRENA?ER DO ROWER W SZOSOWYCH MAGNETYCZNY TACX BOOST Tacx Boost KOMPAKTOWY | TRENA?ER DO ROWER W SZOSOWYCH MAGNETYCZNY TACX BOOST Tacx Boost KOMPAKTOWY
Tajfun,Review,low,0,2,?RODEK DO CZYSZCZENIA KOMINA PIECA PROSZEK DO USUWANIA SADZY SMO?Y TAJFUN | ?RODEK DO CZYSZCZENIA KOMINA PIECA USUWANIA SADZY SMO?Y TAJFUN 2 KG
Task,Review,low,0,1,P?YN DO SPRYSKIWACZY ZIMOWY -20 C 4x5L ZAPACHOWY POPIS 20L
Taste Of The Wild,Review,low,0,1,"TASTE OF THE WILD Pacific Stream Canine 12,2kg"
Taste of the Wild,Review,low,0,1,"TASTE OF THE WILD Sierra Mountain 12,2kg"
Taurus,Review,low,0,1,Box Boks Kufer baga?nik dachowy na dach TAURUS XTREME 195x78x34cm 400L
Tece,Review,low,0,2,TECE STELA? PODTYNK. DO WC TECEPROFIL ZE SP?UCZK? OCTA II 112 CM | TECE Stela? podtynkowy do WC 112 cm sp?uczka Base TECEbase 9400407
Technic,Review,low,0,1,N ? TERMICZNY CI?CIA STYROPIANU 250W WYCINARKA BONIARKA ??OBIARKA 3xOSTRZE
Teka,Review,low,0,1,Zamra?arka wolnostoj?ca TEKA RSF 75640 SS No Frost 185x60cm
Tekstylarium,Review,low,0,1,KO?DRA CA?OROCZNA 140x200 + PODUSZKA 70x80 KOMPLET PRODUKT POLSKI
Telinult,Review,low,0,1,MOCNA SUSZARKA LOK WKA DO W?OS W 6W1 3 PR?DKO?C Z JONIZACJA 1400W REGULACJA
Termet,Review,low,0,1,Termet Minimax ECO 22/22 kocio? dwufunkcyjny z otwart? komor? spalania
Termoplaza,Review,low,0,1,Promiennik podczerwieni z termostatem 950W do 25m2 energooszcz?dny grzejnik
Tesa,Review,low,0,2,Zmywacz do klej w i etykiet Tesa 200ml | TESA ?rodek zmywacz w sprayu do usuwania kleju etykiet naklejek ta?my 200ml
Tesori,Review,low,0,7,Tesori d Oriente MUSCHIO BIANCO od?wie?acz patyczkowy 200 ml   bia?e pi?mo | ZAPACH DO DOMU Aromatyczny Relaksuj?cy Powietrza 200ml Tesori Hammam P?yn | ZAPACH DO DOMU Aromatyczny Relaksuj?cy Powietrza 200ml Tesori Hammam P?yn
Tetis,Review,low,0,1,Klej w sztyfcie Tetis PVP 15g bezbarwny
TextileCare,Review,low,0,1,TextileCare BARWNIK FARBA UBRA? ZESTAW 4 SZT
Thank'Q,Review,low,0,3,THANK'Q | THANK'Q | THANK'Q
The Pokemon Company International,Review,low,0,1,TCG Booster Mega Evolution - Fatal Flames j?zyk Niemiecki 1 paczka
Thealoz,Review,low,0,1,Thealoz Duo krople do oczu 10 ml
Thermomix,Review,low,0,1,New Thermomix TM6 2025 +Cookidoo
Thrustmaster,Review,low,0,1,Kierownica z peda?ami Thrustmaster T300RS GT Edition
Thule,Review,low,0,12,Baga?nik rowerowy platforma na hak 2 rower Thule EuroWay G2 920 921 | BAGA?NIK ROWEROWY NA 2 ROWERY THULE EPOS 2 SK?ADANY 978100 | Thule VeloCompact 926 na hak Thule KATOWICE
Tigo,Review,low,0,1,TIGO TS4-A-O OPTYMALIZATOR MOCY PANEL PV 700Wp - Zestaw 12szt.
Tikkurila,Review,low,0,1,Tikkurila White Anti-Reflex [2] 10L
Tiross,Review,low,0,3,GAZ NAB J KARTUSZ 400 ML KUCHENKA GAZOWA PALNIKA M | GAZ NAB J KARTUSZ 400 ML KUCHENKA GAZOWA PALNIKA M | GAZ NAB J KARTUSZ 400 ML KUCHENKA GAZOWA PALNIKA M
Titanium,Review,low,0,2,LAMELE ?CIENNE D?B WOTAN NA P?YCIE CZARNEJ 510x2750mm | LAMELE ?CIENNE D?B WOTAN NA FILCU CZA 510x2750mm
Tivo,Review,low,0,3,SPECJA? KR LIKA 1000g TIVO Tegoroczny zbi r | ZESTAW TIVO SIANKO DLA NIEJADK W 2 x 1 KG | Specja? Zielarza Tivo 1kg - mieszanka podstawowa zi ?
ToTa!,Review,low,0,2,M?KA ORKISZOWA jasna Typ 650 chlebowa ?WIE?A ToTa! 1 KG - POLSKIE ZIARNO | M?ka orkiszowa jasna typ 650 1 kg TO TA
Toolsen,Review,low,0,1,Piano KLEJ DO STYROPIANU EPS XPS Piana WYDAJNY Pianka Pianoklej Szary
Tork,Review,low,0,1,"Tork, celuloza, bia?y, 21 x 100 szt., H2, 100297, Xpress"
Tracmax,Review,low,0,4,"1x 205/55R16 TRACMAX X-PRIVILO S130 91 V przyczepno?? na ?niegu (3PMSF) | 195/65R15 Tracmax X-privilo S130, nowe zimowe | 2x TRACMAX A/S TRAC SAVER 205/55R16 91 V"
Trzy ziarna,Review,low,0,1,ERYTROL 1kg Erytrytol naturalny s?odzik 0 kalorii zdrowi i smaczny
Tsunami,Review,low,0,2,DESKA SUP TSUNAMI DO P?YWANIA POMPOWANA | DESKA SUP
Tuluszka,Review,low,0,1,Hu?tawka kube?kowa WYGODNA DLA DZIECI 31 x 140 x 33 cm SIEDZISKO WISZ?CE
Tunap,Review,low,0,1,TUNAP 987 aktywny dodatek SCR 250 ml
Twoja Pszcz ?ka,Review,low,0,1,Roleta Dzie? Noc w ALUMINIOWEJ kasecie na wymiar + obci??nik (36 kolor w)
Tymbark,Review,low,0,2,Tymbark Just Plants Nap j Ro?linny Owsiany Klasyczny 6x1L | Tymbark Just Plants Nap j Ro?linny Owsiany Klasyczny 6x1L
U Babci Krysi,Review,low,0,1,NAJLEPSZE TRUSKAWKI LIOFILIZOWANE 100 g PLASTRY TRUSKAWKI BEZ KONSERWANT W
UVS Games,Review,low,0,1,Riftbound: League of Legends TCG - Origins 1 Booster
Ubieramy-meble,Review,low,0,2,6 SZT POKROWCE POKROWIEC NA KRZES?O CZARNY ELASTYCZNY UNIWERSALNY | 6 SZT POKROWCE POKROWIEC NA KRZES?O CH?ODNY SZARY WELUR ELASTYCZNY UNIWERSA
Ubisoft,Review,low,0,1,ASSASSIN'S CREED SHADOWS / PS5 / POLSKIE NAPISY / GRA NA P?YCIE
Unicorn Academy,Review,low,0,2,AKADEMIA JEDNORO?C W ZESTAW JEDNORO?EC WILDSTAR + AKCESORIA UNICORN ACADEMY | AKADEMIA JEDNORO?C W ZESTAW JEDNORO?EC WILDSTAR + AKCESORIA UNICORN ACADEMY
Unimil,Review,low,0,3,Prezerwatywy Unimil SKYN ORIGINAL klasyczne bez lateksu kartonik 40 sztuk | UNIMIL SKYN SUPREME FEEL Ultra Cienkie Prezerwatywy 10 szt. bez Lateksu | UNIMIL SKYN Elite Ultra Cienkie Bezlateksowe Prezerwatywy Nawil?ane 36 szt.
Uniroyal,Review,low,0,3,1x Uniroyal WinterExpert 205/55R16 91H | 2x Uniroyal WinterExpert 195/65R15 91T | 1x Uniroyal WinterExpert 205/60R16 92H
Utrai,Review,low,0,1,UTRAI JUMP STARTER URZ?DZENIE ROZRUCHOWE POWERBANK 12V 6000A
VDO,Review,low,0,1,Czytnik kart i tachograf w oryginalny VDO DLK Key S 4.1
VELACO,Review,low,0,1,OGRZEWACZ TARASOWY PARASOL GRZEWCZY GAZOWY SOLE ZESTAW POKROWIEC REDUKTOR
VIAKEN,Review,low,0,1,MASZYNA STACJA DO NAPE?NIANIA SERWIS KLIMATYZACJI SAMOCHODOWEJ VIAKEN R134A
VVENEZIA,Review,low,0,1,CHOINKA SZTUCZNA 160 CM NA PNIU PI?KNA SOSNA DIAMENTOWA G?STA PREMIUM
Valberg,Review,low,0,1,Sejf S1 antyw?amaniowy domowy na bro? d?ug? 1253 czarny skarbczyk
Vanish,Review,low,0,1,Vanish Multi Action Pink&White Odplamiacz w p?ynie do kolor w+bieli 2x3L
Varta,Review,low,0,9,40X WZMACNIANA BATERIA ALKALICZNA VARTA INDUSTRIAL PRO AAA LR3 | 40x ORYGINALNE BATERIE VARTA INDUSTRIAL LR3 R3 AAA 10 lat wa?no?ci | 40x VARTA INDUSTRIAL BATERIA AAA LR03
Ventika,Review,low,0,1,REKUPERATOR ?CIENNY 100 mm POKOJOWY Z PILOTEM CICHY VENTS VENTIKA SOLO+
Verde Mate,Review,low,0,1,"Yerba Mate Verde Mate Green Energia Guarana 0,5kg 500g"
Victoria Vynn,Review,low,0,4,?el buduj?cy do paznokci Victoria Vynn 08 Pink Cover R ?owy 50 ml | Victoria Vynn BUILD GEL 08 Pink Cover 50ml | Victoria Vynn BUILD GEL 08 Pink Cover 50ml
Victoria's Secret,Review,low,0,1,Victoria's Secret Bare Vanilla - Mgie?ka do Cia?a 250 ml - Prezent`
Victorinox,Review,low,0,4,Victorinox n ? pikutek uniwersalny czarny 6.7833 (11 cm) | Victorinox n ? pikutek uniwersalny czarny 6.7833 (11 cm) | Victorinox n ? pikutek uniwersalny czarny 6.7833 (11 cm)
Victron energy,Review,low,0,1,Orion XS 12/12-50A DC-DC battery charger
Viessmann,Review,low,0,4,"Piec gazowy Viessmann dwufunkcyjny Vitodens 050-W 3,2 - 25KW B0KA Z024665 | Stacja Uzdatniania Wody Zmi?kczacz Uzdatniacz VIESSMANN AQUASTILLA 25 | VIESSMANN ZMI?KCZACZ STACJA UZDATNIANIA WODY AQUASTILLA DUO USUWA CHLOR"
Virone,Review,low,0,2,CZUJNIK CZADU TLENKU W?GLA CZUJKA CO TERMOMETR CERTYFIKOWANY TUV + BATERIE | Gniazdo Pojedyncze Bezprzewodowe MINI sterowane zdalnie Pilotem 3szt. 230V
Virpol,Review,low,0,1,Jod?a Hiszpa?ska 220 cm PVC - sztuczna choinka
VitaFarm,Review,low,0,2,S L GORZKA EPSOM RZYMSKA SIARCZAN MAGNEZU 5kg | S l gorzka Epsom 5 kg rzymska siarczan magnezu do k?pieli relaks detoks
Vitacolloids,Review,low,0,1,Niejonowe Nano Srebro AG 25 ppm 300ml
Vorel,Review,low,0,1,"ZESTAW NARZ?DZIOWY 1/2"" 216EL. NASADKI PRZED?U?KI GRZECHOTKI BITY XXL 58700"
Vorfal,Review,low,0,1,ZESTAW OTWORNICA WIERT?O DIAMENTOWE DO GRESU 6-68
Vortex,Review,low,0,1,PRZECINARKA R?CZNA DO GLAZURY P?YTEK GRESU 120 CM MASZYNKA DO CI?CIA VORTEX
Vox,Review,low,0,1,VOX ESPUMO ESP 201 80mm Bia?a Listwa przypod?ogowa
Voyar,Review,low,0,1,FOLIA DO OGRZEWANIA POD?OGOWEGO POD?OG WKI 160 mk 50 MB MOCNA NAJGRUBSZA
Vredestein,Review,low,0,1,4x OPONY ZIMOWE 245/50R20 Vredestein Wintrac Pro+
W&K,Review,low,0,1,CHOINKA SZTUCZNA NA PNIU PI?KNA SOSNA DIAMENTOWA G?STA O?NIE?ONA 180 CM
WARMWOOD,Review,low,0,1,EKO PODPA?KA 5KG WARMWOOD NATURALNA DO KOMINKA GRILLA PIECA OGNISKA
WD-40,Review,low,0,1,"DORIS Preparat wielofunkcyjny DR-40 0,5L"
WMF,Review,low,0,1,Patelnia stalowa WMF Profi 28cm indukcja gaz do sma?enia
Walter,Review,low,0,1,"Kompresor t?okowy WALTER GK 880 -5,5/270 270L"
Walther,Review,low,0,1,4 x Gaz pieprzowy policyjny obronny Walther POLIZEI 40ml Cone
Watermarket,Review,low,0,1,"ZMI?KCZACZ WODY HYDRO PREMIUM 32 MONOSFERYCZNY, SUCHY ZBIORNIK, LEWATIT"
Wavin,Review,low,0,2,RURA WAVIN KAMELEON PE-RT/EVOH/PE-RT 16x2MM 600 M DO OGRZEWANIA POD?OGOWEGO | Wavin rura wielowarstwowa PE-RT/AL/PE-RT Tigris 16x2mm (600M)
Wd-4,Review,low,0,2,WD-40 450ml Preparat Wielofunkcyjny Smar Odrdzewiacz w Sprayu z Aplikatorem | PREPARAT WD-40 ODRDZEWIACZ WIELOFUNKCYJNY 450 ML
Weldman,Review,low,0,4,MIGOMAT 2w1 spawarka MICRO MIG 200a MMA 230V Zestaw WELDMAN MAG 60% IGBT | Spawarka Z PODWOZIEM inwertorowa MIGOMAT MIG MAG MMA 200A 60% 230V Zestaw | Spoter do wyci?gania wgniece? Spotter 5500 Zgrzewarka WELDMAN 5500 400V Bl
Wella,Review,low,0,2,Lakier do w?os w - Wella Performance 500ml Bardzo Mocny | Wella SP Men Gradual Tone Odsiwiacz do W?os w Czarny Zestaw 60+30ml BLACK
Welmax,Review,low,0,1,R?cznik Papierowy SUPER BIA?Y ZZ GRUBY R?CZNIKI CELULOZA 2w 22x23cm 3000szt
Weninger,Review,low,0,1,Podk?ad Pod?ogowy KWARCOWY Ogrzewanie Pod?ogowe Weninger Ideal Profi 2mm
Whirlpool,Review,low,0,3,Pralka WHIRLPOOL FFB 9258 SV PL 9kg 1200obr. 6.Zmys? FreshCare+ | Pralka Whirlpool TDLR 6040L PL/N 6kg 1000obr. ?adowana od g ry | Pralka Whirlpool FFB 8469 BV PL 8kg 1400 obr. FreshCare+ Klasa A Para
Wideshop,Review,low,0,1,DU?A KLATKA WOLIERA DLA PTAK W EZGOTYCZNYCH PAPUG
Wilo,Review,low,0,2,POMPA OBIEGOWA 25/1-6 180 CYRKULACYJNA WILO ATMOS PICO ENERGOOSZCZ?DNA | Rozdzielacz do pod?og wki ogrzewania pod?ogowego 8 obwody sekcje z pomp?
Winmau,Review,low,0,1,Tarcza dart sizalowa BLADE 6 Winmau
Wipetech,Review,low,0,1,R?CZNIKI PAPIEROWE CZY?CIWO MAXI CELULOZA 100m x 6szt. Mocny XXL
Womar,Review,low,0,1,WOMAR No13 polarowy ?piworek do w zka POLAR ciep?y
Wonder Lashes,Review,low,0,1,Klej do rz?s bondingowych BOND & SEAL 8ml
Woodcarver,Review,low,0,1,SOLIDNE SANKI DREWNIANE DLA DZIECI Z OPARCIEM I SZNURKIEM TRADYCYJNE
Woolite,Review,low,0,4,"P?yn do prania czarnego Woolite Dark Keratin Therapy 4,5 L/ 75 pra? | WOOLITE ZESTAW MIX P?YN DO PRANIA CZARNEGO I KOLORU Z KERATYN? 2X 4.5L | WOOLITE ZESTAW MIX P?YN DO PRANIA KOLORU, BIELI I CZARNEGO KERATYNA 3X 3.6L"
Work Sharp,Review,low,0,3,Work Sharp Ostrza?ka Precision Adjust Diamentowa Stabilizator do No?y | Work Sharp Ostrza?ka Precision Adjust Diamentowa Stabilizator do No?y | Ostrza?ka do no?y Work Sharp Precision Adjust + stabilizator
Wurth,Review,low,0,1,WURTH BREMSEN OPRYSKIWACZ DO CHEMII ZMYWACZA ROZPYLACZ 1 L
Wydawnictwo Naukowe PWN,Review,low,0,1,"Kryptografia W teorii i praktyce Douglas R. Stinson, Maura B. Paterson"
YARA,Review,low,0,1,Naw z Hydrocomplex Yara Mila Complex 25kg Uniwersalny Warzywa Trawniki Sad
YONELLE,Review,low,0,1,Yonelle Infusion Liftinguj?cy infuzyjny N 1 dzie? noc
Yanosik,Review,low,0,8,YANOSIK GTR + ROK ABONAMENTU + KUBEK + E-TOLL | ANTYRADAR YANBOX Yanosik RS + DO?YWOTNI ABONAMENT + 2x UCHWYT + KUBEK | YANBOX Yanosik GTR ASYSTENT+TRYB MOTOCYKLOWY I SAMOCHODOWY+3 LATA
York,Review,low,0,1,Pompa ciep?a 12kW York YKF12CRC monoblok
Yoshi,Review,low,0,1,Yoshi Top Tempered UV Hybrid 10 ml
Your Natural Side,Review,low,0,1,2x Afryka?skie Czarne Myd?o w Kostce - Your Natural Side - Hit TikTok-a
Z.P.H. JAN,Review,low,0,1,SIATKA OGRODZENIOWA wys 150cm le?na 50MB 150/10/30 L pola sady lasy budowa
Z?biec,Review,low,0,2,Z?biec Wenus Eco 16 kW kocio? piec uniwersalny tradycyjny 5 klasa Ecodesign | Kocio? Z?BIEC WENUS ECO 21 kW 5 Klasa Ecodesign
ZDZ,Review,low,0,1,Lutownica transformatorowa ZDZ LT 125W
ZEIT,Review,low,0,1,"PRZEW D P?ASKI KABEL YDYp 3x2,5 750V 100m"
ZURU,Review,low,0,1,ZURU XSHOT INSANITY KARABIN RAGE FIRE 72 STRZA?KI
ZWO,Review,low,0,1,ZWO Seestar-S50 - teleskop cyfrowy typu All-in-One
Zachem,Review,low,0,1,GLOBUS SZKOLNY 250 2W1 POD?WIETLANY LED + APLIKACJA - na prezent - polski
Zarys,Review,low,0,8,"R?KAWICE R?kawiczki Jednorazowe Nitrylowe ,S"" Bezpudrowe R ?owe 100szt | R?KAWICE R?KAWICZKI NITRYLOWE CZARNE MOCNE L 100SZ | R?kawice R?KAWICZKI nitrylowe ZARYS BLACK 100 szt S"
Zehnder,Review,low,0,1,CZUJNIK CZADU DETEKTOR TLENKU W?GLA WYKRYWACZ 3 LATA PRACY 85db NA BATERIE
Zencar,Review,low,0,1,"?adowarka Wallbox ZENCAR 11kW, model premium, d?. 650cm, 6-16A, RCD B"
Zilan,Review,low,0,1,OPIEKACZ DO ORZESZK W FORMA NIEPRZYWIERAJ?CA POW?OKA CIASTEK 24 SZT 1600W
Zilner,Review,low,0,2,ZESTAW GARNK W INDUKCJA / GAZ GARNKI MARMUROWE KOMPLET GARNK W MARMURKOWYCH | KOMPLET GARNK W MARMUROWYCH GARNKI MARMURKOWE ZESTAW INDUKCJA/GAZ
Zwieger,Review,low,0,3,ZWIEGER OBSIDIAN PATELNIA KUCHENNA TRADYCYJNA 28CM NIEPRZYWIERAJ?CA PREMIUM | Zestaw garnk w Zwieger Kompact 6 element w | ZWIEGER KLASSIKER Szybkowar 7.0 L
[RENA.PL](http://RENA.PL),Review,low,0,1,Rolety Thermo w kasecie Termo Zaciemniaj?ce 100%
doppelherz,Review,low,0,1,Minoxidil Doppelherz Dla M??czyzn na odrost w?os w hamuje ich wypadanie 60g
memogames,Review,low,0,1,Memo Games - Gra karciana Mi?dzy nami: Kids
porcello,Review,low,0,1,Serwis obiadowy nowoczesny na 6 os szary nakrapiany do zmywarki mikrofali
reMarkable,Review,low,0,1,reMarkable Paper Pro + Type Folio Etui z klawiatur? + Marker Plus (z gumk?)
tech globe,Review,low,0,2,"Zasobnik CWU 300L NIERDZEWNY 2 w??ownice (1,8 + 3,1) m  zbiornik bojler | Zasobnik CWU 200L NIERDZEWNY 2 w??ownice (1,8 + 2,4) m  zbiornik bojler"
uwolnij kolory,Review,low,0,1,3x Fotokalendarz A3 prezent na dzie? babci dziadka 30x40
x-kom,Review,low,0,1,G4M3R HERO i7-14700F 32GB 1TB RTX5060Ti
xhair,Review,low,0,1,DREWNIANA Szczotka do czesania w?os w Masa?u W?OS DZIKA DZIK antystatyczna
4F,Softlines,override,999,1,4F CH?OPI?CA KURTKA PUCHOWA PIKOWANA / rozm 164
4FIZJO,Softlines,high,13,35,MASA?ER DO D?ONI ELEKTRYCZNY BEZPRZEWOWDOWY UCISKOWY DO R?KI MASA? SPA | GUMY OPOROWE ZESTAW 5 SZT. DO ?WICZE? ROZCI?GANIA TRENINGU MINI BAND 30 CM | AIR TRACK MATERAC GIMNASTYCZNY MATA ?CIE?KA AKROBATYCZNA TRENING POMPKA 3 M
AZENO,Softlines,medium,3,1,MUSIC BOXING MACHINE ?CIANA BOKSERSKA BLUETOOTH TRENING BOKSERSKI LED
Activ/Space,Softlines,low,1,1,"GRUBA MATA 1,5CM GIMNASTYCZNA TRENINGOWA DO ?WICZE? DU?A ANTYPO?LIZGOWA NBR"
Adidas,Softlines,override,999,21,PI?KA NO?NA ADIDAS TRIONDA TRN TRAINING JD8032 MISTRZOSTWA ?WIATA WC 2026 | ADIDAS SUPERSTAR 2 ORIGINALS JH9977 BUTY CZARNE SK RZANE SNEAKERS DAMSKIE | M?skie buty trekkingowe adidas Terrex Swift Solo GZ0331 r.44
Alpine,Softlines,low,1,2,Smartwatch LTE Apple Watch Ultra 3 Czarny Tytan/Czarna Opaska Alpine M 5G | Zatyczki do uszu do spania ALPINE SleepDeep rozmiar M/L kolor bia?y
Amazfit,Softlines,high,11,6,"Smartwatch AMAZFIT T-Rex 3 Pro Czarny | Smartwatch Amazfit T-Rex 3 1,5"" AMOLED GPS NFC pulsoksymetr kompas szary | Smartwatch Amazfit Balance 2 czarny GPS AMOLED sportowy"
Artsport,Softlines,low,1,1,DREWNIANA DRABINKA GIMNASTYCZNA REHABILITACYJNA TRENINGOWA DO ?WICZE?
Atlas,Softlines,high,5,7,"Atlas do ?wicze? 3 | HMS Atlas Do ?wicze? Treningu Si?owego Suwnica Smitha Ze Stosem + Gryf | ATLAS M-SYSTEM 3G M8/FI 6,5 L100 BX"
Bagia,Softlines,high,10,4,WALIZKA DU?A PODR ?NA K ?KA BAGA? MOCNA EXCLUSIVE XXXL 15 KOLOR W | WALIZKA PODR ?NA DU?A ?REDNIA MA?A KUFEREK K ?KA BAGA? TORBA PREMIUM | WALIZKA ?REDNIA PODR ?NA K ?KA BAGA? EXCLUSIVE XL 15 KOLOR W PREMIUM
Bartek,Softlines,medium,3,1,Bartek 8800556 trzewiki buty ocieplane we?n? dzieci?ce 28
Bloom,Softlines,low,1,1,WALIZKA BLOOM XXL   28   97L DU?A MOCNA TWARDA ABS PREMIUM 5 KOLOR W
Brubeck,Softlines,override,999,5,WE?NIANA CZAPKA NA NARTY BRUBECK ACTIVE WOOL L XL | Termoaktywne R?KAWICZKI DO BIEGANIA BRUBECK sportowe czarne ODBLASKOWE | KOMPLET BIELIZNA TERMOAKTYWNA BRUBECK m?ska termiczna ciep?a ZESTAW
Casio,Softlines,high,48,13,Zegarek m?ski CASIO G-SHOCK Original GA-100-1A2ER 3 lata gwarancji | Sportowy zegarek Casio G-SHOCK GST-B100D BLUETOOTH WR200M + Grawer gratis | KLASYCZNY ZEGAREK M?SKI Z DATOWNIKIEM CASIO MTP-1302PD-3AV + BOX
DBX BUSHIDO,Softlines,low,1,1,WOREK TRENINGOWY BOKSERSKI DLA DZIECI R?KAWICE MOCOWANIE ZESTAW NA PREZENT
Dam,Softlines,high,43,21,DAM KOMBINEZON W?DKARSKI XTHERM WINTER SUIT ROZ. L | DAM KOMBINEZON W?DKARSKI XTHERM WINTER SUIT ROZ XL | SMARTWATCH DAMSKI ZEGAREK WODOODPORNY PL MENU ROZMOWY SMART WATCH + 4 PASKI
Deenzy,Softlines,medium,3,4,MASA?ER DO TWARZY EMS 7w1 MEZOTERAPIA LIFTING ULTRAD?WI?KI KRIOTERAPIA LED | MASA?ER DO TWARZY EMS 7w1 MEZOTERAPIA LIFTING ULTRAD?WI?KI KRIOTERAPIA LED | NAWIL?ACZ POWIETRZA KOMINEK LED RGB DYFUZOR AROMATERAPIA TIMER + PILOT
Dunlop,Softlines,medium,3,1,4 Opony zimowe 205/55R16 DUNLOP Winter Sport 5 2025
Electronic Arts Inc.,Softlines,medium,2,4,EA SPORTS FC 26 FC26 2026 - PL dubbing / komentarz - PS5 - P?yta Blu-ray | It Takes Two Gra PS4 | IT TAKES TWO - INCLUDES PS5 VERSION [GRA PS4]
Fitli,Softlines,medium,3,1,KO?O ROLLER DO ?WICZE? ROZBUDOWA MI??NI BRZUCHA TRENING ABS AB WHEEL
Garett,Softlines,low,2,2,Smartwatch GARETT Kids Essa 4G R ?owy | SMARTWATCH GARETT KIDS ESSA 4G CZARNY
Garmin,Softlines,high,39,15,Inteligentna waga Garmin Index S2 czarna | Inteligentna waga Garmin Index S2 czarna | Garmin Striker Vivid 9sv z GT52HW-TM Echosonda GPS
Gerlach,Softlines,medium,2,23,Zestaw garnk w Gerlach Superior 10 el. | Komplet sztu?c w Gerlach Modern 24 el. | GERLACH ZESTAW GARNK W STALOWYCH Z POKRYWKAMI INDUKCJA GAZ AMBIENTE 10 EL
Gopro,Softlines,low,1,1,Kamera Sportowa GoPro HERO12 Czarna 4K UHD
Gp,Softlines,high,19,15,"Ga?nica proszkowa GP6x 6kg ABC MOBIAK wieszak uchwyt NOWA do firmy domu | SMARTWATCH M?SKI GPS MENU POLSKIE WODOODPORNY SPORT ROZMOWY SMART WATCH PL | TABLET 10,1"" 4G SIM LTE 12/512GB 8800 mAh WIFI GPS ZESTAW ETUI MYSZKA RYSIK"
Gymtek,Softlines,high,15,14,BIE?NIA ELEKTRYCZNA DOMOWA SK?ADANA MAGNETYCZNA DO BIEGANIA XT950 GYMTEK | BIE?NIA ELEKTRYCZNA DOMOWA SK?ADANA REGULACJA NACHYLENIA XT580 GYMTEK | PLATFORMA WIBRACYJNA WIBRUJ?CA TRENINGOWA MASA?ER Z PILOTEM XP500 GYMTEK
Happy Home,Softlines,low,2,3,KUCHENKA TURYSTYCZNA WALIZKA NA KARTUSZE W WALIZCE 4X GAZ KARTUSZ GRATIS GE | KUCHENKA TURYSTYCZNA LEKKA PRZENO?NA GAZOWA TURYSTYCZNA PRZENO?NA + 4x GAZY | KUCHENKA GAZOWA TURYSTYCZNA PRZENO?NA 2w1 + 4x GAZ WALIZKA ADAPTER NA BUTLE
Hertz-Fitness,Softlines,medium,3,1,Bie?nia elektryczna Hertz-Fitness Run Master 8.0 do 150 kg
Hop-Sport,Softlines,medium,5,9,?awka treningowa z ekspanderami regulowana hopsport 250 kg sk?adana sko?na | Bie?nia Sk?adana Elektryczna Domowa Regulacja K?ta Nachylenia 2KM do 150kg | Worek treningowy stoj?cy pe?ny 180cm bokserski system anti-shock
INDEX BHP,Softlines,medium,2,12,R?kawiczki Nitrylowe ZARYS easyCARE CZARNE R?kawice Jednorazowe 100 sztuk L | R?kawiczki R?KAWICE robocze r10 LATEX op. 12 PAR | R?KAWICE r?kawiczki robocze PIANKA foam 10 PAR wodoodporne oblanie
Iso Trade,Softlines,low,1,1,Zestaw do Pokera 500 ?eton w Walizka Poker Karty Texas ?etony Kostki Mocny
K-SPORT,Softlines,medium,3,4,Stojaki pod sztang? treningowe regulowane asekuracja stojak do ?wicze? 2szt | ?awka treningowa do cwiczen ?aweczka regulowana sk?adana sko?na pod SZTANG? | Drabinka gimnastyczna+dr??ek do podci?gania/por?cz dla dzieci i doros?ych
KUDDA,Softlines,high,6,4,"DR??EK ROZPOROWY KUDDA STALOWY REGULOWANY 72 110CM DO 200KG PREZENT | ZESTAW 3 GUM DO ?WICZE? POWERBAND gumy oporowe fitness WYSOKA JAKO?? KUDDA | HANTLE BITUMICZNE REGULOWANE 40KG SZTANGA, ZESTAW HANTLI 2X20KG KUDDA"
Karl Hausmann,Softlines,low,1,1,KOMPLET SZTU?C W WALIZKA ZESTAW SZTU?CE STAL NIERDZEWNA 72EL DLA 12 OS B
Koanni,Softlines,high,15,5,RAKI KOSZYKOWE NA BUTY - 12 Z?BOWE - REGULOWANE 36-46 | RAKI KOSZYKOWE NA BUTY - 12 Z?BOWE - REGULOWANE 36-46 | MOCNE RACZKI 38-45 NAK?ADKI NA BUTY KOLCE ?A?CUCHY Koanni
Krischner,Softlines,low,1,2,KOMPLET SZTU?C W WALIZKA ZESTAW SZTU?CE STAL NIERDZEWNA 72EL DLA 12 OS B | ZESTAW SZTU?C W KOMPLET PO?YSK SZTU?CE STAL NIERDZEWNA 24 EL NA 6 OS B
Lex,Softlines,low,1,1,ZESTAW NARZ?DZI KLUCZY NASADKI BIT WALIZKA NARZ?DZIOWA SUPER DU?Y ZESTAW XL
Love Iris,Softlines,low,1,1,Bielizna Erotyczna Bodystocking Sex Rajstopy Kombinezon Seksowny Str j
M-Tac,Softlines,low,1,1,SPODNIE M?SKIE TREKKINGOWE ZIMOWE BOJ WKI SOFTSHELL M-TAC WINTER OLIVE L
M?ka ?owicka,Softlines,medium,3,1,M?ka orkiszowa jasna 630 5kg EKO TORBA
Magnum,Softlines,low,1,10,Spawarka migomat MAGNUM MIG 220 Alu Cu LCD MAG MMA | Spawarka Migomat Magnum 208 Alu synergia L 4x4 MIG/MAG 200A W zek zestaw | Spawarka Magnum p ?automat spawalniczy MIG 220 ALU CU LCD migomat 200A
Majster,Softlines,medium,3,2,PODNO?NIK powietrzny BA?WANEK gumowy PODUSZKOWY 3.5T ?aba Majster MP Pro | SZLIFIERKA ?YRAFA majster PRO Polska ?CIAN TYNK W LED TORBA 2000W ???????
Merci,Softlines,low,1,1,ATLAS PROFESJONALNY DO ?WICZE? SUWNICA BRAMA WYCI?G TRENINGOWY COMMERCIAL
Michelin,Softlines,low,3,13,MOCNA OGRODOWA Myjka ci?nieniowa 3000W mosi??na g?owica ZESTAW | 4x OPONY ZIMOWE 225/45R18 Michelin Pilot Alpin 5 | 4x MICHELIN Alpin 7 205/55R16 91H 2025 r
Mil-Tec,Softlines,high,6,3,PLECAK WOJSKOWY TAKTYCZNY MILITARNY MIL-TEC US ASSAULT M?SKI 36L OLIVE | Mil-Tec - Plecak Ratunkowy Ucieczkowy Przeciwpowodziowy - Czarny - 36l | MIL-TEC
Minexo,Softlines,medium,3,4,PLATFORMA WIBRACYJNA DO MODELOWANIA SYLWETKI ANTYCELLULITOWA 180 PR?DKO?CI | Czujnik Czadu Tlenku W?gla Czujka Gazu Ziemnego Detektor CERTYFIKOWANY LCD | PLATFORMA WIBRACYJNA WYSZCZUPLAJ?CA MASA?ER CA?EGO CIA?A WIBRUJ?CY TRENING
Moraj,Softlines,low,1,1,KOCOBLUZA Moraj PDD3500-007 BASIA bia?y/czarny
NEO TOOLS,Softlines,low,1,3,NEO KLUCZE NASADOWE ZESTAW 216 ELEMENT W 10-216 1/2-1/4 | Zestaw kluczy nasadowych NEO TOOLS 10-078 1/2 3/8 i 1/4 cala 233 element w | Zestaw Narz?dzi Uniwersalny 60 el. Klucze Nasadowe Bity M?otek Walizka NEO
Neo Tools,Softlines,low,2,6,"NEO TOOLS ZESTAW KLUCZY 220 ELEMENT W 1/2"", 3/8"", 1/4"" 10-220 | Zestaw Narz?dzi Uniwersalny Walizka 56 el. Klucze Nasadowe NEO TOOLS | Zestaw Narz?dzi Uniwersalny Walizka 56 el. Klucze Nasadowe NEO TOOLS"
Nexen,Softlines,medium,3,5,1x NEXEN 205/55R16 91H N'blue 4Season ca?oroczne 2025 r | 4x opony 205/55R16 NEXEN WINGUARD SPORT 2 91 H | 4x Opona zimowa Nexen WINGUARD SNOW G3 WH21 195/65R15 91T
Nike,Softlines,override,999,4,Nike Skarpetki Everyday Amortyzowane 6 Par Dri-FIT SX7666-010 L 42-46 | TORBA SPORTOWA TRENINGOWA KIESZE? NA BUTY NIKE ACADEMY 60L CU8090 bk | PLECAK NIKE ELEMENTAL SZKOLNY SPORTOWY TRENINGOWY DD0559-010
Noris,Softlines,low,1,3,STATKI GRA W OKR?TY Z EFEKTAMI ?WIETLNYMI I D?WI?KOWYMI NORIS WALIZKA | GRA W OKR?TY STATKI W WALIZCE STRATEGICZNA BITWA MORSKA ?WIAT?O D?WI?K | SIMBA GRA W STATKI OKR?TY W WALIZCE ?WIAT?O D?WI?K
PRIMABIOTIC,Softlines,medium,3,2,COLLAGEN SPORT gold Kolagen 30ml X 30 Primabiotic 2 opak= 60 shot w | Kwas Hialuronowy PRIMABIOTIC HYALURON Koenzym Q10 250 mg 30szt 30ml
PUCCINI,Softlines,medium,3,1,Plecak Puccini Baga? Podr?czny 40x25x20 WIZZAIR RYANAIR Czarny Damski M?ski
Peltor,Softlines,low,1,1,Aktywne ochronniki s?uchu 3M PELTOR SportTAC zielony + wymienna nak?adka
Peterson,Softlines,medium,3,1,Plecak baga? podr?czny podr ?ny do samolotu turystyczny 40x20x25 PETERSON
Pitbull,Softlines,low,1,1,PIT BULL kurtka BALBOA 2 black zimowa ARI -- L
Polly Pocket,Softlines,medium,2,2,Polly Pocket Wakacyjny Kurort Walizka 4 lalki POJAZD 24 AKCESORIA DODATKI | LALKA POLLY POCKET WAKACYJNY KURORT zestaw zabawy WALIZKA 4 lalki akcesoria
Prologic,Softlines,medium,2,1,KOMBINEZON KURTKA+SPODNIE PROLOGIC HighGrade XXL TERMICZNY ZIMA CIEP?Y
Proxxon,Softlines,medium,3,3,"Proxxon 29 815 akumulatorowa szlifierka k?towa LHW/A 10,8 V walizka, tarcze | Proxxon 28 547 Szlifierka k?towa LHW z d?ug? szyjk?, walizka + 3 tarcze | Frezarka Proxxon LWB/E PR28492 Wiertarko frezarka 100W z regulacj? walizka"
Puccini,Softlines,medium,3,1,Plecak Puccini PM90171 granatowy baga? podr?czny do Wizzair 40x25x20 cm
Puma,Softlines,low,1,1,Pi?ka no?na treningowa do nogi Puma Orbita La Liga Hybrid r 5 + POMPKA!
Salomon,Softlines,medium,3,2,Buty Damskie Salomon SPEEDCROSS 6 GTX Lime/Mahogany/Rose 38 | Salomon Speedcross 6 417379 r. 42 2/3
Sapphire,Softlines,high,13,8,Garmin Fenix 8 43 mm AMOLED Sapphire Soft gold z piaskowo-be?owym paskiem | Zegarek Smartwatch GARMIN FENIX 8 PRO 51mm AMOLED SAPPHIRE Titanium | Sapphire PURE Radeon RX 9070 XT AMD 16 GB GDDR6
Sensei,Softlines,low,1,1,"ZESTAW 4 GUM DO ?WICZE? POWER BAND, Ta?my Oporowe do Treningu, Podci?gania"
Sky-Watcher,Softlines,low,1,1,Teleskop astronomiczny luneta obserwacyjna Sky-Watcher BK 1149 EQ2
SmartGrove,Softlines,medium,5,1,ZEGAREK SMARTWATCH M?SKI ROZMOWY WODOODPORNY CI?NIENIE SPORT SMART WATCH
Smith,Softlines,medium,3,2,Kask SMITH LIBERTY MIPS M | Atlas Suwnica Smitha Multifunkcyjna HMS + Wyposa?enie na Si?ownie Trening
Sony Interactive Entertainment,Softlines,low,1,4,Marvel's Spider-Man 2 PS5 / NOWA / POLSKI DUBBING / P?YTA | EA Sports FC 26 PS4 Pe?na Polska Wersja PL | ASTRO BOT / PS5 / POLSKIE NAPISY / GRA NA P?YCIE W PUDE?KU
TOPEX,Softlines,low,1,1,"Zestaw Kluczy Nasadowych Du?y 219 el. 1/2"" 3/8"" 1/4"" Stal CrV Walizka TOPEX"
Timex,Softlines,high,6,2,Zegarek m?ski Timex Ironman Adrenaline Chronograp | Zegarek m?ski Timex Ironman Adrenaline Chronograp
Tommy Hilfiger,Softlines,high,12,4,ZEGAREK TOMMY HILFIGER 1710448 BAKER ORYGINALNY + PUDE?KO | Tommy Hilfiger 1710448 zegarek m?ski Niebieski pasek czarna tarcza 44mm + pude?ko | Tommy Hilfiger 1710448 zegarek m?ski Niebieski pasek czarna tarcza 44mm + pude?ko
Trex Sport,Softlines,high,84,24,?awka treningowa ?aweczka do ?wicze? sk?adana regulowana sko?na Trex Sport | ?awka treningowa do ?wicze? ?aweczka regulowana sk?adana Trex Sport | Bie?nia Elektryczna Domowa Treningowa Pod ? ?ko Walkingpad AERO TREX SPORT
Under Armour,Softlines,high,5,1,TORBA PODR ?NA UNDER ARMOUR 1369222 SPORTOWA TRENINGOWA TURYSTYCZNA 40 L
Vans,Softlines,medium,3,1,Plecak szkolny jednokomorowy Vans czarny 22 l
Vess,Softlines,medium,4,1,ZEGAREK SMARTWATCH M?SKI 360x360 ROZMOWY MENU PL WODOODPORNY
Wahoo,Softlines,medium,3,2,Wahoo Kickr Core 2 Trena?er Interaktywny + Kaseta 11-biegowa Zestaw Zwift | Trena?er elektryczny Wahoo Fitness KICKR CORE v2 (ZWIFT Cog & Click)
Zagatto,Softlines,high,6,2,Plecak m?ski do pracy na laptopa szkolny m?odzie?owy pojemny czarny ZAGATTO | Plecak do samolotu Ryanair 40x30x20 kabinowy turystyczny baga? Zagatto
Zipro,Softlines,high,30,35,ZIPRO ROWEREK TRENINGOWY rower One S GOLD OUTLET | Wio?larz Powietrzny Magnetyczny Ergometr Wio?larski iConsole Kinomap Zipro | TRENA?ER ELIPTYCZNY treningowy Orbi-Trek Magnetyczny do 120kg - Shox ZIPRO
adidas,Softlines,override,999,4,pi?ka adidas FIFA World Cup League Trionda Box JD8045 r4 | ADIDAS PI?KA NO?NA TRENINGOWA MISTRZOSTWA 2026 TRIONDA TRAINING JD8032 r. 5 | Pi?ka no?na adidas Pi?ka adidas UCL League Box JP1548 r. 5
click4TOYS,Softlines,low,1,2,"PIASEK KINETYCZNY POJAZDY BUDOWLANE XXL WALIZKA D?WIG KOPARKA FOREMKI 1,5KG | KLOCKI MAGNETYCZNE KONSTRUKCYJNE DU?E PANELE 3D 106 el MAGNETIC"
6PAK Nutrition,TCEE,low,1,2,KREATYNA Monohydrat PREMIUM 500G SI?A Regeneracja Wytrzyma?o?? Crea Mono | Od?ywka Bia?kowa WHEY Protein WPC 100% 908G Bia?ko Serwatkowe BCAA In
70Mai,TCEE,medium,5,7,70mai Kamera samochodowa A200 HDR + modu? parking UP03 + PUDE?KO NA PREZENT | Kamera samochodowa 70mai A200 DASH CAM + tylna RC11 +karta 64GB | 70mai Wideorejestrator A510 SET Kamera samochodowa HDR + tylna RC11
7mai,TCEE,high,5,6,70mai M310 Kamera samochodowa Wideorejetrator REJESTRATOR + UP03 + 64GB | 70mai Kamera samochodowa Omni x800 Wideorejestrator 4K + tylna RC14 + 128GB | Wideorejestrator 70MAI Midrive A810 + RC12
ALLboards,TCEE,low,1,1,Tablica magnetyczna bia?a sucho?cieralna 90x60 rama aluminiowa + gratisy
ANBERNIC,TCEE,medium,4,1,PRZENO?NA KONSOLA 7 CALI 2700 GIER FC GBA NES SFC 16GB ROZSZERZENIE 32GB
AOC,TCEE,high,6,1,Monitor Gamingowy 27 AOC Q27G3XMN/BK 2560 x 1440 (WQHD) 180 Hz HDMI DP
ASRock,TCEE,low,1,1,Karta graficzna ASRock Radeon RX 9060 XT 16 GB
ASUS,TCEE,override,999,19,Konsola ASUS ROG Ally RC71L-NH001W - AMD Ryzen Z1 Extreme 7  FHD IPS | Karta graficzna Asus Prime Radeon RX 9070 XT OC 16GB GDDR6 | Karta graficzna Asus Prime GeForce RTX 5070 Ti OC 16GB GDDR7
AZS-ENGINEERING,TCEE,low,1,7,Sauna ogrodowa QUADRO 240 ?m 2QL zestaw z piecem na drewno | Sauna ogrodowa QUADRO 240 ?m 2QL zestaw z piecem na drewno | Sauna ogrodowa BECZKA 240cm 2KR z piecem HARVIA PC70
Acer,TCEE,override,999,3,"Router mobilny przeno?ny Acer Connect M6E Wi-Fi 6E 5G/LTE Nano-SIM 8000 mAh | Laptop Acer Aspire 17 i5-1334U/16GB/512/Win11 | Laptop biznesowy ACER TravelMate P2 16"" R7 PRO 7735U 16GB 512GB W11H + AV"
Adata,TCEE,high,19,5,"Pami?? RAM ADATA XPG Lancer Blade RGB 32GB 6400MHz | Dysk SSD ADATA 1TB 2,5"" SATA SSD Ultimate SU650 | Dysk SSD M.2 PCIe Gen4 NVMe ADATA LEGEND 860 1TB"
Aflofarm,TCEE,low,4,7,"AROMACTIV AROMATYCZNE PLASTRY 5 SZT | Bravera Control 8 ml aerozol, LEK | Inventum Max tabletki na POTENCJ? Erekcj? Wzw d 50mg 5 x 4tab. Syldenafil"
Aiwa,TCEE,high,7,1,"Monitor gamingowy AIWA 24"" 1920x1080 100Hz HDMI bezramkowy zakrzywiony"
Akai,TCEE,medium,2,2,AKAI MPC KEY 37 - Samodzielna stacja robocza typu MPC | AKAI MPC ONE+ - Stacja robocza
AllBoards,TCEE,low,1,1,Tablica magnetyczna bia?a 120x90 cm rama aluminiowa PREMIUM EXPO + GRATIS
Amazon,TCEE,low,1,1,Przystawka Smart TV Amazon Fire TV Stick 4K MAX Chromecast ULTRA HD HDR10+
Amica,TCEE,low,1,6,P?yta indukcyjna do zabudowy AMICA powerboost timer booster 4 pola 60cm | PRALKA AUTOMATYCZNA AMICA WA0S610DO | Pralka Amica WA5S714ALiSH 7kg 1400obr 15program w Slim inwerter
Anker,TCEE,low,1,2,Powerbank Anker Ultra-Fast 25000mAh 165W wbudowany kabel USB-C czarny | Przeno?na stacja zasilania Anker Solix C1000X 1056Wh 1800W UPS
Anycubic,TCEE,medium,4,1,Drukarka 3D ANYCUBIC Kobra S1 Combo + Filament + Zestaw Miecz ?wietlny
Apple,TCEE,high,376,244,Telefon Apple iPhone 17 8/256GB 5G Go??bi | Telefon Apple iPhone 16 8/128GB 5G Turkusowy | Telefon Apple iPhone 16 8/128GB 5G Bia?y
Aquael,TCEE,high,8,6,AQUAEL ULTRAMAX 2000 Filtr do akwarium 400-700l NOWA WERSJA | Aquael Ultramax BT   filtr zewn?trzny z Bluetooth akwarium do 750 l | Aquael Ultramax BT   filtr zewn?trzny z Bluetooth akwarium do 750 l
Ariston,TCEE,low,1,2,"Ariston Akros R X 1020 piecyk gazowy podgrzewacz wody do ?azienki 4332007 | Ariston Velis Dune WiFi pojemno?ciowy podgrzewacz wody 80 l 1,5 kW"
Asato,TCEE,high,8,2,"ASATO Konsola Retro 20000 Gier 4K HDMI 2 Pady 2,4 GHz | Drukarka Termiczna Druku? 5.0 13 Rolek Aparat Natychmiastowy Na Prezent"
Asert,TCEE,low,1,1,BRAMKA OCHRONNA BARIERKA ZABEZPIECZAJ?CA 72-122 cm
Asrock,TCEE,low,1,1,Karta graficzna ASROCK STEEL LEGEND Radeon RX 9070 XT 16GB DDR6 256bit
Asus,TCEE,override,999,12,Konsola przeno?na ASUS ROG Xbox Ally X RC73XA Ryzen Z2 W11 +3msc. Game Pass | 2X ASUS ROG Strix Scar 18 2025 G835LX-U9644X 18'' Ultra 9 64GB 4TB RTX5090 | Laptop ASUS Vivobook 15 X1502VA i5-13420H 16GB 512 Windows 11 Home
Audio-Technica,TCEE,medium,2,1,Gramofon AUDIO-TECHNICA AT-LP120X Czarny
Autel,TCEE,medium,3,9,AUTEL TPMS TS508WF TS TPMS Wi-Fi PROGRAMATOR CZUJNIK W | AUTEL MaxiCHECK MX900 Nowa Seria 8 cali Android 11 DEALER AUTEL POLSKA ! | AUTEL MAXICHECK MX808S J.POLSKI OD DEALERA AUTEL POLSKA
AutoXscan,TCEE,low,1,4,PROFESJONALNY TESTER DIAGNOSTYCZNY RS300PRO J?zyk Polski WSZYSTKIE AUTA | TESTER DIAGNOSTYCZNY + PROGRAMATOR TPMS AUTOXSCAN RS950 PRO TS POLSKI | TESTER DIAGNOSTYCZNY OBD2 UNIWERSALNY DO SAMOCHOD W PL RS830 PRO 1 marka
Avalanche Software,TCEE,medium,2,2,HOGWARTS LEGACY - Dziedzictwo Hogwartu - PL - NOWA GRA PS5 - P?yta Blu-ray | HOGWARTS LEGACY - Dziedzictwo Hogwartu - PL - NOWA GRA PS5 - P?yta Blu-ray
BIGSTREN,TCEE,medium,2,1,Kamera Inspekcyjna Endoskop 5m Full HD Wy?wietlacz LCD USB 6LED IP67 do Rur
BSG,TCEE,medium,6,2,"Komputer Gamingowy Ryzen 5 4,1GHz | Komputer Gamingowy Ryzen 5 4,1GHz"
BabySense,TCEE,low,4,1,Babysense 8 medyczny monitor oddechu dla niemowl?t ? ?eczka & dostawki
Bambu Lab,TCEE,high,41,10,Drukarka 3D Bambu Lab P1S szybko?? precyzja nowoczesno?? zamkni?ta komora | Drukarka 3D Bambu Lab P1S Combo | Drukarka 3D
Baseus,TCEE,high,7,9,BASEUS MOCNY KABEL USB-C SZYBKIE ?ADOWANIE PRZEW D TYP-C PD 100W QC 5A 2M | Szybka ?adowarka Baseus GaN3 100W USB-C zasilacz do laptopa | BASEUS POWER BANK Z SZYBKIM ?ADOWANIEM 20000MAH 20W USB-C USB-A Z KABLEM
Beauty Limited,TCEE,medium,3,7,Suszarka do w?os w JONIZACJA 3 NAK?ADKI Magnetyczne 2000W Beauty Limited | Peeling Kawitacyjny Jonoforeza Sonoforeza Pr?dy EMS 6w1 DU?A MOC 10W | Najmocniejszy Darsonval OZON P?ynna regulacja mocy Beauty Limited 30W
Beckers,TCEE,low,1,4,Beckers Designer Colour 5L Cotton Candy | Farba lateksowa Beckers Designer White 10L bia?a | Beckers Perfect White Farba Antysmugowa Bia?a 9 L
Bedee,TCEE,high,13,4,Przeno?na konsola do gier R36S z 21 000 grami i ekranem HD MIPI | R36S KONSOLA DO GIER RETRO 20000 GRY 64GB FIOLETOWA | PRZENOSNA KONSO?A GIER R36S Z 3500MAH BATERIA 8 GODZIN GRANIA NA BATERII
Behringer,TCEE,medium,2,1,BEHRINGER XR18 X AIR MIKSER AUDIO CYFROWY WIFI RACK
Berner,TCEE,low,1,2,Latarka czo?owa 2-w-1 z USB C BERNER 1015462 NAJNOWSZY MODEL 2026 | BERNER LAMPA LATARKA CZO?OWA LED 2W1 AKU 335506
Besen,TCEE,low,1,2,"Stacja ?adowania EV Wallbox BESEN WiFi APP 22kW + uchwyt EVSE master | ?adowarka, Wallbox NEW BESEN 22kW - POLSKIE MENU EKRANU, regulacja 5-22kW"
Bitzee,TCEE,low,1,5,Bitzee Interaktywne zwierz?tko Jurassic World | BITZEE INTERAKTYWNE CYFROWE ZWIERZ?TKO WIRTUALNY HOLOGRAM HARRY POTTER | BITZEE DISNEY INTERAKTYWNE ZWIERZ?TKO CYFROWE 30W1
BlendyGo,TCEE,low,1,1,Oryginalny BlendyGO 3 Przeno?ny blender bezprzewodowy USB 550 ml czarny
Blow,TCEE,medium,5,5,"TUNER DEKODER DVB-T2 TV NAZIEMNEJ H.265 HEVC FULL HD USB HDMI PILOT BATERIE | TABLET ANDROID 10"" LTE 4/128GB 8000 mAh WIFI GPS SIM ?ADOWARKA RYSIK CZARNY | INTERFEJS DIAGNOSTYCZNY OBD2 BLUETOOTH TESTER ANDROID iOS WINDOWS POLSKI"
Bose,TCEE,low,1,1,Bose Smart Dolby Atmos Soundbar Bluetooth sterowanie g?osowe czarny
Breville,TCEE,low,1,1,Gofrownica BREVILLE DuraCeramic VST072X
Brother,TCEE,override,999,13,Urz?dzenie Brother MFC-L2802dw Duplex WiFi LAN Fax ADF | Drukarka wielofunkcyjna laserowa (kolor) Brother DCP-L3560CDW | Drukarka Brother DCP-L3560CDW Duplex WiFi podajnik skanera ADF
CHiQ,TCEE,medium,4,1,"Monitor LED ChiQ 22F650 22 "" 1920 x 1080 px VA"
Came,TCEE,low,1,1,"PILOT CAME SPACE SP2 do BRAMY 433,92Mhz zielona dioda + instrukcja"
Canon,TCEE,override,999,23,Canon i-SENSYS MF655CDW Kolor ADF WiFi Duplex | Obiektyw Canon RF 24-70mm f/2.8 L IS USM | Drukarka wielofunkcyjna atramentowa (kolor) Canon Pixma TS3350 + USB GRATIS
Ceramizator,TCEE,medium,2,2,CERAMIZATOR DIESEL - DO SILNIK W DIESLA | CERAMIZATOR ANTYKOKS DPF AN-AD
Ceramizer,TCEE,medium,2,2,Ceramizer CS do regeneracji silnika | CERAMIZER ONE-SHOT ! EDYCJA LIMITOWANA !
Cleantle,TCEE,low,1,2,Cleantle Admire Pow?oka Ceramiczna na Lakier Pow?oka Hydrofobowa 50 ml | CLEANTLE ADMIRE 50ML
Clementoni,TCEE,low,2,9,INTERAKTYWNY GLOBUS EDUGLOBUS KOSMOS CLEMENTONI 7+ | Clementoni Interaktywny Eduglobus Exploreglobe 50848 | Clementoni Zestaw Naukowa Zabawa Nowoczesna Szklarnia Hi-Tech 50915
Climative,TCEE,low,2,4,Promiennik Podczerwieni RAY 2500W 9 Tryb w Regulacji Mocy Grzejnik Tarasowy | Osuszacz Powietrza Climative DH-20 Cube ION Poch?aniacz Wilgoci 20L | Osuszacz powietrza Climative DH-20S UV Silent WiFi
Corsair,TCEE,high,8,2,Pami?? RAM DDR5 Corsair 32 GB 6000 MHz CL30 | Pami?? RAM DDR4 Corsair 32GB(2x16GB) 3200MHz CL16
Creality,TCEE,high,12,9,Drukarka 3D CREALITY K2 Plus Combo Wi-Fi | CREALITY SKANER 3D CR-SCAN Raptor PRO 2025 | Creality K2 Pro Combo Drukarka 3D FDM Du?a Wielokolorowa Zamkni?ta + CFS
Crucial,TCEE,high,10,3,Dysk CRUCIAL E100 1TB SSD | Dysk CRUCIAL X9 2TB SSD | Pami?? Crucial Pro Overclocking DDR5 32 GB (2x16GB) 6000MHz CL36
Cubot,TCEE,medium,2,1,"TABLET CUBOT TAB 70 10,95"" 16/128GB LTE 4G GPS WIFI ANDROID 8200 mAh + ETUI"
Cudy,TCEE,medium,3,2,"Router-5G LTE CUDY-P2 MODEM GSM na karta SIM MESH SZYBKI 2.6Gb WiFi6 AX3000 | Router CUDY LT400 2.4 GHz, Gniazdo SIM"
DJI,TCEE,medium,8,31,Mikrofon dynamiczny DJI Mic Mini (2 TX + 1 RX + Etui ?aduj?ce) | Dron DJI Neo 2 Motion Fly More Combo | Dron DJI Neo Motion Fly More Combo
DRMZ,TCEE,medium,3,1,SMART BOX TV 4K 8K ANDROID 13 WIFI 6 BLUETOOTH 5 PRZYSTAWKA TV MODEL 2025
DVS,TCEE,low,1,1,ZESTAW KAMER DO MONITORINGU 5MPX IP POE 4 KAMERY ZEWN?TRZNE 1TB APLIKACJA
Dahua,TCEE,high,11,6,Kamera tubowa IP Dahua IPC-HFW2849S-S-IL-0280B 8 Mpx DUAL | KAMERA IP IPC-HDW1639T-A-IL-0280B-S6 Smart Dual Light - 6 Mpx 2.8 mm DAHUA | Kamera IP DAHUA 4K 8Mpx IPC-HDW2849TM-S-IL-0280B Dual Light
Dell,TCEE,high,19,11,"DELL UltraSharp 32 4K U3225QE 31.5inch | Monitor Dell Alienware AW3425DW 210-BRTW 34"" 4K | DELL PRO 15 i5-1334U 16GB SSD512 IPS 120Hz Win11 POD?. KLAW."
Diablo,TCEE,high,10,5,Fotel Gamingowy Diablo X-GAMER NORMAL SIZE Dark obsidian | DIABLO X-Player 2.0 Fotel Gamingowy Materia?owy Normal Size Bia?o-Czarny | DIABLO Fotel Gamingowy Obrotowy X-ONE 2.0 Normal Size: Czarno-czerwony
Dickie Toys,TCEE,medium,2,2,DU?Y D?WIG ?URAW BUDOWLANY ZDALNIE STEROWANY 120 CM OBROTOWE RAMI? D?WI?K | DU?Y D?WIG ?URAW BUDOWLANY ZDALNIE STEROWANY 120 CM OBROTOWE RAMI? D?WI?K
EBERG,TCEE,medium,3,4,Przemys?owy osuszacz powietrza EPD 50 budowlany poch?aniacz wilgoci 55l/24h | Osuszacz powietrza EBERG RICO poch?aniacz 12l/24h +WiFi +TIMER +higrostat | Osuszacz powietrza EBERG RICO poch?aniacz 12l/24h +WiFi +TIMER +higrostat
ENGO,TCEE,low,1,1,REGULATOR TEMPERATURY STEROWNIK BEZPRZEWODOWY INTERNETOWY WIFI ENGO E901
Eberg,TCEE,low,1,3,Wentylator ?azienkowy cichy EBERG AXI 100 Timer Czujnik wilgotno?ci + Klapa | Osuszacz powietrza EBERG AZARI poch?aniacz 20l/24h +WiFi TIMER higrostat | Kostkarka do lodu EBERG wydajna szybka cicha du?e kostki szara 160W+?opatka
Ecoflow,TCEE,low,1,8,PRZENO?NA STACJA ZASILANIA ECOFLOW DELTA 3 PLUS 1024 WH 1800W APLIKACJA HID | PRZENO?NA STACJA ZASILANIA ECOFLOW DELTA 3 1024 WH 1800W APLIKACJA | Przeno?na Stacja Zasilania EcoFlow Delta 2 1024 Wh 1800W X-Stream AC USB-C
Ei system,TCEE,medium,4,1,Drukarka 3D 210x210x210mm Wy?wietlacz Podgrzewany St ? Prezent Edukacyjny
Electo,TCEE,low,2,12,FRYTKOWNICA BEZT?USZCZOWA AIR FRYER FRYTOWNICA ELECTO 2000W 14 PROGRAM W 8L | FRYTKOWNICA BEZT?USZCZOWA AIR FRYER FRYTOWNICA DU?A 8L 2000W DU?A MISA XL | FRYTKOWNICA BEZT?USZCZOWA AIR FRYER 8L DU?A FRYTOWNICA 2000W 14 PROGRAM W
Elegoo,TCEE,medium,5,1,Elegoo Centauri Carbon drukarka 3D FDM zamkni?ta CoreXY 500 mm/s 320  C WiFi
Elektrobim,TCEE,low,1,1,Zestaw nap?d automat do bramy dwuskrzyd?owej 600kg ETM-01 Fortis + 4 piloty
Epee,TCEE,low,3,14,"Koci Domek Gabi Walizeczka Kociej Artystki EPEE Zestaw Kreatywny Plastyczny | EPEE PROJEKT DEKO PRACOWNIA 3w1, zestaw kreatywny dla dzieci +6 lat | Pies Piksel   Interaktywny w. POLSKA, 150+ reakcji"
Epson,TCEE,override,999,17,URZ?DZENIE WIELOFUNKCYJNE EPSON XP-4200 3W1 DUPLEX WIFI TANIE TUSZE | Urz?dzenie wielofunkcyjne fotograficzne A4 Epson EcoTank L8160 FOTO + USB | Urz?dzenie wielofunkcyjne Epson Ecotank L8180
Ergovent,TCEE,low,1,1,Anemostat bezramkowy nawiewno-wywiewny 125mm okr?g?y gipsowy bia?y Ergovent
Esperanza,TCEE,medium,7,5,Mikrofal wka Kuchenka Mikrofalowa Prosta w Obs?udze Czarna 20 litr w | Kierownica Esperanza NITRO PC PS3 270  USB Peda?y | NIANIA ELEKTRONICZNA WIDEO KAMERA MONITOR LCD OBRAZ NA ?YWO TRYB NOCNY
Ezviz,TCEE,medium,3,5,Robot sprz?taj?cy ze stacj? Ezviz RE5 Plus 45W bia?y | WIZJER ELEKTRONICZNY DO DRZWI JUDASZ CS-DP2 2K 3MPX PANEL DOTYKOWY EKRAN | Wideodomofon WiFi HP7 PRO EZVIZ 4K Furtka Brama Rozpoznanie D?oni 2-?y?owy
Faac,TCEE,low,1,3,Zestaw nap?d si?ownik FAAC 740 DELTA 2 | Nap?d do bram przesuwnych Faac 740 Zestaw naprawczy ZN-0 | Zestaw FAAC nap?d si?ownik ALFA 414 XLED Piloty
Feegar,TCEE,medium,3,4,S?uchawka Bluetooth 5.2 dla Kierowcy Feegar BOND SE 24h CVC DSP do Telefonu | Kompresor Samochodowy 12V 230V Feegar SPR??ARKA POMPKA PRZENO?NA do K ? LED | Feegar Patrol Wideorejestrator Kamerka Samochodowa Cofania FullHD +SD 128GB
Fenda,TCEE,medium,2,1,"FENDA T-60X PRO g?o?niki pod?ogowe do telewizora, komputera , BLUETOOTH"
FenixKS,TCEE,medium,4,1,FenixKS DPF Scan F331 FAP control monitor filtra cz?stek sta?ych VW VAG
Festool,TCEE,low,1,11,Festool SZLIFIERKA ODKURZACZ LHS 2 ?yrafa MAX ZESTAW RATY 0% PLANEX | Festool Zag??biarka TS55 FEBQ-Plus MAX ZESTAW + ?CISKI + TARCZA + SZYNA XXL | FESTOOL ZAG??BIARKA TS 55 FEBQ-PLUS 576703 i SZYNA 1400 Z PRZYLEPCAMI
Focusrite,TCEE,medium,4,2,Focusrite Scarlett Solo 4th Gen Interfejs Audio + Oprogramowanie 24H | Focusrite Scarlett 2i2 4th Gen   interfejs audio USB
Force,TCEE,high,18,15,"ZESTAW DO BRAM NAP?D FORCE 2000 DO 2000KG PILOTY | WIDEODOMOFON FORCE PIANO 10"" FULL HD TUYA WiFi CZYTNIK BRELOKI BRAMA FURTKA | Karta graficzna MSI GeForce RTX 5080 Ventus 3X OC Plus 16GB GDDR7 DLSS4"
FreeStyle,TCEE,low,1,1,"FreeStyle Libre 2, system monitorowania st??enia glukozy, sensor, 1 sztuka"
Freestyle,TCEE,low,1,1,Samsung The Freestyle SP-LFF3CLA Projektor przeno?ny DLP
Fujifilm,TCEE,high,5,12,"FUJIFILM X100 VI - 40 MP kompakt z IBIS, sta?a 23 mm f/2, srebrny | Wk?ady Instax SQUARE 2x10sztuk 20 ZDJ?? Film Fujifilm SQ1 SQ6 Drukarka Link | Wk?ady FUJIFILM Instax Mini Glossy 20 sztuk"
GALAXIA,TCEE,high,20,13,8X SZKLANE POJEMNIKI NA ?YWNO?? 8SZT Pojemnik Lunchbox DO LOD WKI MIKROFALI | 300X WK?AD AIR FRYER PAPIER WK?ADY PAPIEROWE DO FRYTKOWNICY BEZT?USZCZOWEJ | Lampka projektor galaxia wielokolorowy
GSC Game World,TCEE,low,1,1,Gra PS5 PLAION S.T.A.L.K.E.R. 2 Serce Czarnobyla Day One Edition
Gainward,TCEE,medium,4,4,Karta Graficzna Gainward GeForce RTX 5070 Ti Phoenix-S 16GB GDDR7 | Karta graficzna NVIDIA Gainward GeForce RTX 5070 Python III 12GB GDDR7 | Karta graficzna NVIDIA Gainward GeForce RTX 5070 Python III 12GB GDDR7
Gigabyte,TCEE,high,49,26,"Gigabyte AORUS GeForce RTX 5080 MASTER ICE 16G 16GB GDDR7 2805MHz | Monitor Gigabyte GS27QA 2560 x 1440 LED, IPS | Karta graficzna GIGABYTE Radeon RX 7600 Gaming OC 8G GDDR6 128bit"
Gmktec,TCEE,high,6,1,Komputer GMKTEC EVO-X2 Ryzen AI Max+ 395 128GB RAM 2TB SSD Wi-Fi
GoPro,TCEE,low,1,1,"Kamera GoPro HERO 13 Black 5,3K + podw jna ?adowarka + 2x akumulator"
Goodram,TCEE,high,71,19,Pami?? RAM GOODRAM IRDM 32GB (2x16GB) DDR5 6000MT/s CL36 | Pami?? RAM GoodRam DDR5 16GB 5600 CL46 Czarny | Dysk SSD Goodram PX600 1TB PCIe 4x4 M.2 2280
Google,TCEE,high,78,48,"GOOGLE PIXEL 8 8GB 128GB PE?NY ZESTAW FOLIA | Google Pixel 8 5G 8/128GB GPJ41 Obsidian Czarny | Projektor Laserowy JMGO N1S Ultimate Google TV 4K UHD, polska dystrybucja"
Gwiazdoholik,TCEE,low,1,1,Galaktyczny Projektor Gwiazd 3.0 - PLANETARIUM DOMOWE
HORI,TCEE,low,1,1,Kierownica HORI Racing Wheel Apex do PC/PS4/PS5
HP,TCEE,high,85,40,Oryginalny Tusz HP 304 Czarny (black) N9K06AE | Oryginalny Tusz HP 304 Czarny (black) N9K06AE | ORYGINALNY TUSZ HP 304 Black N9K06AE CZARNY NOWY
Hammer,TCEE,medium,5,2,ODPORNY SMARTFON HAMMER CONSTRUCTION 2 THERMAL 5G TERMOWIZJA 8/258GB 120Hz | LATARKA CZO?OWA LED AKUMULATOROWA CZO? WKA USB-C HAMMER 750LM PRO VAYOX
Heelly,TCEE,high,23,9,OTOSKOP SMART KAMERA CZYSZCZENIE USZU WOSK WIFI APLIKACJA ENDOSKOP HEELLY | PROJEKTOR RZUTNIK ANDROID TV 4K WIFI FULL HD PRZENO?NY SMART G?O?NIK HEELLY | KAMERA PODW JNA 2X5MP 5GHz ZOOM ZEWN?TRZNA OBROTOWA IP WIFI ALARM DETEKCJA
HiTec Nutrition,TCEE,low,1,1,HI TEC Whey C-6 - 2250g BIA?KO PROTEIN WPI WPH WPC
Higher,TCEE,medium,3,20,"Piec nadmuchowy z nadmuchem dmuchawa nagrzewnica powietrza koza 15 kW | Drabina aluminiowa przegubowa wielofunkcyjna HIGHER 4x4 + podest 4,6m 150kg | Drabina aluminiowa 3x14 wielofunkcyjna MOCNA 9,09m uniwersalna WYTRZYMA?A"
Hikmicro,TCEE,medium,2,2,Kamera Termowizyjna Monokular Termowizyjny Hikmicro LYNX PRO LH25 2.0 / V2 | Monokular Termowizyjny Kamera Termowizyjna Termowizor Hikmicro Lynx LE10S
Hikoki,TCEE,low,1,5,"HIKOKI SZLIFIERKA K?TOWA FLEX DIAX K?T WKA DU?A G23SW2 230mm 2200W | HIKOKI MOCNA Szlifierka K?towa Du?a G23SW2 230mm 2200W + tarcza DIAMENTOWA | M?otowiertarka 1100W SDS MAX 10,5j Hikoki DH40MC"
Hikvision,TCEE,low,1,1,Kamera termowizyjna termowizor HIKMICRO by HIKVISION Lynx LE15S + ZESTAW
Himalaya,TCEE,low,1,2,"Himalaya Cystone na uk?ad moczowy, 100 tabletek 30/06/26 data | Himalaya Sparkly White Wybielaj?cy P?yn do P?ukania Jamy Ustnej, 450 ml"
Hippocampus,TCEE,low,1,1,BY?O SOBIE ?YCIE GRA PLANSZOWA EDUKACYJNA DZIECI SERIAL BAJKA TV RODZINNA
Hisense,TCEE,high,8,13,"Projektor Hisense C2 | Projektor Hisense C2 Pro + G?o?nik + CASHBACK | Telewizor LED Hisense 65A6N 65"" 4K UHD czarny DYSTRYBUCJA PL"
Homatics,TCEE,medium,3,1,Android SMART TV Homatics Dongle G 4K Android 11 Bluetooth 5 WiFi
Honor,TCEE,high,24,8,"Smartfon HONOR 400 Pro 5G 12/512GB 6.7"" 120Hz Szary | Honor Magic V2 7.92"" 16/512GB 5G LTPO OLED 120Hz MagicOS7.2 HDR10+ | Honor Magic V2 512GB czarny"
Huawei,TCEE,override,999,25,"HUAWEI Smartwatch WATCH GT5 Pro Active 46mm AMOLED 1,42 czarny | Smartwatch HUAWEI Watch Fit 3 Pastelowy r ? | Smartwatch HUAWEI Watch FIT 3 Pastelowy R ?"
Iiyama,TCEE,high,12,3,"Monitor 27"" iiyama G-Master G2771QS-B1 WQHD IPS LED 200Hz 0,5ms HDMI DP HDR | Monitor iiyama G-Master GCB3482WQSU-B1 Black Hawk 34 Zagi?te VA LED 120Hz | Monitor iiyama ProLite XCB4594DQSN-B1 44.5? 5120 1440"
Immergas,TCEE,low,1,1,IMMERGAS STEROWNIK PROGRAMATOR RADIOWY BEZPRZEWODOWY TYBOX 137+
Imou,TCEE,low,2,2,SEKATOR AKUMULATOROWY ELEKTRYCZNY NO?YCE SEKATOR OGRODOWY AKU MOCNY IMOUM | Kamera IP Obrotowa Imou Cruiser Dual 5MP + 5MP IPC-S7XP-10M0WED-0360B-imou
Indo,TCEE,low,1,1,Hulajnoga trampolinowa Indo Kickstart Classic czarna + Gratis worek GOZONE
Inno3D,TCEE,low,1,1,Karta graficzna Inno3D GeForce RTX 5080 X3 OC 16GB GDDR7 256bit DLSS 4
Insta360,TCEE,low,2,2,Kamera sferyczna INSTA360 X5 Essentials Bundle 8K-30 FPS | Kamera sportowa Insta360 X5
Intel,TCEE,high,35,16,Pami?? RAM Sh. DDR4 8GB SODIMM 2666mHz do laptop w z procesorem INTEL | Laptop Asus VivoBook 15 Intel Core 5 10-rdzeni 16GB 512GB SSD Full HD Win11 | Procesor Intel Core i5-14600K OEM
Izoxis,TCEE,low,1,2,Projektor Gwiazd Planerarium Rzutnik Nieba Lampka Nocna do Pokoju LED | Lampka Biurkowa LED na Biurko Szkolna Lampa Kre?larska do Biura Stoj?ca 2w1
JBL,TCEE,high,11,34,S?uchawki Bezprzewodowe JBL Wave 200 TWS Dokana?owe Czarne | S?UCHAWKI BEZPRZEWODOWE DOKANA?OWE JBL WAVE 200 TWS ETUI 108dB | S?UCHAWKI BEZPRZEWODOWE DOKANA?OWE JBL WAVE 200 TWS ETUI 108dB BIA?E
JG Smart,TCEE,low,2,1,Smartwatch m?ski Realtek 8763E wodoodporny Bluetooth
Jokomisiada,TCEE,medium,4,2,Drewniany domek dla lalek w stylu Boho led ZA4131 | Laptop edukacyjny polsko angielski 65funkcji ZA3321
Joroto,TCEE,low,1,1,WIO?LARZ WODNY D?B SK?ADANY Z BLUETOOTH DO DOMU 150 KG JOROTO MR290
KOMFIG,TCEE,medium,6,2,Komputer Gamingowy Ryzen 7 7800X3D RTX 5070 32GB DDR5 2TB M2 WINDOWS 11 | Komputer Gamingowy Ryzen 7 7700 RTX 5070 32GB DDR5 2TB M2 WINDOWS 11
KRAKEN,TCEE,medium,2,1,FOTEL GAMINGOWY BIUROWY KRZES?O OBROTOWE DO BIURKA
KREOleo,TCEE,low,1,2,ZABEZPIECZENIE MAGNETYCZNE BLOKADA MEBLI SZAFEK BLOKADY DLA DZIECI 10 szt | MOCNA LATARKA TAKTYCZNA LED AKUMULATOROWA ZOOM SURVIVALOWA NA PREZENT USB C
Kaisai,TCEE,low,1,2,"KAISAI POMPA CIEP?A ARCTIC MONOBLOK 12 kW (KHC) 400V GRZA?KA 3/6/9 kW | Klimatyzator KAISAI ICE bia?y 3,5kW wifi pilot ch?odzenie ogrzewanie"
Kaminer,TCEE,low,1,3,Odkurzacz Przemys?owy Bezworkowy do Kominka Popio?u Gruzu Pieca Grilla 15l | Bramka Barierka Zabezpieczaj?ca Os?ona do Kominka Pieca Ochronna Kominkowa | Odkurzacz Przemys?owy Bezworkowy do Kominka Popio?u Pieca ?aroodporny 20l
Kanza,TCEE,low,1,1,PARASOL GRZEWCZY GAZOWY OGRZEWACZ TARASOWY PIRAMIDA KOMINEK 227CM 13kW DU?Y
Karama,TCEE,low,1,1,KARAMA Perro - Adult - CIEL?CINA Z BATATAMI - 12KG
Kingston,TCEE,high,64,21,Przeno?ny zewn?trzny dysk SSD 1TB KINGSTON XS1000 USB 3.2 | Przeno?ny zewn?trzny dysk SSD 1TB KINGSTON XS1000 USB 3.2 | KINGSTON KARTA MICROSD 128GB MICRO CL10 ADAPTER SD
Kioxia,TCEE,high,5,1,Dysk SSD KIOXIA EXCERIA SATA 6Gbit/s 2.5 960GB
Knipex,TCEE,medium,2,3,Szczypce nastawne do rur Cobra klucz do nakr?tek Knipex 87 01 300 mm 300mm | Szczypce do rur nowej generacji Knipex Cobra 300 mm 8701300 | KNIPEX 00 20 09 V02 ZESTAW SZCZYPIEC nastawnych do RUR Cobra 300/250/180
Kross,TCEE,medium,2,2,"Rower MTB MS Kross Black Edition 3 ko?a 29 cali rama 19"" | Rower gravel Kross esker 6.0 rama 19 cali ko?o 28 "" czarny"
Kruger&Matz,TCEE,high,8,5,"Telewizor FHD 43' Kruger&Matz Smart TV VIDAA WiFi Netflix DVB-T2 H265 Hevc | RAMKA CYFROWA 10"" NA ZDJ?CIA FOTORAMKA WIFI SD 32GB WYSOKA JAKO?? | Cyfrowa ramka Kruger&Matz na zdj?cia FRAMEO Wi-Fi 10,1"" wysoka jako?? panel"
LAZYhome,TCEE,low,2,2,CZARNY ST ? OGRODOWY CATERINGOWY BANKIETOWY SK?ADANY OGRODOWY WALIZKA 180cm | FOTEL GAMINGOWY DLA GRACZA KUBE?KOWY KRZES?O BIUROWE PODN ?EK + MASA? + LED
LEK-AM,TCEE,low,1,1,Zestaw Biosteron 25 mg 2 op. x 60 tabletek 120 tabletek
LG,TCEE,high,31,50,"GYS NAGRZEWNICA INDUKCYJNA POWERDUCTION 37LG | Monitor OLED LG UltraGear 27GX790A-B 27 "" 2560 x 1440 px OLED | Monitor OLED LG 32GS95UV-B 31,5 "" 3840 x 2160 px OLED"
Labra,TCEE,medium,2,1,KAMERA ZEWN?TRZNA IP WIFI AP 4K 8MP UHD SIM 4G
Lavor,TCEE,low,1,2,SZOROWARKA AUTOMAT MYJ?CY LAVOR SPRINTER PRANIE | MYJKA CI?NIENIOWA LAVOR STARGATE 180 BAR ALUMINIOWA POMPA
Ledlenser,TCEE,medium,3,5,Pozwr-ocie Ledlenser H7R Core latarka czo?owa 1000 lm | Nowa Oryginalna Latarka czo?owa Czo? wka Ledlenser H8R 600 lm | Ledlenser H8R latarka czo?owa LED 600 lm fokus z tylnym ?wiat?em USB 500853
Lenovo,TCEE,high,70,35,"LENOVO TAB M11 8/128GB TABLET 11 CALI HELIO G88 ANDROID NOWY | LENOVO TAB M11 8/128GB TABLET 11 CALI HELIO G88 ANDROID NOWY | Tablet Lenovo Tab M11 10,95"" 4 GB / 128 GB szary"
Lewer,TCEE,high,11,6,FREZARKA DO PAZNOKCI MANICURE PEDICURE 65W PROFESJONALNA MOCNA zestaw frezy | DRUKU? MINI DRUKARKA TERMICZNA APARAT NATYCHMIASTOWY 23 ROLKI PAPIER TERMIC | FREZARKA DO PAZNOKCI MANICURE PEDICURE PROFESJONALNA BEZPRZEWODOWA ZESTAW
Lexar,TCEE,high,32,7,Dysk SSD Lexar NM790 2TB M.2 2280 PCI-E x4 Gen4 NVMe (LNM790X002T-RNNNG) | Dysk SSD Lexar NM790 1TB M.2 2280 PCIE x4 Gen4 NVMe 7400MB/s PS5 | Lexar Dysk SSD NM620 1TB NVMe M.2 2280 3300/3000MB/s
Lidlomix,TCEE,low,1,2,ROBOT KUCHENNY LIDLOMIX 2025MONSIEUR CUISINE SMART SZARY ANTRACYTOWY MATOWY | ROBOT KUCHENNY LIDLOMIX 2025 MONSIEUR CUISINE SMART WiFi MEGA ZESTAW NOWY
Logitech,TCEE,override,999,16,Kierownica Logitech G29 + Skrzynia Bieg w Shifter do Komputera PC Konsoli | Myszka BEZPRZEWODOWA LOGITECH MX Master 3s UNIVERSAL - Graphite | Bezprzewodowa Myszka Logitech M185 Grey USB 2.4GHz Optyczna Uniwersalna
Lovense,TCEE,low,1,1,Lovense LUSH 4 wibruj?ce jajeczko sterowane telefonem aplikacja
MBG Line,TCEE,low,1,3,Mocny Rozrusznik Jump Starter Booster 59.2Wh Powerbank 16000mAh QC3.0 LED | Kamera Inspekcyjna DUO ENDOSKOP 5M 7LED 2x FHD Warsztatowa do Rur Boroskop | Mocny Rozrusznik Jump Starter Booster 47.36Wh Powerbank 12800mAh QC3.0 LED
MINDOK,TCEE,low,1,1,Carcassonne Big Box gra planszowa +11dod Karczmy Kupcy Kopalnie z?ota Promy
MSI,TCEE,high,15,10,Karta graficzna MSI GeForce RTX 5090 Ventus 3X OC 32GB DLSS 4 | MSI MPG 321URX QDOLED | Laptop MSI Vector 16 HX AI Ultra 7 255HX/16GB/1TB/Win11 RTX 5070Ti
Magcubic,TCEE,medium,4,2,PROJEKTOR SMART MAGCUBIC MULTIMEDIALNY L018 4K 1080 p 650 ANSI 2026 ANDROID | PROJEKTOR LED MAGCUBIC L018 4K 1080p ANDROID SMART TV WiFi G?O?NIK BT 2025
Magene,TCEE,medium,2,1,Lampka rowerowa tylna MAGENE L508 wsteczny radar Bluetooth Ant+ USB-C
Magnat,TCEE,medium,2,2,MAGNAT Ceramic 10L Farba ceramiczna do ?cian i sufit w BIA?A C45 | Magnat Ceramic 5L C48 Per?owy Dolomit
Manta,TCEE,medium,2,3,"Telewizor LED Manta 50LUV125E 50"" 4K UHD czarny | Telewizor Manta Smart TV 32LHA123E 32"" LED HD Android 11 DVB-T/T2 HEVC | Telewizor Manta 55LUV125E 55"" LED 4K UHD VIDAA 60Hz HDR Bluetooth DVB-T2"
Marshall,TCEE,low,1,1,MARSHALL G?O?NIK BLUETOOTH ACTON III CZARNY KLASYCZNY DESIGN RETRO VINTAGE
Matisto,TCEE,low,2,1,Projektor Laserowy Dyskotekowy Laser Disco Stroboskop Lampka LED RGB Pilot
Matnox,TCEE,low,1,1,POWERBANK 20000 MAH 22.5W SZYBKI PD QC USB C POWER BANK PODROZNY
Meike,TCEE,low,1,2,KEYBOARD z MIKROFONEM + Stojak pod Keyboard PULPIT DO NUT + Naklejki GRATIS | Keyboard Pianino Organy MK-2102 STATYW 61k USB MP3 Du?y zestaw dla dzieci
Melissa & Doug,TCEE,low,1,1,Zabawki dla dzieci Drewniana lodziarnia Sklepik z lodami Kramik MelissaDoug
Meteor,TCEE,low,2,3,PROJEKTOR GWIAZD RZUTNIK PLANETARIUM 4K LAMPKA NOCNA 23 DYSK W METEORYTY | LAMPKI ZEWN?TRZNE SOPLE LED 480 50CM x10 PADAJ?CY ?NIEG METEORY KURTYNA | STOJ?CA GRUSZKA BOKSERSKA REGULOWANA BOX TRENINGOWA ZESTAW METEOR 124-158
Microsoft,TCEE,high,67,17,KONSOLA XBOX SERIES S SSD 512GB MICROSOFT + PAD | PAD MICROSOFT Xbox Series Controller Czarny | Bia?y Kontroler bezprzewodowy Microsoft XBOX SERIES / ONE / PC Robot White
Monin,TCEE,medium,4,7,Syrop Karmel Karmelowy Monin Caramel 700ml | Syrop do kawy MONIN CARAMEL - karmelowy 700 ml | Monin Syrop KARMELOWY Caramel 700 ml karmel do kawy herbaty deser w
Montana,TCEE,low,1,1,Okulary do czytania komputera korekcyjne plus +1.50 etui Montana oprawki CE
Motorola,TCEE,high,178,57,Smartfon Motorola Razr 60 Ultra 16 GB / 512 GB 5G Mountain Trail | Smartfon Motorola Razr 60 Ultra 16 GB / 512 GB 5G Mountain Trail | Smartfon Motorola Razr 60 Ultra 16 GB / 512 GB 5G czerwony
Moza,TCEE,low,2,7,Zestaw Dwupeda?owy MOZA R3 Bundle RS074 Kierownica z Peda?ami do PC | Filtr do wody odwr cona osmoza RO7+ JONIZATOR WODY | Projektor WANBO Mozart 1 Pro New Niebieski Full HD 1920 x 1080 nowa wersja
Mspa,TCEE,low,1,1,Panelowe Sztywne Ogrodowe Spa Frame OSLO F-OS063W MSpa 6 osobowe MODEL 2026
Nanny,TCEE,medium,4,1,NANNY Medyczny monitor oddechu dla dzieci BM-02
Naturalne Suplementy,TCEE,low,1,1,BIA?KO NATURALNE w proszku koncentrat WPC 80 od?ywka bez dodatk w 700g
Natvita,TCEE,low,1,1,B??KIT METYLENOWY JAKO?? Ph. Eur. 1% 100ml ROZTW R NatVita
NeoAir,TCEE,medium,4,1,Nagrzewnica wodna NeoAir EVO35 - 35kw + konsola monta?owa
Niimbot,TCEE,high,15,3,Drukarka termiczna etykiet termicznych samoprzylepnych B1 Niimbot Bluetooth | Drukarka termiczna etykiet termicznych samoprzylepnych B1 Niimbot Bluetooth | Drukarka termiczna etykiet termicznych samoprzylepnych B1 Niimbot Bluetooth
Nintendo,TCEE,override,999,40,SUPER MARIO BROS. WONDER/ NINTENDO SWITCH / KARTRID? / NOWA | SUPER MARIO BROS. WONDER + DODATKI / GRA NINTENDO SWITCH NA KARTRID?U | Nintendo Switch V2 Red & Blue (NSH006)
Noco,TCEE,medium,2,23,"NOCO SZYBKA ?ADOWARKA USB-C 65W | NOCO GBX45 LITOWY JUMP STARTER BOOSTER 1250A | NOCO Boost X GBX45   Przeno?ny rozrusznik 12V 1250A, power bank 60W"
North Bayou,TCEE,low,2,2,"Regulowany Uchwyt Biurkowy na Dwa Monitory 22'-32' | Regulowany Uchwyt Biurkowy do Monitora LCD 22""-40"" Solidny Certyfikowany"
Nothing,TCEE,high,8,2,"Smartfon NOTHING PHONE 3a Pro 5G 12/256GB 6.77"" 120Hz Czarny | Smartfon CMF by Nothing Phone 2 Pro 5G 8/128GB Black 120Hz"
Nukido,TCEE,low,1,5,Barierka bramka zabezpieczaj?ca czarna Nukido 718300 | Namiot tipi dla dzieci ze ?wiate?kami Nukido - r ?owe w gwiazdki | TIPI namiot dla dzieci TEEPEE LAMPKI Poduszki
Numark,TCEE,high,8,2,NUMARK PARTY MIX II MKII 2 KONSOLA DJ KONTROLER MIKSER LED + SERATO DJ LITE | NUMARK DJ2GO2 TOUCH KONTROLER DJ MIKSER MINI KONSOLA + SERATO DJ LITE
Obdlink,TCEE,low,1,1,OBDLink MX+ najlepszy interfejs bluetooth OBD-2 Android iOS Windows
OnePlus,TCEE,high,24,6,Smartfon OnePlus 15 16/512GB 165Hz Fioletowy | Smartfon OnePlus 15 16/512GB 165Hz Fioletowy | Smartfon OnePlus 13 16 GB / 512 GB 5G czarny NOWY
Oneplus,TCEE,high,21,9,"ONEPLUS WATCH 3 1,5"" LTPO AMOLED SNAPDRAGON W5 GPS WEAR OS | Smartfon OnePlus 13 12/256 GB 5G czarny | ONEPLUS PAD 3 13,2"" 16/512GB LTPS 3.4K 144Hz WIFI7 BT.5.4 OnePlus AI"
Oppo,TCEE,high,42,12,PASEK OPASKA SILIKONOWA DO OPPO BAND 2 | Smartfon telefon OPPO Reno13 FS 5G 12/512 GB szary | Smartfon telefon OPPO Reno13 FS 5G 12/512 GB szary
Optoma,TCEE,low,1,1,PROJEKTOR RZUTNIK OPTOMA UHD38X 4K + GRATIS UCHWYT I KABEL HDMI
Orlen,TCEE,low,1,1,S l w tabletkach do zmi?kczaczy wody Solino Orlen 25 kg Solaqua
Osram,TCEE,high,7,7,?ar wki Osram H7 Night Breaker LED PRO 19W 12V 220% ja?niej 6000K 1500LM | Osram ?ar wki Samochodowe H7 Night Breaker Laser +220% +150m | ?AR WKA LED OSRAM HL EASY GEN2 6500K H7/H18 64210DWESY2-2HB
POCO,TCEE,high,5,2,"Smartfon Xiaomi POCO F8 Ultra 5G 16 GB / 512 GB niebieski 7560mAh | POCO F7 PRO 6,67"" 12/512GB 5G AMOLED WQHD+ 120Hz WIFI7 BT5.4 NFC DOLBY ATMO"
PPHU WOCHAL,TCEE,low,2,3,Sanki z oparciem pchaczem i ocieplaczem + podn ?ki | SANKI DUO BLIZNIAKI Z PCHACZEM OCIEPLACZEM POLSKIE 120KG REGULOWANE | Sanki z materacykiem oparciem podn ?kami
PSG,TCEE,low,1,1,W ZEK W ZKI ROLKI DO BRAMY PRZESUWNEJ 80x80 ZESTAW DO SZYNY 80 ROLKA UCHWYT
Palit,TCEE,high,6,3,Karta graficzna Palit GeForce RTX 5070 Ti GamingPro-S 16GB GDDR7 DLSS4 | Karta graficzna Palit RTX 5080 Gaming Pro 16 GB DLSS4 | Palit Karta Graficzna RTX 5070 Ti GAMING PRO 16 GB GDDR7 256-bit DLSS 4
Patriot,TCEE,medium,4,4,Pami?? Patriot Viper Venom DDR5 32 GB 6000MHz CL30 (PVV532G600C30K) | Pami?? Patriot Viper Venom DDR5 32 GB 6000MHz CL36 | RAM DDR5 Patriot Viper Venom RGB 64GB (2x32GB) 6000MT/s CL30 AMD EXPO / XMP
Patriot Memory,TCEE,medium,4,1,Pami?? RAM PATRIOT DDR5 32GB (2x16GB) 6000MHz CL30 Viper Venom RGB
Philips,TCEE,override,999,145,FILTR WODY AQUA CLEAN EKSPRESU PHILIPS LATTE GO x2 | Stacja parowa PHILIPS PerfectCare PSG6066/20 Generator pary ?elazko 2400W | Ostrza wymienne do golarki Philips OneBlade 360 2 szt QP420/50
Plaud,TCEE,low,1,1,Dyktafon Plaud Note PRO nagrywanie transkrypcja podsumowania AI chat GPT
PlayHouse,TCEE,low,1,1,"BMW M4 SK RA, EVA, PILOT Auto na akumulator 90W, 12V 14ah, LED, Bluetooth"
Playstation,TCEE,override,999,47,Nap?d optyczny SONY do PlayStation 5 Slim + Pro ULTRA HD BLU-RAY DISC DRIVE | Oryginalny Pad PS4 Playstation 4 Slim Pro SONY V2 - | Konsola Sony PlayStation 4 500 GB czarny
Pny,TCEE,low,2,3,Karta graficzna PNY GeForce RTX 5080 16GB ARGB OC 3-FAN | Karta graficzna PNY GeForce RTX 5080 16GB ARGB OC 3-FAN | OLEJEK KONOPNY CBD 30 PRO CERTYFIKAT 10ml PREMIUM
Pocketbook,TCEE,low,1,3,Czytnik PocketBook Verse Pro Color 634 (PB634K3-1-WW) | Czytnik PocketBook Verse Pro + etui (r ?ne kolory) + 2200 ebook w | Czytnik Ebook Tablet PocketBook Era 700 16GB 7 Cali E-Ink IPX8 G?o?nik TTS
Poco,TCEE,high,22,17,"Smartfon POCO X7 Pro 8GB/256GB , Czarny | Smartfon POCO X7 Pro 12GB/512GB, ? ?ty | Smartfon POCO X7 12 GB / 512 GB 5G czarny"
Pokochaj Meble,TCEE,low,1,1,? ?ko Tapczan Tutu? 80x200 Bonell PRODUCENT
Posnet,TCEE,low,1,1,*** Kasa Fiskalna Posnet ERGO ONLINE z modu?em Wifi ***
Prime,TCEE,medium,6,2,"Zestaw komputer gamingowy +24"" Ryzen 5 RTX 5060 1TB NVMe dla gracza do | Komputer Gamingowy FusionX Ryzen 7 5800X RTX 5060 32GB 1000GB Do Gier Wi-Fi"
QuickPC,TCEE,high,10,3,Komputer do gier KING RYZEN 7 8700 /32GB DDR5 /1TB /RTX 5060 Ti 16GB / WiFi | Komputer do gier AQUA Ryzen 7 8700 /RTX 5060 /32GB DDR5 /ARGB / WiFi AC1300 | Komputer do gier KING RYZEN 7 8700 /RAM DDR5! /1TB /RTX 5060 Ti 16GB / WiFi
Realme,TCEE,high,81,23,Smartfon realme GT 7 12 GB / 512 GB 5G IceSense Czarny | Smartfon realme 14T 5G 8/256GB Dual SIM NFC Amoled Czarny Obsidian Black | Smartfon realme GT 7 Pro 12 GB / 512 GB 5G szary
Redats,TCEE,low,5,19,Worki na opony NIEBIESKIE LDPE grube mocne du?e 100 sztuk zestaw ochronne | Zestaw do Wulkanizacji REDATS Monta?ownica M-111 Wywa?arka W-200 | Podno?nik dwukolumnowy Redats L-220 automat 4T 4000kg do aut osobowych 400V
Redmi,TCEE,high,9,4,"Smartfon iaomi Redmi Note 14 4G 8/256GB Lime Green | Smartfon iaomi Redmi Note 14 4G 8/256GB Lime Green | Tablet Redmi Pad Pro 12,1"" 8+256GB Mint Green"
Remington,TCEE,low,1,3,SUSZARKA DO W?OS W REMINGTON AC9140 ProLuxe 2400W | REMINGTON Prostownica do w?os w z czujnikiem temperatury i Keratin Ceramic | Falownica REMINGTON CI91AW Proluxe
Renew Force,TCEE,low,2,3,"Endoskop Kamera INSPEKCYJNA FULL HD 5M Wy?wietlacz IPS 4.3"" LED CMOS 1080p | Zestaw Szczoteczka soniczna | PLATFORMA WIBRACYJNA Wyszczuplaj?ca Wibruj?ca Masa?er BLUETOOTH G?o?niki XL"
Robusto,TCEE,low,1,2,Podno?nik dwukolumnowy 230V Automatyczny 4T ROBUSTO SP4.0T | PODNO?NIK Dwukolumnowy AUTOMAT 4000KG Ramiona 2 3 1895mm SP4.0T - ROBUSTO
Roto,TCEE,high,21,28,"Zestaw MONITORINGU WiFi 4 KAMERY Obrotowe 5MP 5MPx AUDIO , CZARNY | SOKOWIR WKA WYSOKOOBROTOWA do owoc w i warzyw FreshJuice TRANSA 1400W | ELEKTRONICZNA NIANIA Feegar KAMERA OBROTOWA LCD 5'' 5000mAh ZOOM Nagrywanie"
Rubi,TCEE,low,1,3,Przecinarka r?czna Rubi HIT-1200 N Do Glazury Ci?cie Gresu Granitu | PRZECINARKA R?CZNA DO P?YTEK GRESU CERAMIKI HIT-1200 Rubi 26962 | RUBI HIT-850N PRZECINARKA R?CZNA 26963 85cm
SF,TCEE,medium,4,1,Mini konsola przeno?na do gier retro x7 polskie menu aparat 1000 gier
Samsung,TCEE,override,999,304,Samsung Galaxy S24 Ultra 12 GB / 256 GB 5G fioletowy ETUI | Smartfon Samsung Galaxy A16 4G LTE 4GB / 128GB Czarny | Lokalizator Samsung SmartTag2 - Czarny
SanDisk,TCEE,low,1,2,Karta pami?ci SANDISK MicroSDXC 256GB | Karta pami?ci SANDISK Extreme PRO SDXC 128GB
Sandisk,TCEE,high,28,15,Karta microSD SanDisk Extreme 256 GB | Karta microSD SanDisk Extreme 256 GB | Dysk zewn?trzny SANDISK Portable SSD 1TB SDSSDE30-1T00-G26
Seagate Skyhawk,TCEE,low,1,1,Dysk serwerowy Seagate SkyHawk 2TB 3.5'' SATA III (6 Gb/s) (ST2000VX017)
Sense7,TCEE,medium,11,13,Fotel Gamingowy Materia?owy Obrotowy Biurowy Krzes?o Gracza Kube?ek Sense7 | Fotel Gamingowy do 150kg Regulowany Obrotowy Kube?kowy Materia?owy Sense7 | Fotel Gamingowy Biurowy Regulowany Materia? Alcantara + Ekosk ra Sense7
Sibionics,TCEE,low,1,1,Sibionics GS1 System CGM - system ci?g?ego monitorowania glukozy 1 sztuka
Skrzat,TCEE,low,1,3,LEGO Harry Potter 76421 Figurka Zgredek skrzat lewituj?ce ciasto Pami?tnik | ? ?ECZKO SOSNOWE Z SZUFLAD? KRZY? BIA?E -DOSTAWKA | ? ?ECZKO/TAPCZANIK DZIECI?CE OLA BIA?A Z SZUFLAD? + P?OTEK 120x60 cm
Skyhawk,TCEE,low,1,1,DYSK DO REJESTRATORA HDD-ST4000VX016 4TB 24/7 SkyHawk
Smily Play,TCEE,high,5,1,Komputerek Edukacyjny dla Dzieci 3+ 98 Gier PL/ANG Nauka i Zabawa laptop
Snuza,TCEE,high,16,4,SNUZA HERO MD - monitor oddechu dla niemowl?t | SNUZA HERO MD - monitor oddechu dla niemowl?t | SNUZA HERO MD - monitor oddechu dla niemowl?t
Sone,TCEE,low,1,1,Sterownik do rolet wifi dopuszkowy procentowy V3 Tuya Smart
Sonel,TCEE,medium,4,5,Miernik wielofunkcyjny Sonel MPI-520 z wyposa?eniem WMPLMPI520 + certyfikat | Miernik wielofunkcyjny Sonel MPI-540-PV Start z wyposa?eniem + program PE6 | SONEL MPI-507 Wielofunkcyjny miernik parametr w instalacji elektrycznych
Sony,TCEE,override,999,73,Nap?d optyczny SONY do PS5 Digital | Pad bezprzewodowy do PS4 Sony czarny | Pad bezprzewodowy do PS4 Sony czarny
Spacecase,TCEE,medium,2,2,UCHWYT DO SAMOCHODU NA TELEFON SZYB? DESK? KOKPIT SAMOCHODOWY HOLDER MOCNY | UCHWYT DO SAMOCHODU NA TELEFON KRATK? NAWIEWU SAMOCHODOWY DO KRATKI MOCNY
Spacetronik,TCEE,low,1,1,S?UCHAWKA BLUETOOTH 5.2 QCC3020 BEZPRZEWODOWY ZESTAW S?UCHAWKOWY 15H ROZM W
Spreest,TCEE,medium,4,1,R36S KONSOLA DO GIER PRZENO?NA RETRO 21000 GIER Z LINUX OPEN SOURCE 128+32G
Swarey,TCEE,low,1,1,"SWAREY Stacja zasilania 222 Wh z panelem s?onecznym 100 W,wyj?cie AC 300 W, USB-C 65 W"
Synology,TCEE,high,9,3,Dysk Synology HAT3310-16T 16TB Plus | Synology Serwer plik w NAS DS925+ DDR4 ECC 4GB RAM AMD RYZEN 2.5GbE LAN | Serwer plik w Synology DS225+ 2x HDD DDR4 10GB RAM
TAVO,TCEE,low,1,1,Frytkownica Bezt?uszczowa Air Fryer 4L Frytownica Programy Piekarnik Mocna
TP-Link,TCEE,high,13,10,"Kamera TP-LINK Tapo C530WS Zewn?trzna, WiFi, LAN, Kamera obrotowa | Router TP-LINK Deco M4 (2 szt.) | TP-LINK Archer AX23 AX3000 WiFi 6 AX1800"
Tableo,TCEE,low,1,1,Tablica sucho?cieralna magnetyczna rama aluminiowa 90x60 cm 60x90 + GRATISY
Tech Sterowniki,TCEE,medium,3,9,STEROWNIK LISTWA DO SI?OWNIK W TERMOSTAT W POKOJOWYCH POD?OG WKI L-5 s SLIM | Przewodowy dwu | LISTWA STEROWNIK OGRZEWANIA POD?OGOWEGO L-X WIFI
Teo&Gigi,TCEE,low,1,2,SANKI dzieci?ce FULL z oparciem pchaczem ciep?y ?piworek pchacz BEZPIECZNE | Sanki z oparciem we?na ALL SEASONS k ?ka MUFKA 505
To-ma,TCEE,low,1,2,"To-ma - Wanienka Sk?adana Blue - Niebieski + Stojak, Termometr. | POLSKIE SANKI metalowe z oparciem pchaczem 3w1 materac z odblaskiem"
Topdon,TCEE,medium,2,1,Kamera termowizyjna USB-C Termowizja TOPDON TC001 IR256x192 Android JPOLSKI
Toshiba,TCEE,high,8,8,Mikrofal wka Kuchenka Mikrofalowa TOSHIBA Grill proste sterowanie Czarna | Dysk zewn?trzny Toshiba Canvio Basics 2022 2TB | Dysk serwerowy Toshiba MG Series 20TB 3.5'' SATA III (6 Gb/s)
Toys4Boys,TCEE,low,1,1,R?KAWICZKI LED USB R?KAWICZKI Z LATARK? LED ?WIEC?CE R?KAWICE ?adowane USB
Tracer,TCEE,low,1,1,Kierownica Tracer SimRacer Manual Gearbox 6 in 1 PC/PS4/PS3/Xone/X360
Tulano,TCEE,low,1,3,Krzese?ko do karmienia dla dzieci TULANO drewniane 4w1 do 40kg 6msc-12lat | Barierka na schody zabezpieczaj?ca TULANO bia?a rozporowa drzwi 75-110 cm | Barierka do ? zka ochronna TULANO bramka zabezpieczaj?ca sk?adana 200x70 cm
UNI-T,TCEE,medium,2,1,UTi720E zaawansowana kamera termowizyjna 256x192 z WiFi 3.5'' IPS Uni-T
Ubiquiti,TCEE,medium,2,5,Router/Kontroler Ubiquiti UniFi UCG-Fiber | Access Point UBIQUITI UniFi U6+ WiFi 6 2x2 MIMO WPA3 | Access Point Ubiquiti U7-LITE U7 LITE 802.11be (Wi-Fi 7)
Ugreen,TCEE,medium,2,2,UGREEN Powerbank 25000mAh Do Telefonu USB 2x USB-C 145W PD QC Wy?wietlacz | Bezprzewodowy serwer / hub UGREEN DXP4800 Plus Szary
Umarex,TCEE,medium,4,3,Gaz Pieprzowy Gaz ?zawi?cy Gaz Obronny NIEMIECKI Bardzo mocny Strumie? 40ml | Rewolwer na kule gumowe do samoobrony RAM Umarex T4E TR 50 Gen 2 HDR50 -13J | PISTOLET KULE GUMOWE UMAREX TP 50 HDP 50 GEN 2 Kal .50 +100KUL +20 CO2 13 J
Uni Posca,TCEE,medium,2,2,Marker Posca PC-5M 8 sztuk mix kolor w oryginalne do szk?a papieru ceramiki | Marker dekoracyjny Uni Posca 5M w Etui 16 szt.
Uppercut Deluxe,TCEE,low,1,1,Pomada do w?os w Pasta Matowa UPPERCUT DELUXE MATT Pomade 100g Tiramisu
Valve,TCEE,high,12,3,Konsola do gier Valve Steam Deck OLED 1 TB czarna | Konsola Valve Steam Deck OLED 1 TB | Konsola przeno?na VALVE Steam Deck Oled 512 GB
Vayox,TCEE,low,2,2,LATARKA CZO?OWA LED ZOOM AKUMULATOROWA LEKKA CZO? WKA USB-C 800lm PRO VAYOX | LATARKA CZO?OWA LED LAMPA CZO? WKA AKUMULATOR CZUJNIK RUCHU USB-C PRO VAYOX
Vebiot,TCEE,low,2,2,Vebiot Hepaxan 60 tabletek | Nefroloxan 60 tabletek psy i koty wspomaga prace nerek Vebiot
Vetouson,TCEE,low,1,1,EXTRA MOCNY Uchwyt do Telewizora Wieszak TV 32-85 cal Uniwersalny TEST 60kg
Vgate,TCEE,medium,2,5,Vgate vLinker MC+ 4.0 Interfejs Bimmercode Forscan | Vgate vLinker MC+ 4.0 Interfejs Bimmercode Forscan | VGATE ICAR PRO BLUETOOTH 5.0 BT 4.0 5.0 OBD2 iOS
Viofo,TCEE,low,1,2,"Kamera samochodowa Viofo A119 MINI 2 G 2K/1,5""/140 | VIOFO A229 PRO 2CH-G REJESTRATOR PRZ D/TY? 4K/2K GPS 128GB ACC + FILTR CPL"
Vist,TCEE,high,38,7,"ZESTAW DO GIER RGB Ryzen 7 5700X RTX 5060 32GB SSD 1TB WIFI W11 27"" DLSS 4 | ZESTAW DO GIER RGB Ryzen 7 5700X RTX 5060 32GB SSD 1TB WIFI W11 27"" DLSS 4 | Wood ARGB Ryzen 7 5700X RTX 5060 32GB SSD 1TB WiFi6 BT5 W11 DLSS 4"
Vist Gaming,TCEE,high,25,4,VIST GAMING Ryzen 7 9800X3D AiO RTX 5080 32GB DDR5 SSD 1TB WIFI W11 DLSS4 | VIST GAMING Ryzen 7 7800X3D RX 9070 XT 32GB DDR5 SSD 1TB WIFI W11 | VIST GAMING Ryzen 7 7800X3D RTX 5070 32GB DDR5 SSD 1TB WIFI W11 DLSS 4
Vivo,TCEE,high,8,2,SMARTFON VIVO X200 PRO 16/512GB TYTANOWY 5G 120Hz NOWY | Smartfon Vivo X300 Pro 16 GB / 512 GB 5G br?zowy
WD,TCEE,high,32,20,"DYSK WD PURPLE 4TB 3,5'' 5400RPM 128MB cache SATA | Dysk SSD WD Blue SN5000 2TB M.2 2280 PCI-E x4 Gen4 NVMe (WDS200T4B0E) | Dysk SSD WD Green SN3000 1TB M.2 2280 PCI-E x4 Gen4 NVMe (WDS100T4G0E)"
Wertec,TCEE,low,1,1,R?CZNA PRZECINARKA DO GLAZURY CERAMIKI TurCut 1200mm WT-TUR12 WERTEC
Western Digital,TCEE,high,8,5,"Dysk twardy Western Digital WD Red WD80EFPX 8TB SATA 3,5"" | Dysk zewn?trzny HDD Western Digital Elements Portable 2TB | Dysk twardy Western Digital WD Purple WD85PURZ 8TB SATA III 3,5"""
Wiim,TCEE,medium,2,2,Wzmacniacz Wiim AMP ULTRA | ODTWARZACZ SIECIOWY STREAMER WIIM ULTRA DARK GREY HDMI ARC WIFI BLUETOOTH
XGIMI,TCEE,low,1,1,PROJEKTOR RZUTNIK XGIMI HORIZON PRO + GRATIS UCHWYT I KABEL HDMI
Xbox,TCEE,override,999,9,KONSOLA XBOX 360 SLIM 250GB ORYGINALNY PAD ZESTAW | NAJMNIEJSZA KONSOLA XBOX SERIES S 512GB + PAD + 5xGRA | ORYGINALNY KONTROLER PAD XBOX ONE SERIES S X SHOCK BLUE NIEBIESKI
Xerox,TCEE,high,6,1,Drukarka laserowa mono Xerox Phaser 3020V_BI 20 str/min A4 USB WiFi
Xfx,TCEE,medium,2,1,Karta graficzna XFX Mercury Radeon RX 9070 XT OC Gaming RGB 16GB GDDR6
Xiaomi,TCEE,override,999,104,Odtwarzacz multimedialny 4K XIAOMI MI Box S 2-Gen | Odtwarzacz Android XIAOMI Mi TV STICK 4K 8GB WIFI BLUETOOTH SMART BOX PILOT | Smartfon Xiaomi Redmi Note 14 Pro 4G 8 GB / 256 GB Dual SIM AMOLED NFC
Xiaomi Tv,TCEE,high,6,6,"Telewizor XIAOMI Xiaomi TV S Mini 55 EU Mini LED 144 Hz 4K UHD GoogleTV | Odtwarzacz multimedialny 4K XIAOMI TV Box S 3-Gen Czarny | Xiaomi TV S Mini LED 75 2025 190,5 cm (75"") 4K Ultra HD Smart TV Wi-Fi..."
Xp,TCEE,medium,2,3,TABLET GRAFICZNY XP-PEN ARTIST 15.6 PRO V2 15.6 CALA FULL HD DLA GRAFIKA | TABLET GRAFICZNY XP-PEN ARTIST 15.6 PRO V2 15.6 CALA FULL HD DLA GRAFIKA | Gra towarzyska RUMMIKUB XP LMD4606
Xtreme,TCEE,low,1,1,CZUJNIK CZADU I GAZU 2W1 DETEKTOR TLENKU W?GLA CO METAN BUTAN WIFI TUYA
ZTE,TCEE,low,1,2,ZTE MC888B 5G | Router ZTE MC889A Pro 5G Gniazdo SIM
Zamel,TCEE,medium,2,4,Sterownik ROLET Zamel Supla SRW-01 dopuszkowy WiFi | Sterownik GSM modu?owy dwukana?owy GRM-10 inteligentny dom Exta free Zamel | Czujnik detektor tlenku w?gla czadu WiFi Aplikacja TUYA Zamel CTW-10
Zebra,TCEE,high,10,2,"NOWA DRUKARKA TERMICZNA ETYKIET ZEBRA ZD421 USB | Drukarka etykiet kurierskich Zebra ZD421D, USB, etykiety pisak"
ZeeTech,TCEE,medium,5,4,APARAT CYFROWY FOTOGRAFICZNY DLA DZIECI 40Mpx KAMERA ZABAWKA GRY+KARTA 32GB | APARAT NATYCHMIASTOWY CYFROWY DLA DZIECI Z DRUKARK? + KARTA 32GB + 14 ROLEK | APARAT NATYCHMIASTOWY CYFROWY DLA DZIECI Z DRUKARK? + KARTA 32GB + 14 ROLEK
Zintronic,TCEE,high,5,2,Kamera Zewn?trzna Obrotowa WiFi 8MPx 8MP 4K UHD AUDIO APLIKACJA 4XZOOM | KAMERA ZEWN?TRZNA IP OBROTOWA WIFI 3X ZOOM 5MPx 2K
Zotac,TCEE,medium,4,5,Karta graficzna Zotac GeForce RTX 5070 Ti Solid SFF 16GB GDDR7 DLSS4 | Karta graficzna Zotac GeForce RTX 5070 AMP White 12GB GDDR7 DLSS4 | Zotac GeForce RTX 5080 AMP Extreme Infinity 16GB GDDR7 DLSS4
draVires,TCEE,low,1,1,Translator draVires t?umacz j?zyk polski dzia?a bez Internetu offline wifi
iLogic,TCEE,high,5,1,KONSOLA RETRO DO TELEWIZORA PONAD 2 0000 GIER + DWA PADY PRZENO?NA HDMI TV
iiyama,TCEE,high,8,2,"Monitor 27"" iiyama G-Master Black Hawk G2745HSU-B2 IPS LED 1ms 100Hz FHD DP | Monitor 34"" iiyama G-Master GCB3486WQSCP-B1 UWQHD VA LED 240Hz 0.4ms HDR"
