Allegro Brand	Allegro Title
Dallmayr	Kawa ziarnista Arabica 100% Dallmayr Crema Prodomo 1000 g
Dallmayr	DALLMAYR PRODOMO KAWA MIELONA 500g DYSTRYBUCJA NIEMIECKA
Davidoff	Davidoff Fine Aroma kawa rozpuszczalna 100g
Davidoff	Davidoff Fine Aroma in
Lavazza	Lavazza Tierra Selection kawa ziarnista w?oska arabica 1kg
Lavazza	Lavazza Qualita Rossa kawa mielona ?rednio palona 250g
Lavazza	Lavazza Qualita Oro Mountain Grown kawa ziarnista Arabica 1000 g 1 kg
Lavazza	"Lavazza Qualita Oro kawa mielona na rynek w?oski, ZACHODNI arabica 250g"
Lavazza	Lavazza Gran Espresso kawa ziarnista 1kg
Lavazza	Lavazza Crema E Gusta kawa mielona 250g
Lavazza	Lavazza Crema e Aroma 1 kg kawa ziarnista
Lavazza	Kawa ziarnista mieszanka nieokre?lona Lavazza Qualita Rossa 1000 g
Lavazza	Kawa ziarnista mieszanka nieokre?lona Lavazza Qualita Rossa 1000 g
Lavazza	Kawa ziarnista Lavazza Super Crema 1kg
Lavazza	KAWA ZIARNISTA Lavazza Super Crema 1 kg
Lavazza	KAWA ZIARNISTA LAVAZZA QUALITA ROSSA 1KG 1000G
Lavazza	Kawa ziarnista Lavazza Crema e Aroma Blue 1kg
Lavazza	Kawa ziarnista Arabica Lavazza Qualita Oro 1000 g
Idee Kaffee	Darboven Oryginalna Kawa Idee Kaffee 500g mielona
Gevalia	Gevalia Mellanrost 200g kawa rozpuszczalna
Movenpick	Movenpick Caffe Crema kawa ziarnista arabica intensywna 1kg
Movenpick	Kawa ziarnista mieszana Movenpick Espresso 1 kg 1000 g
Lego	LEGO Ninjago 71841 Burzowa Wioska Dragon w Arena Walki Pow
3M	TYCZKA ROZPOROWA do LASERA 300cm TELESKOPOWA DR??EK POZIOMICY STATYW 3m
Roland	Roland FR-4X BK - AKORDEON CYFROWY KLAWISZOWY - RATY 0%
Roland	ROLAND FP-30X BK PIANINO CYFROWE STAGE PIANO 88 KLAWISZY WA?ONA KLAWIATURA
Roland	ROLAND FP-30X BK PIANINO CYFROWE DO NAUKI MAX 4
Roland	Pianina Cyfrowe Roland FP-10 BK
IUVI Games	Smart Games Kote?ki IUVI Games (PL)
IUVI Games	Smart Games Kote?ki (PL) IUVI Games
Lego	LEGO Creator 40744 Kolekcja ozd b ?wi?tecznych
Lego	LEGO Creator 3 w 1 Uroczy kr liczek 31162
Lego	LEGO 76923 SPEED CHAMPIONS LAMBORGINI LAMBO V12 VISION GT 10+ 230 ELEMENT W
Scoot and Ride	SCOOTANDRIDE HULAJNOGA i JE?DZIK 2w1 Highwaykick 1 Rose 1-5 LAT + GRATIS
Vetfood	VetFood Flora Balance 120 kapsu?ek *
Vetfood	VetFood Flora Balance 120 kapsu?ek
Vetfood	Flora Balance 120 kaps. Probiotyk Psy Vetfood
Acana	"Sucha karma dla ps w Acana Classic Red Meat 9,7 kg"
Acana	Acana Singles Grass-Fed Lamb sucha karma dla psa z jagni?cin? 6 kg
Acana	ACANA SINGLES Grass-Fed Lamb karma dla psa z jagni?cin? 17 kg
Acana	"ACANA SINGLES Grass-Fed Lamb karma dla psa 11,4 kg"
Acana	ACANA Adult Small Breed sucha karma dla psa 6 kg
Acana	ACANA Adult Large Breed 17kg
Game Dog	Game Dog AniFlexi HA 150 tab wspiera stawy ps w
Primal Spirit	Primal Spirit Karma dla psa OCEANLAND 65% Mi?sa RYBY KURCZAK 12kg
Primal Spirit	Primal Spirit IBERIAN PORK karma dla psa WIEPRZOWINA IBERYJSKA SZYNKA 12kg
Primal Spirit	Primal Spirit IBERIAN PORK karma dla psa WIEPRZOWINA IBERYJSKA SZYNKA 12kg
Brit	Sucha karma dla kota Brit Care Grain-Free Sterilized Urinary Health 2x7 kg
Brit	Karma dla psa BRIT Hypoallergenic Weight Loss 3 kg
Brit	Karma dla psa BRIT CARE Dog ?oso? i ?led? 12 kg
Brit	BRIT Veterinary Diets Dog Hypoallergenic karma sucha 12 kg
Brit	Brit Premium By Nature Sensitive Lamb 15kg
Brit	BRIT Premium By Nature Junior M 15kg
Brit	BRIT Premium By Nature Adult M karma sucha dla psa 15kg
Brit	BRIT CARE SENSITIVE INSECT FISH INSEKTY RYBA 12kg
Brit	BRIT CARE Senior & Light Salmon 12kg
Brit	BRIT CARE Mini Grain-Free Light&Sterilised 2kg
Brit	Brit Care MINI Adult Sensitive Grain-Free Venison z dziczyzn? 2x7kg ZESTAW
Brit	BRIT CARE Hypoallergenic Senior Lamb 12 kg
Brit	BRIT Care Hypoallergenic Adult Lamb 12kg
Brit	Brit Care Hypoallergenic Adult dla ps w ?rednich ras jagni?cina i ry? 12kg
Brit	Brit Care Grain-Free Mini PUPPY Lamb 7kg
Brit	BRIT CARE GRAIN FREE JUNIOR LARGE SALMON 12kg
Brit	BRIT CARE Dog Grain-free Adult Large Breed Salmon 12kg
Brit	BRIT CARE CAT GF STERILIZED WEIGHT CONTROL kaczka indyk 7KG + GRATIS
Josera	"Sucha Karma dla Psa Josera Kids 12,5kg"
Josera	Josera Catelux karma dla kota odk?aczaj?ca 10 kg
Josera	"JOSERA A/S Senior Balance 12,5kg"
Pedigree	PEDIGREE MOKRA KARMA DLA PSA MIX SMAK W W GALARETCE SASZETKI 40 X 100 g
Rafi	RAFI JUNIOR Lamb 10kg z Jagni?cina karma dla psa
Rafi	RAFI CAT Z WO?OWIN? 7KG PE?NOPORCJOWY POSI?EK DLA KOT W WSZYSTKICH RAS
Rafi	RAFI CAT Karma sucha WO?OWINA 7kg
Rafi	Karma sucha dla kota Rafi z Wo?owin? 7kg
Royal Canin	Sucha karma dla psa Royal Canin Gastro Intestinal Low Fat 6 kg
Royal Canin	Royal Canin Yorkshire Terrier Adult 3kg York opakowanie oryginalne
Royal Canin	ROYAL CANIN Yorkshire Terrier Adult 3kg
Royal Canin	"ROYAL CANIN Sucha karma dla kota Veterinary Diet Cat Food Urinary 3,5kg"
Royal Canin	"ROYAL CANIN Maxi Adult 15kg karma sucha dla ps w doros?ych, ras du?ych"
Royal Canin	ROYAL CANIN HEPATIC 7 KG DLA PSA
Royal Canin	"Royal Canin GastroIntestinal Low Fat LF22, Przy Problemach z Trzustk? 12 kg"
Royal Canin	"Royal Canin Gastro Intestinal, karma dla psa na ?o??dek i jelita, 15 kg"
Royal Canin	ROYAL CANIN Dog Hypoallergenic Moderate 14 kg
Royal Canin	Royal Canin Dog Anallergenic sucha karma dla psa alergika z wra?liwym uk?ad
Royal Canin	ROYAL CANIN Dog Anallergenic 8 kg
Royal Canin	Karma dla Psa ROYAL CANIN DOG GASTRO INTESTINAL Na Trawienie i Jelita 15 kg
Sheba	Sheba Fine Flakes Delicacy 80x85g Drobiowe Smaki Karma Dla Kota w Galaretce
Sheba	Sheba Fine Flakes Delicacy 80x85g Drobiowe Smaki Karma Dla Kota w Galaretce
Sheba	Sheba Fine Flakes Delicacy 80x85g Drobiowe Smaki Karma Dla Kota w Galaretce
Super Benek	SUPER BENEK ?wirek Lawenda 10l
Super Benek	Super Benek LAWENDA 10L
Super Benek	Super Benek
VetPlus	VetPlus LYPEX dla ps w i kot w 60 kapsu?ekc
Whiskas	"WHISKAS SUCHA KARMA DLA KOT W DOROS?YCH KURCZAK 3,8 KG"
Wiejska Zagroda	Wiejska Zagroda Wo?owina z Indykiem 20kg L
Wiejska Zagroda	WIEJSKA ZAGRODA M sucha karma dla psa Kaczka z gruszk? chrupki 9kg
Wiejska Zagroda	Wiejska Zagroda karma sucha dla kota KURCZAK z KACZK? 5 kg 76% mi?sa
Dolina Noteci	Sucha karma dla psa DOLINA NOTECI WO?OWINA 3kg SUSZONA BEZZBO?OWA
Dolina Noteci	Sucha karma dla psa DOLINA NOTECI JAGNI?CINA 3kg SUSZONA BEZZBO?OWA
Dolina Noteci	RAFI Dolina Noteci WO?OWINA Karma Sucha KOT 7kg
Dolina Noteci	Dolina Noteci Rafi sucha karma dla kota wo?owina 7 kg
Dolina Noteci	Dolina Noteci Rafi sucha karma dla kota kurczak 7 kg
Farmina	Sucha Karma Dla Psa Hipoalergiczna FARMINA VET LIFE UltraHypo 12kg
Orijen	"Orijen Regional Red Dog 11,4kg"
Orijen	"ORIJEN Original Dog 11,4kg. data wa?no?ci 28.11.2026"
Canun	Canun DOG MENU pe?noporcjowa sucha karma dla psa WO?OWINA Witaminy 20kg
Fitmin	FITMIN sucha karma dla PSA For Life Adult 12kg
Fitmin	Fitmin for Life Lamb & Rice 12kg
Fitmin	FITMIN Dog for Life Adult Large Breed karma dla du?ych ras 12kg
Lego	LEGO Creator 31157 Egzotyczny paw
bez marki	TARCZA BOKSERSKA TRENING WA DLA DZIECI NA?CIENNY BLUETOOTH LED Z MUZYK?
Sense7	Fotel Gamingowy Materia?owy Obrotowy Biurowy Krzes?o Gracza Kube?ek Sense7
Sense7	Fotel Gamingowy do 150kg Regulowany Obrotowy Kube?kowy Materia?owy Sense7
Sense7	Fotel Gamingowy Biurowy Regulowany Materia? Alcantara + Ekosk ra Sense7
Sense7	Fotel Gamingowy Biurowy Materia?owy Obrotowy Krzes?o Biurowe Knight Sense7
Sense7	Fotel Biurowy Materia?owy Krzes?o biurowe Obrotowe Regulowany Sense7 VENO
Sense7	Fotel Biurowy Materia?owy Krzes?o biurowe Obrotowe Regulowany Sense7 Nobu
Sense7	Biurko Elektrycznie Regulowane 140x70cm Regulacja Wysoko?ci 72-118cm SENSE7
Sense7	Biurko Elektrycznie Regulowane 140x70cm Regulacja Wysoko?ci 72-118cm SENSE7
Sense7	Biurko Elektryczne Regulowane 120x60cm Regulacja Wysoko?ci 72-118cm SENSE7
Zipro	ZIPRO ROWEREK TRENINGOWY rower One S GOLD OUTLET
Zipro	Wio?larz Powietrzny Magnetyczny Ergometr Wio?larski iConsole Kinomap Zipro
Zipro	TRENA?ER ELIPTYCZNY treningowy Orbi-Trek Magnetyczny do 120kg - Shox ZIPRO
Zipro	Rowerek TRENINGOWY STACJONARNY Rower Domowy Kompaktowy Idealny Fitness
Zipro	Rower Treningowy Poziomy Magnetyczny Rowerek Stacjonarny EASY - ZIPRO
Zipro	Rower treningowy magnetyczny pionowy Zipro Nitro OUTLET
Zipro	Rower Stacjonarny Treningowy Spiningowy magnetyczny Dynamite - Zipro
Zipro	Rower Stacjonarny Treningowy Elektryczno Magnetyczny do 150kg Strike Zipro
Zipro	Rower STACJONARNY ROWEREK TRENINGOWY Magnetyczny BOOST GOLD - ZIPRO
Zipro	ROWER STACJONARNY rowerek MAGNETYCZNY Treningowy Domowy LCD - BEAT ZIPRO
Zipro	ROWER STACJONARNY rowerek MAGNETYCZNY Treningowy Domowy LCD - BEAT ZIPRO
Zipro	Orbi-Trek Trena?er Eliptyczny Treningowy Magnetyczny do 150kg - Hulk Zipro
Zipro	Orbi-Trek Trena?er Eliptyczny Magnetyczny Zipro Hulk RS OUTLET
Zipro	?aweczka do ?wicze? ?awka Treningowa Regulowana Sk?adana Zipro Stride
Zipro	Bie?nia Elektryczna Domowa Sk?adana pod ? ?ko 1-12km/h Newlite Zipro
Zipro	Bie?nia Domowa Elektryczna Sk?adana Nachylenie Pasa Amortyzacja Sigma Zipro
Zipro	Bie?nia Domowa Elektryczna Sk?adana Nachylenie Pasa Amortyzacja - Zipro
4Swiss	Odkurzacz Bezprzewodowy Pionowy Myj?cy 4Swiss VC024 Filtr HEPA Mopuj?cy
4Swiss	Odkurzacz Bezprzewodowy 4Swiss VC024 Filtr HEPA Pionowy Mopuj?cy Myj?cy
Zintronic	Kamera Zewn?trzna Obrotowa WiFi 8MPx 8MP 4K UHD AUDIO APLIKACJA 4XZOOM
Zintronic	KAMERA ZEWN?TRZNA IP OBROTOWA WIFI 3X ZOOM 5MPx 2K
Mk Cafe	Mk Cafe Premium Gold 175g Kawa Rozpuszczalna S?oik
Mk Cafe	MK Cafe Premium 500g kawa mielona
Mk Cafe	Kawa mielona MK Cafe Premium 500g
Bantex	Koszulki krystaliczne A4 Bantex w kartonie 100szt.
FUMO	URZ?DZENIE ROZRUCHOWE ROZRUCH POWERBANK BOOSTER CAR JUMP STARTER 6000A LCD
FUMO	URZ?DZENIE ROZRUCHOWE ROZRUCH POWERBANK BOOSTER CAR JUMP STARTER 6000A LCD
Sone	Sterownik do rolet wifi dopuszkowy procentowy V3 Tuya Smart
Avon	Woda perfumowana Little Black Dress 100ml AVON
Avon	Perfumy Damskie AVON INCANDESSENCE Woda Perfumowana 50 ml
Avon	Avon Woda Toaletowa Celebre 50ml ORYGINA?
Avon	AVON Woda perfumowana INCANDESSENCE 50 ml
Avon	AVON INCANDESSENCE 50 ML WODA PERFUMOWANA
Avon	AVON Celebre Kwiatowo-Owocowa Woda Toaletowa dla Niej 50 ml
Avon	Avon Celebre 100ml Perfum Damski Delikatny ?wie?y
Huggies	HUGGIES Extra Care pieluszki jednorazowe rozmiar 3 (6-10 kg) Mega 3x72 szt.
Huggies	HUGGIES Extra Care pieluszki jednorazowe rozmiar 3 (6-10 kg) Mega 3x72 szt.
Kuvings	WYCISKARA KUVINGS REVO830 WOLNOOBROTOWA DO SOKU Z WARZYW PREZENT +3 SITA
Samsung	Samsung Galaxy S24 Ultra 12 GB / 256 GB 5G fioletowy ETUI
Zagatto	Plecak m?ski do pracy na laptopa szkolny m?odzie?owy pojemny czarny ZAGATTO
Zagatto	Plecak do samolotu Ryanair 40x30x20 kabinowy turystyczny baga? Zagatto
bez marki	ROBOT DO MYCIA OKIEN 5600PA AUTOMAT SPRYSKIWANIE WOD? WYDAJNE CZYSZCZENIE
Ubieramy-meble	6 SZT POKROWCE POKROWIEC NA KRZES?O CZARNY ELASTYCZNY UNIWERSALNY
FARCHIONI	FARCHIONI IL CASOLARE EXTRA VIRGIN 1 L NATURALNA OLIWA Z OLIWEK
Yoer	Mop parowy Myjka parowa 18w1 Yoer 1600W FILTR +Dozownik p?ynu +21 ELEMENT W
Yoer	Frytkownica bezt?uszczowa Dwukomorowa 10L Air Fryer Yoer 2850W 10 program w
Yoer	Frytkownica bezt?uszczowa 6L Air Fryer Yoer 1700W +Separator +12 program w
Yoer	Ekspres do kawy ci?nieniowy Yoer +LED 20bar 1350W Automatyczny +THERMOBLOCK
bez marki	OLIWA Z OLIWEK EXTRA VIRGIN GRECKA 3L ZBI R 2025/2026 JAKO?? PREMIUM
Fenix	Latarka czo?owa Fenix HM70R czo? wka 1600 lm UBS-C
Fenix	Fenix HM70R Latarka czo?owa LED 1600 lumen w
bez marki	INTELIGENTNA MASZYNA DO SKAKANIA SKAKANK? Z REGULACJ? PR?DKO?CI 1-10 +PILOT
Decorati	PROMOCJA ?WI?TECZNA ! TOALETKA KOSMETYCZNA M Z LUSTREM I TABORETEM HIT !!
Mustela	?el do mycia cia?a i w?os w Mustela Bebe Enfant 750 ml
Eurokomp	PROSTOWNIK AUTOMATYCZNY FUNKCJA NAPRAWY DO AKUMULATOR W 8A 12V 24V LCD
Xp	TABLET GRAFICZNY XP-PEN ARTIST 15.6 PRO V2 15.6 CALA FULL HD DLA GRAFIKA
Xp	TABLET GRAFICZNY XP-PEN ARTIST 15.6 PRO V2 15.6 CALA FULL HD DLA GRAFIKA
bez marki	WOYO HOTBOX PDR 007 INDUKCJA DO WGNIECE? ELEKTROMAGNES USUWANIE GRAD
Uknown	RAKI KOSZYKOWE NA BUTY W G RY KOLCE 12 SZT NA L D ?NIEG REGULOWANE JAKO??
4FIZJO	MASA?ER DO D?ONI ELEKTRYCZNY BEZPRZEWOWDOWY UCISKOWY DO R?KI MASA? SPA
Polynor	POLYNOR PRO izolacje piana natryskowa pur pianka pur OCIEPLENIE GARAZU 24el
bez marki	Kitchen Helper Pomocnik kuchenny z BLOKAD? - Zabudowany z ka?dej strony CE
NOXy	P?yn AdBlue Noxy 10l Ad Blue Lejek Euro 5 Euro 6
NOXy	P?yn AdBlue Noxy 10l Ad Blue Lejek Euro 5 Euro 6
NOXy	Noxy ADBLUE p?yn Diesel Dodatek katalizatora 10L
Winmau	Tarcza dart sizalowa BLADE 6 Winmau
Monin	Syrop Karmel Karmelowy Monin Caramel 700ml
Boxer	"MEGA ZESTAW PI?A AKU 6"" + SEKATOR NA WYSI?GNIKU 2,5 m TELESKOP 2X 48V 5 AH"
Dewalt	DEWALT DWS780 UKO?NICA PILARKA 305mm + ST ? DE7023 - Polska Dystrybucja -
Climative	Promiennik Podczerwieni RAY 2500W 9 Tryb w Regulacji Mocy Grzejnik Tarasowy
Climative	Osuszacz Powietrza Climative DH-20 Cube ION Poch?aniacz Wilgoci 20L
Welltec	ROBOT SPRZ?TAJ?CY MOPUJ?CY WELLTEC R90 PRO + STACJA 5W1 + AKCESORIA
Avalanche Software	HOGWARTS LEGACY - Dziedzictwo Hogwartu - PL - NOWA GRA PS5 - P?yta Blu-ray
Avalanche Software	HOGWARTS LEGACY - Dziedzictwo Hogwartu - PL - NOWA GRA PS5 - P?yta Blu-ray
Nutella	Nutella Krem Orzechowo Czekoladowy XXL Do Smarowania Oryginalny Ferrero 3kg
Bioderma	Bioderma Atoderm Intensive Baume koj?cy balsam do cia?a 500ml
Pharm Foot	Pharm Foot CRACKED HEEL PROTECTOR ma?? na p?kaj?ce pi?ty 200ml
Uknown	Dr. Althea 345 Relief koj?cy krem do twarzy 50 ml przeciwstarzeniowy
Playstation	Nap?d optyczny SONY do PlayStation 5 Slim + Pro ULTRA HD BLU-RAY DISC DRIVE
Sony	Nap?d optyczny SONY do PS5 Digital
Casio	Zegarek m?ski CASIO G-SHOCK Original GA-100-1A2ER 3 lata gwarancji
Forch	Preparat Antykorozyjny Neutralizator rdzy Forch Korroplex L237 1000 ml
Forch	FORCH L237 KORROPLEX NEUTRALIZATOR RDZY PREPARAT ANTYKOROZYJNY 1L
Olimp	Olimp Vita-Min Multiple Sport 40+ 60 caps. Witaminy I Minera?y Magnez
Walden	BIE?NIA DOMOWA ELEKTRYCZNA SK?ADANA 10 KM/H WALDEN F2800
Laksol	BENZYNA EKSTRAKCYJNA 5L PREMIUM - Bezwonna
Laksol	BENZYNA EKSTRAKCYJNA 5L PREMIUM - Bezwonna
Laksol	BENZYNA EKSTRAKCYJNA 20L PREMIUM - Bezwonna
WABROTECH	WIERTNICA DO BETONU FI202 MM STATYW OTWORNICA DIAMENTOWA WT202 WABROTECH
Philips	FILTR WODY AQUA CLEAN EKSPRESU PHILIPS LATTE GO x2
Casio	Sportowy zegarek Casio G-SHOCK GST-B100D BLUETOOTH WR200M + Grawer gratis
Disney	LEGO Disney 43275 Zamek Kopciuszka i kareta
Brit	Brit Care Dog Grain Free Puppy Salmon Sucha Karma dla Psa ?oso? 12kg
Lego	LEGO Star Wars 75418 Kalendarz adwentowy na 2025 rok
Lego	LEGO MAINCRAFT 21268 Dom Prosiaczka ?winki FARMA Gospodarstwo ORYGINALNE
Lego	LEGO 72046 SUPER MARIO Game Boy
Silkn	Maska do twarzy LED SILKN FLM100PE1001Bia?y
70Mai	70mai Kamera samochodowa A200 HDR + modu? parking UP03 + PUDE?KO NA PREZENT
MA Professional	P?YN CH?ODNICZY G12 CZERWONY GOTOWY DO CH?ODNIC MOJE AUTO PRO R ?OWY 5L
Viano	VIANO SAMOCHODOWY ODSTRASZACZ GRYZONI KUN MYSZY SZCZUR W ?ASIC DUO-LED
Viano	TRIO BEZPRZEWODOWY ODSTRASZACZ GRYZONI KUN MYSZY SZCZUR W VIANO NA KUNY
Viano	SAMOCHODOWY RADAROWY ODSTRASZACZ KUN GRYZONI SZCZUR W MYSZY VIANO NA KUNY
Viano	SAMOCHODOWY BEZPRZEWODOWY LED ODSTRASZACZ KUN GRYZONI SZCZUR W MYSZY VIANO
Viano	RADAROWY SAMOCHODOWY ODSTRASZACZ KUN GRYZONI MYSZY
Viano	QUATTRO-LED ODSTRASZACZ GRYZONI KUN SZCZUR W MYSZY VIANO NA KUNY MYSZY
Viano	Odstraszacz Gryzoni Kun Szczur w Myszy Bezprzewodowy na Baterie Viano OB1
Viano	ODSTRASZACZ GRYZONI KUN MYSZY SZCZUR W WATERPRO 230V VIANO NA KUNY MYSZY
Viano	ODSTRASZACZ GRYZONI KUN MYSZY SZCZUR W WATERMINI
Vgate	Vgate vLinker MC+ 4.0 Interfejs Bimmercode Forscan
Vgate	Vgate vLinker MC+ 4.0 Interfejs Bimmercode Forscan
Vgate	VGATE ICAR PRO BLUETOOTH 5.0 BT 4.0 5.0 OBD2 iOS
Vevor	VEVOR Dr??ek Baletowy Podw jny Aluminium 118CM Regulowany Wysoko??
Raw Paleo	Raw Paleo Ultra Beef Adult Mini 8kg Karma z Wo?owin? Dla Ps w Ras Ma?ych
Raw Paleo	Raw Paleo Ultra Beef Adult Mini 8kg Karma z Wo?owin? Dla Ps w Ras Ma?ych
Vetexpert	VETEXPERT RenalVet 60 kaps dla psa i kota na nerki
Vetexpert	Vetexpert Raw Paleo Ultra Turkey Puppy Medium/ Large 10kg
Vetexpert	VetExpert Raw Paleo Ultra Beef Mini Adult 8kg
Vetexpert	VetExpert Raw Paleo Ultra Beef Medium Large Puppy 10kg
Vetexpert	VetExpert Raw Paleo Ultra Beef Adult Medium Large 10kg
Vetexpert	VetExpert Hepatiale Forte Small Breed 40 kaps.
Vet Expert	Vet Expert Intestinal Elimination Sucha Karma Dla Psa Indyk 12kg Trawienie
Vet Expert	Vet Expert Hypoallergenic Ultra 8kg Sucha karma dla ps w z alergi? ryba
Vet Expert	Vet Expert Hypoallergenic Insect Karma Weterynaryjna Dla Psa Z Owadami 12kg
Vet Expert	Vet Expert Dermatosis Sucha Karma Dla Psa Z Kr likiem 12kg Sier?? Sk ra
Lattafa	Lattafa Angham Woda Perfumowana 100ml
Adelid	GNIAZDO PODW JNE HERMETYCZNE NATYNKOWE DYMNE
Virone	CZUJNIK CZADU TLENKU W?GLA CZUJKA CO TERMOMETR CERTYFIKOWANY TUV + BATERIE
Orno	Lampa Zewn?trzna LED 30W Czujnik Ruchu i Zmierzchu Regulacja Halogen Czarny
Makita	Zestaw Zasilaj?cy Makita DC18SD ?adowarka 1x Akumulator BL1830B 3ah 18V LXT
K&K Herbal	ENTEROSGEL 225 G (TUBA)
ASUS	Konsola ASUS ROG Ally RC71L-NH001W - AMD Ryzen Z1 Extreme 7  FHD IPS
Stihl	"Pilarka spalinowa STIHL MS 231 35 cm 3/8"" 2,7KM"
Stihl	"PILARKA SPALINOWA STIHL MS 172 2-MIX 35 CM 1,9 KM"
Angelcare	LILNAP WK?AD ZAMIENNY DO KOSZA NA PIELUCHY ANGELCARE 6-PAK
Aflofarm	AROMACTIV AROMATYCZNE PLASTRY 5 SZT
Logitech	Kierownica Logitech G29 + Skrzynia Bieg w Shifter do Komputera PC Konsoli
Vasco	Elektroniczny T?umacz
Medisept	VELOX SPRAY 1L DEZYNFEKCJA POWIERZCHNI TEA TONIC
Activeshop	"Myjka ultrad?wi?kowa kosmetyczna stomatologiczna sterylizator narz?dzi 0,6l"
Activeshop	"MYJKA ULTRAD?WI?KOWA 0,6 L 50 W"
Victoria Vynn	?el buduj?cy do paznokci Victoria Vynn 08 Pink Cover R ?owy 50 ml
Victoria Vynn	Victoria Vynn BUILD GEL 08 Pink Cover 50ml
Victoria Vynn	Victoria Vynn BUILD GEL 08 Pink Cover 50ml
Claresa	Top Hybrydowy Do Paznokci CLARESA Diamond No Wipe do hybryd led uv 5ml
Claresa	Top Claresa Diamond Top No Wipe
Claresa	Claresa Top Diamond No Wipe TOP HYBRYDOWY UV/LED NAWIERZCHNIOWY
Claresa	CLARESA TOP DIAMOND NO WIPE 5G
Claresa	Claresa Top Diamond No Wipe 5 g
Holika Holika	"Holika Holika Waterproof Sun Gel ?el do twarzy i cia?a SPF 50+, 100 ml"
Staleks	Staleks Profesjonalne C??ki Do Sk rek Expert 21 10mm Z wysokiej klasy stali
Trex Sport	?awka treningowa ?aweczka do ?wicze? sk?adana regulowana sko?na Trex Sport
Trex Sport	?awka treningowa do ?wicze? ?aweczka regulowana sk?adana Trex Sport
Trex Sport	Bie?nia Elektryczna Domowa Treningowa Pod ? ?ko Walkingpad AERO TREX SPORT
Alpha Spirit	Alpha Spirit Wild Fish 12kg Sucha Karma z Rybami dla Ps w
Yodeyma	PERFUMY YODEYMA CARIBBEAN 100 ML
Arkada	ARKADA serum kolagenowe TC16 11 ml. + Arkada S l Podologiczna 3 g. GRATIS
Avon	Avon Celebre 50 ml woda toaletowa
Claresa	Claresa HARD&EASY ?el buduj?cy mleczno-r ?owy Milky Pink 45g twardy
Semilac	Semilac 002 Delicate French Lakier hybrydowy do paznokci do frencha 7ml
Playstation	Oryginalny Pad PS4 Playstation 4 Slim Pro SONY V2 -
Sony	Pad bezprzewodowy do PS4 Sony czarny
Sony	Pad bezprzewodowy do PS4 Sony czarny
Xbox	KONSOLA XBOX 360 SLIM 250GB ORYGINALNY PAD ZESTAW
Herz Medical Instruments	BA?KI CHI?SKIE BEZOGNIOWE PR ?NIOWE DO MASA?U ZESTAW 12 SZT Z POMPK?
Perfect Fit	SUCHA KARMA PERFECT FIT STERILE 1+ DLA STERYLIZOWANYCH KOT W 7KG
Perfect Fit	PERFECT FIT STERILE 1+ KARMA KOTA Z KURCZAKIEM 7kg
Purina	PURINA PRO PLAN FORTIFLORA DLA PSA 30 x1g - data waznosci : 03.2027r.
Royal Canin	ROYAL CANIN Hypoallergenic DR21 14kg
Royal Canin	Royal Canin Hypoallergenic Canine 14kg
Royal Canin	Royal Canin Gastro Intestinal Low Fat Dog 12x420g Karma mokra trzustka
Royal Canin	Royal Canin Gastro Intestinal Feline 2 kg
Royal Canin	Royal Canin Dog Gastrointestinal Low Fat 1.5 kg
Royal Canin	Karma dla psa ROYAL CANIN Mini Puppy 4kg
NM Revolution	PAPIER KSERO DO DRUKARKI A4 BIA?Y 80G 500 KARTEK
Atlas	Atlas do ?wicze? 3
Easy Candle	Wosk Sojowy Naturalny Do ?wiec EasyCandle 2 kg
Zipro	Bie?nia Domowa Elektryczna Sk?adana FitShow Kinomap Bluetooth Pacto Zipro
Ogniochron	Ga?nica 1kg Samochodowa Apteczka Pierwszej Pomocy Kamizelka Odblaskowa
K2	P?YN DO SPRYSKIWACZY ZIMOWY K2 CLAREN 5L ZAPACHOWY -22C SKUTECZNY BEZ SMUG
K2	K2-ZMYWACZ DO HAMULC W BREAKE CLEANER 600ML
Modu	"Modu Dreamer Blocks 12w1 - du?e, kreatywne klocki z pianki EPP"
Samsung	Smartfon Samsung Galaxy A16 4G LTE 4GB / 128GB Czarny
Samsung	Lokalizator Samsung SmartTag2 - Czarny
Samsung	"Tablet SAMSUNG Galaxy Tab S10 Lite 10.9"" 6/128GB x400 Srebrny Rysik S Pen"
Samsung	Smartwatch Samsung Galaxy Fit 3 r ?owe z?oto
Samsung	Samsung Galaxy Watch 7 40mm Be?owy (Bia?y Pasek Gumowy)
Uknown	R?kawiczki R?KAWICE robocze r8 LATEX 10 par
Promienie S?o?ca	Orzechy W?oskie 1 kg ?uskane POLSKIE Naturalne ?wie?e Wysoka Jako?? PREMIUM
Dyson	Odkurzacz pionowy Dyson Wash G1 niebieski
Dyson	Odkurzacz pionowy Dyson V16 Piston Animal
Dyson	Odkurzacz pionowy Dyson V15 Detect Absolute 2023 660W srebrny
Casio	KLASYCZNY ZEGAREK M?SKI Z DATOWNIKIEM CASIO MTP-1302PD-3AV + BOX
Brogaz	"Butla z Helem jednorazowa do 30 balon w 0,25m3"
Animal Island	Karma Animal Island Everyday Mix Smak w Wo?owina Kurczak Indyk Ryba 40x85g
Trec	TREC WHEY 100 900g OD?YWKA BIA?KOWA WPC CZEKOLADA
Trec	PYSZNE BIA?KO WPC Trec Whey 100 900g PROTEINY NA MAS? MI??NIE DO TRENINGU
Forte	ZMA MAGNEZ 100% + CYNK FORTE + WIT B6 ZM?CZENIE TESTOSTERON COMPLEX ZMB
Forte	MA?LAN SODU Forte 1000mg 90 Kaps Mikropeletki Stopniowe uwalnianie Jelita
Essensey	OMEGA 3 3000 MG Olej z Ryb Pacyfiku + Witamina E Serce M zg Wzrok EPA DHA
Essensey	OMEGA 3 3000 MG Olej z Ryb Pacyfiku + Witamina E Serce M zg Wzrok EPA DHA
Essensey	MAGNEZ 100% RWS Complex 4 FORMY + Witamina B6 Zm?czenie Nerwy Cytrynian
Essensey	KOLAGEN RYBI MOCNE STAWY SK RA KO?CI + KWAS HIALURONOWY KOENZYM Q10 WIT C A
Essensey	KOLAGEN RYBI 10000 mg Premium STAWY SK RA W?OSY PAZNOKCIE Hialuron Wit C D3
Essensey	KOLAGEN RYBI 10000 mg Premium STAWY SK RA W?OSY PAZNOKCIE Hialuron Wit C D3
Essensey	KOLAGEN NATURALNY Na Stawy Ko?ci Z?by Sk r? Naczynka + WITAMINA C 90 KAPS
Essensey	"Essensey Kolagen Rybi Premium na stawy, sk r?, smak mango-pomara?cza, 321 g"
Essensey	BERBERYNA + KURKUMINA 600 MG Glukoza Cukier Trawienie W?troba 90 DNI WEGE
bez marki	PODU RKA POD PLECY PODUSZKA NA KRZES?O FOTEL OPARCIE PODK?ADKA ORTOPEDYCZNA
Littlest Pet Shop	LITTLEST PET SHOP DOM DU?Y DOMEK ZWIERZAK W FIGURKI + AKCESORIA
Skrzat	LEGO Harry Potter 76421 Figurka Zgredek skrzat lewituj?ce ciasto Pami?tnik
Lego	LEGO SPEED CHAMPIONS Sportowy Ford Mu
Lego	LEGO Classic 40746 Ci??ar wka ?wi?tego Miko?aja
Lego	KLOCKI LEGO
Lego	21044 LEGO Architecture - Pary?
Lego	LEGO Creator Przeja?d?ka saniami ?wi?tego Miko?aja 30670
Nintendo	SUPER MARIO BROS. WONDER/ NINTENDO SWITCH / KARTRID? / NOWA
Nintendo	SUPER MARIO BROS. WONDER + DODATKI / GRA NINTENDO SWITCH NA KARTRID?U
Seysso	Szczoteczka elektryczna do z?b w SEYSSO BASIC BLACK seria CARBON
Samsung	Smartfon Samsung Galaxy Z Flip 4 5G 8 GB / 128 GB fioletowy
Samsung	SAMSUNG GALAXY S21 ULTRA 5G 128 GB SM-G998B/DS
Samsung	SAMSUNG GALAXY S21 ULTRA 5G 128 GB SM-G998B/DS
Samsung	SAMSUNG GALAXY S21 ULTRA 5G 128 GB SM-G998B/DS
Samsung	SAMSUNG GALAXY S21 ULTRA 5G 128 GB SM-G998B/DS
Samsung	SAMSUNG GALAXY S21 FE 8GB 256GB PE?NY ZESTAW FOLIE
Samsung	SAMSUNG GALAXY S21 8GB 128GB PE?NY ZESTAW FOLIE
Samsung	Samsung Galaxy S21 5G G991B 8/128GB Phantom Gray Szary Gratis Etui i Szk?o
Optoma	PROJEKTOR RZUTNIK OPTOMA UHD38X 4K + GRATIS UCHWYT I KABEL HDMI
Ferrero	PRALINY Z ORZECHEM LASKOWYM FERRERO ROCHER 200g DE DATA 01.05.2026
Ferrero	PRALINY Z ORZECHEM LASKOWYM FERRERO ROCHER 200g DE DATA 01.05.2026
Ferrero	Ferrero Rocher 200 g Praliny z Niemiec
Full Power	NAJMOCNIEJSZY BOOSTER ROZRUCHOWY JUMP STARTER 6000A Z KOMPRESOREM 10 BAR
TopEshop	Szafka ?azienkowa zabudowa rega? p ?ka na pralk? pralnia 180x64x64cm BIA?Y
TopEshop	Szafka ?azienkowa zabudowa rega? p ?ka na pralk? pralnia 180x64x64cm BIA?Y
TopEshop	BIURKO KUBA Z NADSTAWK? BIA?E ZESTAW 6 SZUFLAD P ?KI DO BIURA POKOJU PRACY
Uknown	Woda Demineralizowana do ?elazka 5L
GorzkoiSlodko	SODA OCZYSZCZONA spo?ywcza wodorow?glan sodu 1kg
Kol-pol	SODA OCZYSZCZONA 1kg Spo?ywcza wodorow?glan sodu
Laksol	"NAFTA uniwersalna do PIECYKA lamp O?WIETLENIOWA do czyszczenia 5L ""Laksol"""
Laksol	"NAFTA uniwersalna do PIECYKA lamp O?WIETLENIOWA do czyszczenia 5L ""Laksol"""
Laksol	ACETON 5 L techniczny rozpuszczalnik zmywacz
Philips	Stacja parowa PHILIPS PerfectCare PSG6066/20 Generator pary ?elazko 2400W
Meaco	Osuszacz powietrza Meaco Arete One 25L 267 W 25 l/
Gc Tooth Mousse	P?ynne szkliwo bez fluoru GC Tooth Mousse truskawka
Avent	Avent RESPONSE butelka 125 ml z wk?adk? AIR FREE
Apacare	Pasta do Z?b w Remineralizuj?ca ApaCare z Fluorem i Hydroksyapatytem 75ml
Canon	Canon i-SENSYS MF655CDW Kolor ADF WiFi Duplex
Epson	URZ?DZENIE WIELOFUNKCYJNE EPSON XP-4200 3W1 DUPLEX WIFI TANIE TUSZE
Steelfence	ODKURZACZ PRZEMYS?OWY DO POPIO?U PIECA KOMINKA 20L HEPA 2200W + DMUCHAWA
Maltec	"PI?A ?A?CUCHOWA SPALINOWA PILARKA PROWADNICE OLEJ 5,7KM DU?Y ZESTAW MOCNA"
Maltec	"OSUSZACZ POWIETRZA POCH?ANIACZ WILGOCI CICHY WYDAJNY MALTEC 0,8L"
Maltec	ODKURZACZ R?CZNY PIONOWY CYKLONOWY BEZWORKOWY 600W 5W1 MA?Y MOCNY LEKKI
Maltec	ODKURZACZ DO KOMINKA POPIO?U PIECA SADZY PRZEMYS?OWY ?AROODPORNY 18L 1800W
Maltec	ODKURZACZ CYKLONOWY DOMOWY BEZWORKOWY FILTR HEPA 4000W 12W1
Maltec	ODKURZACZ BEZPRZEWODOWY PIONOWY BEZWORKOWY ELEKTROSZCZOTKA LED 3W1 400W
Maltec	"MINI PILARKA PI?A ?A?CUCHOWA AKUMULATOROWA GA??ZI WKA 6"" 8"" 2xAKU"
Maltec	FREZARKA DO PAZNOKCI BEZPRZEWODOWA ZE STACJ? MANICURE PEDICURE ZESTAW
HMS	BLUETOOTH MUSIC BOXING MACHINE DO ?WICZE? BOKSERSKICH 9 TRYB W Z LICZNIKIEM
bez marki	PROJEKTOR GWIAZD Z 12 SCENAMI GALAKTYCZNYMI LAMPKA NOCNA LED Z USB
Elgydium	Wybielaj?ca pasta do z?b w ELGYDIUM WHITENING mi?towa 2 x 75 ml
Starmix	ODKURZACZ PRZEMYSLOWY Z OTRZ?SACZEM IPULSE L-1635 TOP STARMIX SX018621
Dewalt	Nowy Akumulator Li-Ion DeWalt DCB547 18V 54v 9Ah FLEXVOLT Oryginalny
Dewalt	Akumulator DEWALT DCB547 XR FLEXVOLT 54V 9Ah Polska Dystrybucja Oryginalny
Palit	Karta graficzna Palit GeForce RTX 5070 Ti GamingPro-S 16GB GDDR7 DLSS4
Gigabyte	Gigabyte AORUS GeForce RTX 5080 MASTER ICE 16G 16GB GDDR7 2805MHz
Oral-B	SZCZOTECZKA SONICZNA ORAL-B VITALITY PRO D103
Oral-B	SZCZOTECZKA ELEKTRYCZNA ORAL-B DO Z?B W VITALITY D103 PRO 3 TRYBY LILAC
Oral-B	Szczoteczka Elektryczna do Z?b w Oral-B Vitality Pro D103 Fioletowa Zestaw
Philips	Ostrza wymienne do golarki Philips OneBlade 360 2 szt QP420/50
Oral B	SZCZOTECZKA ELEKTRYCZNA ORAL B VITALITY PRO 103D IDEALNY PREZENT NA ?WI?TA
Oral B	SZCZOTECZKA ELEKTRYCZNA ORAL B VITALITY PRO 103D FIOLETOWA + ?ADOWARKA
Oral B	SZCZOTECZKA ELEKTRYCZNA ORAL B VITALITY PRO 103D FIOLETOWA + ?ADOWARKA
Viofo	"Kamera samochodowa Viofo A119 MINI 2 G 2K/1,5""/140"
Xiaomi	Odtwarzacz multimedialny 4K XIAOMI MI Box S 2-Gen
Xiaomi	Odtwarzacz Android XIAOMI Mi TV STICK 4K 8GB WIFI BLUETOOTH SMART BOX PILOT
tech globe	"Zasobnik CWU 300L NIERDZEWNY 2 w??ownice (1,8 + 3,1) m  zbiornik bojler"
tech globe	"Zasobnik CWU 200L NIERDZEWNY 2 w??ownice (1,8 + 2,4) m  zbiornik bojler"
Bosch	BOSCH ODKURZACZ PRZEMYS?OWY GAS 35 L AFC 1380W
Husqvarna	Pi?a spalinowa HUSQVARNA 562 XP 970502018
Nature'S Protection	"Nature's Protection White Dogs Small Lamb 1,5kg"
Nature'S Protection	Nature's Protection Superior Care BIA?E PSY jagni?cina 10kg STOP ZACIEKOM
Adidas	PI?KA NO?NA ADIDAS TRIONDA TRN TRAINING JD8032 MISTRZOSTWA ?WIATA WC 2026
Adidas	ADIDAS SUPERSTAR 2 ORIGINALS JH9977 BUTY CZARNE SK RZANE SNEAKERS DAMSKIE
Anwen	Anwen Zio?owa Wcierka Rozgrzewaj?ca Grow Us Tender 150ml
Lattafa	LATTAFA Khamrah QAHWA perfumy arabskie unisex woda perfumowana 100ml
Lattafa	LATTAFA Khamrah QAHWA perfumy arabskie unisex woda perfumowana 100ml
Lattafa	LATTAFA Khamrah QAHWA perfumy arabskie unisex woda perfumowana 100ml
Nicekids	PODUSZKA DLA KOBIET W CI??Y CI??OWA DO SPANIA TYPU C NICEKIDS
Uknown	Stabilizator Gimbal Hohem iSteady M7 Lampa OLED Pilot do Telefonu Smartfona
Natulim	Kapsu?ki do zmywarek NATULIM Eko 6w1 30 szt.
KREOleo	ZABEZPIECZENIE MAGNETYCZNE BLOKADA MEBLI SZAFEK BLOKADY DLA DZIECI 10 szt
Insta360	Kamera sferyczna INSTA360 X5 Essentials Bundle 8K-30 FPS
Vetexpert	Vetexpert TrichoCat 120g dla Kota na Kule W?osowe Anti-Bezoar
Rafi	RAFI Adult Lamb 10kg z Jagni?cina karma dla psa
Stapiz	STAPIZ SZAMPON SLEEK LINE Z JEDWABIEM 1L JEDWAB
Stapiz	STAPIZ SZAMPON 1L Z JEDWABIEM - SLEEK LINE -REPAIR
Stapiz	STAPIZ SLEEK REPAIR SZAMPON DO W?OS W ZNISZCZONYCH Z JEDWABIEM 1000 ML 1 L
Stapiz	STAPIZ SLEEK LINE REPAIR Szampon do w?os w z jedwabiem 1000ml
Adidas	M?skie buty trekkingowe adidas Terrex Swift Solo GZ0331 r.44
Corsair	Pami?? RAM DDR5 Corsair 32 GB 6000 MHz CL30
Adata	Pami?? RAM ADATA XPG Lancer Blade RGB 32GB 6400MHz
Adata	"Dysk SSD ADATA 1TB 2,5"" SATA SSD Ultimate SU650"
ASUS	Karta graficzna Asus Prime Radeon RX 9070 XT OC 16GB GDDR6
Brother	Urz?dzenie Brother MFC-L2802dw Duplex WiFi LAN Fax ADF
Brother	Drukarka wielofunkcyjna laserowa (kolor) Brother DCP-L3560CDW
Brother	Drukarka Brother DCP-L3560CDW Duplex WiFi podajnik skanera ADF
Brother	Brother HL-L2442DW WiFi Duplex
Dell	DELL UltraSharp 32 4K U3225QE 31.5inch
Delonghi	Ekspres do kawy ci?nieniowy DeLonghi ECAM310.80SB 1450W automatyczny
Delonghi	Ekspres do kawy ci?nieniowy DeLonghi ECAM310.80SB 1450W automatyczny
Delonghi	Ekspres ci?nieniowy do kawy DeLonghi Magnifica Start [ECAM220.80.SB](http://ECAM220.80.SB) 1450W
Delonghi	Ekspres ci?nieniowy DeLonghi Magnifica Start ECAM [220.80.SB](http://220.80.SB)
Delonghi	Ekspres ci?nieniowy DeLonghi Dinamica Plus [ECAM380.85.SB](http://ECAM380.85.SB)
Delonghi	Ekspres ci?nieniowy DeLonghi Dinamica ECAM 350.55.B
Delonghi	DeLonghi ECAM 290.81.TB Magnifica Evo Milk
De'Longhi	Ekspres ci?nieniowy De'Longhi [ECAM610.55.SB](http://ECAM610.55.SB) 1450 W PrimaDonna Soul 19 bar
De'Longhi	Ekspres ci?nieniowy De'Longhi ECAM310.80SB Magnifica Evo Next LatteCrema
De'Longhi	De'Longhi Magnifica Start Milk ECAM [220.80.SB](http://220.80.SB) Ekspres do kawy ci?nieniowy
De'Longhi	Automatyczny ekspres ci?nieniowy De'Longhi [ECAM250.23.SB](http://ECAM250.23.SB) 1450 W srebrny
Iiyama	"Monitor 27"" iiyama G-Master G2771QS-B1 WQHD IPS LED 200Hz 0,5ms HDMI DP HDR"
Kenwood	Kenwood KWL90.164SI robot kuchenny 1400 W 7 l Srebrny Wbudowane wagi
Melitta	Ekspres ci?nieniowy automatyczny Melitta Latticia 1450 W srebrno-czarny
Melitta	Automatyczny ekspres ci?nieniowy Melitta Latticia OT 1450 W Czarny M?ynek
Oneplus	"ONEPLUS WATCH 3 1,5"" LTPO AMOLED SNAPDRAGON W5 GPS WEAR OS"
Siemens	Ekspres ci?nieniowy Siemens CT718L1B0 iQ700 Home Connect sLine
Siemens	Automatyczny Ekspres ci?nieniowy Siemens TE651319RW EQ.6 PLUS S.100 1500W
Synology	Dysk Synology HAT3310-16T 16TB Plus
Toshiba	Mikrofal wka Kuchenka Mikrofalowa TOSHIBA Grill proste sterowanie Czarna
WD	"DYSK WD PURPLE 4TB 3,5'' 5400RPM 128MB cache SATA"
Ezviz	Robot sprz?taj?cy ze stacj? Ezviz RE5 Plus 45W bia?y
Goodram	Pami?? RAM GOODRAM IRDM 32GB (2x16GB) DDR5 6000MT/s CL36
Goodram	Pami?? RAM GoodRam DDR5 16GB 5600 CL46 Czarny
Goodram	Dysk SSD Goodram PX600 1TB PCIe 4x4 M.2 2280
Goodram	Dysk SSD GOODRAM PX500 GEN.3 1TB PCIe 3x4 M.2 2280
Lexar	Dysk SSD Lexar NM790 2TB M.2 2280 PCI-E x4 Gen4 NVMe (LNM790X002T-RNNNG)
Lexar	Dysk SSD Lexar NM790 1TB M.2 2280 PCIE x4 Gen4 NVMe 7400MB/s PS5
Zotac	Karta graficzna Zotac GeForce RTX 5070 Ti Solid SFF 16GB GDDR7 DLSS4
Zotac	Karta graficzna Zotac GeForce RTX 5070 AMP White 12GB GDDR7 DLSS4
Kioxia	Dysk SSD KIOXIA EXCERIA SATA 6Gbit/s 2.5 960GB
Xerox	Drukarka laserowa mono Xerox Phaser 3020V_BI 20 str/min A4 USB WiFi
Nord	NORD STAGE 4 88 PIANINO CYFROWE PERFORMACNE STAGE PIANO SYNTEZATOR
Yamaha	PIANINO cyfrowe YAMAHA YDP-145 WH TYLKO AUTORYZOWANY SPRZEDAWCA
SuperButelki	"100 SZT BUTELKI MONOPOLOWE NA BIMBER NALEWKI DOMOWE WINO SOKI 0,5L 500 ML"
Kenay	KenayAG Ubichinol V100 koenzym Q10 100mg kapsu?ki 60 kapsu?ek
Victron energy	Orion XS 12/12-50A DC-DC battery charger
Sunlu	FILAMENT SUNLU 1.75 mm PLA+ Plus Black Czarny 1kg
Sunlu	SUNLU PET-G 1.75mm 1kg Black / Czarny
Carmax	PODNO?NIK SKRZYNI BIEG W 500KG - DOCISKACZ NO?NY
Gockowiak	REGA? MAGAZYNOWY METALOWY GARA?OWY BIUROWY OCYNK P ?KI MDF 180x90 875kg
Uknown	KLOCKI KONSTRUKCYJNE DLA DZIECI MAGNETYCZNE DO BUDOWANIA ZESTAW 120 el.
bez marki	CHOINKA SZTUCZNA JAK ?YWA ?WIERK KAUKASKI 220 CM G?STA POLSKA PRODUKCJA
Springos	KLOCKI KONSTRUKCYJNE DLA DZIECI MAGNETYCZNE DO BUDOWANIA ZESTAW 100 el.
Springos	CHOINKA SZTUCZNA ?WIERK KAUKASKI 180 cm naturalny g?sta PREMIUM + GRATIS
Springos	CHOINKA SZTUCZNA PE 220 cm ?WIERK W?OSKI KAUKASKI Jak ?ywa PREMIUM G?STA
Springos	CHOINKA SZTUCZNA PE 180 cm ?WIERK W?OSKI KAUKASKI Jak ?ywa PREMIUM G?STA
Springos	CHOINKA SZTUCZNA 220cm JAK ?YWA LUX ?WIERK KAUKASKI ROYAL TREES PREMIUM
Springos	CHOINKA SOSNA DIAMENTOWA ?NIE?ONA 180cm g?sta sztuczna PREMIUM + GRATIS
Springos	CHOINKA PREMIUM Springos SOSNA DIAMENTOWA ?NIE?ONA 220cm SZTUCZNA + GRATIS
Springos	CHOINKA PREMIUM Springos SOSNA DIAMENTOWA ?NIE?ONA 220cm SZTUCZNA + GRATIS
Spray-Kon	KLEJ DO FOLII PAROIZOLACYJNEJ SPRAY-KON FOIL 500ml
Spray-Kon	Klej do Folii Paroizolacyjnej i Membran w SPRAY-KON 500ML
Brubeck	WE?NIANA CZAPKA NA NARTY BRUBECK ACTIVE WOOL L XL
Brubeck	Termoaktywne R?KAWICZKI DO BIEGANIA BRUBECK sportowe czarne ODBLASKOWE
Brubeck	KOMPLET BIELIZNA TERMOAKTYWNA BRUBECK m?ska termiczna ciep?a ZESTAW
Miuu	ZESTAW BIA?A drabinka gimnastyczna do ?wicze? pok j dziecka
Uknown	HANTEL ?ELIWNY REGULOWANY SOLIDNY 40KG GUMOWANY ANTYPO?LIZGOWY STALOWY
Attabo	?y?worolki dzieci?ce ATTABO 2w1 rolki i ?y?wy Kylo r ? M (34-37) Regulowane
Kambukka	Kubek termiczny termos Kambukka Olympus 300ml na kaw? herbat? do samochodu
Adidas	Pi?ka no?na adidas World Cup 26 Trionda BOX ozdobny kartonik JD8045 r.5
Adidas	Pi?ka no?na adidas FIFA World Cup 26 Trionda Pro MECZ WKA ! r.5
Dreame	ROBOT SPRZ?TAJ?CY DREAME X40 MASTER INTELIGENTNY ODKURZACZ MOPUJ?CY
Dreame	Robot Kosz?cy DREAME A2 Kosiarka 3000 m  Bez Kabla
Kormoran	1x Kormoran SUV SNOW 225/60R17 103V
Bioswena	KSYLITOL FI?SKI 1kg CUKIER BRZOZOWY DANISCO 1000g CZYSTY premium NATURALNY
Sudocrem	Sudocrem Expert krem barierowy przeciw odparzeniom 400 g
Sudocrem	SUDOCREM Expert krem barierowy na odparzenia 400 g
Sudocrem	SUDOCREM EXPERT Krem barierowy 400 g
Samsung	Smartfon Samsung Galaxy A55 8 GB / 128 GB 5G granatowy
Samsung	Smartfon Samsung Galaxy A55 8 GB / 128 GB 5G granatowy
Maxpeedingrods	"MXR3800 cichy agregat pr?dotw rczy inwertorowy 3,5kW MaXpeedingrods"
Maxpeedingrods	MXR3500S agregat pr?dotw rczy na propan butan LPG MaXpeedingrods
Maxpeedingrods	"Cichy agregat pr?dotw rczy inwerterowy lekki generator 3,3kW MXR3500"
Maxpeedingrods	Agregat pr?dotw rczy przeno?ny jednofazowy Maxpeedingrods 2300 W benzyna
Soxo	"SOXO termofor pluszowy szary kot 1,8L du?y na wod? prezent dla dziewczyny"
Opalescence	PASTA OPALESCENCE SENSITIVE WYBIELAJ?CA 133g
GYS	"GYS GYSFLASH 100.12HF 12V 100A KABLE 2,5M 029071"
Braun	Blender r?czny Braun MultiQuick 9 MQ9187XLI 1200W
Krups	Ekspres ci?nieniowy do kawy KRUPS EA8108 15 Bar
Philips	"Dystrybutor wody z odwr con? osmoz?, woda gor?ca, zimna PHILIPS ADD6921DG"
Vileda	Wiadro i mop obrotowy Vileda Turbo 38 cm
Vileda	Wiadro i mop obrotowy Vileda Turbo 38 cm
Vileda	Vileda Mop Parowy Steam Plus elektryczny 3.0
Vileda	Vileda Mop Parowy Steam Plus elektryczny 3.0
Vileda	Vileda Mop Parowy Steam Plus elektryczny 3.0
Vileda	Mop Parowy Vileda Steam Plus Zestaw Elektryczny Praktyczny Para Wygodny
Vileda	Mop parowy Vileda Steam Plus elektryczny 3.0
WD	Dysk SSD WD Blue SN5000 2TB M.2 2280 PCI-E x4 Gen4 NVMe (WDS200T4B0E)
Bosch	Pompka rowerowa BOSCH EasyPump 0603947000
Bosch	Pompka rowerowa BOSCH EasyPump 0603947000
Zotac	Zotac GeForce RTX 5080 AMP Extreme Infinity 16GB GDDR7 DLSS4
Freestyle	Samsung The Freestyle SP-LFF3CLA Projektor przeno?ny DLP
Kambukka	Kambukka kubek termiczny Olympus 500ml Matte Black termos na kaw? do szko?y
Delonghi	Kawa ziarnista Kimbo Delonghi Prestige 1kg
De'Longhi	"Kawa ziarnista De'Longhi Kimbo 100% Arabica, 1 kg"
Songmics	Toaletka kosmetyczna z 9 ?ar wkami LED lustrem 2 szuflady 3 otwarte przegro
Songmics	Toaletka kosmetyczna z 9 ?ar wkami LED lustrem 2 szuflady 3 otwarte przegro
Uppercut Deluxe	Pomada do w?os w Pasta Matowa UPPERCUT DELUXE MATT Pomade 100g Tiramisu
Victron	Przeno?na ?adowarka do akumulatora IP65 Blue Smart 12V/15A Victron Energy
Victron	Prostownik z odsiarczaniem Victron BLUE 12V 15A
Victron	DOBRY ?ADOWARKA PROSTOWNIK Victron Energy IP65 12V 15A BLUE SMART BLUETOOTH
Lego	LEGO Education 45345 Spike Essential
Senzi Cosmetics	WOSK SOJOWY DO ?WIEC Produkcja ?wiec ?wiece Sojowe DIY PREMIUM HURT 20 kg
Hobot	Robot do mycia okien HOBOT S7 Pro
Samsung	Smartfon Samsung S23 Ultra 256GB Zielony
Samsung	SMARTFON SAMSUNG GALAXY S23 ULTRA 256 GB - GREEN / ZIELONY
Samsung	Samsung Galaxy S23 Ultra 5G SM-S918B 12/512GB SM8550
Samsung	Samsung Galaxy S23 Ultra 512GB OUTLET
Samsung	Samsung Galaxy S23 Ultra 512GB OUTLET
Davidoff	Kawa mielona Davidoff Fine Aroma 250g
Jacobs	Kawa mielona Jacobs Kronung 500 g
Tchibo	Kawa ziarnista Tchibo Variazione 1 kg (przeznaczona do kaw mlecznych)
Huawei	"HUAWEI Smartwatch WATCH GT5 Pro Active 46mm AMOLED 1,42 czarny"
Xiaomi	Smartfon Xiaomi Redmi Note 14 Pro 4G 8 GB / 256 GB Dual SIM AMOLED NFC
Hilding	Materac Kieszonkowy HILDING FANDANGO 180x200 MEDICOVER H4 Kokos Medyczny
Obdlink	OBDLink MX+ najlepszy interfejs bluetooth OBD-2 Android iOS Windows
Kingston	Przeno?ny zewn?trzny dysk SSD 1TB KINGSTON XS1000 USB 3.2
Kingston	Przeno?ny zewn?trzny dysk SSD 1TB KINGSTON XS1000 USB 3.2
Kingston	KINGSTON KARTA MICROSD 128GB MICRO CL10 ADAPTER SD
Sandisk	Karta microSD SanDisk Extreme 256 GB
Sandisk	Karta microSD SanDisk Extreme 256 GB
Canpol	CANPOL WK?ADKI LAKTACYJNE PRZYLEPIEC SAMOPRZYLEPNE ?ELUJ?CE 140SZT 1/654
[B.Box](http://B.Box)	BBOX INNOWACYJNY KUBEK TRENINGOWY Z OBCI??ON? S?OMK? NA WOD? DLA DZIECKA
[B.Box](http://B.Box)	[B.BOX](http://B.BOX) Wymienne rurki s?omki do bidonu kubka + szczoteczka 1 sztuka
Haxe	Mocny irygator dentystyczny bezprzewodowy do z?b w 3 tryby 4 ko?c wki BIA?Y
Haxe	IRYGATOR DENTYSTYCZNY do z?b w BEZPRZEWODOWY
Haxe	IRYGATOR DENTYSTYCZNY do z?b w BEZPRZEWODOWY
Microlife	TERMOMETR BEZDOTYKOWY MICROLIFE NC 200 ELEKTRONICZNY + ETUI SZYBKI POMIAR
Microlife	TERMOMETR BEZDOTYKOWY ELEKTRONICZNY MEDYCZNY MICROLIFE NC 200 DOK?ADNY
Microlife	Microlife termometr medyczny bezdotykowy bezkontaktowy NC200 + BATERIE
Microlife	Microlife termometr medyczny bezdotykowy bezkontaktowy NC200 + BATERIE
Microlife	Microlife NC200 bezdotykowy termometr elektroniczny
Microlife	Microlife NC200 bezdotykowy termometr
THM	"PODNO?NIK PNEUMATYCZNY BA?WANEK PODUSZKOWY PODUSZKA GUMA MOCNY 3,5T"
Tesori	Tesori d Oriente MUSCHIO BIANCO od?wie?acz patyczkowy 200 ml   bia?e pi?mo
KOMFIG	Komputer Gamingowy Ryzen 7 7800X3D RTX 5070 32GB DDR5 2TB M2 WINDOWS 11
KOMFIG	Komputer Gamingowy Ryzen 7 7700 RTX 5070 32GB DDR5 2TB M2 WINDOWS 11
Vist	"ZESTAW DO GIER RGB Ryzen 7 5700X RTX 5060 32GB SSD 1TB WIFI W11 27"" DLSS 4"
Vist	"ZESTAW DO GIER RGB Ryzen 7 5700X RTX 5060 32GB SSD 1TB WIFI W11 27"" DLSS 4"
Vist	Wood ARGB Ryzen 7 5700X RTX 5060 32GB SSD 1TB WiFi6 BT5 W11 DLSS 4
Vist	VIST Ryzen 7 5700G 32GB RX VEGA8 SSD 1TB M.2 WIFI Win11
Vist	VIST PbA Ryzen 9 9950X3D AiO RTX 5080 64GB DDR5 SSD 2TB WIFI W11 DLSS 4
Vist	PB ENDORFY GAMINGOWY Ryzen 9 5950X RTX 5060Ti 64GB SSD 1TB W11 WiFi6 BT 5.2
Vist	MESH GAMING Ryzen 7 7800X3D AiO RTX 5070 Ti 32GB SSD 1TB WIFI W11 DLSS 4
Vist Gaming	VIST GAMING Ryzen 7 9800X3D AiO RTX 5080 32GB DDR5 SSD 1TB WIFI W11 DLSS4
Vist Gaming	VIST GAMING Ryzen 7 7800X3D RX 9070 XT 32GB DDR5 SSD 1TB WIFI W11
Vist Gaming	VIST GAMING Ryzen 7 7800X3D RTX 5070 32GB DDR5 SSD 1TB WIFI W11 DLSS 4
Vist Gaming	VIST Gaming PC Ryzen 7 8700F AIO RTX 5070 32GB SSD 1TB W11 WiFi BT DLSS 4
Patriot	Pami?? Patriot Viper Venom DDR5 32 GB 6000MHz CL30 (PVV532G600C30K)
Goodram	Pami?? RAM GoodRam IRDM PRO DDR4 32GB 2X16 3600MHz + 2 X WENTYLATOR ARCTIC
WowPaw	?wirek dla kota bentonitowy zbrylaj?cy naturalny bezpy?owy LAWENDOWY 25L
CatWalk	?wirek dla kota bentonitowy 25L LAWENDOWY CatWalk zbrylaj?cy 25L Naturalny
CatWalk	?wirek dla kota bentonitowy 25L LAWENDOWY CatWalk zbrylaj?cy 25L Naturalny
Silky	"?wirek silikonowy dla kota bezpy?owy SILKY 3,8l"
Silky	"MICRO drobny ?wirek silikonowy dla kota SILKY 30,4L ZESTAW 8x3,8l"
Kam-Przyczepki	KO?O k ?ko podpora PODPOROWE BEZ UCHWYTU 200kg MANEWROWE do przyczepy
Linarem SiatkiSieci	TA?MA OGRODZENIOWA ANTRACYT 19x35m OS?ONA NA OGRODZENIA PANELOWE P?OT +UV
bez marki	Prze?cierad?o FROTTE z gumk? 220x200 PREMIUM GRUBE POLSKIE
Adidas	ORYGINALNY ADIDAS ACTIVE BODIES 100ml EDT
Adidas	ADIDAS ACTIVE BODIES 100ml skoncentrowana woda toaletowa dla m??czyzn
Adidas	ADIDAS ACTIVE BODIES 100ml skoncentrowana woda toaletowa dla m??czyzn
Adidas	ADIDAS ACTIVE BODIES 100ml skoncentrowana woda toaletowa dla m??czyzn
Durex	Prezerwatywy DUREX SENSUAL NO LATEX cienkie bez lateksu nielateksowe 20 szt
Durex	Prezerwatywy Durex EXTRA SAFE pogrubione nawil?ane bezpieczne 24 szt.
Skyn	Skyn Nielateksowe Prezerwatywy Original 40 szt.
Skyn	Prezerwatywy bez lateksu SKYN Original 40 szt mi?kki SKYNFEEL klasyczne
Skyn	Prezerwatywy bez lateksu SKYN Original 40 szt mi?kki SKYNFEEL klasyczne
Unimil	Prezerwatywy Unimil SKYN ORIGINAL klasyczne bez lateksu kartonik 40 sztuk
Disney	LEGO Disney Kraina Lodu 43273 Kalendarz adwentowy na rok 2025
Hot Wheels	HOT WHEELS KALENDARZ ADWENTOWY 2025 24 NIESPODZIANKI 10 AUTEK AKCESORIA
Roshen	KROCK ROSHEN CUKIERKI KROCK ZE S?ONYM KARMELEM I PAST? ORZECHOW? 1kg
Roshen	Cukierki Roshen Coffee Like Karmelki nadziewane 1 kg
Roshen	Cukierki Roshen  Krock  z karmelem i orzechami 1kg
Roshen	Candy Roshen Krock 1 kg with Salty Caramel and Peanuts
Uknown	Shav Woman
Shav	SHAV 2 - Maszynka do Strzy?enia Golenia W?os w
Osavi	Osavi Marine Super Omega 2900 mg Omega 3 500ml ODPORNO?? Serce M ZG
4FIZJO	GUMY OPOROWE ZESTAW 5 SZT. DO ?WICZE? ROZCI?GANIA TRENINGU MINI BAND 30 CM
Mersjo	OLEJ NORWESKI Z ?OSOSIA DLA PSA I KOTA Salmon Oil Omega 3 i 6 MERSJO 1000ml
Rituals	RITUALS Kalendarz Adwentowy 2025 ?wi?teczny prezent edycja limitowana
Rituals	Kalendarz adwentowy Rituals Diorama 2025
Hilding	Materac Spr??ynowy FANDANGO Hilding 160x200 cm H4 H5 Medyczny
Hilding	Materac PASODOBLE Hilding 160x200 cm TWARDY Medyczny Spr??ynowy VELVET
Hilding	Materac PASODOBLE Hilding 160x200 cm TWARDY Medyczny Spr??ynowy VELVET
Hilding	Materac medyczny 180x200 HILDING PASODOBLE TWARDY
Hilding	MATERAC Hilding ELECTRO 160x200 Pokrowiec TENCEL
Hilding	MATERAC 180x200 KIESZENIOWY - HILDING FLAMENCO - ?REDNIO TWARDY - H2 / H3
Hilding	Materac 160x200 Flamenco HILDING Tencel dwustronny spr??ynowy
Rational	TABLETKI MYJ?CE RATIONAL 56.00.210 100 sztuk
Semilac	SEMILAC PREZENTOWY ZESTAW DO PAZNOKCI MANICURE HYBRYDOWY LOVE ME
Energizer	"20x Bateria ENERGIZER Max Plus LR03 AAA R3 EP92 1,5V"
Lego	LEGO Speed Champions Bolid F1 Ferrari SF-24 77242
Lego	LEGO ICONS 10349 WESO?E RO?LINKI - ORYGINALNE KLOCKI NA PREZENT
Lego	LEGO Creator 31170 Dzikie zwierz?ta: r ?owy flaming
Lego	Klocki LEGO CLASSIC Prezent dla 5 6 7 8 9 10 LATKA DO 150 Z? du?y pojemnik
Lego	KLOCKI LEGO CITY 60447 G RSKA CI??AR WKA TERENOWA 4x4 DR NOWE DLA DZIECKA
Braun	PRONTOSAN rany odle?yny stopa cukrzycowa b l 1L B.Braun
B.Braun	PRONTOSAN rany odle?yny stopa cukrzycowa b l 1L
Uknown	Niemieckie Tabletki do zmywarki classic G&G 60 szt.
Mapei	MAPELASTIC Hydroizolacja na tarasy i balkony 32kg
Playio	Samoch d zdalnie sterowany auto RC terenowe sterowane z efektem mg?y PLAYIO
Lewer	FREZARKA DO PAZNOKCI MANICURE PEDICURE 65W PROFESJONALNA MOCNA zestaw frezy
TCL	"Telewizor QLED TCL 43P79K 43"" 4K UHD czarny"
Karcher	ODKURZACZ PRZEMYS?OWY KARCHER WD 3 V-17/4/20 UNIWERSALNY 1000W SUCHO MOKRO
Vichy	Vichy Liftactiv Collagen Specialist 50 ml krem do twarzy na noc
Hugo Boss	HUGO BOSS SZARY BOTTLED EDT 100ML PRODUKT FOLIA
RefectoCil	RefectoCil ?elowa Farba do brwi i rz?s 3 Br?zowa Natural Brown 15 ml
RefectoCil	REFECTOCIL HENNA W ?ELU DO BRWI I RZ?S BR?ZOWA TRWA?A KOLORYZACJA
Hisense	Projektor Hisense C2
JBL	S?uchawki Bezprzewodowe JBL Wave 200 TWS Dokana?owe Czarne
JBL	S?UCHAWKI BEZPRZEWODOWE DOKANA?OWE JBL WAVE 200 TWS ETUI 108dB
Osram	?ar wki Osram H7 Night Breaker LED PRO 19W 12V 220% ja?niej 6000K 1500LM
Braun	Golarka elektryczna Braun Series 9 Pro+ 9577cc srebrny
Dyson	Odkurzacz pionowy Dyson V12 Detect Slim Absolute
Philips	PHILIPS LUMEA BRI947 DEPILATOR LASEROWY IPL 4 NASADKI CIA?O TWARZ BIKINI
Philips	Depilator PHILIPS Lumea IPL BRI947-00 SenseIQ Czujnik SmartSkin
Philips	Depilator PHILIPS Lumea Advanced IPL BRI921/00 + Trymer Wbudowany filtr UV
Philips	Depilator PHILIPS Lumea Advanced IPL BRI921/00 + Trymer Wbudowany filtr UV
Philips	DEPILATOR laserowy IPL PHILIPS LUMEA ADVANCED BRI921 + TRYMER + 2 nasadki
Jura	"Automatyczny ekspres ci?nieniowy Jura E8 Piano do kawy 3,5-cal wy?wietlacz"
Jura	"Automatyczny ekspres ci?nieniowy Jura E8 Piano do kawy 3,5-cal wy?wietlacz"
Jura	"Automatyczny ekspres ci?nieniowy Jura E8 Piano do kawy 3,5-cal wy?wietlacz"
Jura	Automatyczny ekspres ci?nieniowy Jura E8 piano 1451 W czarny
Jura	Automatyczny ekspres ci?nieniowy Jura E8 piano 1451 W czarny
Dreft	Dreft kapsu?ki do zmywarki Platinum Professional LEMON CYTRYNOWE 75 szt
Dreft	Dreft kapsu?ki do zmywarki Platinum ORYGINAL 75 szt
Riwall	ROZDRABNIACZ ELEKTRYCZNY G?ADKOLUFOWY R?BAK DO GA??ZI RIWALL RES 2545
Riwall	PANCERNY DOMOWY SEJF PIN SZYFR + NA KLUCZ PIENI?DZE DOKUMENTY RIWALL RSE-01
Riwall	Odkurzacz przemys?owy bezworkowy 2.0 RVS-01 sucho mokro do popio?u kominka
Riwall	ODKURZACZ PIOR?CY RIWALL HARTMANN 3.0 ROP-02 DO DYWAN W TAPICERKI MOCNY
Riwall Pro	Odkurzacz Pior?cy Riwall Pro ROP-01 4w1 2200eW pranie Dywan w i Tapicerki
Riwall Pro	Odkurzacz Pior?cy Riwall Pro ROP-01 4w1 2200eW pranie Dywan w i Tapicerki
ProBio Ko?o	EkoSynbiotyk 1000ml Probioko?o
Games Workshop	Farba akrylowa Citadel Shade Agrax Earthshade modelarska 18 ml
Lego	LEGO Harry Potter Zamek Hogwart 71043
Microsoft	KONSOLA XBOX SERIES S SSD 512GB MICROSOFT + PAD
Nintendo	Nintendo Switch V2 Red & Blue (NSH006)
Nintendo	Nintendo Switch V2 Red & Blue (NSH006)
Playstation	Konsola Sony PlayStation 4 500 GB czarny
Playstation	Konsola Sony PlayStation 4 500 GB czarny
Sony	PS4 SLIM 500GB
Xbox	NAJMNIEJSZA KONSOLA XBOX SERIES S 512GB + PAD + 5xGRA
Kruger&Matz	Telewizor FHD 43' Kruger&Matz Smart TV VIDAA WiFi Netflix DVB-T2 H265 Hevc
Victorinox	Victorinox n ? pikutek uniwersalny czarny 6.7833 (11 cm)
Victorinox	Victorinox n ? pikutek uniwersalny czarny 6.7833 (11 cm)
Victorinox	Victorinox n ? pikutek uniwersalny czarny 6.7833 (11 cm)
CD Projekt RED	Cyberpunk 2077 Ultimate Edition PS5 - Dubbing PL - NOWA - P?yta Blu-ray
CD Projekt RED	Cyberpunk 2077 Ultimate Edition PS5 - Dubbing PL - NOWA - P?yta Blu-ray
Adata	Dysk SSD M.2 PCIe Gen4 NVMe ADATA LEGEND 860 1TB
HP	Oryginalny Tusz HP 304 Czarny (black) N9K06AE
HP	Oryginalny Tusz HP 304 Czarny (black) N9K06AE
HP	ORYGINALNY TUSZ HP 304 Black N9K06AE CZARNY NOWY
HP	ORYGINALNY TUSZ HP 304 Black N9K06AE CZARNY NOWY
Nintendo	Super Mario Galaxy + Super Mario Galaxy 2 Nintendo Switch 1 > 2 NOWA
Nintendo	MARIO KART 8 DELUXE SWITCH
Nintendo	MARIO KART 8 DELUXE SWITCH
Nintendo	MARIO KART 8 DELUXE SWITCH
Nintendo	MARIO KART 8 DELUXE SWITCH
Playstation	Pad Kontroler bezprzewodowy DualSense Sony PlayStation 5 V2 Grey Cammo
Kingston	Pami?? DDR5 Kingston Dual 64GB (2x32GB) 6000MHz HyperX Fury Beast RGB
Minecraft	Prezent Gra MINECRAFT Nintendo Switch PL
Minecraft	Gra Nintendo Switch Minecraft: Edition
Bandai Namco	CLAIR OBSCUR: EXPEDITION 33 / PS5 / GRA NA P?YCIE / NAPISY PL / NOWA
Royal Canin	ROYAL CANIN Mini Adult karma sucha dla ps w ras ma?ych 8kg
Bosch	NIWELATOR LASER ROTACYJNY GRL 300 HV BOSCH ZESTAW
Gockowiak	S?OIKI S?OICZKI NA PRZYPRAWY POJEMNIKI KWADRATOWE SZKLANE 24szt 72 NAKLEJKI
HMS	Elektroniczna Tarcza Bokserska Bluetooth Na ?cian? Z G?o?nikiem + R?kawice
Adidas	ADIDAS TERREX SWIFT SOLO 2 IE6901 BUTY M?SKIE CZARNE OUTDOOR PERFORMANCE
Adidas	ADIDAS TERREX SWIFT SOLO 2 IE6901 BUTY M?SKIE CZARNE OUTDOOR PERFORMANCE
Adidas	adidas Terrex Swift Solo 2 IE6901 44
DJI	Mikrofon dynamiczny DJI Mic Mini (2 TX + 1 RX + Etui ?aduj?ce)
Zebra	NOWA DRUKARKA TERMICZNA ETYKIET ZEBRA ZD421 USB
Canon	Obiektyw Canon RF 24-70mm f/2.8 L IS USM
Sony	SONY FE 24-70 mm f/2.8 GM II SEL2470GM2
Heelly	OTOSKOP SMART KAMERA CZYSZCZENIE USZU WOSK WIFI APLIKACJA ENDOSKOP HEELLY
Geek & Gorgeous	"Geek and Gorgeous A-Game 5 - serum z 0,05% Retinalu A-Game 5"
Geek & Gorgeous	"Geek and Gorgeous A-Game 10 - serum Przeciwstarzeniowe z 0,1% Retinalu 30ml"
Now Foods	NOW Foods Ultra Omega-3 Kwasy EPA 500mg DHA 250mg Olej Rybi 1000mg 90 gels
Swanson	Swanson Ultimate 16 rodzaj w Probiotyk + Minera?y Mikroflora jelitowa 60kap
Swanson	SWANSON PROBIOTYK EPIC PRO 25 szczep.zdrowe jelita
Hisense	Projektor Hisense C2 Pro + G?o?nik + CASHBACK
GIANTS Software	FARMING SIMULATOR 22 Symulator farmy 2022 - PL - PS4 / PS5 - P?yta Blu-ray
GIANTS Software	Farming Simulator 22 PS4 PS5 NOWA Pude?kowa PO POLSKU + DLC
Nintendo	NINTENDO SWITCH SPORTS + OPASKA NA NOG? / GRA NA KARTRID?U
Nintendo	Nintendo Switch Sports
DJI	Dron DJI Neo 2 Motion Fly More Combo
PRIMA DERMA	P?atki Kosmetyczne Bawe?niane Du?e Jednorazowe Waciki Bia?e Opakowanie 500g
Prima Derma	P?atki higieniczne bawe?niane Prima Derma 500 g
Beauty Fabric	P?atki Kosmetyczne Bawe?niane Du?e Waciki Jednorazowe Bia?e Opakowanie 500g
Primabobo	PRIMABOBO Barierka ochronna do ? ?ka CLASSIC 200cm dla dzieci WYSOKA SZARA
Runpotec	Rozwijak do kabli przewod w peszli ODWIJAK XB500
Hot Wheels	HOT WHEELS ZESTAW ZAKR?CONA MEGA MYJNIA Colour Sh
Hot Wheels	HOT WHEELS ZESTAW TOR W P?TLA T-REXA + autko
Hot Wheels	HOT WHEELS CITY ZESTAW ZAKR?CONA MEGA MYJNIA Color Shifters + autko
Hot Wheels	HOT WHEELS CITY STUNT GARAGE ZESTAW GARA? PARKING Z WIND? + autko 1:64 HW
Tefal	Patelnia Wok z pokrywk? TEFAL Daily Cook G7309955 28cm indukcja stalowy
Spin Master	HATCHIMALS PUFFICORN ALIVE interaktywna maskotka MYSTERY HATCH JAJKO
Playmobil	PLAYMOBIL Posterunek policji Komisariat z autem 71602 + Katalog 2026
bez marki	S L EPSOM s l do k?pieli gorzka SIARCZAN MAGNEZU czysty sk?ad 10kg
VitaFarm	S L GORZKA EPSOM RZYMSKA SIARCZAN MAGNEZU 5kg
51 Feed	S?ONECZNIK CZARNY DLA PTAK W 20kg KARMA POKARM ZIARNO DO KARMNIK
Glimmerstone	WODA DEMINERALIZOWANA GLIMMERSTONE 4 x 5L = 20L SPRAWDZONA WYSOKA JAKO??
TABSOL	SIARCZAN MAGNEZU S L EPSOM ANGIELSKA GORZKA 10KG NIEMCY
Karex	Czarny S?onecznik Ziarna Karma PREMIUM Dla Ptak w I Go??bi 20 kg
Uni Posca	Marker Posca PC-5M 8 sztuk mix kolor w oryginalne do szk?a papieru ceramiki
Dechra	Dechra Preparat Porus One 30 saszetek dla kota - wsparcie nerek
Dechra	Dechra Preparat Porus One 30 saszetek dla kota - wsparcie nerek
Grundfos	Pompa Hydroforowa SCALA2 3-45A Grundfos ; pompa 93013252 +kluczyk gratis
Seagate	SEAGATE 4TB IronWolf NAS 5.9K 256MB SATA III 3.5'' ST4000VN006
Pokusa	POKUSA Karma Sucha Premium Selection Beef Wo?owina dla psa 12 kg
Pokusa	Pokusa Beef Adult Premium Selection 12kg wo?owina
Pokusa	Karma Pokusa Premium Selection Veal with Salmon / Ciel?cina z ?ososiem 12kg
Yamaha	Yamaha RX-V6A (Czarny)
Yamaha	Yamaha RX-V6A (Czarny)
Ikonka	MUZYCZNA MASZYNA BOKSERSKA W TRENINGOWEJ ?CIANIE BOKSERSKIEJ +R?KAWICE
Plaud	Dyktafon Plaud Note PRO nagrywanie transkrypcja podsumowania AI chat GPT
Lego	LEGO CREATOR 3 W 1 31058 POT??NE DINOZAURY + KATALOG LEGO W WERSJI PDF
Minecraft	KLOCKI LEGO / MINECRAFT 21280 KALENDARZ ADWENTOWY 2025 NA PREZENT
Milwaukee	Latarka Czo?owa Milwaukee L4 HL2-301 600Lm USB
Pharmaceris	Pharmaceris H stimupurin szampon wzrost w?os w 250ml
Unimil	UNIMIL SKYN SUPREME FEEL Ultra Cienkie Prezerwatywy 10 szt. bez Lateksu
Master	OSUSZACZ POWIETRZA MASTER DH 732 P NEW MODEL ! PRO
Kerastase	Kerastase Genesis serum przeciw wypadaniu w?os w 90ml
L'Or al	L'Or al Professionnel Vitamino Color szampon do w?os w 1500 ml
Petkit	Petkit Pura Max 2 Premium Automatyczna Samoczyszcz?ca Kuweta Dla Kota
VetPlus	VetPlus Synoquin Small Breed 30 tabl. ma?e rasy suplement dla PSA
Xiaomi	Smartfon Xiaomi 15 Ultra 16 GB / 512 GB 5G srebrny
Xiaomi	Smartfon Xiaomi 15 Ultra 16 GB / 512 GB 5G srebrny
Polspeed	Papier ksero Polspeed A4 80 g/m2 - 500 ark.
Polspeed	Papier biurowy PolSpeed format A4 80g 2500 arkuszy
Parkside	"PARKSIDE Akumulator litowo-jonowy 20V, 4 Ah, PAP 20 B3 Akumulator 20 V 4Ah"
Parkside	PARKSIDE Akumulator Bateria X20V Team 4 Ah NOWA PAP 20V
PetSafe	PetSafe Extreme Weather Pet Door termoizoluj?ce drzwiczki dla psa i kota L
Firestone	1x Opona zimowa Firestone WINTERHAWK 4 235/55R19 105V XL
Hankook	1x opona zimowa 235/55R18 Hankook Winter i*cept evo3 X W330A
Nokian	4x opony ca?oroczne Nokian Seasonproof 205/55R16 91V 2025
D?bica	1x Opona zimowa D?bica FRIGO HP 2 215/55R17 98V XL FR
D?bica	1x OPONA CA?OROCZNA 205/60R16 D?bica Navigator 3
D?bica	1x opona ca?oroczna 195/65R15 D?bica NAVIGATOR 3
D?bica	1x D?BICA Navigator 3 185/65R15 88H 2025 r
D?bica	1x D?BICA 225/45R17 91H Frigo HP 2 FP zimowe 2025 r
D?bica	1x D?BICA 205/55R16 91T Frigo 2 Zimowa 2025 r
Nexen	1x NEXEN 205/55R16 91H N'blue 4Season ca?oroczne 2025 r
Hugo Boss	Hugo Boss Deep Red EDP 90 ml
Omron	CI?NIENIOMIERZ OMRON M3 COMFORT AFib NOWY MODEL 2025 MIGOTANIE PRZEDSIONK W
Omron	CI?NIENIOMIERZ OMRON M3 COMFORT AFib NOWY MODEL 2025 MIGOTANIE PRZEDSIONK W
La Roche-Posay	LA ROCHE-POSAY MELA B3 SKONCENTROWANE SERUM DO TWARZY NA PRZEBARWIENIA
Omron	CI?NIENIOMIERZ OMRON M7 Intelli IT COMFORT R?KAW / MANKIET
Omron	CI?NIENIOMIERZ OMRON M7 COMFORTOWY R?KAW / MANKIET
Omron	"Ci?nieniomierz automatyczny OMRON M7 Intelli IT, 1 sztuka"
Bioderma	BIODERMA Olejek Do Mycia Cia?a Atoderm Huile DO K?PIELI 1000ml
Cetaphil	Cetaphil krem nawil?aj?cy 100 g
BAYER	DICOFLOR Baby probiotyk dla dzieci i niemowl?t krople 5 ml
Monin	Syrop do kawy MONIN CARAMEL - karmelowy 700 ml
Dolce Gusto	Kapsu?ki Nescafe Dolce Gusto Cafe au Lait 30szt
Dolce Gusto	Kapsu?ki Nescafe Dolce Gusto Cafe au Lait 30szt
DJI	Dron DJI Neo Motion Fly More Combo
Hilding	Ochraniacz na materac 160x200 HILDING bawe?niany wodoodporny
Pam-Folie	WORKI NA ?MIECI BUDOWALNE 240L XXL 10 Sztuk Du?e Mocne 45 Mikron Pam Folie
Ironpack	PRZYLGI KURIERSKIE Koperty Kangurki C6 1000 szt
Mercedes	LEGO Technic 42165 Technic 42165 Mercedes-AMG F1 W14 E Performance
Coccolino	"P?yn do p?ukania Coccolino Fresh&Soft Blue Splash 1,7L"
Coccolino	"Coccolino Sensitive&Soft P?yn do p?ukania tkanin 1,7L (68pra?)"
Woolite	"P?yn do prania czarnego Woolite Dark Keratin Therapy 4,5 L/ 75 pra?"
Bryza	"Bryza 4w1 Proszek do prania Bia?e 8,45kg 130 pra?"
Sawyer	FILTR DO WODY SAWYER MINI WATER FILTRATION SYSTEM Blue Niebieski
Sawyer	FILTR DO WODY SAWYER MINI WATER FILTRATION SYSTEM Blue Niebieski
Mspa	Panelowe Sztywne Ogrodowe Spa Frame OSLO F-OS063W MSpa 6 osobowe MODEL 2026
Ostrovit	Witamina D3 OstroVit 4000 IU 120kaps softgel KO?CI Z?BY UK?AD ODPORNO?CIOWY
Ostrovit	OstroVit 100% Whey Protein 700 g BIA?KO SERWATKOWE WPC 80 OD?YWKA BIA?KOWA
Ostrovit	OstroVit 100% Whey + Digezyme 700g Bia?ko Serwatkowe WPC + Enzymy Trawienne
Ostrovit	Kolagen OstroVit RYBI DO PICIA MORSKI PROSZEK Kwas Hialuronowy Wit C 500 g
Ostrovit	Kolagen OstroVit Collagen 90 tabs MOCNE KO?CI STAWY Wo?owy 3000 mg + Wit C
Ostrovit	Glicynian Magnezu OstroVit 90 kaps CHELAT 400 mg SKURCZE NERWY Diglicynian
Ostrovit	Ashwagandha OstroVit 200 tabs 375 MG PAMI?? KONCENTRACJA STRES NA NERWY
Optimum Nutrition	Bia?ko OPTIMUM NUTRITION Gold
Johnson & Johnson	"Jednodniowe Soczewki Kontaktowe Acuvue Oasys 1-Day, 30 szt. -2.50; 8.5"
Acuvue	"Soczewki Acuvue Oasys 1-Day with HydraLuxe 30 szt -2,50"
Acuvue	"Soczewki ACUVUE OASYS 1-DAY 30 SZT 8,5 moc -1,75"
Ajona Stomaticum	AJONA Pasta koncentrat do z?b w i dzi?se? 25 m
Tena	ZEST TENA LADY MAXI NA NOC specjalistyczne podpaski 12szt balsam cia?a 20ml
Tena	Wk?adki anatomiczne TENA MEN Extra Light 14 sztuk
Tena	Tena Lady Normal wk?adki podpaski Mi?kkie elastyczne urologiczne 30 sztuk
Tena	Super wk?ady urologiczne TENA Men 20 sztuk
Tena	Podpaski specjalistyczne TENA Lady Protect+ Maxi Night 12 sztuk
Seni	SENI CARE KREM OCHRONNY Z ARGININ? 200 ml
Seni	Podk?ady SENI 90x60 30 szt. podk?ad do szpitala
Seni	OD?YWCZY KREM DO ST P SENI CARE Z MOCZNIKIEM 100 ML
Onyx Boox	"CZYTNIK ONYX BOOX NOTE AIR 5C KOLOR 10,3"" E-INK COLOR 64GB/6GB+ RYSIK PEN 3"
Disney	LEGO Disney Lodowy zamek Elzy 43238
Hot Wheels	Tor samochodowy Hot Wheels 1:64 z autkiem dla dzieci 4+ wielokolorowy
Avene	AVENE XERACALM Krem uzupe?niaj?cy lipidy 400ML
Olimp	OLIMP WHEY PROTEIN COMPLEX 700g BIA?KO WPC OD?YWKA BIA?KOWA WHEY PROTEIN
Olimp	OLIMP ROCKY CREATINE 250g KREATYNA MONOHYDRAT NATURALNY MIARKA 70 PORCJI
Olimp	OLIMP GOLD OMEGA 3 SE 200kaps LIMITED NA SERCE
Olimp	Olimp CREATINE MONOHYDRATE POWDER 550g KREATYNA
Olimp	OLIMP CREATINE MC 500kap KREATYNA MONOHYDRAT CZYSTA NATURALNA 125 PORCJI
Nilfisk	MYJKA CI?NIENIOWA NILFISK PREMIUM POWER 190 INDUKCYJNY 190-12
TP-Link	"Kamera TP-LINK Tapo C530WS Zewn?trzna, WiFi, LAN, Kamera obrotowa"
Kingston	Kingston SDCS2/128GB karta pami?ci Canvas Plus 128GB microSDXC 100MB/s
Bebilon	Bebilon Profutura Duobiotik 4 na bazie mleka dla dzieci po 2. roku 800 g
Bebilon	Bebilon Profutura Duobiotik 4 Formu?a na bazie mleka po2.roku ?ycia 800g x2
Bebilon	Bebilon Mleko Modyfikowane Profutura Duo Biotik 3 Junior Po Roku 800g
Bebilon	Bebilon Comfort 2 ProExpert z Pronutra 400g
Bebiko	Mleko modyfikowane Bebiko Junior 3 600 g // Termin 05.2027
Bebiko	Bebiko Pro+ Nutriflor 3 Mleko Modyfikowane Powy?ej 1 Roku ?ycia 700g
Bebiko	"BEBIKO JUNIOR NUTRIflor Expert 2, 600 g"
Bebiko	Bebiko Junior 5 Nutriflor Expert Zestaw 2x600g
Bebiko	"Bebiko Junior 3R NUTRIflor Expert 600g, DOBRA SERIA"
Bebiko	Bebiko 4 Junior Od?ywcza formu?a na bazie mleka powy?ej 2. roku ?ycia 600g
Bebiko	Bebiko 2 Mleko nast?pne 350 g
Bobovita	BOBOVITA Kaszka Kleik Ry?owy 4 m+ 160 g Bez Mleka Bezglutenowy
Yamaha	Amplituner Yamaha R-N600A 2.1 czarny stereo
Bausch&Lomb	"ReNu MultiPlus, 360 ml"
Bausch&Lomb	"ReNu Multiplus P?yn do piel?gnacji soczewek kontaktowych, nawil?enie, 360ml"
Bausch&Lomb	ReNu Multiplus - P?yn do piel?gnacji soczewek kontaktowych
Bausch&Lomb	P?yn do soczewek RENU Multiplus 500ml
Honor	"Smartfon HONOR 400 Pro 5G 12/512GB 6.7"" 120Hz Szary"
Nintendo	Nintendo Switch Sports
Silvercrest	Silvercrest termorobot kuchenny Monsieur Cuisine Smart Bia?y Lidlomix 2024
Lidlomix	ROBOT KUCHENNY LIDLOMIX 2025MONSIEUR CUISINE SMART SZARY ANTRACYTOWY MATOWY
Lidlomix	ROBOT KUCHENNY LIDLOMIX 2025 MONSIEUR CUISINE SMART WiFi MEGA ZESTAW NOWY
Staleks	Staleks Rolka Z Ta?m? ?ciern? PapMAm ATSC-180W
AMD	Karta Grafiki XFX AMD RADEON RX 9070 XT SWIFT OC Gaming 16GB
Xfx	Karta graficzna XFX Mercury Radeon RX 9070 XT OC Gaming RGB 16GB GDDR6
Braun	Golarka Braun series 5 51-B1000s Wet & Dry niebieska
Oral-B	SZCZOTECZKA SONICZNA DO Z?B W BRAUN Oral-B Pulsonic Slim Clean 2000 CZARNA
Oral-B	Szczoteczka Elektryczna Magnetyczna Oral-B iO Series 4N Lavender + Etui
Oral-B	Szczoteczka Elektryczna Magnetyczna Oral-B iO Series 4N Lavender + Etui
Oral-B	ORYGINALNE Ko?c wki Oral-B Cross Action Clean Maximiser EB50RB bia?e 4 szt.
Oral-B	Oryginalne ko?c wki do szczoteczki Oral-B EB20RX Pro Precision Clean 6 szt.
Oral-B	OralB Szczoteczka magnetyczna iO Series 4
Oral-B	Ko?c wki do szczoteczek Oral-B iO Gentle Care bia?e 2 sztuki
Bio7	BIO7 MAX 2kg Aktywator BAKTERIE do szamb oczyszczalni USUWA ZAPACH T?USZCZ
Vitammy	SZCZOTECZKA SONICZNA ELEKTRYCZNA DO Z?B W VITAMMY SYMPHONY BLACK + LUNA+
Vitammy	CI?NIENIOMIERZ NARAMIENNY VITAMMY E1 ARYTMIA ETUI ZASILACZ M WI PO POLSKU
Flaem	INHALATOR NEBULIZATOR T?OKOWY DLA DZIECI DOROS?YCH FLAEM ALPHANEB 4POZIOMY
Flaem	INHALATOR DLA DZIECI PNEUMATYCZNO-T?OKOWY FLAEM NEBULAIR+ NEBULIZATOR RF7
Flaem	INHALATOR DLA DZIECI FLAEM 4NEB NEBULIZATOR RF9 4TRYBY PRACY CERTYFIKAT TUV
Gp	Ga?nica proszkowa GP6x 6kg ABC MOBIAK wieszak uchwyt NOWA do firmy domu
Renew Force	"Endoskop Kamera INSPEKCYJNA FULL HD 5M Wy?wietlacz IPS 4.3"" LED CMOS 1080p"
Biorepair	Pasta do z?b w Biorepair Night 75ml - Intensywna odbudowa szkliwa noc?
Vileda	Vileda Actifibre ?cierka uniwersalna 2 sztuki
Microsoft	PAD MICROSOFT Xbox Series Controller Czarny
Nintendo	Mario Kart 8 Deluxe Nintendo SWITCH + 2 kierownice = MEGA HIT !
Dreame	Robot sprz?taj?cy Dreame L50 Pro Ultra bia?y Mopowanie 19500 Pa Wyposa?enie
Tacx	TRENA?ER DO ROWER W SZOSOWYCH MAGNETYCZNY TACX BOOST Tacx Boost KOMPAKTOWY
Tacx	TRENA?ER DO ROWER W SZOSOWYCH MAGNETYCZNY TACX BOOST Tacx Boost KOMPAKTOWY
Molten	PI?KA SIATKOWA MOLTEN V5M5000 MECZOWA
Molten	PI?KA SIATKOWA MOLTEN V5M5000 MECZOWA
Molten	PI?KA SIATKOWA MOLTEN V5M5000 FIVB MECZOWA rozm 5
Molten	Pi?ka Meczowa Siatkowa Molten FIVB r. 5
Molten	Pi?ka Meczowa Siatkowa Molten FIVB r. 5
Molten	Pi?ka do siatk wki Molten 5000
Molten	Pi?ka do siatk wki Molten 5000
Molten	MOLTEN PI?KA SIATKOWA DO SIATK WKI V5M5000 FIVB R.5
Neno	Podw jny bezprzewodowy laktator NENO CAMINO zestaw premium
Neno	NENO PODGRZEWACZ PRZENO?NY SAVIA
Neakasa	NEAKASA KUWETA DLA KOTA M1 DO KOMFORTOWEGO I WYGODNEGO U?YTKOWANIA W DOMU
Natvita	B??KIT METYLENOWY JAKO?? Ph. Eur. 1% 100ml ROZTW R NatVita
Uknown	NEOBIANACID Nadkwa?no?? i Refluks tabletki do ssania 45 sztuk
Snuza	SNUZA HERO MD - monitor oddechu dla niemowl?t
Snuza	SNUZA HERO MD - monitor oddechu dla niemowl?t
Snuza	SNUZA HERO MD - monitor oddechu dla niemowl?t
Snuza	SNUZA HERO MD - monitor oddechu dla niemowl?t
Alcon	P?yn do soczewek Alcon Opti Free Express 355 ml
ALPHA	"Masa?er Do Plec w, Cia?a, Szyi, Karku - Poduszka Masuj?ca Shiatsu Alpha"
Menicon	Preparat p?yn czyszcz?cy Menicon Progent 5 dawek
Menicon	Preparat p?yn czyszcz?cy Menicon Progent 5 dawek
BJC	"UDAROWY KLUCZ PNEUMATYCZNY BJC NISKOCI?NIENIOWY 1600Nm do k ? MOCNY 1/2"""
Boll	Neutralizator rdzy Boll 00140192 400 ml
Narum	Narum Coli Biotic 60kapsu?ek
Hisense	"Telewizor LED Hisense 65A6N 65"" 4K UHD czarny DYSTRYBUCJA PL"
Ziaja	Ziaja Yego Zestaw Kosmetyk w do M??czyzn 4 elementy Krem Balsam ?el Kulka
Ziaja	Zestaw kosmetyk w Ziaja Marshmallow zestaw okoliczno?ciowy prezentowy
Olimp	OLIMP CREATINE 1250 120KAPS MONOHYDRAT KREATYNA WYTRZYMA?O?? SI?A MOC
Emolium	EMOLIUM DERMOCARE Emulsja do cia?a 400 ml
Emolium	EMOLIUM DERMOCARE Emulsja do cia?a 400 ml
Emolium	EMOLIUM DERMOCARE Emulsja do cia?a 400 ml
Emolium	EMOLIUM DERMOCARE 3W1 P?YN DO MYCIA I K?PIELI DLA SK RY WRA?LIWEJ 400 ML
Biotebal	Biotebal Effect 200 ml specjalistyczny szampon przeciw wypadaniu w?os w
MyBabyBottle	MyBabyBottle Przeno?ny podgrzewacz do butelek wody mleka dla dzieci
Milwaukee	M?otowiertarka SDS 2.3J M18 BLHX-502X SDS+ Milwaukee 2x5Ah
Durex	Durex SURPRISE ME zestaw prezerwatyw mix 40szt
Barbie	BARBIE (BD) FILM
Sony Interactive Entertainment	Marvel's Spider-Man 2 PS5 / NOWA / POLSKI DUBBING / P?YTA
MATERACE Z G R	Materac kieszonkowy 90x200 piankowy pocket 7 strefowy trwa?y 17 cm H3
MATERACE Z G R	Materac kieszonkowy 90x200 piankowy pocket 7 strefowy trwa?y 17 cm H3
MATERACE Z G R	Materac kieszonkowy 90x200 piankowy pocket 17 cm pocketowyA spr??ynowy H3
LaCreativa	KOSMETYKI DLA DZIECI kuferek z kosmetykami ZESTAW do makija?u do malowania
Brother	BROTHER DCP-L2622DW DUPLEKS WiFi LASER MONO A4 3w
MPM	"WIELOFUNKCYJNY ROBOT KUCHENNY MIKSER PLANETARNY MPM MRK-25 3W1 MISA 6,5L"
MPM	WIELOFUNKCYJNY ROBOT KUCHENNY MIKSER PLANETARNY MPM MRK-22 2600W MISA 7L
Crucial	Dysk CRUCIAL E100 1TB SSD
Movino	MOVINO GLIDE hulajnoga wyczynowa
Movino	MOVINO GLIDE hulajnoga wyczynowa
DentiPro	"Irygator do Z?b w 4 Tryby +4 Dysze - Profesjonalny, Bezprzewodowy i Stylowy"
Uknown	Drabina sk?adana Domowa Sto?ek 2-stopniowy Drabinka warsztatowa CURVER 150
Karcher	MYJKA PAROWA KARCHER SC 2 EASYFIX MOP PAROWY PAROWNICA + 4 SZCZOTECZKI
Starmix	Odkurzacz przemys?owy Starmix ISC L-1425 1400 W
Starmix	Odkurzacz przemys?owy Starmix 1625 Top 1600W z workami przystawk? do gipsu
Seagate Skyhawk	Dysk serwerowy Seagate SkyHawk 2TB 3.5'' SATA III (6 Gb/s) (ST2000VX017)
Babyliss	Profesjonalna prostownica do w?os w BaByliss PRO Elipsis3000 31mm jonizacja
Brita	Wk?ad filtruj?cy Brita Maxtra Pro Pure Performance 3 sztuki
Canon	Drukarka wielofunkcyjna atramentowa (kolor) Canon Pixma TS3350 + USB GRATIS
Casio	Kalkulator naukowy CASIO FX 350ES PLUS2
De'Longhi	EKSPRES DO KAWY AUTOMATYCZNY De'Longhi ECAM450.65.G Eletta Explore 1450W
De'Longhi	EKSPRES DO KAWY AUTOMATYCZNY De'Longhi ECAM450.65.G Eletta Explore 1450W
Dewalt	Klucz udarowy DEWALT DCF900P2T
Dewalt	DEWALT KLUCZ UD.KOMPAKT 18V DCF921N
Electrolux	P?yta indukcyjna Electrolux EIV835
Electrolux	P?yta Indukcyjna Electrolux EIV634 Ceramiczna Moc 7350W 4 Pola
Electrolux	P?yta gazowa Electrolux EGG6407K Szklana
Epson	Urz?dzenie wielofunkcyjne fotograficzne A4 Epson EcoTank L8160 FOTO + USB
Epson	Urz?dzenie wielofunkcyjne Epson Ecotank L8180
Epson	Urz?dzenie wielofunkcyjne Epson EcoTank L6276
Epson	Skaner EPSON WorkForce DS-790WN
Epson	EPSON L15150 urz?dzenie wielofunkcyjne A3+ kolor + odbierz CASHBACK 510 Z?*
Esperanza	Mikrofal wka Kuchenka Mikrofalowa Prosta w Obs?udze Czarna 20 litr w
Esperanza	Kierownica Esperanza NITRO PC PS3 270  USB Peda?y
Garmin	Inteligentna waga Garmin Index S2 czarna
Garmin	Inteligentna waga Garmin Index S2 czarna
Geberit	Stela? podtynkowy do toalety Geberit Duofix Sigma 8 cm
Haxe	ASPIRATOR DO NOSA ELEKTRYCZNY ODCI?GACZ KATAR HAXE
HP	Urz?dzenie wielofunkcyjne HP Smart Tank 581
HP	HP 178nw kolor WiFi 3w1 4x tonery HP XXL drukarka laserowa niski przebieg
HP	Drukarka wielofunkcyjna atramentowa (kolor) HP Smart Tank 581 TUSZ
HP	Drukarka laserowa jednofunkcyjna mono HP M110w + 2 tonery 142A wifi
HP	Drukarka HP LaserJet M140w Mono USB WiFi In
HP	Drukarka HP LaserJet M110w
Huawei	Smartwatch HUAWEI Watch Fit 3 Pastelowy r ?
Huawei	Smartwatch HUAWEI Watch FIT 3 Pastelowy R ?
Huawei	Smartwatch HUAWEI Watch Fit 3 Pastelowy r ?
Josera	Josera SensiCat Adult Sensitive 10kg
K rcher	Parownica K rcher SC 2 EasyFix Plus 1500 W 1.512-614.0
K rcher	Odkurzacz workowy K rcher WD 2 Plus V-12/4/18
Lavor	SZOROWARKA AUTOMAT MYJ?CY LAVOR SPRINTER PRANIE
Microsoft	Bia?y Kontroler bezprzewodowy Microsoft XBOX SERIES / ONE / PC Robot White
Oral-B	"Szczoteczka Oral-B Pro Series 1 Pink Cross Action, Prezent dla kobiety"
Oral-B	Szczoteczka Elektryczna do z?b w Braun Oral-B Vitality 100
Oral-B	Oral-B Pro Spider-Man Szczoteczka elektryczna + etui dla dzieci na prezent
Oral-B	Oral-B Pro Series 1 Pink Cross Action szczoteczka elektryczna r ?owa
Oral-B	Oral-B Pro Series 1 Pink Cross Action szczoteczka elektryczna r ?owa
Oral-B	Oral-B iO6 Duo Bia?a r ?owa szczoteczka elektryczna technologia magnetyczna
Pampers	Pieluchy PAMPERS Active Baby Monthly Box 4 Maxi (180 szt.)
Pampers	"Pampers Premium Care Rozmiar 4, 114 szt. Pieluchomajtki Miesi?czny zapas"
Pampers	PAMPERS PREMIUM CARE PANTS R.4 114 SZTUKI PIELUCHY ZESTAW
Pampers	Pampers Active Baby 4 180 szt. 9-14 kg Pieluszki Miesi?czny zapas
Philips	Szczoteczka Soniczna Philips 2100 HX3651/11 r ?owa
Philips	Szczoteczka Soniczna Philips 2100 HX3651/11 r ?owa
Philips	Philips Lumea 9900 BRI977/00 - Depilacja IPL
Philips	Automatyczny ekspres ci?nieniowy Philips EP2220/10 1500W
Samsung	Odkurzacz Samsung Jet 65 Pet VS15A60AGR5
Scheppach	SCHEPPACH HMS1070 - Grubo?ci wko-wyr wniarka
Scheppach	?uparka do Drewna Hydrauliczna R?bak HL760L Pozioma 7Ton ?upiarka Scheppach
Scheppach	?uparka do Drewna Hydrauliczna R?bak 400V SI?A 107cm Scheppach COMPACT 15T
Scheppach	?uparka do Drewna Hydrauliczna R?bak 400V SI?A 107cm SCHEPPACH COMPACT 10T
Siemens	Siemens EQ Series tabletki odkamieniaj?ce i czyszcz?ce TZ80002 2w1 TZ80001
Sonicare	Szczoteczka Soniczna Philips Sonicare do Z?b w
Tefal	Frytkownica bezt?uszczowa TEFAL EY905D10 2700W
Toshiba	Dysk zewn?trzny Toshiba Canvio Basics 2022 2TB
Toshiba	Dysk serwerowy Toshiba MG Series 20TB 3.5'' SATA III (6 Gb/s)
Velvet	R?cznik Papierowy Velvet Turbo 1 Rolka Super Ch?onny Mocny Wytrzyma?y XXL
Vileda	Vileda Suszarka na Pranie Universal Ultimate 18m CZARNY MATOWY NOWO??
Vileda	Vileda Suszarka na Pranie Universal Ultimate 18m
Vileda	Vileda Suszarka na Pranie Universal Ultimate 18m
Vileda	VILEDA Deska do prasowania Star Plus
Vileda	Suszarka na pranie Vileda Universal Ultimate czarna
Vileda	Suszarka na pranie Vileda Universal Ultimate
Vileda	Suszarka na pranie VILEDA King Czarno-bia?y
Vileda	Mop Parowy VILEDA Steam Plus XXL elektryczny
Vileda	Deska do prasowania Vileda Star Plus
Vileda	Deska do prasowania Vileda Star Plus
Vileda	Deska do prasowania VILEDA Star
Vileda	Deska do prasowania VILEDA Star
Xiaomi	Odtwarzacz multimedialny Xiaomi Mi TV Stick Smart
Xiaomi	Oczyszczacz powietrza Xiaomi Smart Air Purifier 4 Lite 33W bia?y
Zelmer	"MASZYNKA DO MIELENIA MI?SA CICHA ZELMER + SZATKOWNICA 1900W 2,5 KG/MIN NOWA"
Bosch	M?OTOWIERTARKA GBH 240 BOSCH + 11 WIERTE? D?UT
Bosch	M?OTOWIERTARKA GBH 240 BOSCH
Bosch	M?OTOWIERTARKA GBH 240 BOSCH
Kingston	KINGSTON PENDRIVE PAMI?? DTXM USB 3.0 128 GB
Kingston	Kingston 128GB USB 3.2 Gen 1 DataTraveler Exodia M czerwony
Kingston	Dysk wewn?trzny SSD Kingston NV3 2TB PCIe Gen 4 x4 NVMe M.2 2280
Kingston	Dysk wewn?trzny SSD Kingston NV3 2TB PCIe Gen 4 x4 NVMe M.2 2280
Makita	Odkurzacz 1200W 42l sucho/mokro L Makita VC4210L
Neo	"Zestaw kluczy 300 element w 1/2"", 3/8"", 1/4"" Neo 10-218 P?askie Torx Bity"
Ninja	"Air Fryer NINJA AF140EU 4,7L 4w1"
Stanley	Skrzynia narz?dziowa SKRZYNKA 3-poziomowa
Bryza	"BRYZA 4w1 Proszek Do Prania KOLOR W Czysto?? ?wie?e Pranie 6,825 kg"
Yato	ZESTAW KLUCZY YATO YT-12681
Yato	YATO ZESTAW KOMPLET KLUCZY NASADOWYCH 216 elem YT-38841 3GRZECHOTKI WALIZKA
Yato	Yato YT-08518 Lampa Warsztatowa Aku Led Cob 5W
Yato	YATO SZLIFIERKA MIMO?RODOWA OSCYLACYJNA 150MM 350W 4000-10000 OBR YT-82206
Yato	YATO SZLIFIERKA MIMO?RODOWA OSCYLACYJNA 150MM 350W 4000-10000 OBR YT-82206
Yato	YATO - 83081 - URZ?DZENIE ROZRUCHOWE POWER BANK - 9000 mAh - ETUI 5 EL.
AMD	Procesor AMD Ryzen 7 5700X TRAY
Fellowes	Niszczarka biurowa papieru dokument w do biura ?cinkowa mocna Fellowes 12C
Tracer	Kierownica Tracer SimRacer Manual Gearbox 6 in 1 PC/PS4/PS3/Xone/X360
70Mai	Kamera samochodowa 70mai A200 DASH CAM + tylna RC11 +karta 64GB
70Mai	70mai Wideorejestrator A510 SET Kamera samochodowa HDR + tylna RC11
70Mai	70Mai Dash Cam A800S 4K + RC06 set + Maimo Watch R Black-GPS WT2001-GPS
Logitech	Myszka BEZPRZEWODOWA LOGITECH MX Master 3s UNIVERSAL - Graphite
Logitech	Bezprzewodowa Myszka Logitech M185 Grey USB 2.4GHz Optyczna Uniwersalna
Adidas	M?skie buty trekkingowe adidas Terrex Swift Solo GZ0331 r.43 1/3
Uknown	4x225/55R18 98V Goodride Z401 opony ca?oroczne
Bridgestone	Opona zimowa 235/45R18 98V XL Blizzak 6 BRIDGESTONE
Goodride	1x 225/55R18 Z-401 98V GOODRIDE ca?oroczne nowe ROK 2025
Uniroyal	1x Uniroyal WinterExpert 205/55R16 91H
Goodyear	1x OPONA 215/45R16 Goodyear VECTOR 4S G2
Lego	LEGO BOTANICALS Bukiet kwiat w 10280
Samsung	Smartfon Samsung Galaxy S22 5G 8 GB / 128 GB 5G czarny
Samsung	SMARTFON SAMSUNG Galaxy A36 5G 8/256GB Czarny (A366B)
Samsung	Samsung Galaxy A26 8/256 GB 5G czarny
Samsung	Samsung Galaxy A16 LTE 8+256GB czarny
Samsung	Samsung Galaxy A16 LTE 8+256GB czarny
Samsung	Samsung Galaxy A16 A165 Dual Sim 8GB RAM 256GB - Black
Intel	Pami?? RAM Sh. DDR4 8GB SODIMM 2666mHz do laptop w z procesorem INTEL
Karcher	Odkurzacz pior?cy Karcher SE 3 Compact Home N1 1.081-539.0
Karcher	"Mocna Parownica Karcher SC5 EasyFix Mop Parowy 4.2bar 2250W 1,5L DU?A MOC"
Karcher	"Karcher SC 4 EasyFix parownica mop parowy 2000W 3,5 bar 1.512-630.0"
Beko	Kuchenka mikrofalowa wolnostoj?ca Beko MOC20100BFB Czarny 700 W 20L
Dell	"Monitor Dell Alienware AW3425DW 210-BRTW 34"" 4K"
Delonghi	Ekspres ci?nieniowy do kawy DeLonghi Eletta Explore ECAM450.55S Thermoblock
Delonghi	Ekspres ci?nieniowy DeLonghi Magnifica Evo Next [ECAM310.60.GB](http://ECAM310.60.GB)
De'Longhi	Automatyczny ekspres ci?nieniowy De'Longhi [ECAM290.31.SB](http://ECAM290.31.SB) 1450 W
Dewalt	Wiertarko-Wkr?tarka DeWalt 18V XR bezszczotkowa DCD791N 70Nm
Electrolux	P?yta grzewcza Electrolux EIS62453IZ
Electrolux	ELECTROLUX Zmywarka EEM48300L QuickSelect
Epson	Drukarka Epson Ecotank L8050
K rcher	MYJKA CI?NIENIOWA K rcher K 7 POWER FLEX 1.317-300.0
MSI	Karta graficzna MSI GeForce RTX 5090 Ventus 3X OC 32GB DLSS 4
Samsung	TELEWIZOR TV UE43U8072FUXXH SAMSUNG 4K UHD DVB-T2 TIZEN TV Q-SYMPHONY U80
Tefal	Zestaw szybkowary TEFAL Secure Trendy Pressure 4L + 6L INDUKCJA P2584301
Tefal	TEFAL Zestaw garnk w Ingenio Emotion 11el R?CZKA indukcja
Tefal	Rondle TEFAL Ingenio Ultimate 16 18 20 indukcja 4e
Tefal	Patelnia TEFAL Intuition 28cm INDUKCJA nieprzywieraj?ca B8170644
Tefal	Odkurzacz pionowy Tefal X-Force Flex 12.60 Aqua TY98C0 45min Funkcja mopa
Tefal	"FRYTKOWNICA BEZT?USZCZOWA TEFAL Frytownica AIR FRYER 7,5l Du?a XL"
Tefal	Blender kielichowy szklany TEFAL Perfect Mix+ BL811D 1200W
Goldwell	Goldwell Texture Roughman Pasta teksturyzuj?ca do w?os w 150ml
Misure	CI?NIENIOMIERZ NARAMIENNY ELEKTRONICZNY LCD ARYTMIA I FUNKCJA G?OSOWA
Asaka	?URAW WARSZTATOWY 2T sk?adany PODNO?NIK warsztatowy D?WIG do silnik w
Uknown	Vet Plus FIBOR 500G uk?ad pokarmowy
Braun	Golarka BRAUN 51-M1000s Series 5 Mint
Uknown	MINIS FORUM MINI PC UM790 PRO RYZEN 9 7940HS 32GB RAM 1TB SSD DO ZADA?
Gainward	Karta Graficzna Gainward GeForce RTX 5070 Ti Phoenix-S 16GB GDDR7
Google	GOOGLE PIXEL 8 8GB 128GB PE?NY ZESTAW FOLIA
Google	Google Pixel 8 5G 8/128GB GPJ41 Obsidian Czarny
Western Digital	"Dysk twardy Western Digital WD Red WD80EFPX 8TB SATA 3,5"""
Koruma	PORTFEL M?ski Sk rzany OCHRONA Kart RFID BLOCK Kiesze? na Zamek - KORUMA
Hikmicro	Kamera Termowizyjna Monokular Termowizyjny Hikmicro LYNX PRO LH25 2.0 / V2
Agromen	S?onecznik Czarny Karma Ziarno Dla Ptak w 10KG
Coca-Cola	"Nap j gazowany Coca-Cola Zero Cukru butelka 1,5l"
Coca-Cola	"Nap j gazowany Coca-Cola Zero Cukru butelka 1,5l"
Coca-Cola	"Nap j gazowany Coca-Cola Zero Cukru butelka 1,5l"
Coca-Cola	"Nap j gazowany Coca-Cola Zero Cukru butelka 1,5l"
Festool	Festool SZLIFIERKA ODKURZACZ LHS 2 ?yrafa MAX ZESTAW RATY 0% PLANEX
Mercedes	?ar wka D1S Osram Clasic 66140 CLC AUDI BMW MERCEDES OPEL FORD ALFA ROMEO
Philips	?AR WKI PHILIPS H7 55W 12V RACINGVISION GT200 +200% NAJMOCNIEJSZE ORYGINA?
Philips	"?AR WKI LED H8/H11 PHILIPS ACCESS AUDI A4 B8, Q3, Q5, A5 8T, A7, A3 8V, A6"
Philips	PHILIPS ?AR WKI LED HIR2 9012 ULTINON ACCESS PLUG&PLAY 6000K +80%
Philips	PHILIPS ?AR WKI LED H11 ULTINON PRO6000 BOOST HOMOLOGACJA +400% 11362U60BX2
Vileda	Wk?ad do mopa p?askiego Vileda H2prO EXTRA oryginalny
Vileda	Vileda Ultramax Wk?ady do mopa p?askiego 35 cm 2 sztuki
Vileda	Vileda Ultramax Wk?ady do mopa p?askiego 35 cm 2 sztuki
Vileda	Vileda Ultramax mop p?aski z wyciskaczem
Vileda	MOP VILEDA ULTRAMAX BOX ZESTAW WIADRO WYCISKACZEM DR??EK WK?AD
Vileda	MOP VILEDA ULTRAMAX BOX ZESTAW WIADRO WYCISKACZEM DR??EK WK?AD
Ryobi	Akumulator Ryobi AKU 18V (5.0 Ah)
Rayovac	Baterie S?uchowe RAYOVAC 312 MF PR41 ZincAir 60szt
Samsung	"Telewizor OLED Samsung QE65S90F 65"" 4K UHD 2025"
Esab	Przy?bica spawalnicza samo?ciemnij?ca ESAB Savage A41 maska do spawania
Metabo	UKO?NICA PI?A UKOSOWA KAP WKA KGS 305 MM METABO
LG	GYS NAGRZEWNICA INDUKCYJNA POWERDUCTION 37LG
Uknown	Dysk twardy Seagate Exos 24TB ST24000NM000C SATA 3.5 
Makita	MAKITA Radio budowlane akumulatorowe 18V stereo g?o?nik + zasilacz DMR116
Makita	MAKITA Radio budowlane akumulatorowe 18V stereo g?o?nik + zasilacz DMR116
Makita	"MAKITA HR2670 M?otowiertarka wiertarka udarowa z kuciem SDS+ 3,0J"
Logitech	Kierownica Logitech G920 Driving Force
Logitech	Kierownica i peda?y Logitech G920 Xbox One Series S X
Palit	Karta graficzna Palit RTX 5080 Gaming Pro 16 GB DLSS4
Persil	Persil Discs Color Kapsu?ki do Prania Kolor 60szt
Logitech	Zestaw g?o?nik w LOGITECH Z906 5.1 THX 500W Surround DTS Subwoofer - Pilot
Logitech	Zestaw g?o?nik w 5.1 Logitech Z906 500 W czarny
Tulano	Krzese?ko do karmienia dla dzieci TULANO drewniane 4w1 do 40kg 6msc-12lat
Tulano	Barierka na schody zabezpieczaj?ca TULANO bia?a rozporowa drzwi 75-110 cm
Tulano	Barierka do ? zka ochronna TULANO bramka zabezpieczaj?ca sk?adana 200x70 cm
AZENO	MUSIC BOXING MACHINE ?CIANA BOKSERSKA BLUETOOTH TRENING BOKSERSKI LED
Best Lab	BESTBIOTIC PROBIOTYK BESTLAB na jelita 30 kapsu?ek BEST LAB
Aliness	Lactoferrin LAKTOFERYNA LFS 90% 100mg 60T Aliness
Durex	Durex Prezerwatywy Pleasuremax Wypustki 12 sztuk
Olimp	Olimp Whey Protein Complex BIA?KO Mieszanka WPC i WPI Izolat 700g Wanilia
Swanson	Swanson Koenzym Q10 200 mg M?odo?? Witalno?? SK RA 90 kaps
Swanson	Swanson Koenzym Q10 200 mg M?odo?? Witalno?? SK RA 90 kaps
Avene	"Avene Eau Thermale Cleanance Hydra, krem ?agodz?cy, 40ml"
Lego	LEGO 42146 Technic ?uraw g?sienicowy Liebherr LR
Toshiba	Dysk zewn?trzny HDD Toshiba Canvio Basics 1TB USB 3.0 Black
Garmin	Garmin Striker Vivid 9sv z GT52HW-TM Echosonda GPS
Ironpack	ETYKIETY TERMICZNE 100x150 mm Kurierskie Bia?e 500 szt
SolidTape	Etykiety termiczne 100x150 mm kurierskie 500 sztuk samoprzylepne bia?e
Playstation	The Last of Us: Part I Sony PlayStation 5 (PS5) NOWA DIALOG PL
Royal Canin	Royal Canin Sterilised Karma sucha dla kota KURCZAK 10 kg
Royal Canin	Royal Canin Gastro Intestinal Canine 2 kg
Vileda	Vileda Mop TURBO obrotowy Easy Wring and Clean
Vileda	Mop p?aski Vileda UltraMax XL 42 cm BOX - zestaw
Parkside	Akumulator Bateria Smart 8Ah 20V PARKSIDE PERFORMANCE PAPS 208 A1 Bluetooth
Parkside	Akumulator Bateria Smart 8Ah 20V PARKSIDE PERFORMANCE PAPS 208 A1 Bluetooth
Parkside	Akumulator Bateria Smart 8Ah 20V PARKSIDE PERFORMANCE PAPS 208 A1 Bluetooth
Parkside	Akumulator Bateria Smart 8Ah 20V PARKSIDE PERFORMANCE PAPS 208 A1 Bluetooth
Parkside	Akumulator Bateria Smart 8Ah 20V PARKSIDE PERFORMANCE PAPS 208 A1 Bluetooth
Playstation	Konsola Sony Playstation 4 PS4 Slim 500 GB Pad + Gratis klocki Lego!
Playstation	Konsola Sony Playstation 4 PS4 Slim 500 GB Pad + Gratis klocki Lego!
Sucker Punch Productions	GHOST OF TSUSHIMA / PS4 / NOWA / DUBBING PL
Angelcare	ANGELCARE WK?ADY DO POJEMNIKA NA PIELUCHY WORKI x6
Uknown	GRA - SEN GAMEWRIGHT TEAM
Kangur	GRA PLANSZOWA 10 SEKUND KIDS ?WI?TA Kangur
Goliath	POD?OGA TO LAWA
Magicbox	Piratix Zestaw Crazy Jungle Krokodyl King Croc Kapitan JawCrush
MINDOK	Carcassonne Big Box gra planszowa +11dod Karczmy Kupcy Kopalnie z?ota Promy
Zachem	GLOBUS SZKOLNY 250 2W1 POD?WIETLANY LED + APLIKACJA - na prezent - polski
Hot Wheels	HOT WHEELS MONSTER TRUCKS ARENA KASKADERSKA OPONA GVK48
Hot Wheels	HOT WHEELS MONSTER TRUCK KASKADERSKA ARENA 2 autka
Lego	LEGO(R) CITY 60456 PO?CIG ?ODZI? POLICYJN?
Lego	LEGO Technic ?mieciarka Mack LR Electric 42167
Lego	LEGO SPEED CHAMPIONS 77240 HIPERSAMOCH D BUGATTI CENTODIECI
Lego	LEGO LILO I STICH ANDZIA (43257) (KLOCKI)
Lego	LEGO ICONS Ornitopter 10327
Lego	LEGO Harry Potter Mandragora 76433
Lego	KLOCKI LEGO WEDNESDAY 76784 KWIAT CZARNEJ DALII DR NOWE PREZENT DLA DZIECKA
Clementoni	INTERAKTYWNY GLOBUS EDUGLOBUS KOSMOS CLEMENTONI 7+
Clementoni	Clementoni Interaktywny Eduglobus Exploreglobe 50848
Dromader	SEKRETY ELEKTRONIKI 1200 KOMBINACJI EKSPERYTMENT W
Epee	Koci Domek Gabi Walizeczka Kociej Artystki EPEE Zestaw Kreatywny Plastyczny
Epee	"EPEE PROJEKT DEKO PRACOWNIA 3w1, zestaw kreatywny dla dzieci +6 lat"
Baby Born	BABY born Interaktywna Lalka Emma Niemowl?
Baby Born	BABY born Interaktywna Lalka Emma Niemowl?
Bruder	Bruder Kombajn zbo?owy John Deere T670i 02132
Bruder	Bruder Kombajn zbo?owy John Deere T670i 02132
Egmont	Asteriks. Z?oty Menhir mi?kka Egmont - komiksy
Minecraft	KLOCKI LEGO MINECRAFT 21275 DOM TNT W D?UNGLI - ZESTAW NA PREZENT
Scrabble	Gra MATTEL Scrabble Junior
Lisciani	Gra planszowa W g?owie si? nie mie?ci 2 - Gra o emocjach Lisciani
Nasza Ksi?garnia	Lisek urwisek Nasza Ksi?garnia - gry
Wydawnictwo Naukowe PWN	"Kryptografia W teorii i praktyce Douglas R. Stinson, Maura B. Paterson"
Verde Mate	"Yerba Mate Verde Mate Green Energia Guarana 0,5kg 500g"
Arion	? ?ko Kontynentalne ARION 180x200 Pojemnik MATERAC Bonell DU?E WYGODNE
Masseno	Sofa naro?na KAME do salonu FUNKCJA SPANIA pojemnik SPR??YNY FALISTE salon
Shimano	Ko?owrotek Shimano Ultegra FD 4000 XG
Magicbox	PIRATIX KRAKEN SHIP
Barbie	BARBIE DREAMHOUSE WYMARZONY SAMOLOT DLA LALEK + lalka Barbie
Lego	LEGO(R) BOTANICALS 10347 MA?Y S?ONECZNY BUKIET V29
Mammotion	MAMMOTION YUKA 2000 Robot kosz?cy GPS Kosiarka do trawy Bez kabla
Majestic Sport	Pas kulturystyczny obci??eniowy do ?wicze? podnoszenia ci??ar w EVA PRO L
Svr	?EL DO MYCIA DLA SK RY WRA?LIWEJ CIA?A TWARZY SVR TOPIALYSE LAVANT 1000 ML
Browin	"Szynkowar 1,5kg Z GARNKIEM W P?ASZCZU wodnym + 2 TERMOMETRY worki"
Browin	"Pionowa Nadziewarka mi?sa Stal nierdz 2,5 kg + Peklos l Vit-C GRATIS BROWIN"
Kingston	Pami?? RAM do komputera Kingston FURY Beast DDR5 64GB (2 x 32GB) 6000 CL36
Kingston	Pami?? RAM do komputera Kingston FURY Beast DDR5 64GB (2 x 32GB) 6000 CL36
Naughty Dog	THE LAST OF US PART I / PL / NOWA / PS5
Naughty Dog	THE LAST OF US PART I / PL / NOWA / PS5
Machine Studios	Indiana Jones i Wielki Kr?g PS5
Machine Studios	Indiana Jones i Wielki Kr?g PS5
Nintendo	FINAL FANTASY TACTICS: IVALICE CHRONICLES / NINTENDO SWITCH / NOWA W FOLII
Parkside	AKUMULATOR LI-ION PARKSIDE PAPS 208 A1 20 V 8 AH bateria bateriia x20v 8ah
Playstation	THE LAST OF US PART I / PLAYSTATION 5 / GRA NA P?YCIE / POLSKI DUBBING
bez marki	PROJEKTOR MAGCUBIC HY300 PRO 2026 NOWA WERSJA 4K WIFI SMART ANDROID TV
Lyapko	"WA?EK DO TWARZY LYAPKO 3,5 MINI ROLLER IG?OWY MASA?U AKUPRESURY BEZ NIKLU"
Lyapko	"LYAPKO WA?EK UNIWERSALNY 3,5 DO MASA?U LIMITOWANY"
Victoria's Secret	Victoria's Secret Bare Vanilla - Mgie?ka do Cia?a 250 ml - Prezent`
Profimet	Szklarnia Ekspert Tunel 40x20 3x6m z poliw?glanem 6mm
?ucznik	Maszyna do szycia ?ucznik Mini dla dzieci ?atwa obs?uga zestaw prezent
Lucze	LUCZE ?wacze wo?owe 1kg suszone 100% NATURALNY gryzak przysmak dla psa
Lucaffe	Lucaffe Mamma Lucia kawa ziarnista ARABICA ROBUSTA 1 kg
Hikvision	Kamera termowizyjna termowizor HIKMICRO by HIKVISION Lynx LE15S + ZESTAW
Lovi	LOVI Butelka do karmienia Mammafeel 250ml ze smoczkiem dynamicznym 3m+
Canpol	Laktator muszlowy CANPOL BABIES podw jny SmartSense
GALAXIA	8X SZKLANE POJEMNIKI NA ?YWNO?? 8SZT Pojemnik Lunchbox DO LOD WKI MIKROFALI
Davidoff	Kawa rozpuszczalna in
Davidoff	Davidoff Crema Intense 90g rozpuszczalna
Davidoff	Davidoff Crema Intensa 90g rozpuszczalna DATA:12/07/2026
Afnan	Afnan 9pm edp 100ml
Afnan	Afnan 9 PM woda perfumowana 100 ml
Kendamil	Mleko Kozie Kendamil Pocz?tkowe 1 800g Bez Oleju Rybiego i Palmowego DHA+
Kendamil	Kendamil 3 Junior mleko kozie nast?pne od 12. miesi?ca 800g
Tassimo	Kapsu?ki TASSIMO Jacobs Caffe Crema Classico XL 16
Artego	Artego Touch Hot Shot bardzo mocno utrwalaj?cy lakier do w?os w 500 ml
Artego	Artego Lakier Hot Shot mocno utrwalaj?cy w?osy 500 ml
Jaguar	Jaguar PreStyle Ergo 5.5 No?yczki do strzy?enia profesjonalne
Montibello	Montibello Smart Touch od?ywka w sprayu kuracja Reset My Hair 12w1 150 ml
Montibello	Montibello Decode Zero Cosmic Anti-Frizz Spray 200
Flytec	? DKA ZAN?TOWA FLYTEC V020 GPS 3 ZBIORNIKI 500m BATERIA 12000mAh LED
Vitacolloids	Niejonowe Nano Srebro AG 25 ppm 300ml
Paco Rabanne	Paco Rabanne Invictus 100ml woda toaletowa m??czyzna EDT
BMW OE	13537589048 7589048 Wtryskiwacz paliwa BMW 1
Irobot	Robot sprz?taj?cy iRobot Roomba 105 Combo Mopowanie Stacja oczyszczaj?ca
Oral-B	Szczoteczka magnetyczna ORAL-B iO 6 R ?owy Timer
Philips	?elazko parowe 2800W Philips Azur Seria 7000 czarno z?ote DST7040/80
Himalaya	"Himalaya Cystone na uk?ad moczowy, 100 tabletek 30/06/26 data"
Wiim	Wzmacniacz Wiim AMP ULTRA
Wiim	ODTWARZACZ SIECIOWY STREAMER WIIM ULTRA DARK GREY HDMI ARC WIFI BLUETOOTH
Foxsur	Prostownik Samochodowy do Akumulator w z Rozruchem 12V 24V 25A AGM Booster
Berner	Latarka czo?owa 2-w-1 z USB C BERNER 1015462 NAJNOWSZY MODEL 2026
bez marki	"MYJKA PAROWA Czy?cik Ci?nieniowy do Okien Tapicerki Fug 1050W 3,5 Bara"
Emprez	Robot sprz?taj?cy Emprez Robot do Mycia Szyb i Okien HCR-10 bia?y
Caricol	"Caricol, saszetki z p?ynem, 20 szt."
Caricol	"Caricol, saszetki z p?ynem, 20 szt."
PiLeJe	Probiotyk LACTIBIANE Cnd 10M 30 kapsu?ek
PiLeJe	Probiotyk LACTIBIANE Wzorcowy 30 kapsu?ek
Lehmann	ROBOT KUCHENNY PLANETARNY MIKSER Z MIS? BLENDER SZKLANY MASZYNKA DO MI?SA
Lehmann	"PODNO?NIK SAMOCHODOWY ?ABA LEWAREK NISKOPROFILOWY PUNKTOWY 2,5T 2500 KG"
Lehmann	"PODNO?NIK SAMOCHODOWY ?ABA LEWAREK NISKOPROFILOWY PUNKTOWY 2,5T 2500 KG"
Lehmann	"PODNO?NIK SAMOCHODOWY ?ABA LEWAREK NISKOPROFILOWY PUNKTOWY 2,5T 2500 KG"
Lehmann	"PODNO?NIK SAMOCHODOWY ?ABA LEWAREK NISKOPROFILOWY PUNKTOWY 2,5T 2500 KG"
Lehmann	ODKURZACZ PRZEMYS?OWY LEHMANN HADDO POPIO?U KOMINKA GRUZU TURBO 2000W
Lehmann	ODKURZACZ PRZEMYS?OWY LEHMANN HADDO POPIO?U KOMINKA GRUZU TURBO 2000W
Lehmann	ODKURZACZ PRZEMYS?OWY LEHMANN HADDO POPIO?U KOMINKA GRUZU TURBO 2000W
Lehmann	ODKURZACZ PRZEMYS?OWY LEHMANN HADDO POPIO?U KOMINKA GRUZU TURBO 2000W
Lehmann	ODKURZACZ PRZEMYS?OWY LEHMANN HADDO POPIO?U KOMINKA GRUZU TURBO 2000W
Lehmann	ODKURZACZ PIOR?CY DO TAPICERKI DYWAN W PRANIA ZESTAW MOKRO SUCHO 2000W XXL
Lehmann	ODKURZACZ PIOR?CY DO DYWAN W TAPICERKI MOKRO SUCHO ZESTAW SPOT CLEAN 750W
Lehmann	ODKURZACZ PIOR?CY DO DYWAN W SSAWKA TAPICERKI PROFESJONALNY LEHMANN 2000W
Lehmann	ODKURZACZ CYKLONOWY LEHMANN BEZWORKOWY TURBOSZCZOTKA max 4000W HEPA CICHY
Lehmann	MYJKA CI?NIENIOWA LEHMANN MOSI?DZ 3000W INDUKCJA 350bar ZWIJACZ 12M W??
Lehmann	MYJKA CI?NIENIOWA LEHMANN MOSI?DZ 3000W INDUKCJA 350bar ZWIJACZ 12M W??
Lehmann	FRYTKOWNICA BEZT?USZCZOWA PODW JNA FRYTOWNICA 9L AIRFRYER DWUKOMOROWA WIFI
Lehmann	FRYTKOWNICA BEZT?USZCZOWA FRYTOWNICA AIRFRYER DU?A 12 PROGRAM W 6l WIZJER
Lehmann	FRYTKOWNICA BEZT?USZCZOWA FRYTOWNICA AIRFRYER 8l DU?A MISA 12 PROGRAM W LED
Lehmann	FRYTKOWNICA BEZT?USZCZOWA FRYTOWNICA 8L PIEKARNIK AIRFRYER DWUKOMOROWA LED
Lehmann	FRYTKOWNICA BEZT?USZCZOWA AIRFRYER FRYTOWNICA DU?A 12 PROGRAM W 10l 1800W
Lehmann	FRYTKOWNICA BEZT?USZCZOWA AIRFRYER 8L NIEPRZYWIERAJ?CA LEHMANN 12 PROGRAM W
Uknown	10x ?ar wka LED GU10 6W 4000K BIA?A NEUTRALNA 120  WYDAJNA PREMIUM CCD
Insomniac Games	Marvel's SPIDER-MAN 2 PS5 NOWA Pude?kowa FULL PO POLSKU
Insomniac Games	Marvel's Spider-Man 2 PS5 / NOWA / POLSKI DUBBING / P?YTA
Oral-B	4x Oral-b iO Radiant White Black ko?c wki poleruj?ce do szczoteczki iO
Oral-B	4x Oral-b iO Radiant White Black ko?c wki poleruj?ce do szczoteczki iO
Sony	Kontroler bezprzewodowy Sony DualSense szary 30th Anniversary
Polyphony Digital	GRAN TURISMO 7 / GT 7 / PL / NOWA / PS5
ENGO	REGULATOR TEMPERATURY STEROWNIK BEZPRZEWODOWY INTERNETOWY WIFI ENGO E901
INDEX BHP	R?kawiczki Nitrylowe ZARYS easyCARE CZARNE R?kawice Jednorazowe 100 sztuk L
Launch	LAUNCH X431 Pro ELITE 2025 CanFD DoIP 8 cali DARMOWE AKTUALIZACJE 2 lata
Garmin	Zegarek sportowy Garmin Venu 3S Be?owy (010-02785-02)
Garmin	Smartwatch Garmin Venu 3S be?owy
Eyfel	ANIO? MELEK EYFEL ZAPACHY DO DOMU PATYCZKI 120 ML
Eyfel	ANGEL EYFEL - ZAPACHY DO DOMU PATYCZKI 120ml
Uknown	4x MOCNY ODSTRASZACZ KRET W SOLARNY NA KRETY NORNICE MYSZY GRYZONI XXL 4SZT
Lego	LEGO EDUCATION SPIKE PRIME 45678 + dodatek 45681
Rituals	RITUALS The Ritual of Sakura - Zestaw kosmetyk w PREZENT NA DZIEN KOBIET
SaeYang	Frezarka do paznokci Saeyang Marathon 3 Champion White
SaeYang	FREZARKA DO PAZNOKCI MARATHON 3 CHAMPION MOCNA 45W
Roborock	Robot sprz?taj?cy Roborock Saros 10R 22KPa mopowanie Stacja oczyszczaj?ca
Roborock	Odkurzacz Robot sprz?taj?cy ROBOROCK Qrevo Edget
Lego	LEGO Friends Park wodny w Heartlake 42630
Versace	Versace Bright Crystal 90ml EDT Woda Toaletowa Dla Kobiet Perfumy Damskie
Stanley	DMUCHAWA AKUMULATOROWA V20 18V 0*AH GEN2 SFMCBL730B
Trefl	5 Sekund gra
Trefl	5 Sekund gra
Trefl	5 Sekund gra
Trefl	5 Sekund gra
Trefl	5 Sekund gra
Trefl	5 Sekund gra
Trefl	5 Sekund gra
Jumbo	Hitster Edycja polska Imprezowa Towarzyska gra muzyczna Gra planszowa
Neno	NENO IVO NIANIA OBROTOWA VIDEO IP Z ODBIORNIKIEM
Egmont	UBONGO GRA PLANSZOWA RODZINNA TOWARZYSKA EGMONT
Goliath Games	PIGGY POP NIE P?KAJ PROSIACZKU GRA ZR?CZNO?CIOWA
Uknown	SKRAPLACZ KONDENSATU DO KOMINKA WENTYLACYJNEGO 125 MM KRONOPLAST
Matrix	Matrix Food For Soft olejek nawil?aj?cy do w?os w suchych nawil?enie 50ml
Dermedic	DERMEDIC HYDRAIN2 KREM NAWIL?AJ?CY DO TWARZY 50ML
Kratki	Wk?ad kominkowy WIKTOR 14 kW ?eliwny ZESTAW KOMIN fi 200 + DOLOT
Kratki	WK?AD KOMINKOWY powietrzny KRATKI kominek ZUZIA ?eliwny fi 200 ekoprojekt
Kratki	Wk?ad Kominkowy kominek Antek 10 CA?Y ZESTAW P?yty kratki rury dolot
Kratki	Piec ?eliwny Kominek Wolnostoj?cy KRATKI Koza K9 fi 150 10 kW EKO na Drewno
Kratki	Piec ?eliwny Kominek Wolnostoj?cy KRATKI Koza K6 fi 150 8 kW EKO na Drewno
Kratki	Kominek ?eliwny Wk?ad ANTEK FI 180 moc 10Kw ZESTAW MONTA?OWY EKOPROJEKT
Kratki	KOMINEK PIEC KOZA ?ELIWNY NA DREWNO K7 PIECYK 5KW + ZESTAW FI 130 + gratis
Krischner	KOMPLET SZTU?C W WALIZKA ZESTAW SZTU?CE STAL NIERDZEWNA 72EL DLA 12 OS B
KRAKEN	FOTEL GAMINGOWY BIUROWY KRZES?O OBROTOWE DO BIURKA
Karl Hausmann	KOMPLET SZTU?C W WALIZKA ZESTAW SZTU?CE STAL NIERDZEWNA 72EL DLA 12 OS B
Bluey	LEGO BLUEY 11203 Dom rodzinny Blue
Hasbro	HASBRO TABOO TABU Imprezowa gra towarzyska WERSJA POLSKA F5254
Lego	LEGO Technic Ferrari Daytona SP3 42143
Lego	LEGO Technic 42204 Fast and Furious Toyota Supra MK4
Lego	LEGO Technic 42176 Samoch d wy?cigowy Porsche GT4 e-Performance
Lego	LEGO Technic 42172 McLaren P1
Lego	LEGO STAR WARS 75431 ZESTAW BITEWNY - ?O?NIERZE-KLONY Z 327. KORPUSU
Lego	LEGO NINJAGO Wielofunkcyjny ultramech Zane a 71834
Lego	LEGO NINJAGO Smok chaosu Kie?ogrzmot 71832
Lego	LEGO Ninjago 71848 Per?a ?wi?tyni
Lego	LEGO Ninjago 71836 Arcysmok skupienia
Lego	LEGO Icons 10313 Bukiet Polnych Kwiat w PREZENT
Lego	"LEGO Harry Potter, Zamek Hogwart: G? wna wie?a (76454)"
Lego	LEGO Harry Potter Zamek Hogwart: Wielka Sala 76435
Lego	LEGO FORTNITE Restauracja Durrr Burgerownia 77076
Lego	LEGO DUPLO Most i tory kolejowe - zestaw rozszerzaj?cy 10426
Lego	LEGO CREATOR Expert Drzewko bonsai 10281
Lego	LEGO City Samolot pogotowia ratunkowego 60465
Lego	LEGO City 60316 Posterunek policji
Lego	LEGO Botanicals 10369 Kwiat ?liwy
Lego	LEGO ART S?oneczniki Vincenta van Gogha 31215
Lego	LEGO Architecture Zamek Neuschwanstein Du?y Model Niemcy 21063 Prezent
Lego	LEGO 10416 DUPLO - FARMA OPIEKA NAD ZWIERZ?TAMI
Lego	LEGO 10331 ICONS Zimorodek
Lego	KLOCKI LEGO SPEED CHAMIPONS 77238 LAMBORGHINI REVUELTO I HURACAN STO NOWE
Lego	KLOCKI LEGO FRIENDS 42649 SKLEP Z CUKIERKAMI W HEARTLAKE DR NOWE NA PREZENT
Lego	KLOCKI LEGO FRIENDS 42648 OPIEKA NAD PANDAMI W REZERWACIE NA PREZENT
Lego	KLOCKI LEGO
Lego	KLOCKI LEGO
Red Bull	"LEGO Technic, Bolid F1 Oracle Red Bull Racing RB20 (42206)"
Minecraft	"LEGO MINECRAFT FILM 21273 ATAK BALONOWEGO GHASTA NA WIOSK?, KLOCKI"
Minecraft	LEGO 21279 MINECRAFT Wie?a Endermana
Monopoly	HASBRO MONOPOLY Disney Stitch Wersja polska G0388
Ravensburger	"GRA PLANSZOWA LA CUCARACHA Z?ap robala, gra dla ca?ej rodziny"
bez marki	Zestaw ?wi?ta prezent czekolada herbata mi d bo?e narodzenie
bez marki	ZESTAW BOX ?wi?teczny PREZENT NA ?WI?TA miko?ajki MI D HERBATA CZEKOLADA
Uknown	AGREGAT GENERATOR PR?DU INWERTOROWY CICHY ROZRUCH KSB 22iS K&S
K nner & S hnen	"K&S KS 8100iE 1/3 ATSR GENERATOR INWERTEROWY AGREGAT 400V 230V EURO5 8,5 KW"
K nner & S hnen	"K&S Agregat pr?dotw rczy inwertorowy 230V 3/3,3kW KS3300I"
K nner & S hnen	Agregat pr?dotw rczy stacjonarny K nner & S hnen 7500 W olej nap?dowy
K nner & S hnen	Agregat pr?dotw rczy przeno?ny jednofazowy K nner & S hnen 3300 W benzyna
K nner & S hnen	Agregat pr?dotw rczy KS 10000E G benzynowo-gazowy jednofazowy 8kW
K&S Basic	Generator pr?du inwerterowy KSB 35i - 3500 W / 3200 W - 223cm  - K&S Basic
Xbox	ORYGINALNY KONTROLER PAD XBOX ONE SERIES S X SHOCK BLUE NIEBIESKI
Mercedes	LEGO Technic 42177 Mercedes-Benz G 500 PROFESSIONAL Line
Skyhawk	DYSK DO REJESTRATORA HDD-ST4000VX016 4TB 24/7 SkyHawk
Braun	TERMOMETR DO UCHA DOUSZNY BRAUN THERMOSCAN 7+ IRT6525 TRYB NOCNY CICHY
Braun	Termometr do Ucha BRAUN Thermoscan 7+ IRT6525
Braun	Depilator BRAUN Skin I-expert Smart IPL PL7253
Braun	Depilator BRAUN Skin I-expert Smart IPL PL7253
Brita	"Dzbanek filtruj?cy Brita Glass 2,5 l przezroczysty"
Brita	"Dzbanek filtruj?cy Brita Glass 2,5 l przezroczysty"
Brita	BRITA Glass szklany dzbanek niebieski z filtrem MAXTRA PRO Pure Performance
Delonghi	Ekspres ci?nieniowy DeLonghi Magnifica S ECAM 22.115.B
Dreame	ROBOT SPRZ?TAJ?CY DREAME X40 Ultra White
Dreame	ROBOT SPRZ?TAJ?CY DREAME X40 Ultra White
Epson	Urz?dzenie wielofunkcyjne DRUKARKA EPSON EcoTank DRUK SMART WIFI + TUSZE
Lego	Zestaw klock w LEGO Icons Concorde 2083 elementy (10318)
Lego	LEGO Technic 42160 Audi RS Q e-tron
Lego	LEGO Ideas Sam w domu (21330)
Lego	Lego 10374 Botanicals Collection Bukiet r ?owych r ?
Motorola	Smartfon Motorola Razr 60 Ultra 16 GB / 512 GB 5G Mountain Trail
Motorola	Smartfon Motorola Razr 60 Ultra 16 GB / 512 GB 5G Mountain Trail
Motorola	Smartfon Motorola Razr 60 Ultra 16 GB / 512 GB 5G czerwony
Oral-B	Szczoteczki Magnetyczne Oral-B iO Series 3 Niebieska i Czarna
Oral-B	Szczoteczka magnetyczna Oral-B iO Series 10 Stardust White Akumulatorowa
Oral-B	Szczoteczka Elektryczna do Z?b w Oral-B Vitality Pro D103 Box Blue
Patriot	Pami?? Patriot Viper Venom DDR5 32 GB 6000MHz CL36
Philips	Frytkownica bezt?uszczowa Philips Seria 3000 NA351/00 Airfryer 2750W 9L OVI
Philips	FRYTKOWNICA BEZT?USZCZOWA PHILIPS AirFryer Ovi Dual NA352/00 2750W 9L
Philips	"Frytkownica airfryer bezt?uszczowy Philips seria 2000 6,2L NA231/00"
Philips	Ekspres do kawy ci?nieniowy automatyczny Philips 1200 szary EP1224/00
Philips	DEPILATOR IPL PHILIPS LUMEA 9900 SENSEIQ SMARTSKIN + 3 NASADKI BRI973/00
Philips	Automatyczny ekspres do kawy Philips EP5441/50 LatteGo
Philips	Air Fryer Frytkownica PHILIPS Ovi Dual Basket NA462/70 10l 6 program w
Philips	Air fryer Frytkownica Philips NA353/10 2750W 9L Bia?a
Samsung	Samsung QE65LS03FAUXXH TV Qled 4K Frame 2025 Dolby Atmos Smart TV Tizen
Samsung	Monitor gamingowy Samsung Odyssey G5 27 WQHD 165Hz LS27CG552EUXEN
Tefal	?elazko TEFAL Ultimate Pure FV9845E0
Tefal	Generator pary TEFAL Express VisionSV8151
Walkingpad	Bie?nia elektryczna KINGSMITH WalkingPad X21
Xiaomi	Nawil?acz Powietrza Xiaomi Smart Humidifier 2 Bia?y
Xiaomi	FRYTKOWNICA BEZT?USZCZOWA Xiaomi Smart Air Fryer 6.5L 1800W 220st WiFi
Xiaomi	Frytkownica bezt?uszczowa Xiaomi Smart Air Fryer 6.5L
Kingston	Pami?? RAM Kingston FURY 32GB (2x16GB) 3200MHz CL20 Impact SODIMM
Kingston	DYSK SSD KINGSTON KC3000 2TB PCIe 4.0 NVMe M.2
Kingston	Dysk SSD KINGSTON 1TB M.2 PCIe Gen4 KC3000 7000MB/s NVMe OEM
LG	"Monitor OLED LG UltraGear 27GX790A-B 27 "" 2560 x 1440 px OLED"
LG	"Monitor OLED LG 32GS95UV-B 31,5 "" 3840 x 2160 px OLED"
Makita	Makita DHP489Z Wkr?tarka z udarem 18V LXT 73Nm Mocna Bezszczotkowa
Gigabyte	"Monitor Gigabyte GS27QA 2560 x 1440 LED, IPS"
Gigabyte	Karta graficzna GIGABYTE Radeon RX 7600 Gaming OC 8G GDDR6 128bit
Goodram	"Dysk SSD Goodram CX400 1TB 2,5"" SATA III"
Sandisk	Dysk zewn?trzny SANDISK Portable SSD 1TB SDSSDE30-1T00-G26
Crucial	Dysk CRUCIAL X9 2TB SSD
Steelseries	Klawiatura STEELSERIES Apex 9 Mini
ZTE	ZTE MC888B 5G
70Mai	Wideorejestrator 70mai Dash Cam A500s + kamera R06
70Mai	KAMERA 70MAI A500S PRO PLU + 128GB + ADAPTER j. PL
Fenix	Latarka diodowa LED Fenix C7 3000lm 470m 5000 mAh USB-C IP68 duraluminium
Jura	Preparat do czyszczenia systemu mlecznego Jura uzupe?nienie refill pack
OPTIMAT	"Generator Agregat Pr?du AVR Diesel 9,5kW 230/400V pr?dotw rczy 3fazy diesla"
Promiler	Skalibrowany jak policyjny ALKOMAT AL-8000 PLUS
Maltec	OSUSZACZ POWIETRZA POCH?ANIACZ WILGOCI CICHY WiFi TIMER HIGROSTAT 12L/24H
Hot Wheels	Ferrari 250 GTO & Fiat 642 #83 Team Transport Hot Wheels Premium 1:64
Uknown	EDIAG ELITE OBD2 2025 INTERFEJS DIAGNOSTYCZNY CANFD TESTER THINKDIAG OBD
Kingbolen	TESTER INTERFEJS DIAGNOSTYCZNY SKANER UNIWERSALNY K7 FULL 3lata akt PL
Kingbolen	KINGBOLEN K8 PRO OBD2 Bezprzewodowy interfejs diagnostyczny Do?ywotnie aktualizacje [j.PL](http://j.PL)
Kinderplay	LALKA BOBAS DU?A INTERAKTYWNA REALISTYCZNA SMOCZEK KINDERPLAY M WI 41CM
Kinderplay	KLOCKI MAGNETYCZNE KONSTRUKCYJNE ?WIEC?CE TOR EDUKACYJNE PANELE 75 el. 3D
Kinderplay	KINDERPLAY W ZEK DLA LALEK G??BOKI GONDOLA SK?ADANY TORBA REGULOWANA R?CZKA
Kinderplay	KINDERPLAY KOLEJKA ELEKTRYCZNA TOR WY?CIGOWY LOKOMOTYWA Z D?WI?KIEM AUTA
Kinderplay	DU?Y DOMEK DLA LALEK DREWNIANY KINDERPLAY LED WILLA XXL 118CM MEBLE GARA?
Kinderplay	DU?A DREWNIANA TOALETKA BIA?A DLA DZIEWCZYNKI DZIECI KINDERPLAY NAKLEJKI
Mercedes	"MERCEDES G 63 AMG 4x4 SK RA, EVA Auto na akumulator"
KneeGuardKids	KNEE GUARD KIDS 4 PODN ?EK DO FOTELIKA UNIWERSALNY
Tefal	Patelnia do sma?enia TEFAL Ultimate 28cm TYTANOWA G2680672
Tefal	Patelnia do nale?nik w TEFAL UNLIMITED 25cm indukcja G2553872
Intex	Materac Dmuchany Welurowy Dwuosobowy ? ?ko 203x152x46 Intex 64428ND New2026
Intex	Materac Dmuchany Dwuosobowy z zag? wkiem ? ?ko z Pompk? 230V INTEX 64448ND
Maltec	Koc Elektryczny Grzewczy 180x160 cm Mi?kki Pilot Timer Regulacja
Maltec	Du?y koc elektryczny 180x160cm dwuosobowy mata grzewcza mi?kki timer pilot
HP	Drukarka atramentowa HP Smart Tank 580 KOLOR +Tusze startowe
Bester	P ?automat spawalniczy BESTER MIG 200-S
Neo Tools	"NEO TOOLS ZESTAW KLUCZY 220 ELEMENT W 1/2"", 3/8"", 1/4"" 10-220"
Limit	"SUWMIARKA ELEKTRONICZNA CYFROWA 150MM 0,01MM LIMIT"
Limit	Suwmiarka Cyfrowa Elektroniczna 150mm CDH Limit
Electrolux	12x Worki ELEKTROLUX E201SM S-Bag Long Performance
Cerave	"Emulsja Nawil?aj?ca CeraVe Sk ra Sucha i Bardzo Sucha, Twarz i Cia?o 1l"
Cerave	"CeraVe oczyszczaj?cy ?el do mycia sk ry normalnej i t?ustej, 1000 ml"
Cerave	CeraVe Nawil?aj?ca emulsja do suchej i bardzo suchej sk ry 473ml
Cerave	CeraVe Emulsja Nawil?aj?ca do Mycia Dla Sk ry Normalnej i Suchej 1l
Ducray	DUCRAY ANACAPS REACTIV na wypadanie w?os w 30 kaps.
Ducray	DUCRAY ANACAPS REACTIV na wypadanie w?os w 30 kaps.
Best	Mop p?aski 3 KOMOROWY kompaktowy BEST SEPARACJA Czysta Brudna Woda 2 wk?ady
Magcubic	PROJEKTOR SMART MAGCUBIC MULTIMEDIALNY L018 4K 1080 p 650 ANSI 2026 ANDROID
Magcubic	PROJEKTOR LED MAGCUBIC L018 4K 1080p ANDROID SMART TV WiFi G?O?NIK BT 2025
Kadax	SZKLANE POJEMNIKI NA ?YWNO?? 12x SZKLANY ZESTAW POJEMNIK W PUDE?KO LUNCHBOX
Kadax	SUSZARKA NA PRANIE STOJ?CA DU?A XXL MOCNA STALOWA 20m DO UBRA? NA BIELIZN?
Kadax	DESKA DO PRASOWANIA 120x38 cm SZEROKI BLAT SK?ADANA UCHWYT NA ?ELAZKO
Kadax	CHOINKA SZTUCZNA JAK ?YWA 220 cm JOD?A G?STA PI?KNA STABILNA PREMIUM STOJAK
Storz & Bickel	Waporyzator Venty do suszu CBD i Medycznej marihuany od Storz & Bickel
Storz & Bickel	"VENTY waporyzator do suszu konopnego CBD, medycznej marihuany STORZ&BICKEL"
Bourjois	Bourjois Mascara Volume Glamour Pogrubiaj?cy tusz do rz?s nr 06 Black 12ml
Josera	Sucha karma Josera JosiDog Economy 15kg kurczak dla ps w aktywnych
Joroto	WIO?LARZ WODNY D?B SK?ADANY Z BLUETOOTH DO DOMU 150 KG JOROTO MR290
John Dog	JOHN DOG WIEPRZOWINA Z WO?OWIN? ?REDNIE I DU?E RASY BEZGLUTENOWA BEEF PORK
John Dog	JOHN DOG sucha karma dla psa rasy ?rednie i du?e WIEPRZOWINA WO?OWINA 12 kg
John Dog	JOHN DOG CIEL?CINA Z JAGNI?CIN? 12KG ?REDNIE DU?E WSZYSTKIE RASY DOROS?E
Swiffer	"Swiffer Duster Miote?ki do Kurzu, Wk?ady 18 szt."
Avon	Avon Woda perfumowana Attraction dla Niej 100ml
Avon	Avon TTA Today 100 ml EDP
Avon	AVON Perfumy Celebre dla Niej Woda Toaletowa 50 ml
Avon	AVON ATTRACTION WODA PERFUMOWANA DLA NIEJ 100ml
Avon	AVON ATTRACTION Woda perfumowana dla kobiet EDP 50ml
Avon	AVON _ Woda perfumowana Attraction dla Niej 50 ml
Avon	Avon - Woda perfumowana ATTRACTION dla Niej - 50ml
Lego	LEGO CREATOR 3W1 PSOTNY KOT KOTEK
Lattafa	Lattafa Atheeri EDP 100 ml + pr bka GRATIS!
Minecraft	LEGO 21274 MINECRAFT Spotkanie ze stra?nikiem
Farmasi	FARMASI Dr. Tuna ?el masa?u b le reumatyzm wyci?g Kasztanowiec Zwyczajny
Google	"Projektor Laserowy JMGO N1S Ultimate Google TV 4K UHD, polska dystrybucja"
Dedra	Podno?nik p?yt gipsowych regipsu GK stojak gipsowo-kartonowy ud?wig 68kg
HP	Tusze do HP 652 XL DeskJet 1115 2315 2135 3635 3785 3790 3835 4530 4535
bez marki	SMARTWATCH ZEGAREK M?SKI SPORT NTN K52 MENU PL WODOODPORNY
bez marki	SMARTWATCH ZEGAREK M?SKI SPORT NTN K52 MENU PL WODOODPORNY
Davines	DAVINES OI ALL IN ONE MILK NAWIL?AJ?CE MLECZKO DO W?OS W 135 ML
Davines	Davines OI All In One Milk Mleczko w spray'u od?ywka nawil?aj?ca b/s 135ml
Davines	Davines Oi All In One Milk Mleczko do W?os w 135ml
Loreal	LOREAL ABSOLUT REPAIR MASKA ZNISZCZONE REGENERACJA DO W?OS W 500 ML
L'Oreal	L'Oreal Absolut Repair Maska Regeneruj?ca wzmacniaj?ca W?osy Zniszczone 500
Lego	Zestaw klock w LEGO Ideas Dungeons&Dragons: Opowie?? czerwonego smoka 21348
Uknown	Ekspres do kawy ci?nieniowy kolbowy ze spieniaczem 20 bar Berdsen
Uknown	Parownica do ubra? 2000W Steamer ?elazko parowe regulacja pary 45g/min
Berdsen	Parownica do ubra? 2000W Steamer ?elazko parowe regulacja pary 45g/min
Berdsen	OSUSZACZ POWIETRZA KOMPRESOROWY POCH?ANIACZ WILGOCI 12L HIGROSTAT TIMER
Berdsen	Irygator dentystyczny bezprzewodowy Berdsen BD-200
Berdsen	Ekspres do kawy ci?nieniowy kolbowy ze spieniaczem 20bar 1350W Berdsen
Nukido	Barierka bramka zabezpieczaj?ca czarna Nukido 718300
RicoKids	TABLICA DWUSTRONNA EDUKACYJNA DLA DZIECI MAGNETYCZNA KREDOWA + AKCESORIA
Uknown	POZIOMICA LASEROWA LASER KRZY?OWY P?ASZCZYZNOWY 4D 360 2 x AKU 16 L ZIELONY
YoloDiem	POZIOMICA LASEROWA 360 Laser Krzy?owy Zielony POZIOMNICA 4D 16 LINII ZESTAW
Uknown	Panel LED Lampa Sufitowa Plafon Natynkowy Kwadrat 30x120 cm 5400lm 60W BK
Tega Baby	Pojemnik na zabawki z pokryw? na k ?kach XXL Pud?o na zabawki 60l TEGA
Acer	Router mobilny przeno?ny Acer Connect M6E Wi-Fi 6E 5G/LTE Nano-SIM 8000 mAh
Adata	Pami?? RAM ADATA XPG Lancer Blade 32GB (2x16GB) 6000MT/s CL30
Brother	Brother MFC-L8690CDW 4w1
Dahua	Kamera tubowa IP Dahua IPC-HFW2849S-S-IL-0280B 8 Mpx DUAL
Dahua	KAMERA IP IPC-HDW1639T-A-IL-0280B-S6 Smart Dual Light - 6 Mpx 2.8 mm DAHUA
Samsung	Tablet Samsung Galaxy Tab S10 FE 5G 8/128GB szary
Samsung	SAMSUNG TAB S10 FE X520B 10.9 8/128GB GY
Samsung	Dysk SSD Samsung 990 PRO 4TB M.2 PCIe 4.0 NVMe 2280 7450/6900 MB/s
Realme	Smartfon realme GT 7 12 GB / 512 GB 5G IceSense Czarny
Yodeyma	Perfumy damskie YODEYMA Boreal 100 ML
Uknown	FRYTKOWNICA BEZT?USZCZOWA AIR FRYER FRYTOWNICA DU?A 8L 2000W DU?A MISA XL
Electo	FRYTKOWNICA BEZT?USZCZOWA AIR FRYER FRYTOWNICA ELECTO 2000W 14 PROGRAM W 8L
Electo	FRYTKOWNICA BEZT?USZCZOWA AIR FRYER FRYTOWNICA DU?A 8L 2000W DU?A MISA XL
Electo	FRYTKOWNICA BEZT?USZCZOWA AIR FRYER 8L DU?A FRYTOWNICA 2000W 14 PROGRAM W
Appio	MOCNY GENERATOR OZONU Ozonator Oczyszczacz do Powietrza 60 000 MG/H 140W
MarBit	FRYTKOWNICA BEZT?USZCZOWA AIRFRYER DU?A MISA 8L XL
Eversolo	EverSolo DMP-A6 Gen 2 - Zbalansowany Odtwarzacz Sieciowy Hi-Fi
Insta360	Kamera sportowa Insta360 X5
Canon	Tusze do Canon PG 540 +541 PIXMA MG3250 2150 MX375 MG3650S TS5150 TS5151
HP	Zestaw tuszy oryginalnych HP 305 czarny i kolor 2300 2700 2800 6010 6400
HP	Zestaw tuszy oryginalnych HP 305 czarny i kolor 2300 2700 2800 6010 6400
HP	TUSZ WK?AD CARTRIDGE HP 305 3YM61AE CZARNY 2710
HP	TUSZ WK?AD CARTRIDGE HP 305 3YM61AE CZARNY 2710
HP	TUSZ WK?AD CARTRIDGE HP 305 3YM61AE CZARNY 2710
HP	Tusz HP 305 czarny (black) 3YM61AE
Voyar	FOLIA DO OGRZEWANIA POD?OGOWEGO POD?OG WKI 160 mk 50 MB MOCNA NAJGRUBSZA
Uknown	Kamera termowizyjna ANDROID+iOS THERMAL MASTER P3 8mm-80m -20 Cdo600 C ZOOM
Plantur	Plantur39 Phyto-Caffeine Tonic 200 ml
Mercedes	"MERCEDES GTR AMG SK RA, EVA Auto na akumulator"
Indo	Hulajnoga trampolinowa Indo Kickstart Classic czarna + Gratis worek GOZONE
Demon	"?WIDER SPALINOWY WIERTNICA GLEBOWA DEMON DO GLEBY DO ZIEMI 5,2Km WIERT?A"
Dewalt	ZAKR?TARKA UDAROWA bezszczotkowa IMPACT DEWALT DCF887N 205Nm
Dewalt	ZAKR?TARKA UDAROWA 205Nm 18V MCLAREN F1 2x 5AH LIMITOWANA DEWALT DCF85MP2T
Dewalt	"Zakr?tarka udarowa 18V 205Nm DeWalt XR DCF887N beszczotkowa 1/4"" POLSKA"
Dewalt	"Zakr?tarka udarowa 18V 205Nm DeWalt XR DCF887N beszczotkowa 1/4"" POLSKA"
Dewalt	Narz?dzie wielofunkcyjne DeWALT DCS356P1 18V XR 1x5Ah +Walizka +Osprz?t
Dewalt	M?otowiertarka Dewalt DCH333X2 54 V
Dewalt	Laser zielony 3x360  DeWALT DCE089D1G +detektor
Dewalt	KLUCZ UDAROWY 18V 1/2 DEWALT AKUMULATOROWY 1626Nm / 2373Nm 2x5AH DCF961P2T
Dewalt	DEWALT SET DCK305P3T DCH273N DCF887 DCG405 3x5Ah
Dewalt	DEWALT GWO?DZIARKA AKUMULATOROWA 50-90MM 18V DCN930N
Dewalt	DeWalt DCF899N KLUCZ UDAROWY 1/2 950Nm 18V XR 3-biegowy BODY
Dewalt	"DeWalt DCF850NT KOMPAKTOWA Zakr?tarka udarowa aku 18V 205Nm 1/4"" HEX BODY"
Makita	"WKR?TARKA 18V 2x3,0Ah 50Nm MAKITA DDF485RFJ MAKPAC"
Makita	"SZYNA PROWADZ?CA 1,5 m DO PILAREK SP6000J HS7611 MAKITA 199141-8"
Makita	SZLIFIERKA K?TOWA MAKITA GA5030R GWARANCJA 3 LATA makita PL
Makita	SZLIFIERKA K?TOWA 125MM 720W MAKITA GA5030R
Makita	SZLIFIERKA K?TOWA 125MM 720W MAKITA GA5030R
Makita	SZLIFIERKA K?TOWA 125MM 720W MAKITA GA5030R
Makita	Radio budowlane AUX DAB+ 230/12-18V Makita DMR112
Makita	MAKITA VC2512L ODKURZACZ PRZEMYS?OWY
Makita	MAKITA Szlifierka k?towa z regulacj? 125mm 18V body DGA513Z Makita PL
Makita	MAKITA Szlifierka k?towa z regulacj? 125 mm 18V body korpus DGA513Z
Makita	MAKITA Radio budowlane 18V 40V Bluetooth DAB+ zasilacz MR004G Makita PL
Makita	MAKITA Radio budowlane 18V 40V Bluetooth DAB+ zasilacz MR004G Makita PL
Makita	MAKITA PI?A PILARKA LS1110F UKO?NICA 1450W 260MM Z PRZESUWEM POSUWEM LS LED
Makita	MAKITA PI?A PILARKA LS1110F UKO?NICA 1450W 260MM Z PRZESUWEM POSUWEM LS LED
Makita	MAKITA ODKURZACZ PRZEMYS?OWY 1000W Z OTRZ?SACZEM R?CZNYM VC2512L
Makita	MAKITA AKUMULATOR BATERIA BL1850B 18V 5Ah ORYGINA?
Makita	Akumulatorowa dmuchawa do li?ci Makita DUB187Z 18V
Makita	AKUMULATOROWA DMUCHAWA 18 V DUB184Z MAKITA
Makita	AKUMULATOR MAKITA BATERIA BL1850B LI-LON 18V 5.0AH
Makita	Akumulator Li-Ion Makita 18 V 6 Ah Bateria
Makita	Akumulator Bateria 3.0Ah 18V Makita BL1830B Orygina?
Yato	Zestaw narz?dziowy 108 cz??ci Yato YT-38791
Yato	ZESTAW KLUCZY NASADOWYCH 1/4'' 56el YT-1450-1 YATO
Hikoki	HIKOKI SZLIFIERKA K?TOWA FLEX DIAX K?T WKA DU?A G23SW2 230mm 2200W
Hikoki	HIKOKI MOCNA Szlifierka K?towa Du?a G23SW2 230mm 2200W + tarcza DIAMENTOWA
French Avenue	FRENCH AVENUE VULCAN FEU 100ml UNISEX PREMIUM ARABSKI SZTOS*ODLOTOWY ZAPACH
Kimbo	Kawa ziarnista KIMBO Intenso 1 kg
Kimbo	Kawa ziarnista Arabica Kimbo Espresso Crema Intensa 1000 g
Lavazza	Kawa ziarnista Lavazza Expert Gusto Forte 1kg
Canon	Przeno?na kolorowa drukarka fotograficzna Canon SELPHY CP1500 - czarna
Hot Wheels	Mattel Tor wy?cigowy Hot Wheels City Wy?cigowy transporter 2w1 GVG37
Soppec	Farba geodezyjna drogowa budowlana spray SOPPEC TRACK MARKER POMARA?CZ FLUO
Makita	Gwo?dziarka akumulatorowa Makita DBN900ZK 50 - 90 mm
Mamabrum	Stolik Edukacyjny Dla Dzieci Wielofunkcyjny z Wysokiej Jako?ci Drewna
Mamabrum	Mamabrum drewniana Toaletka dzieci?ca + akcesoria MAKEUP DREESER 3+ MAM68
Mamabrum	Kuchnia dzieci?ca Mamabrum Kuchnie dla dzieci LED KITCHEN W1C600B
Mamabrum	KUCHNIA DREWNIANA INTERAKTYWNA z Pralk? Zmywark? Tablica Kredowa dla Dzieci
Mamabrum	Dwustronna Mata Piankowa Sk?adana 180x120 Urocze Miasteczko/Piaskowy Be?
Mamabrum	"Du?y drewniany warsztat z narz?dziami XXL - zestaw majsterkowicza, 74 elem."
Mamabrum	Du?a Interaktywna Edukacyjna Drewniana Kuchnia z O?wietleniem LED 2 Poziomy
Mamabrum	Drewniany Warzywniak Du?y Stragan XXL Z Kas? + Akcesoria Dla Dzieci
Mamabrum	"Bia?y, du?y drewniany domek dla lalek z tarasem i akcesoriami Mamabrum"
Moby System	DREWNIANE KRZESE?KO DO KARMIENIA Moby-System WOODY
Tech Sterowniki	STEROWNIK LISTWA DO SI?OWNIK W TERMOSTAT W POKOJOWYCH POD?OG WKI L-5 s SLIM
IBO	POMPA CYRKULACYJNA OBIEGOWA CWU DO WODY Z KABLEM ENERGOOSZCZ?DNA CPI 15-15
Wilo	POMPA OBIEGOWA 25/1-6 180 CYRKULACYJNA WILO ATMOS PICO ENERGOOSZCZ?DNA
Tech	TECH-STEROWNIKI STEROWNIK DO INSTALACJI i-3 PLUS DO SYSTEM W SOLARNYCH
Grundfos	POMPA OBIEGOWA C.O GRUNDFOS ALPHA 1L ELEKTRONIK 25 60 180
Mil-Tec	PLECAK WOJSKOWY TAKTYCZNY MILITARNY MIL-TEC US ASSAULT M?SKI 36L OLIVE
M-Tac	SPODNIE M?SKIE TREKKINGOWE ZIMOWE BOJ WKI SOFTSHELL M-TAC WINTER OLIVE L
SPI 55	PODK?ADY HIGIENICZNE CH?ONNE MATY DLA PSA DO SIKANIA GRUBE 60x60cm 100 SZT
Mersjo	PODK?ADY HIGIENICZNE ch?onne MATY DLA PSA nauka sikania MERSJO 90x60 50szt
Mersjo	PODK?ADY HIGIENICZNE ch?onne MATY DLA PSA nauka sikania MERSJO 90x60 100szt
Mersjo	PODK?ADY HIGIENICZNE ch?onne MATY DLA PSA nauka sikania MERSJO 60x60 100szt
SensePads	100 x PODK?ADY CH?ONNE HIGIENICZNE MATY 90X60
Barbie	LALKA BARBIE G?OWA DO STYLIZACJI + 20 akcesori w do stylizacji w?os w HMD88
Simba	SIMBA Stra?ak Sam Jupiter NOWY 925-2595
Simba	AQUA GELZ DU?Y ZESTAW KREATYWNY XXL 13 KOLOR W ?ELI ZWIERZ?TKA 3D + FOREMKI
Hop-Sport	?awka treningowa z ekspanderami regulowana hopsport 250 kg sk?adana sko?na
Hop-Sport	Bie?nia Sk?adana Elektryczna Domowa Regulacja K?ta Nachylenia 2KM do 150kg
HP	Bie?nia Elektryczna 3HP Domowa Sk?adana K?t Regulacja Amortyzacja 20km/h
Global Food	TRUSKAWKI LIOFILIZOWANE 100g (PLASTRY) NATURALNE BEZ CUKRU
Green Touch	TRUSKAWKA LIOFILIZOWANA 100 g ca?e plastry truskawki bez konserwant w
Queisser Pharma	Doppel herz system Kollagen 11.000 Plus zdrowe ko?ci stawy 30 ampu?ek
MiGiris	LITEWSKA MASZYNKA ZIEMNIAK W CIORKA TARKA MIGIRIS
MiGiris	LITEWSKA MASZYNKA TARKA TARCIA ZIEMNIAK W MIGIRIS
MiGiris	LITEWSKA MASZYNKA TARKA DO TARCIA ZIEMNIAK W MIGIRIS ROBOT KUCHENNY
Pok mon	POK MON TCG: MEGA CHARIZARD X EX - ULTRA-PREMIUM COLLECTION
HIPPOVET Pharmacy	Hippovet Pharmacy GastricAid Dog wspomaga leczenie wrzod w u ps w 250ml
Electronic Arts Inc.	EA SPORTS FC 26 FC26 2026 - PL dubbing / komentarz - PS5 - P?yta Blu-ray
Polyphony Digital	GRAN TURISMO 7 / GT 7 / PL / NOWA / PS5
Polyphony Digital	GRAN TURISMO 7 / GT 7 / PL / NOWA / PS5
SFD	BIA?KO SFD WPC PROTEIN ECONO 700G WANILIOWE NIEBO WHEY OD?YWKA BIA?KOWA FIT
HiTec Nutrition	HI TEC Whey C-6 - 2250g BIA?KO PROTEIN WPI WPH WPC
Salus Haus	Floradix ?elazo i witaminy p?yn 500 ml
bez marki	"2*Devil Eyes Light do samochod w, 10 cm * 35 cm, konfigurowalna dioda LED z kontrol? aplikacji"
Uknown	"THYROSET, uk?ad hormonalny, tarczyca, 135 kapsu?ek"
Lego	LEGO Friends Samolot i lotnisko w mie?cie Heartlake 42656
Barbie	BARBIE DU?Y DOMEK MARZE? DREAMHOUSE dom willa z wind?. basenem. akcesoriami
Lattafa	Lattafa Eclaire 100 ml EDP
RicoKids	"Butla z helem 0,20 m3 + balony x30 wst??ka 40m hel do balon w"
Tokachi	OZONATOR GENERATOR OZONU DO DOMU SAMOCHODU 130W MOCNY 60 000 MG/H POWIETRZA
Oral-B	Zestaw 2 szczoteczek Oral-B Pro 3 3900N ROTACYJNA
Oral-B	2x SZCZOTECZKA ELEKTRYCZNA ORAL-B PRO 3 3900 R ?OWA + CZARNA
K rastase	K rastase Elixir Ultime Olejek Do W?os w Nadaj?cy Po?ysk 30 ml
Clinex	CLINEX GRILL - P?YN DO MYCIA PIEKARNIK W - 1L
Avon	Perfumy Damskie AVON Perceive Woda Perfumowana Dla Kobiet 50 ml EDP
Tesori	ZAPACH DO DOMU Aromatyczny Relaksuj?cy Powietrza 200ml Tesori Hammam P?yn
Tesori	ZAPACH DO DOMU Aromatyczny Relaksuj?cy Powietrza 200ml Tesori Hammam P?yn
Tesori	Tesori Od?wie?acz Pachn?ce Patyczki Dekoracyjne Zapachowe Hammam 200ml
Tesori	Tesori d Oriente HAMMAM od?wie?acz patyczkowy 200 ml   arganowy
bez marki	ELEKTRONICZNA MASZYNA BOKSERSKA Z MUZYK? I LED DO ?WICZE? W DOMU BLUETOOTH
ZeeTech	APARAT CYFROWY FOTOGRAFICZNY DLA DZIECI 40Mpx KAMERA ZABAWKA GRY+KARTA 32GB
Uknown	TARCZA BOKSERSKA TRENINGOWA BLUETOOTH NA ?CIAN? MUZYCZNA TABLICA 12 TRYB W
Elite	Fotel Biurowy Krzes?o Obrotowe Ergonomiczne Ergohuman 2 Elite Siatka Czarny
Green Cell	AKUMULATOR AGM GREEN CELL 12V 100AH FOTOWOLTAIKA W ZKI UPS PRACA CYKLICZNA
Green Oro	Naw z do Trawy Trawnika Boisk Jesienny GREEN AKI 24kg GREEN ORO
Philips	"Odkurzacz bezworkowy PHILIPS PowerPro FC9333/09 900W 4 KO?C WKI 1,5l"
Philips	"Odkurzacz bezworkowy PHILIPS PowerPro FC9333/09 900W 1,5l 4 KO?C WKI"
Philips	Oczyszczacz powietrza PHILIPS AC3737-10 Bia?y
Philips	Ekspres do kawy ci?nieniowy Philips LatteGo EP5547/90 1500W czarny
Philips	Ekspres do kawy automatyczny Philips LatteGo 4400 czarny EP4441/50
Philips	Ekspres do kawy automatyczny Philips LatteGo 3300 bia?y chrom EP3343/90
Philips	Ekspres ci?nieniowy Philips EP3341/50 automatyczny do kawy LatteGo
Philips	Ekspres automatyczny ci?nieniowy Philips EP5545/70 1500W LatteGo bia?y
Philips	Depilator ?wietlny IPL Philips Lumea SC 1994/00
Samsung	TELEWIZOR SAMSUNG UE98DU9072 4K UHD 120Hz DR10+
Samsung	SAMSUNG Soundbar HW-Q800F/EN
Jaguar	JAGUAR Classic Gold Woda Toaletowa dla M??czyzn Perfumy M?skie EDT 100ml
Jaguar	JAGUAR Classic Gold Woda Toaletowa dla M??czyzn Perfumy M?skie EDT 100ml
bez marki	BLUETOOTH MUZYKA ELEKTRONICZNA TARCZA BOKSERSKA 3 TRYB W PR?DKO?CI+GRATIS
Staleks	STALEKS PRO Pilnik do paznokci mineralny P ?KSI??YC/? DKA #100/180 25 sztuk
Gmktec	Komputer GMKTEC EVO-X2 Ryzen AI Max+ 395 128GB RAM 2TB SSD Wi-Fi
Lego	LEGO 75810 Stranger Things Lucas Sinclair
Gl ckstoff	Poduszka Ortopedyczna GL CKSTOFF do Spania Pianka Memory Motyl na B l Szyi
Zarys	"R?KAWICE R?kawiczki Jednorazowe Nitrylowe ,S"" Bezpudrowe R ?owe 100szt"
Global Food Hygiene	R?KAWICE R?kawiczki NITRYLOWE BEZPUDROWE M czarne jednorazowe 100 sztuk
Delonghi	Filtr Do Ekspresu Delonghi Eletta Dinamica - AL-S002 6szt.
Realme	Smartfon realme 14T 5G 8/256GB Dual SIM NFC Amoled Czarny Obsidian Black
ASUS	Karta graficzna Asus Prime GeForce RTX 5070 Ti OC 16GB GDDR7
DJI	Nowy Dron DJI Mini 3 ( DJI RC ) Fly More Combo 4K Bogaty Zestaw
Xiaomi	"Tablet Xiaomi Redmi Pad 2 11"" 8/256 GB szary"
Xiaomi	"Tablet Xiaomi Redmi Pad 2 11"" 8 GB / 256 GB zielony"
Casio	Sportowy zegarek m?odzie?owy Casio Vintage Digital
Sandisk	Karta pami?ci microSD SanDisk 256GB MICRO SDXC High Endurance 100 MB/s
Sandisk	Karta pami?ci microSD SanDisk 256GB MICRO SDXC High Endurance 100 MB/s
Lego	LEGO Technic 42184 Bia?y hipersamoch d Koenigsegg Jesko Absolut
Minecraft	LEGO Minecraft 21264 Smok Endera i Statek Endera
Ubiquiti	Router/Kontroler Ubiquiti UniFi UCG-Fiber
Armaf	Armaf Odyssey Mandarin Sky Limited Edition 100ml Perfumy Arabskie
Minelab	Wykrywacz metali Minelab X-Terra Pro
Lego	LEGO Classic 40642 Piernikowe ozdoby
Oral-B	SZCZOTECZKA ELEKTRYCZNA Oral-B iO 4 + IRYGATOR Health Center OxyJet + DYSZE
Samsung	"Tablet Samsung Galaxy Tab A9 (X110) 8,7"" 4 GB / 64 GB Szary"
Samsung	"Tablet Samsung Galaxy Tab A9 (X110) 8,7"" 4 GB / 64 GB Szary"
Gopro	Kamera Sportowa GoPro HERO12 Czarna 4K UHD
Engler	DETEKTOR CZUJNIK WYKRYWACZ EDG-1 GAZ ZIEMNY LPG METAN ETAN PROPAN BUTAN
Coca-Cola	24x Coca-Cola Zero Cukru puszka slim 330ml Nap j Gazowany
Samsung	Filtr wody Do Lod wki - Samsung DA29-10105J HAFEX/EXP Zewn?trzny (Orygina?)
Oral-B	Szczoteczka Elektryczna Magnetyczna Braun Oral-B iO Series 2 - Czarna
Stiga	Od?nie?arka spalinowa Stiga ST 4262 P - Elektryczny Rozrusznik ZESTAW
Bambu Lab	Drukarka 3D Bambu Lab P1S szybko?? precyzja nowoczesno?? zamkni?ta komora
Nintendo	Super Mario Odyssey Nintendo Switch Nowa
Nintendo	Super Mario Odyssey Nintendo Switch Nowa
Electronic Arts Inc.	It Takes Two Gra PS4
Electronic Arts Inc.	IT TAKES TWO - INCLUDES PS5 VERSION [GRA PS4]
Sumo Digital	SACKBOY: WIELKA PRZYGODA / PS5 / GRA DLA DZIECI / P?YTA / POLSKI DUBBING
LAZYhome	CZARNY ST ? OGRODOWY CATERINGOWY BANKIETOWY SK?ADANY OGRODOWY WALIZKA 180cm
Elektrostatyk	FOTEL W?DKARSKI KRZES?O F5R STP ELEKTROSTATYK Stolik Uchwyt
Elektrostatyk	FOTEL W?DKARSKI KRZES?O F5R STP ELEKTROSTATYK Stolik Uchwyt
Elektrostatyk	Fotel W?dkarski F5R ELEKTROSTATYK
Elektrostatyk	ELEKTROSTATYK FOTEL KARPIOWY F5R
P.Shine	P.SHINE ZESTAW DO MANICURE JAPO?SKIEGO
P.Shine	Japo?ski Manicure P.Shine Do Japo?skiego Manicure Japanese Du?y ZESTAW 9w1
Lego	Zestaw Klock w LEGO ICONS Titanic 10294
Mapei	Hydroizolacja folia w p?ynie MAPEI MAPEGUM WPS 20kg do wewn?trz do ?azienki
Canon	Lustrzanka Canon EOS 5D Mark IV korpus
Nikon	Nikon D850 body
Domestos	DOMESTOS Professional Pine Fresh P?yn do mycia dezynfekcji toalet 5L
Sony	Sony A6400 BODY - NOWY
Sony	SIGMA A 24-70 MM F/2.8 DG DN II SONY E
Sony	SIGMA A 24-70 MM F/2.8 DG DN II SONY E
Fujifilm	"FUJIFILM X100 VI - 40 MP kompakt z IBIS, sta?a 23 mm f/2, srebrny"
Faq	"FAQ 202, maseczka LED + FAQ P1 Primer + FAQ krople na czo?o i pod oczy"
Faq	FAQ 202 Smart Silicone LED Face Mask
Faq	FAQ 202 & Zestaw Maseczek Kolagenowych FAQ Glass Skin
Senzi Cosmetics	Baza Mydlana Gliceryna Prze?roczysta Bezbarwna W?asne Myd?o w domu 1kg
Dolina Noteci	MOKRA KARMA DOLINA NOTECI RAFI ADULT BEZ ZB ? SASZETKA MIX SMAK W 24 x 500G
Dolina Noteci	Dolina Noteci Rafi Mix Smak w Saszetka 24x500g
Dolina Noteci	Dolina Noteci Rafi mix smak w 40x500g
ZWO	ZWO Seestar-S50 - teleskop cyfrowy typu All-in-One
Duracell	4x AKUMULATORKI baterie DURACELL R6 AA 2500 mAh NAJWY?SZA POJEMNO??
Corsair	Pami?? RAM DDR4 Corsair 32GB(2x16GB) 3200MHz CL16
Stadler Form	Nawil?acz powietrza Stadler Form Oskar Little
Stadler Form	Nawil?acz powietrza Stadler Form Oskar Little
Stadler Form	Nawil?acz powietrza Stadler Form Oskar Little
Stadler Form	Nawil?acz powietrza Stadler Form Oskar Little
Neo	Szafka Narz?dziowa W zek Narz?dziowy z Wyposa?eniem 221 el. 7 Szuflad NEO
Neo	"NEO SZAFKA WARSZTATOWA, 7 SZUFLAD + 176 NARZ?DZI 84-222-12"
Neo	"NEO SZAFKA WARSZTATOWA, 5 SZUFLAD + 117 NARZ?DZI 84-214-6"
Neo Tools	Zestaw Narz?dzi Uniwersalny Walizka 56 el. Klucze Nasadowe NEO TOOLS
Neo Tools	Zestaw Narz?dzi Uniwersalny Walizka 56 el. Klucze Nasadowe NEO TOOLS
Neo Tools	"ZESTAW KLUCZY NASADOWYCH 110 ELEMENT W 1/2"",1/4"", NEO TOOLS 10-066"
Neo Tools	"NEO TOOLS Zestaw Kluczy Nasadowych 100 el. 1/2"" 1/4"" Klucze P?asko Oczkowe"
Neo Tools	NEO TOOLS Szafka Warsztatowa W zek Narz?dziowy 6 Szuflad Pusta
TOPEX	"Zestaw Kluczy Nasadowych Du?y 219 el. 1/2"" 3/8"" 1/4"" Stal CrV Walizka TOPEX"
Olimp	OLIMP GOLD OMEGA 3 SPORT EDITION 120k WITAMINY KWASY T?USZCZOWE EPA DHA
Olimp	OLIMP CREATINE MONOHYDRATE CREAPURE 500g KREATYNA
FitbyMed	DEPILATOR LASEROWY IPL DO W?OS W TWARZY CIA?A BIKINI DEPILACJA Bezbolesny
FitbyMed	DEPILATOR LASEROWY DEPILACJA IPL ZESTAW Bezbolesny Bikini DO CIA?A FitbyMed
Neonail	NeoNail Lampa LED 36W/48 LCD Display
Neonail	NEONAIL Lampa do paznokci LED UV 36W/48 LCD Display
Neonail	Frezarka do paznokci NEONAIL NN M21 One Touch
Dam	DAM KOMBINEZON W?DKARSKI XTHERM WINTER SUIT ROZ. L
Okuma	OKUMA KO?OWROTEK 8K FD5+1BB
Daiwa	Ko?owrotek Daiwa 23 Ninja LT 4000-C
Pitbull	PIT BULL kurtka BALBOA 2 black zimowa ARI -- L
Zebra	"Drukarka etykiet kurierskich Zebra ZD421D, USB, etykiety pisak"
Acana	"ACANA Light & Fit Heritage 11,4kg"
Primal Spirit	Primal Spirit sucha karma dla PSA Iberian Sardine (Sardynki) 12kg
Primal Spirit	Primal Spirit sucha karma dla PSA Iberian Sardine (Sardynki) 12kg
Brit	Sucha karma Brit Care Dog Grain-free Sensitive 12kg
Brit	BRIT Premium By Nature Adult Medium M Chicken 8 kg
Brit	Brit karma sucha ?oso? 7 kg
Brit	Brit karma sucha ?oso? 7 kg
Brit	Brit Care Hypoallergenic Puppy Lamb 3kg
Brit	BRIT Care Hypoallergenic Junior Large Lamb 12 kg
Brit	BRIT Care Grain-free Junior Large Breed ?oso? 12kg
Brit	Brit Care Grain-Free Adult Salmon Karma bezzbo?owa z ?ososiem dla psa 12kg
Brit	Brit Care Grain Free Mini Adult Lamb 7kg
Brit	Brit Care GF Sensitive Venison Potato 3kg
Brit	Brit Care Dog Hypoallergenic Puppy Lamb 12kg
Brit	Brit Care Dog Hypoallergenic Adult Large Breed 12kg
Brit	BRIT Care Dog Grain-free Sensitive dziczyzna 12kg
Chappi	CHAPPI DR B I WARZYWA 13.5KG
Royal Canin	"Royal Canin VHN Dog Hepatic dla Psa 1,5 kg"
Royal Canin	Royal Canin Veterinary Hypoallergenic 2 kg dla ps w z alergiami pokarmowymi
Whiskas	WHISKAS Karma sucha dla kota - Kurczak 14kg
Whiskas	WHISKAS Adult z tu?czykiem karma sucha 14 kg
Whiskas	WHISKAS Adult mokra karma dla kota Drobiowe Frykasy w galaretce 40 x 85 g
Alpha Spirit	Alpha Spirit PUPPIES pe?noporcjowa sucha karma dla SZCZENI?T INDYK 12kg
Alpha Spirit	Alpha Spirit Duck pe?noporcjowa sucha karma dla psa 12kg
Alpha Spirit	Alpha Spirit 7 DAYS FORMULA pe?noporcjowa SUCHA karma dla psa 12kg
Alpha Spirit	Alpha Spirit 7 DAYS FORMULA pe?noporcjowa SUCHA karma dla psa 12kg
Orijen	"Karma sucha dla psa Orijen Six Fish ryba 11,4 kg"
Redats	Worki na opony NIEBIESKIE LDPE grube mocne du?e 100 sztuk zestaw ochronne
FiveStars	Zawory wentyle bezd?tkowe TR413 Fivestars do k ? felg 100 sztuk
Feegar	S?uchawka Bluetooth 5.2 dla Kierowcy Feegar BOND SE 24h CVC DSP do Telefonu
Feegar	Kompresor Samochodowy 12V 230V Feegar SPR??ARKA POMPKA PRZENO?NA do K ? LED
Feegar	Feegar Patrol Wideorejestrator Kamerka Samochodowa Cofania FullHD +SD 128GB
Feegar	Feegar BF400 Pro S?uchawka Bluetooth dla kierowcy Bezprzewodowa HD CVC 30h
Purina	"PURINA PRO PLAN Veterinary Diets Feline HA ST/OX-Hypoallergenic 3,5 kg"
Royal Canin	"Royal Canin VHN Cat Urinary SO 1,5 kg"
Royal Canin	Royal Canin Mini Adult 4kg karma dla psa ma?a rasa opakowanie oryginalne
Royal Canin	Royal Canin Mini Adult 4kg karma dla psa ma?a rasa opakowanie oryginalne
Royal Canin	Royal Canin Mini Adult 4 kg ORYGINALNE OPAKOWANIE
Royal Canin	ROYAL CANIN GASTRO INTESTINAL FELINE 4KG GI32 KOT
Oral-B	Oral-B iO Ultimate Clean Ko?c wki do Szczoteczki 6 szt Oryginalne
Casio	M?SKI ZEGAREK CASIO GA-2100-1A1ER G-SHOCK CARBON
Vans	Plecak szkolny jednokomorowy Vans czarny 22 l
Compex	Elektrostymulator mi??ni Compex SP 8.0 regeneracja pe?ny zestaw
Avene	Zestaw AVENE XeraCalm A.D Balsam 400 ml + olejek uzupe?niaj?cy lipidy 100ml
Avene	AVENE XERACALM Olejek oczyszczaj?cy uzupe?niaj?cy lipidy 400ml
Avene	AVENE XERACALM A.D Uzupe?niaj?cy lipidy olejek oczyszczaj?cy 400ml
Avene	AVENE Xeracalm A.D Balsam uzupe?niaj?cy lipidy 400 ml
Dexeryl	Dexeryl Krem do sk ry suchej 500 g
Otostick	Otostick Plastry Korektory na Odstaj?ce Uszy
Omni-Biotic	OMNi-BiOTiC 10 AAD 5 g 30 saszetek
Curasept	Pasta do z?b w CURASEPT BIOSMALTO Protection przeciw pr chnicy 75 ml
Curasept	Pasta do z?b w CURASEPT BIOSMALTO Protection przeciw pr chnicy 75 ml
Adelid	ROZDZIELNICA SKRZYNKA BUDOWLANA Z WY??CZNIKIEM L0P 1X32A 1X16A 5P 400V
Dr.Jart+	Dr.Jart+ Ceramidin Skin Barrier Moisturizing Cream 50 ml
Dr.Jart+	Dr.Jart+ Ceramidin Cream dzie? i noc 50 ml Krem nawil?aj?cy do twarzy
Missha	Missha BB nr 23 Natural Beige 50 ml SPF 42 Be?owy
Oral-B	Szczoteczka Elektryczna do Z?b w Oral-B Pro Series 1 Czarna Obrotowa
Oral-B	Ko?c wki do szczoteczek Oral-B iO Gentle Care orygina? Oral-B 4 szt.
Philips	Ostrza wymienne QP240/50 do golarki Philips OneBlade 4 szt
Intel	Laptop Asus VivoBook 15 Intel Core 5 10-rdzeni 16GB 512GB SSD Full HD Win11
Super Benek	SUPER BENEK ?wirek kukurydziany Corn zapach Naturalny 35L
Super Benek	Super Benek Corn Cat Classic Naturalny 35L
Tefal	Generator pary Tefal Pro Express Ultimate GV9712 3000W 590g/min 7.7bar
Royal Catering	MASZYNA DO WATY CUKROWEJ DU?A MISA 52 cm Z W ZKIEM
Lego	LEGO Wednesday 76781 Pok j Wednesday i Enid
Lego	LEGO JURRASIC Ci??ar wka Figurka Dinozaura Klocki na prezent dla ch?opca 8+
Lego	LEGO ICONS Zestaw Zamek Rycerzy herbu Lew 10305 seria Castle ?redniowiecze
Lego	LEGO Friends 41748 Centrum Spo?eczno?ci w Heartlake
Lego	LEGO DC Batman 76271 Gotham z serialu The Animated Series
Lego	LEGO Creator 3w1 ?redniowieczny zamek 31120
Lego	LEGO City 60418 Policyjna ci??ar wka z laboratorium kryminalnym + Radiow z
Lego	LEGO CITY 60198 Poci?g towarowy
Lego	KLOCKI LEGO FRIENDS 42651 KO? I LECZNICA DLA ZWIERZ?T
Lego	KLOCKI LEGO FRIENDS 42618 KAWIARNIA W HEARTLAKE NA PREZENT DLA DZIEWCZYNKI
Minecraft	LEGO MINECRAFT Bitwa w mrocznej g??bi 21246
Lego	LEGO FRIENDS 42604 Centrum handlowe w Heartlake City
Uknown	Kamera termowizyjna 256x192 UNI-T UTi260B termowizja 49152px DYSTRYBUCJA PL
Brother	Wielofunkcyjne urz?dzenie laserowe Brother DCP-L2600D Drukarka USB DUPLEX
De'Longhi	Ekspres ci?nieniowy De'Longhi ECAM450.55.G Eletta Explore 1450 W czarny
HP	Oryginalny Tusz HP F6V25AE 652 Czarny do Drukarki
Philips	"Frytkownica bezt?uszczowa Philips HomeID RapidAir NA221/00 1500W 4,2 l"
Philips	Automatyczny ekspres do kawy Philips LatteGo EP2331/10 czarny 1500W
Samsung	Soundbar Samsung HW-B750F
Samsung	Soundbar + subwoofer Samsung HW-QS700F 360W czarny
Samsung	Samsung HW-Q600F Soundbar g?o?nik do TV Bluetooth
Sony	Oryginalna stacja ?adowania Sony do pada DualSense PS5 CHARGING STATION
Sony	Kontroler DUALSENSE PS5 w Kolorze Wulkanicznej Czerwieni
Sony	Kontroler DUALSENSE PS5 w Kolorze Wulkanicznej Czerwieni
UNI-T	UTi720E zaawansowana kamera termowizyjna 256x192 z WiFi 3.5'' IPS Uni-T
Daewoo	Agregat pr?dotw rczy Generator DAEWOO GDA 7500DPE-3 6.5kW 15KM 230/400V AVR
Varta	40X WZMACNIANA BATERIA ALKALICZNA VARTA INDUSTRIAL PRO AAA LR3
Varta	40x ORYGINALNE BATERIE VARTA INDUSTRIAL LR3 R3 AAA 10 lat wa?no?ci
Faac	Zestaw nap?d si?ownik FAAC 740 DELTA 2
Dreame	Dreame A1 Pro Robot Kosz?cy Kosiarka Automatyczna 2000m2
Oatly	OATLY BARISTA MLEKO OWSIANE Nap j Owsiany 1l mleko barma?skie
Oatly	Nap j Owsiany Oatly Barista Edition 1L
Savo	SAVO ?RODEK PRZECIW PLE?NI I GRZYBOM SPRAY 500 ML
Aliness	Aliness Krill Oil NKO Omega 3 z Astaksantyn? 500mg 60kapsu?ek
Aurora	Aurora Zestaw Prezentowy 7 Kosmetyk w w Metalowym Koszyku Bia?a Herbata
Kindii	Podk?ady jednorazowe Kindii Pure& Soft 30 szt
Clavier	Frezarka Manicure Pedicure Hybrydy ?ele Mocna 65W Clavier FX820
Clavier	Frezarka Do Paznokci Mocna 65W Profesjonalna Manicure Pedicure
Clavier	Clavier ZS603 Frezarka do manicure 65W - BIA?A
Astron	ASTRON OLEJ ?YWOKOSTOWY Z GOJNIKIEM 100ml ?ywokost na B LE MI??NI I STAW W
Yoshi	Yoshi Top Tempered UV Hybrid 10 ml
Missha	Krem BB Missha Perfect Cover Light Beige 21 Nawil?aj?cy SPF42 PA +++ 50ml
Zarys	R?KAWICE R?KAWICZKI NITRYLOWE CZARNE MOCNE L 100SZ
Pan Mi?sko	Pan Mi?sko Karma sucha CIEL?CINA z Indykiem chrupki M 9kg hipoalergiczna
Pan Mi?sko	Pan Mi?sko Karma sucha CIEL?CINA z Indykiem chrupki M 9kg hipoalergiczna
Alpen Camping	Kartusze Gazowe ALPEN CAMPING 400ml GAZ kartusz nab j gazowy
Vileda	Vileda Suszarka rozsuwana INFINITY Flex
Vileda	Suszarka na pranie VILEDA Universal - ma?a do domu balkonowa
Vileda	Suszarka do ubra? Vileda Rozk?adana Balkonowa 18m
Vileda	Odkurzacz pionowy myj?cy Vileda PureClean S5 Plus - bezprzewodowy
Vileda	Deska do prasowania VILEDA Total Reflect Plus
Yato	"KLUCZ DYNAMOMETRYCZNY 1/2"" 20-220Nm YATO MOCOWANIE DOKR?CANIE GWINT W"
ADLER	M?YNEK DO KAWY ?ARNOWY MOCNY XL REGULACJA MIELENIA
ADLER	M?YNEK DO KAWY ?ARNOWY MOCNY XL REGULACJA MIELENIA
Viano	SAMOCHODOWY BEZPRZEWODOWY ODSTRASZACZ KUN GRYZONI
Viano	QUATTRO-PRO ODSTRASZACZ GRYZONI KUN SZCZUR W MYSZY VIANO NA KUNY MYSZY
Rayovac	Baterie do aparat w s?uchowych - RAYOVAC EXTRA - 312 / PR41 - 80 sztuk
Trec	KREATYNA TREC CM3 180 kaps. SILNY JAB?CZAN KREATYNY MOCNY T-C-M SI?A MASA
Freedconn	MOCNY PROSTOWNIK DO SAMOCHODU AKUMULATORA 10A 12V 24V Polskie Napisy
TP-Link	Router TP-LINK Deco M4 (2 szt.)
Millena	DESKA DO PRASOWANIA DU?A 130x48 SK?ADANA DO GENERATORA PARY STACJI PAROWEJ
Motorola	Smartfon Motorola Edge 50 Ultra 16 GB / 1 TB 5G NFC
Motorola	Smartfon Motorola Edge 50 Ultra 16 GB / 1 TB 5G NFC
Poco	"Smartfon POCO X7 Pro 8GB/256GB , Czarny"
Poco	"Smartfon POCO X7 Pro 12GB/512GB, ? ?ty"
Poco	Smartfon POCO X7 12 GB / 512 GB 5G czarny
Poco	"POCO X7 PRO 5G 6,67"" 8/256GB AMOLED ANDROID15 NFC 120Hz BT5.4 NFC IP68"
Poco	"POCO X7 5G 8GB/256GB NFC DS 5110mAh 6,67"" AMOLED 120Hz 50Mpix"
Realme	Smartfon realme GT 7 Pro 12 GB / 512 GB 5G szary
Realme	Smartfon realme 14 Pro+ 5G 8/256GB Dual SIM NFC OLED Bia?y Per?owy
Realme	Smartfon Realme 14 Pro+ 12/ 512 GB 5G Dual SIM NFC RMX5051
Realme	"Smartfon realme 14 Pro 5G 8/256GB 6,7'' 120Hz 50Mpix Pearl White Per?owy"
Realme	Smartfon REALME 14 PRO 5G 12/512GB Dual Sim NFC OLED Szary Suede Grey
Realme	Smartfon REALME 14 Pro 5G 12/512GB Dual Sim bia?y per?owy PEARL WHITE
Realme	"REALME 14 PRO + 5G 6,83"" 8/256GB OLED 120Hz 1.5K ANDROID15"
Samsung	Smartfon Samsung Galaxy S25+ 12 GB / 256 GB 5G zielony
Samsung	Smartfon Samsung Galaxy S25 Edge 12 GB / 256 GB 5G Srebrny Titanium Silver
Samsung	Smartfon Samsung Galaxy S25 12/512GB Zielony
Samsung	Smartfon Samsung Galaxy S25 12 GB / 128 GB 5G srebrny
Samsung	Smartfon Samsung Galaxy S24+ 12 GB / 256 GB 5G czarny
Samsung	Smartfon Samsung Galaxy S24 FE 8 GB / 128 GB 5G czarny
Samsung	Smartfon Samsung Galaxy S24 FE 8 GB / 128 GB 5G czarny
Samsung	Smartfon Samsung Galaxy S24 8 GB / 256 GB 5G fioletowy
Samsung	SMARTFON SAMSUNG GALAXY S24 5G 8/128GB NFC VIOLET
Samsung	Smartfon Samsung Galaxy A56 8 GB / 256 GB 5G r ?owy
Samsung	Samsung S24 S921 5G 8/128GB fioletowy
Samsung	Samsung Galaxy S24 ULTRA 512GB DualSIM OUTLET
Samsung	Samsung Galaxy S24 ULTRA 256GB DualSIM OUTLET
Samsung	Samsung Galaxy S24 ULTRA 1TB DualSIM OUTLET
Samsung	Samsung Galaxy S24 ULTRA 1TB DualSIM OUTLET
Samsung	Samsung Galaxy S24 SM-S921BD 8GB/128GB Szary
Samsung	Samsung Galaxy S24 FE 5G 8/256GB grafitowy smartfon (SM-S721BZKGEUE)
Samsung	Samsung Galaxy S24 FE 5G 8/256GB grafitowy smartfon (SM-S721BZKGEUE)
Samsung	Samsung Galaxy S24 5G 8/128GB NFC DualSIM ? ?ty (S921)
Samsung	SAMSUNG GALAXY S23 5G 8GB 128GB OUTLET
Samsung	#Nowy Smartfon Samsung Galaxy A56 8 GB / 128 GB 5G szary ZAPLOMBOWANY
Samsung	## SAMSUNG GALAXY S24+ Plus 256GB # SM-S926 # LAVENDER # DUAL SIM ##
Xiaomi	Xiaomi Redmi Note 14 6/128GB NFC DualSIM Midnight Black
Xiaomi	Smartfon Xiaomi Redmi Note 14 Pro 5G 8 GB / 256 GB 5G fioletowy
Xiaomi	Smartfon Xiaomi Redmi Note 14 Pro 5G 12 GB / 512 GB 5G zielony
Xiaomi	"Smartfon XIAOMI Redmi Note 14 8/256GB 6.67"" 120Hz Niebieski"
Xiaomi	Smartfon Xiaomi POCO X7 Pro 5G 12/512GB AMOLED NFC Dual SIM Zielony Green
Xiaomi	"Smartfon XIAOMI Poco X7 Pro 5G 12/512GB 6.67"" 120Hz Czarny"
Redmi	Smartfon iaomi Redmi Note 14 4G 8/256GB Lime Green
Redmi	Smartfon iaomi Redmi Note 14 4G 8/256GB Lime Green
Kingston	KINGSTON KARTA PAMI?CI 256 GB MICRO SD CLASS 10
Kingston	KINGSTON KARTA PAMI?CI 256 GB MICRO SD CLASS 10
Avent	Butelka do karmienia Avent Natural 260 ml 2 sztuki smoczek response 1m+
Ceresit	CERESIT AERO 360 POCH?ANIACZ STOP WILGOCI WK?ADY DO USUSZACZA POWIETRZA
Oral-B	Szczoteczka Oral-B iO Series 4 Bia?a
Oral-B	Szczoteczka Elektryczna Oral-B Vitality ProD103 Czarna i Niebieska Dwupak
Oral-B	Szczoteczka Elektryczna Oral-B Vitality ProD103 Czarna i Niebieska Dwupak
Oral-B	Szczoteczka Elektryczna Oral-B Vitality ProD103 Czarna i Niebieska Dwupak
Oral-B	Szczoteczka Elektryczna Oral-B Vitality ProD103 Czarna i Niebieska Dwupak
Oral-B	Szczoteczka Elektryczna Oral-B Vitality Pro D103 Duo Black and Violet
Oral-B	Szczoteczka elektryczna Oral-B iO Series 9N Black Onyx 3 ko?c wki + GRATIS
Oral-B	Szczoteczka elektryczna Oral-B iO Series 5 Black Czarna
Oral-B	SZCZOTECZKA ELEKTRYCZNA MAGNETYCZNA DLA DZIECI ORAL-B IO SPIDERMAN 6+ ETUI
Oral-B	Oral-B Pulsonic Slim Clean 2000 elektryczna szczoteczka do z?b w
Oral-B	ELEKTRYCZNA SZCZOTECZKA DO Z?B W ORAL-B VITALITY PRO 3 TRYBY + DODATKI
Oral-B	ELEKTRYCZNA SZCZOTECZKA DO Z?B W ORAL-B iO SERIES 5 BLUSH PINK Z ETUI
Philips	Golarka Philips S1121/41 AquaTouch Golenie na mokro i sucho
Philips	Golarka PHILIPS OneBlade PRO 360 QP6542/15 Face Body + Etui
Philips	Golarka Maszynka Elektryczna do Golenia Philips Series 5000 S5885/10 Ostrza
Philips Avent	ZESTAW PHILIPS AVENT BUTELKA NATURAL RESPONSE AIRFREE 260ml + 125ml AIRFREE
Jura	Tabletki czyszcz?ce JURA 24225 3-fazowe DO EKSPRESU 6 szt.
IBO	POMPA OBIEGOWA ELEKTRONICZNA DO PIECA KOT?A CO ?RUBUNKI BETA2 25-60/180 IBO
Cosrx	COSRX Balancium Comfort Ceramide Cream Regeneruj?cy Krem 80 g
Ergovent	Anemostat bezramkowy nawiewno-wywiewny 125mm okr?g?y gipsowy bia?y Ergovent
Rafi	Rafi Cat sucha karma dla kota Sterilised ?oso? 7 kg
Rafi	RAFI CAT STERILISED Z ?OSOSIEM 7KG SUCHA KARMA DLA KOT W STERYLIZOWANYCH
Woseba	Woseba Arabica Kawa ziarnista 1kg
Kaminer	Odkurzacz Przemys?owy Bezworkowy do Kominka Popio?u Gruzu Pieca Grilla 15l
Kaminer	Bramka Barierka Zabezpieczaj?ca Os?ona do Kominka Pieca Ochronna Kominkowa
Uknown	Zestaw do Pokera Poker do gry 300 ?ETON W Texas Holdem Walizka + Tasowarka
Riwall	SAMOZASYSAJ?CA MYJKA CI?NIENIOWA RIWALL REPW130M ALUMINIOWA POMPA L6
Riwall	SAMOZASYSAJ?CA MYJKA CI?NIENIOWA RIWALL REPW130M ALUMINIOWA POMPA L6
Riwall	SAMOZASYSAJ?CA MYJKA CI?NIENIOWA RIWALL REPW130M ALUMINIOWA POMPA L6
Riwall	SAMOZASYSAJ?CA MYJKA CI?NIENIOWA RIWALL REPW130M ALUMINIOWA POMPA L6
Ruhhy	WYDAJNY OSUSZACZ POWIETRZA CICHY WiFi TIMER 12L/24H POCH?ANIACZ WILGOCI
Ruhhy	Robot Planetarny Kuchenny RUHHY z Blenderem Maszynka do Mielenia Mi?sa 3w1
Ruhhy	Robot Planetarny Kuchenny RUHHY z Blenderem Maszynka do Mielenia Mi?sa 3w1
Tece	TECE STELA? PODTYNK. DO WC TECEPROFIL ZE SP?UCZK? OCTA II 112 CM
Kruzzel	Namiot domek dla dzieci r ?owy z lampkami LED 130x100x115 cm
BIGSTREN	Kamera Inspekcyjna Endoskop 5m Full HD Wy?wietlacz LCD USB 6LED IP67 do Rur
Qbrick	SKRZYNKI NARZ?DZIOWE QBRICK SYSTEM PRO DRAWER Z258117PG003
ToTa!	M?KA ORKISZOWA jasna Typ 650 chlebowa ?WIE?A ToTa! 1 KG - POLSKIE ZIARNO
ToTa!	M?ka orkiszowa jasna typ 650 1 kg TO TA
Alpro	Alpro Barista do kawy Napoj Owsiany bez cukru 750 ml
Jacobs	Kawa ziarnista mieszana Jacobs Kr nung Espresso 1000 g
Jacobs	Kawa ziarnista Jacobs Kr nung 6/10 1kg
Jacobs	Kawa rozpuszczalna Jacobs Cronat Gold 6x 200g
Nescafe	Nescafe Crema 200 g
Nescafe	Nescafe Classic kawa rozpuszczalna 200 g
Nescafe	Kawa rozpuszczalna Nescafe Classic 200 g
Nescafe	Kawa rozpuszczalna Nescafe Classic 200 g
Nescafe	Kawa Nescafe Classic rozpuszczalna 200g s?oik
Rafi	Rafi puszka 800G wo?owina bor wka
Rafi	RAFI karma dla psa WO?OWINA 800g
Mk Cafe	Kawa ziarnista MK Cafe Select 1kg (6530)
Mk Cafe	Kawa rozpuszczalna MK Cafe Premium Gold 150g
Mk Cafe	Kawa mielona MK Cafe Mildano 250g - bezkofeinowa
Mk Cafe	Kawa mielona MK Cafe Crema 500g
E.Wedel	E.Wedel Czekolada Mocno gorzka 80% Kakao 80 g Wedlowska
E.Wedel	Czekolada gorzka E.Wedel 90 g
Storck	Merci Bombonierka CZEKOLADKI Pralinki Storck Finest Selection 250g
Festool	Festool Zag??biarka TS55 FEBQ-Plus MAX ZESTAW + ?CISKI + TARCZA + SZYNA XXL
Festool	FESTOOL ZAG??BIARKA TS 55 FEBQ-PLUS 576703 i SZYNA 1400 Z PRZYLEPCAMI
Philips	Ekspres do kawy ci?nieniowy automatyczny Philips 1200 czarny EP1200/00
FromSoftware	BLOODBORNE GAME OF THE YEAR EDITION PL PS4
FromSoftware	BLOODBORNE EDYCJA GRY ROKU GOTY / PL / PS4 / NOWA
Oral B	BRAUN ORAL B VITALITY 103 PRO SZCZOTECZKA ELEKTRYCZNA BLACK
Garmin	SMARTWATCH Garmin Instinct 2 inteligentny zegarek sportowy fitness szary
Garmin	Nowy Smartwatch GARMIN Instinct 3 45mm Amoled GPS 10ATM Czarny
Huawei	Smartwatch Huawei Watch GT 6 Pro Active czarny 46mm
Huawei	Smartwatch Huawei Watch GT 6 46mm Active Czarny
Huawei	Smartwatch HUAWEI Watch GT 6 41mm Elegant Z?oty
Huawei	Smartwatch Huawei Watch GT 5 Pro Elegant Bia?y (55020DRC)
Huawei	SMARTWATCH HUAWEI WATCH GT 5 ACTIVE 46mm CZARNY SPORTOWY GPS AMOLED SMART
Huawei	Smartwatch HUAWEI Watch GT 5 41mm Elegant z?oty AMOLED NFC Bluetooth (PL)
Huawei	Smartwatch Huawei Watch GT 4 GT4 Elegant 41mm z?oty gold
Huawei	Smartwatch Huawei Watch Fit 4 Pro GPS AMOLED 5 ATM czarny
Huawei	Smartwatch HUAWEI Watch Fit 4 Czarny
Huawei	Smartwatch Huawei Watch Fit 4 bia?y
Huawei	OUTLET! Smartwatch Huawei Watch GT 4 Classic 41mm Z?oty GW24 PL
Huawei	Huawei Watch GT 6 Pro 46mm Br?zowy
Lenovo	LENOVO TAB M11 8/128GB TABLET 11 CALI HELIO G88 ANDROID NOWY
Lenovo	LENOVO TAB M11 8/128GB TABLET 11 CALI HELIO G88 ANDROID NOWY
Motorola	Smartfon Motorola Moto G55 8 GB / 256 GB 5G DualSim Grafitowy Forest Gray
Motorola	Smartfon Motorola Moto G55 8 GB / 256 GB 5G DualSim Grafitowy Forest Gray
Motorola	Smartfon Motorola Moto G55 8 GB / 256 GB 5G DualSim Grafitowy Forest Gray
Motorola	Smartfon Motorola Moto G55 8 GB / 256 GB 5G DualSim Grafitowy Forest Gray
Motorola	Smartfon Motorola moto g15 power 8/256GB Gravity Grey
Motorola	Smartfon Motorola Moto G15 8/128GB Sea Blue
Motorola	Smartfon Motorola moto g15 8/128GB 6.7  LTE NFC USB-C Sunrise Orange
Motorola	Smartfon Motorola MOTO Edge 40 NEO 5G 12/256GB DualSIM Niebieski Caneel Bay
Motorola	Smartfon Motorola MOTO Edge 40 NEO 5G 12/256GB DualSIM Niebieski Caneel Bay
Motorola	Smartfon Motorola MOTO Edge 40 NEO 5G 12/256GB DualSIM Niebieski Caneel Bay
Motorola	SMARTFON MOTOROLA MOTO E15 2/64GB Niebieski
Motorola	Smartfon MOTOROLA G15 POWER 8GB/256GB Zielony
Motorola	Smartfon Motorola Edge 50 Pro 12 GB/512 GB 5G Luxe Lavender
Motorola	Smartfon Motorola Edge 50 Pro 12 GB/512 GB 5G Luxe Lavender
Motorola	Smartfon Motorola Edge 50 Pro 12 GB / 512 GB 5G czarny
Motorola	SMARTFON MOTOROLA EDGE 50 NEO 12/512GB Stalowy
Motorola	Smartfon Motorola Edge 50 Neo 12 GB / 512 GB 5G Czerwony PANTONE Poinciana
Motorola	Smartfon Motorola Edge 50 Neo 12 GB / 512 GB 5G be?owy
Motorola	Smartfon Motorola Edge 50 Fusion 8/256GB Forest Blue
Motorola	Smartfon MOTOROLA Edge 50 Fusion 8/256GB 5G 6.67  144Hz B??kitny
Motorola	Smartfon Motorola Edge 50 Fusion 8 GB/256 GB 5G Niebieski Marshmallow Blue
Motorola	Smartfon Motorola Edge 50 Fusion 12 GB / 512 GB 5G FOREST BLUE + ?ADOWARKA
Motorola	Smartfon Dla Seniora Motorola Moto E15 2 GB / 64 GB 4G (LTE) granatowy
Motorola	"Prezent Smartfon Motorola edge 40 neo 12/256GB 6,55"" 144Hz 50Mpix Czarny"
Motorola	"Prezent Smartfon Motorola edge 40 neo 12/256GB 6,55"" 144Hz 50Mpix Czarny"
Motorola	Motorola MOTO G86 5G 8/256GB Dual SIM NFC UHD Granatowa Spellbound
Motorola	Motorola MOTO G56 5G 8/256GB NFC GPS Dual SIM Czarna Black Oyster
Motorola	Motorola Moto Edge 50 PRO 5G 512GB black czarna XT2403-2
Motorola	"Motorola G85 5G 12GB/256GB 5000mAh 6,67'' 120Hz Snapdragon 6sGen3 50Mpix"
Motorola	MOTOROLA edge 50 fusion 5G 8/256GB Hot Pink 144Hz
Motorola	Moto G05 4/128GB Denim Blue MOTOROLA
Oneplus	Smartfon OnePlus 13 12/256 GB 5G czarny
Oneplus	"ONEPLUS PAD 3 13,2"" 16/512GB LTPS 3.4K 144Hz WIFI7 BT.5.4 OnePlus AI"
Playstation	Pad SONY DualSense Midnight Black Playstation 5
Playstation	Pad Sony DualSense CFI-ZCT1W PlayStation 5 Midnight Black
Playstation	Odtwarzacz Remote Play PLAYSTATION PORTAL SONY White Kontroler
Playstation	Kontroler Sony PlayStation 5 DualSense White
Poco	"POCO Pad M1 8GB+256GB, Szary"
Poco	"POCO Pad M1 8GB+256GB, Szary"
Realme	Smartfon Realme GT 6 8 GB / 256 GB 5G Dual Sim Zielony Razor Green
Realme	Smartfon Realme 12 Pro+ 8 GB/256 GB 5G Navigator Beige
Samsung	Telefon Samsung Galaxy S25+ 5G S936 12/256GB Dual Sim Srebrny
Samsung	Tablet Samsung Galaxy Tab S10 Ultra WiFi 256GB X920 Szary
Samsung	Tablet Samsung Galaxy Tab S10 FE WiFi 12/256GB szary
Samsung	"Tablet Samsung Galaxy Tab A9+ (X210) 8/256GB Wi-Fi 11"" Szary Graphite"
Samsung	"Tablet Samsung Galaxy Tab A9+ (X210) 11"" 8 GB / 128 GB szary"
Samsung	"Tablet Samsung Galaxy Tab A9+ (X210) 11"" 6 GB / 128 GB szary"
Samsung	Smartwatch Samsung Galaxy Watch8 44mm L335 Srebrny LTE
Samsung	Smartwatch Samsung Galaxy Watch8 40mm LTE Grafitowy Graphite
Samsung	Smartwatch Samsung Galaxy Watch8 40mm L320 Srebrny
Samsung	Smartwatch Samsung Galaxy Watch Ultra 2025 LTE L705 Tytanowy Niebieski
Samsung	Smartwatch Samsung Galaxy Watch 8 (L325) czarny
Samsung	Smartwatch Samsung Galaxy Watch 8 (L325) czarny
Samsung	SMARTWATCH SAMSUNG Galaxy Watch 7 40mm Kremowy (SM-L300)
Samsung	Smartfon Samsung Galaxy Z Flip7 FE 8 GB / 256 GB 5G czarny
Samsung	"Smartfon Samsung Galaxy Z Flip7 12/256GB 6,9/4,1"" 50Mpix czarny"
Samsung	Smartfon Samsung Galaxy Z Flip5 8 GB / 256 GB 5G zielony1
Samsung	Smartfon Samsung Galaxy Z Flip 7 FE 5G 8GB / 256GB White
Samsung	Smartfon Samsung Galaxy S25+ 12 GB / 512 GB 5G zielony
Samsung	Smartfon Samsung Galaxy S25+ 12 GB / 512 GB 5G niebieski
Samsung	Smartfon Samsung Galaxy S25+ 12 GB / 512 GB 5G czarny
Samsung	Smartfon Samsung Galaxy S25 Ultra 12/256GB Niebieski
Samsung	Smartfon Samsung Galaxy S25 Ultra 12/ 256 GB 5G SM-S938B DS NFC
Samsung	Smartfon Samsung Galaxy S25 Ultra 12 GB / 512 GB 5G szary
Samsung	Smartfon Samsung Galaxy S25 Ultra 12 GB / 256 GB 5G czarny
Samsung	Smartfon Samsung Galaxy S25 FE 8 GB / 256 GB 5G niebieski
Samsung	Smartfon Samsung Galaxy S25 FE 8 GB / 128 GB 5G Jetblack
Samsung	Smartfon Samsung Galaxy S25 Edge 12 GB / 256 GB 5G czarny
Samsung	Smartfon Samsung Galaxy S25 5G 12/256GB Srebrny (SM-S931BZS)
Samsung	Smartfon Samsung Galaxy S25 12/128GB Granatowy
Samsung	Smartfon Samsung Galaxy S25 12 GB / 256 GB 5G srebrny
Samsung	Smartfon Samsung Galaxy S23 Ultra 8GB / 256 GB 5G czarny
Samsung	Smartfon Samsung Galaxy M55 5G 8/256GB NFC Dual SIM GPS Czarny
Samsung	Smartfon Samsung Galaxy A56 8 GB / 256 GB 5G czarny
Samsung	Smartfon SAMSUNG Galaxy A56 5G 8/256GB Czarny
Samsung	Smartfon Samsung Galaxy A55 Enterprise Edition 5G 8/128GB Czarny
Samsung	Smartfon Samsung Galaxy A35 A356 5G DS 6GB RAM 128GB Navy NEW
Samsung	Smartfon Samsung Galaxy A26 8 GB / 256 GB 5G Zielony Mint
Samsung	Smartfon Samsung Galaxy A26 5G 6/128GB Czarny (99936284)
Samsung	Smartfon Samsung Galaxy A17 5G 8 GB / 256 GB 5G czarny
Samsung	SMARTFON SAMSUNG Galaxy A16 LTE 4/128 GB czarny IP54 sAMOLED
Samsung	Smartfon Samsung Galaxy A16 4/128GB 4G LTE zielony
Samsung	SAMSUNG TAB ACT 5 PRO X356 EE 6/128GB zielony
Samsung	"Samsung Smartfon Galaxy S25 5G 12GB/256GB, Navy"
Samsung	Samsung Galaxy Z Flip 7 512GB Czerwony
Samsung	Samsung Galaxy Watch 8 4G 40mm Srebrny
Samsung	Samsung Galaxy Watch 7 40mm Kremowy
Samsung	Samsung Galaxy Tab S9 128GB Wi-Fi Graphite
Samsung	Samsung Galaxy Tab Active5 Pro WiFi + 5G 128GB X356 Zielony EE
Samsung	Samsung Galaxy Tab A9+ X210 11.0 8/256 GB / Wi-Fi Szary - Gray
Samsung	SAMSUNG GALAXY S25 ULTRA S938B/DS 12/256GB SILVER
Samsung	Samsung Galaxy S25 ULTRA 1TB SILVER OUTLET
Samsung	Samsung Galaxy S25 ULTRA 1TB BLUE OUTLET
Samsung	Samsung Galaxy S25 ULTRA 12/512GB S938B 5G Titanium SILVERBLUE NOWY
Samsung	Samsung Galaxy S25 PLUS 512GB SILVER OUTLET
Samsung	Samsung Galaxy S25 FE 8 GB / 128 GB 5G niebieski
Samsung	Samsung Galaxy S25 FE 5G 8/256 GB Granatowy - Navy
Samsung	SAMSUNG GALAXY S24 FE 5G ( Yellow ) 8/128GB
Samsung	Samsung Galaxy M55 5G 8/256GB NFC DualSIM czarny (M556)
Samsung	Samsung Galaxy A56 8 GB / 128 GB 5G czarny
Samsung	Samsung Galaxy A56 5G 256GB A566 Zielony
Samsung	SAMSUNG GALAXY A56 5G
Samsung	SAMSUNG GALAXY A54 SM-A546B 128GB + ETUI
Samsung	Samsung A36 6 GB / 128 GB 5G Krystaliczny bia?y Nowa Seria 24H uCiebie zPL
Samsung	"SAMSUNG A26 5G 6GB/128GB 5000mAh 6.7"" 2340x1080 AMOLED 120Hz 50Mpx"
Samsung	NOWY Samsung Galaxy S25 EDGE 512GB 5G
Sapphire	Garmin Fenix 8 43 mm AMOLED Sapphire Soft gold z piaskowo-be?owym paskiem
Sony	Kontroler SONY DualSense Edge Nocna czer?
Sony	Kontroler SONY DualSense Czarny
Sony	Bezprzewodowy kontroler Pad PS5 SONY DualSense black&white
Sony	Bezprzewodowy kontroler Pad PS5 SONY DualSense black&white
Sony	Bezprzewodowy kontroler Pad PS5 SONY DualSense black&white
Sony	"Bezprzewodowy gamepad Sony DualSense Chroma Pearl na PS5, bia?y"
Xiaomi	Xiaomi Redmi Note 14 4G 8/256 GB czarny
Xiaomi	Xiaomi Redmi 15C 8 GB / 256 GB 4G (LTE) czarny
Xiaomi	"XIAOMI PAD 7 PRO 11,2"" 12/512GB 3.2K 144Hz HyperAI HyperOS WIFI7 BT5.4"
Xiaomi	Xiaomi 15T Pro 12GB+256GB
Xiaomi	Xiaomi 15T 12GB+512GB
Xiaomi	Xiaomi 15 5G Smartfon 12 GB / 512 GB Czarny Nagrywanie Wideo 8K Bateria 5400mAh Si/C
Xiaomi	Xiaomi 14T 5G 12/256 GB Titan Black
Xiaomi	"TABLET XIAOMI Redmi Pad Pro 6GB/128GB/12,1''/WiFi Graphite Gray"
Xiaomi	"Tablet Xiaomi Redmi Pad 2 Pro 12,1"" 8 GB / 256 GB szary 120Hz 12000mAh"
Xiaomi	Tablet Xiaomi Redmi Pad 2 4/128GB Wi-Fi 90Hz Bluetooth Szary Gray
Xiaomi	TABLET XIAOMI REDMI PAD 2 11'' 8/256 GB PURPLE FIOLET Z ?ADOWARK?
Xiaomi	"Tablet Xiaomi Pad 7 Pro 11,2"" 12 GB / 512 GB szary"
Xiaomi	Smartfon Xiaomi Redmi Note 14 Pro+ 5G 8 GB / 256 GB 5G czarny
Xiaomi	Smartfon Xiaomi Redmi Note 14 Pro+ 12 GB / 512 GB 5G czarny
Xiaomi	Smartfon Xiaomi Redmi Note 14 Pro 4G 8/256GB Czarny
Xiaomi	Smartfon Xiaomi Redmi Note 14 5G 8 GB / 256 GB 5G czarny
Xiaomi	Smartfon Xiaomi Redmi A5 4 GB / 128 GB 4G (LTE) czarny
Xiaomi	Smartfon Xiaomi Redmi A5 3/64GB Black
Xiaomi	Smartfon Xiaomi Redmi 15 8/256GB Midnight Black
Xiaomi	Smartfon Xiaomi Redmi 15 8 GB / 256 GB 4G (LTE) srebrny NFC
Xiaomi	Smartfon Xiaomi Redmi 15 5G 8/256GB Dual SIM NFC Czarny Midnight Black
Xiaomi	Smartfon Xiaomi Redmi 15 4G 8/256GB Dual SIM NFC Fioletowy Dusk Purple
Xiaomi	Smartfon Xiaomi Note 14 4G LTE 6/128GB 108 Mpix Niebieski
Xiaomi	Smartfon Xiaomi 15T Pro 12/512GB 5G NFC AI R ?owe Z?oto Rose Gold + SZK?O
Xiaomi	Smartfon Xiaomi 15T Pro (12/1024GB) Mocha Gold
Xiaomi	Smartfon Xiaomi 15T 12/512GB 120Hz Black Czarny
Xiaomi	Smartfon XIAOMI 15 5G 12/512GB Dual SIM NFC eSIM UHD Czarny Black
Xiaomi	Smartfon Xiaomi 14T Pro 12 GB / 512 GB 5G szary
Xiaomi	Smartfon Xiaomi 14T 5G 12/256GB Czarny (58949)
Xiaomi	OUTLET Smartfon Xiaomi Redmi 15 5G 8/256GB Dual SIM NFC Szary Tytanowy
Cudy	Router-5G LTE CUDY-P2 MODEM GSM na karta SIM MESH SZYBKI 2.6Gb WiFi6 AX3000
Honor	"Honor Magic V2 7.92"" 16/512GB 5G LTPO OLED 120Hz MagicOS7.2 HDR10+"
Honor	Honor Magic V2 512GB czarny
Redmi	"Tablet Redmi Pad Pro 12,1"" 8+256GB Mint Green"
Redmi	"Redmi Note 14 Pro+ 5G 8/256 GB, fioletowy"
Bacscan	Alkomat elektrochemiczny BACscan F-40
Rubi	Przecinarka r?czna Rubi HIT-1200 N Do Glazury Ci?cie Gresu Granitu
Dedra	Szlifierka LED DEDRA do Gipsu G?adzi Tynku ?cian Sufit w Bezpy?owa ?yrafa
Dedra	Szlifierka LED DEDRA do Gipsu G?adzi Tynku ?cian Sufit w Bezpy?owa ?yrafa
Dedra	Pilarka Sto?owa do Drewna DEDRA Krajzega 2000W +3 Tarcze gratis DED7754T3
Dewalt	Dewalt Bateria akumulator 5ah DCBP518 NOWA GEN 18V 2025r
Electrolux	P?yta indukcyjna ELECTROLUX EIV734 71 cm
Epson	Urz?dzenie wielofunkcyjne Epson EcoTank L3276 WiFi Drukarka Skaner Kopiarka
Oral-B	Sama R?czka Szczoteczka Elektryczna do Z?b w Oral-B Vitality 100 Bia?a
Samsung	SMARTWATCH SAMSUNG GALAXY FIT 3
Samsung	SMARTWATCH SAMSUNG GALAXY FIT 3
Samsung	SMARTWATCH SAMSUNG GALAXY FIT 3
WD	Dysk SSD WD Green SN3000 1TB M.2 2280 PCI-E x4 Gen4 NVMe (WDS100T4G0E)
Bosch	Uko?nica pi?a pilarka sieciowa 216mm 1300W laser tarcza BOSCH GCM 216
Hsm	Nacinarka do karton w HSM ProfiPack C400 produkcja wype?niaczy + BON
Inno3D	Karta graficzna Inno3D GeForce RTX 5080 X3 OC 16GB GDDR7 256bit DLSS 4
Zotac	Karta graficzna Zotac Gaming GeForce RTX 5070 SOLID OC 12GB GDDR7 192bit
Canon	Drukarka Canon i-Sensys MF651Cw wielofunkcyjna laserowa kolorowa
Samsung	Telewizor Samsung QE77S95F TiZEN 2025
Misioo	Bujak ?cianka Wspinaczkowa Zje?d?alnia dla Dzieci Poduszka R ? Misioo 4w1
Aba group	100x Aba Group Pilnik ? dka P ?KSI??YC flaming SLIM 100/180 niepakowany
Aba group	100szt Aba Group BEZPIECZNY PAKIET Pilnik do paznokci P ?KSI??YC 100/180
Tesori	ZAPACH DO DOMU Orientalny Relaksuj?cy Aromatyczny Tesori Ayurveda 200ml
Lovela	"Lovela Baby hipoalergiczny p?yn do prania bia?ego mleczko dla dzieci 4,5 L"
Lovela	Lovela Baby hipoalergiczny p?yn do p?ukania tkanin dla dzieci niemowl?t 2l
Bryza	"BRYZA 4w1 Proszek Do Prania KOLOR W Czysto?? ?wie?e Pranie 8,45 kg"
Dumel	DUMEL Arka Noego statek ? dka ze zwierz?tkami m wi po polski je?dzi gra 1+
Xp	Gra towarzyska RUMMIKUB XP LMD4606
Bruder	Traktor John Deere 9620 RX Bruder 04055
Bruder	Ci?gnik g?sienicowy Bruder 4055 John Deere 9620RX
Bruder	Bruder 04055 Ci?gnik g?sienicowy John Deere 9620 RX
Samsung	SMARTFON SAMSUNG GALAXY S23 ULTRA 512 GB - GREEN / ZIELONY
Samsung	Samsung Galaxy S24 ULTRA 512GB DualSIM OUTLET
Samsung	Samsung Galaxy S24 ULTRA 512GB DualSIM OUTLET
Heelly	PROJEKTOR RZUTNIK ANDROID TV 4K WIFI FULL HD PRZENO?NY SMART G?O?NIK HEELLY
Heelly	KAMERA PODW JNA 2X5MP 5GHz ZOOM ZEWN?TRZNA OBROTOWA IP WIFI ALARM DETEKCJA
Lovi	Sterylizator LOVI 12-209
Akuku	Lusterko Do OBSERWACJI DZIECKA W Samochodzie Aucie Regulowane 360  Akuku
Semilac	Semilac Lampa do paznokci i hybryd UV LED 36/54w Bia?a Diamond Collection
Semilac	Semilac Cicha Profesjonalna Frezarka Do Paznokci Manicure Pedicure 65W
Rubi	PRZECINARKA R?CZNA DO P?YTEK GRESU CERAMIKI HIT-1200 Rubi 26962
Launch	X431 PRO V5.0 OBDII DoIP INTERFEJS DIAGNOSTYCZNY CAN-FD LAUNCH OBD2 [J.PL](http://J.PL)
Mesoestetic	MESOESTETIC COSMELAN 2 KREM DEPIGMENTUJ?CY SKUTECZNA REDUKCJA PRZEBARWIE?
Olimp	Od?ywka bia?kowa izolat bia?ka - WPI Olimp proszek 600 g smak waniliowy
Dyson	Odkurzacz pionowy Dyson V12 Detect Slim Absolute szary
Dyson	Odkurzacz pionowy Dyson Gen5 Detect Absolute fioletowy
Softimi	PODUSZKA ANTYALERGICZNA 70x80 CM DO SPANIA PIKOWANA GRUBA NA ZAMEK BIA?A
Softimi	PODUSZKA ANTYALERGICZNA 70x80 CM DO SPANIA PIKOWANA GRUBA NA ZAMEK BIA?A
JadorDecor	KOMPLET KO?DRA CA?OROCZNA 160X200 i 2 PODUSZKI 70X80 ANTYALERGICZNA POLSKA
Colt	"PISTOLET METALOWY WIATR WKA NA CO2 COLT 1911 4,5MM"
Ecoflow	PRZENO?NA STACJA ZASILANIA ECOFLOW DELTA 3 PLUS 1024 WH 1800W APLIKACJA HID
Ecoflow	PRZENO?NA STACJA ZASILANIA ECOFLOW DELTA 3 1024 WH 1800W APLIKACJA
Uknown	R?CZNIK MISTRAL 200m CZY?CIWO CELULOZOWE 2 szt BARDZO CH?ONNY WYDAJNY
Mistral	R?CZNIK PAPIEROWY CZY?CIWO CELULOZA 6x100m 2W NIE PYLNY
Mistral	"Czy?ciwo papierowe, r?cznik papierowy 2 x 200m"
HEVA	Kostkarka do lodu HEVA HIX 12kg domowa cicha maszyna ekspresowy l d 160W
Eberg	Wentylator ?azienkowy cichy EBERG AXI 100 Timer Czujnik wilgotno?ci + Klapa
EBERG	Przemys?owy osuszacz powietrza EPD 50 budowlany poch?aniacz wilgoci 55l/24h
Eberg	Osuszacz powietrza EBERG AZARI poch?aniacz 20l/24h +WiFi TIMER higrostat
Eberg	Kostkarka do lodu EBERG wydajna szybka cicha du?e kostki szara 160W+?opatka
WD	Dysk WD Black SSD SN7100 2TB M.2 PCIe NVMe Gen4 WDS200T4X0E
Lego	LEGO CREATOR 30645 BA?WAN DLA DZIECI NA PREZENT
Nintendo	NOWA KONSOLA Nintendo Game & Watch: Super Mario Bros GAME AND WATCH
Nintendo	KONSOLA NINTENDO GAME & WATCH SUPER MARIO BROS BOX NOWA
Sony	Lampa b?yskowa TTL HSS 76Ws Godox TT685 II Speedlite do Sony NAVIGATOR X
Delonghi	2x MOCNY ODKAMIENIACZ DO EKSPRES W DeLonghi EcoDecalk - 2x 500ml - ORYGINA?
Finish	S l do zmywarek FINISH 4 kg
Finish	Kapsu?ki do zmywarki FINISH Powerball Ultimate All in 1 Lemon - 120 szt.
Finish	Kapsu?ki do zmywarki FINISH Powerball Quantum All in 1 Lemon - 150 szt.
Finish	Finish kapsulki Professional Quantum 100 szt.
Persil	Persil Proszek do Prania Kolor w 130 pra? DE
Tchibo	Kawa ziarnista TCHIBO ESPRESSO SICILIA STYLE 1kg +100g Gratis!
Tchibo	Kawa ziarnista Tchibo Caff  Crema Intense 1 kg + 10% kawy GRATIS
Cafissimo	"Kapsu?ki Tchibo Cafissimo Espresso Kraftig Intense Aroma 96szt x 7,5g mocna"
Drager	Alkomat elektrochemiczny DRAGER Alcotest 4000
Hilding	Materac PASODOBLE Hilding 160x200 cm TWARDY Medyczny Spr??ynowy TENCEL
Mar-Pol	NAGRZEWNICA SPALINOWA DMUCHAWA OLEJOWA 8KW 12/230V NOWE OGRZEWANIE
Vileda	Mop p?aski Vileda H2prO z wiadrem 2-komorowym   czysta/brudna woda
Dafi	6 SZTUK DAFI CLASSIC WK?AD FILTR DO WODY ORGINA?
Dafi	6 SZTUK DAFI CLASSIC WK?AD FILTR DO WODY ORGINA?
Lego	LEGO CITY SAMOCH D WY?CIGOWY AUTO WY?CIG WKA I CI??AR WKA TIR LAWETA 60406
Uknown	JAN NOWAK Szafa Biurowa Metalowa Kompaktowa JAN 175 Compact Antracytowa
Diablo	Fotel Gamingowy Diablo X-GAMER NORMAL SIZE Dark obsidian
Diablo	DIABLO X-Player 2.0 Fotel Gamingowy Materia?owy Normal Size Bia?o-Czarny
Diablo	DIABLO Fotel Gamingowy Obrotowy X-ONE 2.0 Normal Size: Czarno-czerwony
Diablo	DIABLO Fotel Gamingowy Obrotowy X-ONE 2.0 Normal Size: Czarno-czerwony
JBL	S?UCHAWKI BEZPRZEWODOWE DOKANA?OWE JBL WAVE 200 TWS ETUI 108dB BIA?E
JBL	S?UCHAWKI BEZPRZEWODOWE DOKANA?OWE JBL WAVE 200 TWS ETUI 108dB BIA?E
JBL	S?UCHAWKI BEZPRZEWODOWE DOKANA?OWE JBL WAVE 200 TWS ETUI 108dB BIA?E
Rafi	Sucha Karma Dla Psa RAFI Classic JAGNI?CINA ADULT 10kg PIES DOROS?Y
Rafi	RAFI PUSZKA JAGNI?CINA 800G
Rafi	RAFI karma dla psa MIX SMAK W 12x 800g
Rafi	RAFI JUNIOR MIX SMAK W PSA 24x 400g
Rafi	RAFI JUNIOR MIX SMAK W PSA 24x 400g
Rafi	RAFI CLASSIC SUCHA KARMA DLA PSA JAGNI?CINA 10KG
Rafi	RAFI CAT sucha karma z jagni?cin? 7 kg
Rafi	Mokra Karma dla Psa RAFI 500g x 24 Saszetki Mix 8 Smak w Zestaw Dolina
Rafi	Karma mokra Rafi junior 24X400G MIX
Dolina Noteci	RAFI Dolina Noteci Mix smak w dla psa 24x 400g
Dolina Noteci	RAFI DOLINA NOTECI JUNIOR KARMA DLA PSA MIX 24X400G PUSZKA
Dolina Noteci	PIPER Dolina Noteci mokra karma dla kota MIX SMAK W 12x 400g
Dolina Noteci	Mokra karma dla psa RAFI JUNIOR Mix smak w 24x400g Dolina Noteci
Dolina Noteci	Mokra karma dla psa Dolina Noteci Premium Mix 10 x 150 g
Dolina Noteci	Dolina Noteci RAFI CLASSIC Jagni?cina i RYZEM 10kg
Dolina Noteci	Dolina Noteci Rafi Cat sucha karma dla kota z jagni?cin? 7 kg
Dolina Noteci	Dolina Noteci Rafi Cat mix ADULT - 3 smaki dla kota 12x400g
Dolina Noteci	Dolina Noteci Rafi Cat mix ADULT - 3 smaki dla kota 12x400g
Dolina Noteci	Dolina Noteci Premium mokra karma dla psa bogata w kaczk? z dyni? 800 g
Dolina Noteci	DOLINA NOTECI PREMIUM ADULT Z INDYKIEM 800g
Dolina Noteci	Dolina Noteci Piper animals Adult Wo?owina 12kg
Dolina Noteci	DOLINA NOTECI JUNIOR PREMIUM MIX 5 SMAK W 10X400G
Dolina Noteci	24x DOLINA NOTECI PREMIUM 400G KARMA MOKRA DLA PSA MIX 12 SMAK W
Nutella	Nutella Krem orzechowo-czekoladowy 3kg 3 kg
Dermz	Zestaw kosmetyk w DERMZ Healpsorin szampon 500 ml + od?ywka 500 ml+GRATIS
Hasbro	FURBY 2.0 Interaktywna maskotka Fioletowa F6743
Furby	Furby Tie Dye interaktywny pluszak g?osowy 6+ (Wersja Francuska)
Furby	Furby Tie Dye interaktywny pluszak g?osowy 6+ (Wersja Francuska)
Furby	Furby Tie Dye interaktywny pluszak g?osowy 6+ (Wersja Francuska)
Lattafa	Lattafa Teriaq Intense EDP 100ml
Lattafa	Lattafa Asad Elixir 100ml
Bluey	Zabawka interaktywna BLUEY BLU17632
Lego	Klocki LEGO Fortnite Durr Burgerownia 193 elementy
Kidde	Czujnik tlenku w?gla czadu Kidde 2030-DCR
Kidde	Czujnik tlenku w?gla czadu Kidde 2030-DCR
Perwoll	Perwoll Renew Color P?yn do Prania Kolorowych Tkanin 3l 60 Pra?
Nike	Nike Skarpetki Everyday Amortyzowane 6 Par Dri-FIT SX7666-010 L 42-46
Dewalt	"AKUMULATOROWY KLUCZ UDAROWY 1626Nm / 2372 Nm 18V 1/2"" DeWalt DCF961NT"
Bosch	Akumulator GBA ProCORE 18V 8.0 Ah Bosch 1600A016GK
Makita	MAKITA M?OTOWIERTARKA 18V SDS+ 2J DHR243Z + MAKPAC DHR243ZJ DHR243
Makita	MAKITA DVC750LZX1 ODKURZACZ AKUMULATOROWY 18V Bezszczotkowy LXT HEPA 50W
Uknown	Zdalny automatyczny wy??cznik od??cznik akumulatora 12V 240A 2x pilot CE
Samsung	Smartfon Samsung Galaxy S23 8 GB / 128 GB 5G czarny Premium+
Samsung	SMARTFON SAMSUNG GALAXY S21 128 GB - GREY / SZARY
Samsung	SMARTFON SAMSUNG GALAXY S21 128 GB - GREY / SZARY
Samsung	Samsung Galaxy S23 S911B 8/128GB Czarny + Gratis Etui i Szk?o Hartowane
Samsung	SAMSUNG GALAXY S23 5G 8GB 128GB OUTLET
Samsung	SAMSUNG GALAXY S21 8GB 128GB PE?NY ZESTAW FOLIE
Londa	LONDA ROZJA?NIACZ w Proszku BLONDORAN Puder Rozja?niaj?cy 2x 500g
Londa	LONDA ROZJA?NIACZ w Proszku BLONDORAN Puder Rozja?niaj?cy 2x 500g
Dezal	PROFESJONALNA POLSKA GOFROWNICA DEZAL DO GOFR W 301.4 SOLIDNA 1300W
Dezal	PROFESJONALNA POLSKA GOFROWNICA DEZAL DO GOFR W 301.4 SOLIDNA 1300W
Dezal	PROFESJONALNA POLSKA GOFROWNICA DEZAL DO GOFR W 301.4 SOLIDNA 1300W
Dezal-Pro	Gofrownica DEZAL 301.5B czarny
Cleantle	Cleantle Admire Pow?oka Ceramiczna na Lakier Pow?oka Hydrofobowa 50 ml
Cleantle	CLEANTLE ADMIRE 50ML
Kol-pol	?URAWINA SUSZONA 1kg Ci?ta naturalna wysoka jako??
Kol-pol	ERYTROL 1kg Erytrytol naturalny s?odzik 0 kalorii
MIGOgroup	"S?ONECZNIK ?USKANY 1000g, Naturalny 1Kg"
Trzy ziarna	ERYTROL 1kg Erytrytol naturalny s?odzik 0 kalorii zdrowi i smaczny
U Babci Krysi	NAJLEPSZE TRUSKAWKI LIOFILIZOWANE 100 g PLASTRY TRUSKAWKI BEZ KONSERWANT W
Green Essence	ERYTRYTOL 1kg erytrol s?odzik naturalny 0 kalorii zamiast cukru 1000g keto
Green Essence	Erytrol Erytrytol 1kg naturalny s?odzik 0 kalorii zdrowy substytut cukru
Deeper	Echosonda w?dkarska DEEPER CHIRP+ 3
Deeper	Echosonda Deeper Smart Sonar PRO PLUS + 2
Dedra	ZBIERACZ R?CZNY DO LI?CI I TRAWY 100L DED8803
Contour	CONTOUR PLUS PASKI TESTOWE POMIAR GLUKOZY WE KRWI 50 SZTUK
Contour	Contour Plus Paski testowe do glukozy 50 sztuk
bez marki	R?cznik Papierowy ZZ DO PODAJNIK W R?czniki GRUBY CELULOZA BIA?Y 4000 szt
HIGI24	R?czniki Papierowe ZZ V Bia?e R?cznik Papierowy do Podajnika Sk?adane 4000
Lego	LEGO Friends Szpital w mie?cie Heartlake 42621 karetka lekarz
Granna	Super Farmer DeLux
RAV	GIRLANDA 300 cm choinkowa GIRLANDY girland ?wi?teczna ?wierkowa
Paco Rabanne	Paco Rabanne 1 Million Men woda toaletowa 100ml
Brother	URZ?DZENIE WIELOFUNKCYJNE DRUKARKA BROTHER DCP-L3520CDW LASEROWA KOLOROWA
Brother	Urz?dzenie BROTHER DCP-T730DW
Brother	Brother MFC-J3940DW Druk i Skan A3 WiFi Duplex DADF
Nutella	Mas?o tradycyjne Nutella 1000 g
Brita	5sztuk WK?AD FILTR DAFI UNIMAX MAGNEZ MG+ DO BRITA
Bispol	Wk?ady Parafinowe Do Zniczy Ognik Bispol WP3 72h 24 Sztuki D?ugo Pal?ce
Maltec	MASA?ER DO ST P WODNY HYDROMASA?ER Z GRZANIEM ROLKI TIMER LED SK?ADANY
Yodeyma	Perfumy m?skie Platinum Yodeyma 100 ml Woda perfumowana dla m??czyzn
Yodeyma	PERFUMY DAMSKIE YODEYMA CELEBRITY WOMAN 100 ML
Samsung	"Tablet Samsung Galaxy Tab A9+ (X210) 11"" 8 GB / 128 GB szary"
Lego	LEGO City Terenowy w z stra?acki z ?odzi? ratunkow? 60412
Elektrostatyk	FOTEL W?DKARSKI KRZES?O F5R STP ELEKTROSTATYK Stolik Uchwyt
Curaprox	Curaprox Ultra Soft Szczoteczka do Z?b w 5460 Ultra Soft 3 sztuki
Curaprox	Curaprox szczoteczka do z?b w CS 5460 ultra soft
Cudy	"Router CUDY LT400 2.4 GHz, Gniazdo SIM"
Vileda	"Vileda Professional ?cierka PVA micro do szyb 38x35cm,4 kolory"
Vileda	VILEDA MAGICZNE ?CIERECZKI PVA MICRO PROFESIONAL MIKROFIBRA 4SZT ORYGINALNE
Vileda	?cierka Vileda PVA micro PROFESSIONAL magiczna ?ciereczka 38x35cm 4szt
Primal Spirit	Primal Spirit Karma dla psa WILDERNESS 60% Mi?sa WIEPRZOWINA KURCZAK 12kg
Elgydium	Elgydium Anti-Plaque 75ml Pasta REDUK. TWORZ. SI? P?YTKI NAZ?BNEJ
Creality	Drukarka 3D CREALITY K2 Plus Combo Wi-Fi
Creality	CREALITY SKANER 3D CR-SCAN Raptor PRO 2025
Creality	Creality K2 Pro Combo Drukarka 3D FDM Du?a Wielokolorowa Zamkni?ta + CFS
Gc Tooth Mousse	P?ynne szkliwo pasta bez fluoru GC Tooth Mousse mi?towa 35 ml
Yodeyma	Perfumy damskie YODEYMA Boreal 50 ML
Dewalt	PILARKA ?A?CUCHOWA AKUMULATOROWA 20CM 18V XR 0*AH DCMPS520N- DEWALT
Makita	Zakr?tarka Udarowa Makita DTD153Z 18V LXT BL 170nm Bezszczotkowa 1/4 Hex
Makita	MOCNA DMUCHAWA R?CZNY KOMPRESOR POMPKA 18V MAKITA DAS180Z
Bioderma	Bioderma Sensibio H2O p?yn micelarny 500 ml
Bioderma	Bioderma Atoderm rodzinny krem do sk ry wra?liwej atopowej 500 ml
Bioderma	"Bioderma Atoderm Intensive Baume balsam emolientowy, sk ra sucha 500 ml"
Bioderma	"Bioderma Atoderm Creme Ultra, ultraod?ywczy krem nawil?aj?cy, 500 ml"
Bioderma	Bioderma Atoderm Creme Ultra Ultranawil?aj?cy i wzmacniaj?cy Krem 500 ml
Bioderma	Bioderma Atoderm Creme Ultra 500 ml
Bioderma	BIODERMA ATODERM 1000ML ULTRADELIKATNY ?EL POD PRYSZNIC BEZ DODATKU MYD?A
Schwarzkopf	Schwarzkopf Silhouette Lakier 750ml Czarny
Energizer	40x MOCNA BATERIA ALKALICZNA DU?E PALUSZKI ENERGIZER INDUSTRIAL AA R6 LR6
Energizer	40x MOCNA BATERIA ALKALICZNA DU?E PALUSZKI ENERGIZER INDUSTRIAL AA R6 LR6
Acuvue	"Soczewki jednodniowe ACUVUE OASYS 1-DAY 30 szt. moc -1,50"
Lego	Klocki LEGO Icons W?adca Pier?cieni: Rivendell 10316
Kingston	Kingston Karta Pami?ci microSD 256 GB Go Plus 170/90 MB/s
Kingston	KINGSTON KARTA PAMI?CI 256 GB MICRO SD CLASS 10
Festool	Zag??biarka TS 60 KEBQ-Plus-FS
Babyliss	Suszarka do w?os w Babyliss Pro Caruso HQ
Bioderma	Bioderma Sebium Gel Moussant antybakteryjny ?el do mycia 500ml
Bioderma	BIODERMA ABCDerm Peri-Oral 40 ml dla dzieci
Cerave	CeraVe Nawil?aj?cy ?el-Krem Oil Control dla sk ry mieszanej i t?ustej 52ml
Minecraft	LEGO MINECRAFT Siedlisko lis w 21178
Clovin	Proszek do prania Signum 10kg kolor
Purox	PUROX Proszek do prania kolor w KOLOR 10 kg 142 prania folia
Maltec	MASA?ER PODUSZKA MASUJ?CA SHIATSU DO PLEC W KARKU N G CIA?A GRZEJ?CY
Samsung	Telewizor Samsung UE 43DU7172 Smart Bluetooth 4K
Magene	Lampka rowerowa tylna MAGENE L508 wsteczny radar Bluetooth Ant+ USB-C
BioGaia	BioGaia Baby probiotyk krople na kolki dzieci 5 ml
bez marki	BIOPALIWO DO BIOKOMINKA BEZZAPACHOWE 5L
Chemia Bomar	Biopaliwo do biokominka bezzapachowe 5 L bioetanol
Pure Chemical	ODMRA?ACZ DO SZYB MOCNY Pure Chemical -40 C 1L
Pure Chemical	ODMRA?ACZ DO SZYB MOCNY 5L PURE CHEMICAL
Pure Chemical	ODMRA?ACZ DO SZYB MOCNY 5L + 1L W SPRAYU
Pure Chemical	Biopaliwo do biokominka ATEST PZH bioetanol 5l
Ezviz	WIZJER ELEKTRONICZNY DO DRZWI JUDASZ CS-DP2 2K 3MPX PANEL DOTYKOWY EKRAN
Ezviz	Wideodomofon WiFi HP7 PRO EZVIZ 4K Furtka Brama Rozpoznanie D?oni 2-?y?owy
Adidas	Spodnie Dresowe M?skie adidas Entrada 22 Sportowe Dresy Bawe?na Czarne L
K2	K2 NANO SPRYSK ZIMOWY P?YN DO SPRYSKIWACZY -20 5L
K2	K2 KULER CZERWONY 5L G12/G12+ T205C P?YN DO CH?ODNIC
K2	K2 KULER - P?YN DO CH?ODNIC - CZERWONY G12 - 20L
K2	K2 ALASKA ODMRA?ACZ DO SZYB -70C ATOMIZER 700ml
Victor Reinz	VICTOR REINZ REINZOSIL SILIKON MASA USZCZELNIAJ?CA
Thunder	"Joie i-TRILLO FX THUNDER Fotelik i-Size 100-150cm ok. 3,5-12 lat"
ASUS	Konsola przeno?na ASUS ROG ALLY Ryzen Z1 Extreme 16GB RAM RC71L 512GB
Dyson	Odkurzacz pionowy Dyson V15s Detect Submarine srebrny
Samsung	Soundbar Samsung HW-Q990F 11.1.4 756 W czarny
Samsung	SOUNDBAR SAMSUNG HW-Q930D 5.1.2 DOLBY ATMOS Q-SYMPHONY
Samsung	Smartfon Samsung Galaxy Z Fold6 12 GB / 256 GB 5G srebrny
Samsung	SMARTFON SAMSUNG GALAXY S24 ULTRA 512GB
Samsung	SMARTFON SAMSUNG GALAXY S24 8/256GB 5G NFC BLACK
Samsung	Smartfon Samsung Galaxy S24 8 GB / 256 GB 5G czarny
Samsung	Samsung Galaxy S24 Ultra 512 GB 5G OUTLET
Samsung	Samsung Galaxy S24 Ultra 512 GB 5G OUTLET
Philips	Frytkownica bezt?uszczowa PHILIPS NA555/00 Dual Basket Airfryer Series 5000
Vileda	DU?A Suszarka na pranie ubrania VILEDA Infinity Flex 3M XXXL
Erborian	ORYGINALNY Erborian CC Red Correct Krem CC Koryguj?cy Zaczerwienienia 15ml
Bikor	Bikor Egyptische Erde Ziemia Egipska Kultowy Bronzer Konturowanie
Pepsi	Syrop koncentrat do wody Soda Stream Pepsi 440 ml
Sodastream	Saturator SodaStream Terra czarny + 2 butelki Fuse 1l + gaz
SodaStream	Saturator Soda Stream Terra czarny 1 butelka
Sodastream	Cylinder SodaStream gaz butla nab j CO2 r ?owy
Berner	BERNER LAMPA LATARKA CZO?OWA LED 2W1 AKU 335506
Wurth	WURTH BREMSEN OPRYSKIWACZ DO CHEMII ZMYWACZA ROZPYLACZ 1 L
Lego	Prezent Lego DUPLO Poci?g towarowy 10875
4FIZJO	AIR TRACK MATERAC GIMNASTYCZNY MATA ?CIE?KA AKROBATYCZNA TRENING POMPKA 3 M
Noco	NOCO SZYBKA ?ADOWARKA USB-C 65W
Bosch	WYCiERACZKI BOSCH AEROTWIN PRZ D 650 mm 400 mm
Oral-B	Ko?c wka do szczoteczki Oral-B iO Ultimate Clean bia?a 4 szt.
Dahua	Kamera IP DAHUA 4K 8Mpx IPC-HDW2849TM-S-IL-0280B Dual Light
Honor	Smartfon Honor Magic V5 16 GB / 512 GB 5G czarny
Silvercrest	Robot kuchenny LIDLOMIX Monsieur Cuisine Smart SKMS 1200 SilverCrest WiFi
Spin Master	PSI PATROL Patrolowiec Transformuj?ca Ci??ar wka
Afnan	Afnan 9 pm Elixir czyste perfumy unisex 100 ml
Lattafa	PRODUKT LATTAFA FAKHAR MEN 100ML EDP WODA PERFUMOWANA PERFUMY ARABSKIE
Lattafa	PERFUMY ARABSKIE DAMSKIE ORYGINA? LATTAFA FAKHAR 100ml TRWA?E ROMANTYCZNE
Lattafa	LATTAFA LATAFA KHAMRAH 100ML WODA PERFUMOWANA DLA KOBIET I M??CZYZN UNISEX
Samsung	SMARTFON SAMSUNG Galaxy A26 5G 6/128GB Bia?y (A266B)
Lavazza	Kawa na w?oski rynek ziarnista Crema e Gusto Forte 1kg - Lavazza
Jaguar	PRODUKT JAGUAR CLASSIC BLACK 100ML EDT
Jaguar	Jaguar Classic Black woda toaletowa EDT 100 ml Produkt
Browin	BROWIN W?DZARNIA DREWNIANA ELEKTRYCZNA CYFROWA TERMOOBIEG DYMOGENERATOR
Browin	BROWIN W?DZARNIA DREWNIANA 230V GENERATOR DYMU TERMOOBIEG CYFROWA + WI-FI
Lego	LEGO Duplo 10969 LEGO Duplo - W z stra?acki 10969
Lego	LEGO City ? ?ty ruchomy ?uraw 60409 WIELKI D?WIG i przeno?na toaleta budka
Lego	LEGO City 60472 Z?omowisko z samochodami
Lego	LEGO City 60408 Ci??ar wka do przewozu samochod w sportowych
Lego	LEGO 42136 Technic Traktor John Deere 9620R 4WD
Minecraft	LEGO Minecraft Wilcza twierdza 21261
Mapei	MAPEI HYDROZIOLACJA FOLIA W P?YNIE MAPEGUM WPS 10KG
Mapei	MAPEI Hydroizolacja p?ynna folia Mapegum WPS 10kg
Lego	LEGO Harry Potter 76444 Magiczne Sklepy Na Ulicy Pok?tnej
Lego	LEGO Duplo 10874 Poci?g parowy
Lego	LEGO CREATOR 3 w 1 Statek piracki 31109
Lego	LEGO CREATOR 3 w 1 Statek piracki 31109
Lego	LEGO 10372 Botanicals Hibiskus
Lego	KLOCKI LEGO
Minecraft	LEGO Minecraft Kopalnia w Badlandach 21263
Lego	LEGO Technic Ci??ar wka Volvo FMX i koparka EC230 Electric 42175
Lego	LEGO Jurassic World Misja na ?odzi i model mozazaura 76974
Lego	LEGO Jurassic World Misja na ?odzi i model mozazaura 76974
Lego	Klocki LEGO CITY 60475 Kalendarz adwentowy na 2025 rok
Elite	Skyn Prezerwatywy Nielateksowe Elite 36 szt.
Unimil	UNIMIL SKYN Elite Ultra Cienkie Bezlateksowe Prezerwatywy Nawil?ane 36 szt.
Schuberth	"INTERKOM MOTOCYKLOWY CARDO SC EDGE DO KASKU SCHUBERTH C5, E2, S3, J2"
Hot Wheels	Mattel Brick Shop Hot Wheels Elite Series  90 Acura NSX JFT17
Little Live Pets	LITTLE LIVE PETS INTERAKTYWNY PINGWIN
Clementoni	Clementoni Zestaw Naukowa Zabawa Nowoczesna Szklarnia Hi-Tech 50915
Creality	od r?ki CREALITY SKANER 3D CR-SCAN RaptorX
Creality	od r?ki CREALITY SKANER 3D CR-SCAN RaptorX
Creality	od r?ki CREALITY SKANER 3D CR-SCAN RaptorX
Uknown	PODUSZKA 70X80 ANTYALERGICZNA PIKOWANA GRUBA ZAMEK
Domatorski	2x PODUSZKA 70X80 ANTYALERGICZNA PIKOWANA ZAMEK
Estadi	2 szt Poduszka 70x80 - Antyalergiczna Pikowana +Suwak +Regulacja Wysoko?ci
Microsoft	MICROSOFT OFFICE 365 Personal 1 u?ytkownik 5
Blue Orca Coffee	Kawa ziarnista 1kg DOPPIO CREMA - ?WIE?O PALONA +GRATIS
Blue Orca Coffee	Kawa ziarnista 1KG CUBANA TOCORORO ?wie?o Palona 100% ARABICA + GRATIS
Blue Orca Coffee	Kawa ziarnista 1kg Brazylia Cerrado ?wie?o Palona Arabica 100% SingleOrigin
Blue Orca Coffee	Kawa ziarnista 1kg BRAZILLIANA TOUCANO ?wie?o Palona 100% ARABICA + GRATIS
Blue Orca	Kawa ziarnista BLUE ORCA COFFEE Columbiana Macaw
Blue Orca	Kawa ziarnista 1kg ITALIANA BELLAGIO ROAST -?wie?o palona BLUE ORCA +GRATIS
Blue Orca	Kawa Ziarnista 1kg BRAZYLIA CREMA -?wie?o Palona- Palarnia Blue Orca Coffee
Blue Orca	Kawa ziarnista 1kg AFRICANA HIMBA ?wie?o Palona - 100% ARABICA - Blue Orca
Blue Orca	Kawa ziarnista 1kg - DE BOA 100% Arabica - ?WIE?O PALONA Blue Orca + GRATIS
Ondragon	"PRZED?U?ACZ B?BNOWY BUDOWLANY DO OGRODU 50M 3x2,5 KABEL LISTWA NA B?BNIE CE"
Blow	TUNER DEKODER DVB-T2 TV NAZIEMNEJ H.265 HEVC FULL HD USB HDMI PILOT BATERIE
Blow	"TABLET ANDROID 10"" LTE 4/128GB 8000 mAh WIFI GPS SIM ?ADOWARKA RYSIK CZARNY"
Blow	INTERFEJS DIAGNOSTYCZNY OBD2 BLUETOOTH TESTER ANDROID iOS WINDOWS POLSKI
Butcher'S	Sucha karma dla psa BUTCHER'S z wo?owin? 15kg
Jacobs	Kawa rozpuszczalna JACOBS CRONAT GOLD 200g
Tassimo	Kapsu?ki TASSIMO Jacobs Latte Macchiato Classico 8
Prima	Aromatyczna Kawa Mielona Prima Finezja 500g
BlendyGo	Oryginalny BlendyGO 3 Przeno?ny blender bezprzewodowy USB 550 ml czarny
Omna	DARSONVAL DERMA WAND 4 PELOTY PIEL?GNACJA ELEKTRODY DO TWARZY W?OS W CIA?A
Hasbro	HASBRO GAME OPERACJA GRA ZR?CZNO?CIOWA DLA DZIECI
Ludwik	P?yn do mycia naczy? zapas mi?towy _[ 5L ]_ Ludwik - WYDAJNY - KONCENTRAT
Ludwik	P?yn do mycia naczy? Ludwik Malinowy 5 l
Ludwik	LUDWIK P?yn do mycia naczy? cytrynowy 5 kg
Ludwik	"Ludwik mi?ta P?yn do mycia naczy? , mi?towy 5 l"
MIGOgroup	?URAWINA SUSZONA BEZ KONSERWANT W 1Kg
Biotech	BioTech USA Iso Whey 908g lactose reduced o smaku waniliowym
Biotech	BIOTECH ISO WHEY ZERO 908G MASA MI??NIOWA WPI BIA?KO AMINOKWASY EAA I CAA
Biotech	BIOTECH ISO WHEY ZERO 908G MASA MI??NIOWA WPI BIA?KO AMINOKWASY EAA I CAA
Biotech	BioTech ISO WHEY ZERO 908 g Vanilla Izolat WPI S? j Od?ywka Bia?kowa MASA
Desmal	Smalec g?si 720ml DESMAL
Sanprobi	"SanProbi Barrier 40 kaps. PROBIOTYK, JELITA, ODPORNO??"
Goodyear	Goodyear 205/55 R16 VECTOR 4SEASONS V XL M+S 3PMSF OE AO 94V opona
Bepanthen	Bepanthen Sensiderm Krem leczenie AZS i egzemy 50g
Curasept	CURASEPT BIOSMALTO Caries Abrasion Erosion pasta
Svr	SVR Topialyse Huile Lavante Olejek Do Mycia Cia?a Przeciw?wi?dowy 1000 ml
Huggies	HUGGIES PURE chusteczki JUMBO PACK 10 x 72
Gillette	"Gillette ProGlide Power Wk?ady do maszynki do golenia dla m??czyzn, 8 sztuk"
Gillette	8x ORYGINALNE WK?ADY OSTRZA NO?YKI GILLETTE FUSION DO MASZYNKI XL
Cedrus	"RB02 Cedrus Rozdrabniacz spalinowy do 100mm z slinikiem Loncin G200 6,5KM"
Stiga	Traktorek ogrodowy Stiga Estate 384 ST 450 + 2 Oleje
Stiga	Traktor Stiga Estate 398 W SE 2-Cylindry ZESTAW
Stiga	KOSIARKA TRAKTOREK TRAKTOR OGRODOWY ESTATE 398 W SE HYDROSTATYCZNA Z?O?ONY
Weldman	MIGOMAT 2w1 spawarka MICRO MIG 200a MMA 230V Zestaw WELDMAN MAG 60% IGBT
Spartus	SPAWARKA SPARTUS EASYMIG 217 DUAL PULS SYNERGIA
Magnum	Spawarka migomat MAGNUM MIG 220 Alu Cu LCD MAG MMA
Magnum	Spawarka Migomat Magnum 208 Alu synergia L 4x4 MIG/MAG 200A W zek zestaw
Magnum	Spawarka Magnum p ?automat spawalniczy MIG 220 ALU CU LCD migomat 200A
Magnum	Spawarka MAGNUM MIG 220 ALU SYNERGIA MAG MMA TIG FLUX 200A 230V LCD ZESTAW4
Magnum	Spawarka inwertorowa migomat Magnum MIG 220 ALU/CU SYNERGIA mma tig lift
Magnum	MAGNUM MIGOMAT MIG/MAG 220 ALU SYNERGIA LCD
Karcher	Agregat pr?dotw rczy tr jfazowy zestaw Karcher 7500 W benzyna PGG 8/3
Hisense	"Telewizor Mini-LED Hisense 65U6NQ 65"" 4K UHD grafitowy"
Krups	Automatyczny ekspres ci?nieniowy Espresso Krups EA897HE0 Evidence Eco
Samsung	"Telewizor Smart TV 55"" Samsung UE55DU7172 4K Tizen HDR10 HLG DVB-T2 HEVC"
Samsung	Soundbar Samsung HW-C450/EN 2.1 300 W czarny
Honor	Smartfon HONOR Magic7 Pro 5G 12/512GB Lunar Black 120Hz
Honor	Smartfon Honor Magic 7 Pro 5G 12/512GB Dual Sim Czarny Black
Honor	Smartfon Honor Magic 7 Pro 5G 12/512GB Dual Sim Czarny Black
Honor	Honor Magic7 Pro 5G Smartfon 12/512GB Ksi??ycowy Cie? Szary
Dreame	Robot sprz?taj?cy Dreame L20 Ultra Complete bia?y
NM Revolution	PAPIER KSERO A4 500 bia?y drukarki 80g RYZA
Alpako	3.0 KG FOLIA STRETCH CZARNA DO PAKOWANIA 1szt. owijania
Begris	Zimowy p?yn do spryskiwaczy 4x5L 20l zapachowy etanol mocny -20 BEZ SMUG
Begris	ZGARNIACZ DO ?NIEGU ZGARNIACZE DO OD?NIE?ANIA P?UG R?CZNY NA K ?KACH LOPATA
ERG-BET	FOLIA STRETCH CZARNA STRECZ DU?O FOLII MOCNA KRYJ?CA 3MA DO PACZKI GRUBAXXL
ERG-BET	FOLIA STRETCH CZARNA 3 KG STRECZ ROLKA MOCNA GRUBA KRYJ?CA XL KLASA PREMIUM
M-FOLIE	FOLIA STRETCH 3KG XXL STRECZ CZARNY CZARNA ROLKA MOCNA KRYJ?CA
SolidTape	Etykiety termiczne 100x150 mm kurierskie 500 sztuk samoprzylepne bia?e
SolidTape	Etykiety termiczne 100x150 mm 500 szt.
Wd-4	WD-40 450ml Preparat Wielofunkcyjny Smar Odrdzewiacz w Sprayu z Aplikatorem
Wd-4	PREPARAT WD-40 ODRDZEWIACZ WIELOFUNKCYJNY 450 ML
Pure Chemical	WODA DEMINERALIZOWANA 20L (4x 5L)
Pure Chemical	WODA DEMINERALIZOWANA 20L (4x 5L)
Smart	TA?MA PAKOWA SMART TRANSPARENT 48/100
Tiross	GAZ NAB J KARTUSZ 400 ML KUCHENKA GAZOWA PALNIKA M
Tiross	GAZ NAB J KARTUSZ 400 ML KUCHENKA GAZOWA PALNIKA M
Tiross	GAZ NAB J KARTUSZ 400 ML KUCHENKA GAZOWA PALNIKA M
Muralo	? ?KO TAPICEROWANE DO SYPIALNI 160x200 ? ?KO PODW JNE Z POJEMNIKIEM BE?OWE
Tom Ford	TOM FORD Tobacco Vanille woda perfumowana zapach perfumy unisex EDP 50ml
Matrix	Matrix Total Results Food for Soft od?ywka 1000 ml
Matrix	MATRIX TOTAL RESULTS FOOD FOR SOFT Nawil?aj?cy szampon do w?os w 1000ml
Ducray	"Szampon Ducray Anaphase przeciw wypadaniu w?os w, 400 ml"
Ducray	Ducray Kelual DS ORIGINAL szampon przeciw?upie?owy 100ml
Arkada	ARKADA MA?? REGENERUJ?CA POP?KAN? SK R? PI?T 70 G.
Senzi Cosmetics	Baza Mydlana Bia?a Glicerynowa PREMIUM Myde?ka VEGAN Bez SLS Gliceryna 1kg
Uknown	?ar wki Samochodowe LED H1 12V Mocne 16000LM 6000K 2 szt.
Cerave	CeraVe SA wyg?adzaj?cy ?el do mycia 473 ml
Cerave	CeraVe Olejek Nawil?aj?cy Pieni?cy Si? Do Mycia Twarzy i Cia?a 473ml
Cerave	CERAVE Nawil?aj?cy Krem do Twarzy z ceramidami
Cerave	CERAVE NAWIL?AJ?CY BALSAM DO SK RY SUCHEJ 340g
Cerave	CeraVe Nawil?aj?ca Emulsja do Mycia dla sk ry suchej i bardzo suchej 473 ml
Cerave	"Balsam CeraVe Nawil?aj?cy Sk ra Sucha i Bardzo Sucha, Twarz i Cia?o 454g"
Cerave	"Balsam CeraVe Nawil?aj?cy Sk ra Sucha i Bardzo Sucha, Twarz i Cia?o 454g"
Motorola	"Motorola Razr 50 Ultra 5G 12/512GB Niebieski 6,9"""
Motorola	"Motorola Razr 50 Ultra 5G 12/512GB Niebieski 6,9"""
Motorola	"Motorola Razr 50 Ultra 5G 12/512GB Niebieski 6,9"""
Samsung	"TELEWIZOR SAMSUNG QE43Q7FA 43"" QLED UHD 4K SmartTV Tizen HDR Bluetooth"
Samsung	"Telewizor QLED Samsung QE50Q7FAAUXXH 50"" 4K UHD czarny"
Samsung	Telewizor 50 cali QLED Samsung QE50Q7FAAUXXH Tizen Smart TV 4K UHD czarny
Samsung	Telewizor 50 cali LED Samsung UE50U8072FUXXH 4K Tizen OS czarny
Samsung	"Tablet Samsung Galaxy Tab A9+ (X210) 11"" 4 GB / 64 GB szary"
Samsung	Smartfon Samsung Galaxy XCover 7 6 GB / 128 GB 5G Czarny
Samsung	Smartfon Samsung Galaxy XCover 7 6 GB / 128 GB 5G Czarny
Ubiquiti	Access Point UBIQUITI UniFi U6+ WiFi 6 2x2 MIMO WPA3
Baseus	BASEUS MOCNY KABEL USB-C SZYBKIE ?ADOWANIE PRZEW D TYP-C PD 100W QC 5A 2M
Oral-B	SZCZOTECZKA ELEKTRYCZNA Oral-B iO Series 10 Black Limited Edition
Oral-B	IRYGATOR DO CZYSZCENIA Z?B W BRAUN ORAL-B OXYJET MD20 ORAL HEALTH
Samsung	Odkurzacz pionowy Samsung Jet 65 Pet 150W VS15A60AGR5/WA
Yamaha	Amplituner Kina Domowego wzmacniacz Yamaha RX-V4A MusicCast 5.2-kana?owy
Uknown	Latarka Czo?owa LED Czo? wka Mocna 500lm IP65 Videx Czujnik Ruchu Wojskowa
Uknown	LATARKA Czo?owa Led mocna VLF-H015 VIDEX Wodoodporna Wojskowa USB-C 330Lm
Uknown	LATARKA Czo?owa Led mocna VLF-H015 VIDEX Wodoodporna Wojskowa USB-C 330Lm
Blaupunkt	"Telewizor LED Blaupunkt 32HLW4000S 32"" HD Ready czarny"
Energizer	4x Akumulatorki baterie ENERGIZER Power Plus AA R6 2000mAh pre-charged
Canon	CANON EOS 250D + 18-55 IS STM
Dreame	Robot kosz?cy DREAME Mova 1000 20cm Wi-Fi 1000m2
Esab	Spawarka migomat ESAB Rogue EMP 210 Pro + uchwyt MXL 201 3m MIG/MAG TIG MMA
Navitel	Wideorejestrator NAVITEL RS985 Duo prz d ty? 4K HDR GPS Wi-fi SONY + 64GB
Noco	NOCO GBX45 LITOWY JUMP STARTER BOOSTER 1250A
Noco	"NOCO Boost X GBX45   Przeno?ny rozrusznik 12V 1250A, power bank 60W"
Philips	"Frytkownica bezt?uszczowa Philips HD9880/90 2200 W 8,3 l Termometr"
Samsung	Soundbar Samsung HW-Q930F 9.1.4 Wi-Fi AirPlay DolbyAtmos
Sonicare	Szczoteczka soniczna PHILIPS Sonicare 5300 HX7108/01 Bia?y
Tefal	Zestaw patelni TEFAL Ingenio Emotion L897S474 (4 elementy)
Tefal	Odkurzacz pionowy Tefal X-Force Flex 13.60 TY9AC1 Aqua Funkcja mycia
Tefal	Odkurzacz pionowy bezprzewodowy myj?cy Tefal X-Clean 10 GF7540
Tefal	Czajnik elektryczny TEFAL Loft 2400 W czarny KO250830
Vileda	Mop parowy Vileda Steam Plus
Xiaomi	Oczyszczacz powietrza Xiaomi Mi Air Purifier 4 Pro
Spin Master	PSI PATROL MIGHTY PUPS ZESTAW 8 POJAZD W METALOWYCH TRUE METAL
Yato	YATO SZLIFIERKA DO BETONU TYNK W 125MM M14 FREZARKA 1400W 10000RPM YT-82164
Caso Design	"CASO DESIGN HOT7 dyspenser do gor?cej wody 2,7L 2600W regulacja temperatury"
70Mai	Wideorejestrator 70MAI A510 + Zasilanie parkingowe Hardwire Kit UP03
First Austria	Masa?er do st p wodny AUTOMATYCZNE ROLKI WIBRACJE FIRST AUSTRIA
JCB	ZESTAW NARZ?DZIOWY KLUCZY NASADOWYCH KLUCZE P?ASKIE TORX NASADKI JCB 216EL
Karcher	PUZZI 10/1 KARCHER ODKURZACZ PIOR?CY PROFESJONALNY
Karcher	PAROWNICA MOP PAROWY KARCHER SG 4/4 ZESTAW DO CZYSZCZENIA
Karcher	Parownica Karcher SG 4/4 profesjonalna myjka parowa 1.092-104.0
Karcher	Odkurzacz uniwersalny profesjonalny przemys?owy Karcher NT 30/1 Tact Te L
Karcher	Odkurzacz uniwersalny do auta Karcher WD 3 S-17/6/20 Car 1000 W
Karcher	Myjka ci?nieniowa Karcher K 5 Power Control Flex
Karcher	Myjka ci?nieniowa do mycia kostki Karcher K7 Power Flex 180bar 1.317-300.0
Karcher	Myjka ci?nieniowa do domu Karcher K7 Smart Control Flex Home 180 bar mocna
Rubi	RUBI HIT-850N PRZECINARKA R?CZNA 26963 85cm
Dewalt	Wkr?tarka udarowa DeWALT DCD1007NT XR 18V BL 169Nm 3 biegi BODY walizka
Dewalt	SEPARATOR PY?U CYKLONOWY ODPYLACZ DeWALT DXVCS003 38L SUCHO MOKRO INOX
Dewalt	DEWALT bateria akumulator 5Ah 18V DCB184 ORYGINA?
Dewalt	"AKUMULATOROWA GRZECHOTKA UDAROWA XR 18V 3/8"" i 1/2"" DCF510N DEWALT"
Dewalt	"Akumulator DeWALT DCB184 XR 18V 5,0Ah"
Festool	Zag??biarka TSV 60 KEBQ Festool
Soudal	SOUDAL SOUDATIGHT HYBRID P?YNNA MEMBRANA GREY 6 kg
Bosch	PI?A DO BETONU KOM RKOWEGO 1200W GAC 250 BOSCH
Bosch	Du?a szlifierka Bosch 230mm 2200W do ci?cia metalu betonu kostki GWS 2200
Bosch	Dalmierz laserowy BOSCH Professional GLM 40
Bosch	Bosch Professional GBH 2-26 DRE M?ot udarowo-obrotowy SDS PLUS 0611253708
Bosch	"AKUMULATOROWY M?OT GBH 185-LI BOSCH 2x4,0Ah"
Bosch	Akumulator Bosch PBA 18V 6Ah ORYGINALNY
Makita	MAKITA UKO?NICA LS1219L 1800W 305mm ST ? DEAWST05
Makita	MAKITA R?CZNA PILARKO-ZAG??BIARKA 165mm 1300W SP6000J + TARCZA SZYNA 1000mm
Makita	MAKITA R?CZNA PILARKO-ZAG??BIARKA 165mm 1300W SP6000J + TARCZA SZYNA 1000mm
Makita	"MAKITA M?otowiertarka m?ot udarowo-obrotowy SDS-Max 1510W 19,1J AVT HR5212C"
Yato	Zestaw kluczy YATO YT-38901 (122)
Yato	YATO PRZECINARKA TA?MOWA Z PODSTAW? 1100W YT-82185
Vorel	"ZESTAW NARZ?DZIOWY 1/2"" 216EL. NASADKI PRZED?U?KI GRZECHOTKI BITY XXL 58700"
Ubieramy-meble	6 SZT POKROWCE POKROWIEC NA KRZES?O CH?ODNY SZARY WELUR ELASTYCZNY UNIWERSA
Portal Games	GRA MAGNETYCZNE KAMIENIE 60 szt KULKI STRATEGICZNA EDUKACYJNA KLOCKI MAGNES
Parkside	ODKURZACZ PIOR?CY DO TAPICERKI i DYWAN W PARKSIDE PWS 20 NA SUCHO MOKRO
Parkside	ODKURZACZ DO PRANIA TAPICERKI i DYWAN W PARKSIDE PWS 20 NA MOKRO I SUCHO
[B.Box](http://B.Box)	[B.BOX](http://B.BOX) INNOWACYJNY KUBEK BIDON Z OBCI??ON? S?OMK?
Lego	LEGO 75354 Star Wars Kanonierka Gwardii Coruscan
Seagate	SEAGATE IronWolf Pro
Forever	Forever Aloe Vera Gel sok z aloesu czysty 1L
Forever	Forever Aloe Vera Gel sok z aloesu czysty 1L
Forever	Forever Aloe Vera Gel sok z aloesu czysty 1L
Oppo	PASEK OPASKA SILIKONOWA DO OPPO BAND 2
bez marki	PROFESJONALNA SUSZARKA DO W?OS W Z JONIZACJ? 1600W 4 KO?C WKI HAIR DRYER
Zilan	OPIEKACZ DO ORZESZK W FORMA NIEPRZYWIERAJ?CA POW?OKA CIASTEK 24 SZT 1600W
Force	ZESTAW DO BRAM NAP?D FORCE 2000 DO 2000KG PILOTY
Force	"WIDEODOMOFON FORCE PIANO 10"" FULL HD TUYA WiFi CZYTNIK BRELOKI BRAMA FURTKA"
Autel	AUTEL TPMS TS508WF TS TPMS Wi-Fi PROGRAMATOR CZUJNIK W
Autel	AUTEL MaxiCHECK MX900 Nowa Seria 8 cali Android 11 DEALER AUTEL POLSKA !
Autel	AUTEL MAXICHECK MX808S J.POLSKI OD DEALERA AUTEL POLSKA
Olimp	Od?ywka bia?kowa mieszanka bia?ek Olimp Pro Whey Shake 700 g smak waniliowy
Makita	2X AKUMULATOR 18V BL1850B BL1850 Z SZYBKA ?ADOWARKA D?UGA TRWA?O??
IBO	POMPA OBIEGOWA ELEKTRONICZNA DO PIECA KOT?A C.O. ?RUBUNKI BETA 2 25-40/180
Samsung	Smartwatch SAMSUNG Galaxy Watch 8 Classic SM-L505FZ 46mm LTE Czarny
Clementoni	IDEA ART - FABRYKA MARKER W
Bambino	Kredki o? wkowe grube BAMBINO drewno 12 kolor w+ temper wka
Bambino	KREDKI O? WKOWE - 24 kolory + temper wka - BAMBINO
BIC	BIC ECO GLUE STICK KLEJ W SZTYFCIE MOCNY SZKOLNY BIUROWY 36g ZESTAW x12
Farmina	"RETIMAX 1500 Ma??, regeneracja 30g"
Farmina	RETIMAX 1500 Ma?? z Witamina A regeneracja sk ry 30g
Placo	PLACO PLACENTA LOTION AMPU?KI PRZECIW WYPADANIU NA POROST W?OS W 12x10ML
Tesa	Zmywacz do klej w i etykiet Tesa 200ml
Tesa	TESA ?rodek zmywacz w sprayu do usuwania kleju etykiet naklejek ta?my 200ml
Dahua	Kamera IP Dahua 6Mpx IPC-HFW1639TC-A-IL-0280B-S6 PoE Smart DualLight
Microsoft	Konsola MICROSOFT Xbox Series X Digital Edition White Bia?y
Moza	Zestaw Dwupeda?owy MOZA R3 Bundle RS074 Kierownica z Peda?ami do PC
Oral-B	Szczoteczka elektryczna Oral-B iO Series 8N Black Onyx
Philips	Philips Lumea Advanced SC1994/00
Xbox	Konsola do gier Xbox Series S 1TB Bia?a
Makita	Strug Makita 1806B Elektryczny Ciesielski Hebel + Walizka Drewniana
Cosori	"Frytkownica Bezt?uszczowa Air Fryer Cosori Turbo Tower Pro Smart 10,8L"
Cosori	"Air fryer frytkownica Cosori CAF-DC121-AEUR 2630W 10,8L Czarna"
Cosori	"Air fryer frytkownica Cosori CAF-DC121-AEUR 2630W 10,8L Czarna"
Cosori	AIR FRYER FRYTKOWNICA BEZT?USZCZOWA COSORI 6 TRYB W GOTOWANIA 10 L 2800 W
ZTE	Router ZTE MC889A Pro 5G Gniazdo SIM
Dam	DAM KOMBINEZON W?DKARSKI XTHERM WINTER SUIT ROZ XL
Center-Flex	Ta?ma TUFF-TAPE pro ameryka?ska TT 30mb do ??cze?
Dino	DINO Z WO?OWIN? - karma dla ps w doros?ych 20kg
Barbie	"BARBIE DU?Y DOMEK MALIBU DREAMHOUSE dom willa z wind?, akcesoriami FXG57"
Uknown	Kawa ziarnista 1kg x2 BRAZYLIA 100% ARABICA ?wie?a do ekspresu + GRATIS
Aquaphor	Filtr wody pitnej Aquaphor Kryszta? A kran zestaw
Aquaphor	Filtr wody pitnej Aquaphor Kryszta? A kran zestaw
Aquaphor	FILTR DO WODY KUCHENNY PODZLEWOZMYWAKOWY AQUAPHOR KRYSZTA? A
Aquaphor	FILTR DO WODY KUCHENNY PODZLEWOZMYWAKOWY AQUAPHOR KRYSZTA? A
Gorenje	Zamra?arka szufladowa Gorenje F4142PW Bia?a 165l szer. 55cm DYSTRYBUCJA PL
Uknown	Frezarka do paznokci Manicure Pedicure Hybrydy Nailly Beauty Limited 65W
Beauty Limited	Suszarka do w?os w JONIZACJA 3 NAK?ADKI Magnetyczne 2000W Beauty Limited
Beauty Limited	Peeling Kawitacyjny Jonoforeza Sonoforeza Pr?dy EMS 6w1 DU?A MOC 10W
Beauty Limited	Najmocniejszy Darsonval OZON P?ynna regulacja mocy Beauty Limited 30W
Beauty Limited	Masa?er do twarzy RF EMS Ultrad?wi?ki Foton Krioterapia Mezoterapia 7w1 10W
Beauty Limited	Lok wka automatyczna OBROTOWA KERATYNOWO CERAMICZNA Regulacja Timer 50W
Beauty Limited	Lampa TERAPEUTYCZNA NA PODCZERWIE? Sollux TIMER Okulary Beauty Limited 300W
Krexus	Elektrostymulator mi??ni nerw w TENS EMS MASA? 73 programy Krexus
Transa Electronics	Zgrzewarka PR ?NIOWA Pakowarka ?ywno?ci 3 FUNKCJE FOLIA WORKI ADAPTERY 160W
Transa Electronics	WYCISKARKA WOLNOOBROTOWA DO SOK W OWOC W WARZYW JuiceWell DU?A MOC 400W
Transa Electronics	Wyciskarka do cytrus w Sok w ELEKTRYCZNA STAL NIERDZEWNA DU?A MOC 300W
Transa Electronics	Robot planetarny z podgrzewan? mis? Kuchenny Czarny MISA 6L DU?A MOC 3000W
Transa Electronics	MOP PAROWY WIELOFUNKCYJNY Myjka parowa CZY?CIK SteamClean 4 bar 2000W
Transa Electronics	"MOP PAROWY WIELOFUNKCYJNY 12 KO?C WEK 4 NAK?ADKI AquaSteam 4,2 BAR 2000W"
Transa Electronics	M?ynek elektryczny i ROZDRABNIACZ do ziaren kawy zi ? orzech w 2w1 300W
Blue Cap	Blue Cap Krem 50 ?uszczyca Egzema Atopowe zapalenie sk ry Tr?dzik R ?owaty
Osram	Osram ?ar wki Samochodowe H7 Night Breaker Laser +220% +150m
Aquael	AQUAEL ULTRAMAX 2000 Filtr do akwarium 400-700l NOWA WERSJA
Bioderma	Bioderma Sensibio ?agodz?cy ?el micelarny do twarzy 500ml
Bioderma	Bioderma Sensibio Gel Moussant ?agodz?cy ?el Micelarny Do Twarzy 500ml
Dexeryl	Dexeryl shower krem myj?cy pod prysznic 500 ml
Doppelherz	Doppelherz System Kollagen 11.000 PLUS
Doppelherz	DOPPELHERZ KOLLAGEN 11000 plus Kollagen System 25 ml x 30 ampu?ek
Anycubic	Drukarka 3D ANYCUBIC Kobra S1 Combo + Filament + Zestaw Miecz ?wietlny
Iso Trade	Zestaw do Pokera 500 ?eton w Walizka Poker Karty Texas ?etony Kostki Mocny
Anker	Powerbank Anker Ultra-Fast 25000mAh 165W wbudowany kabel USB-C czarny
4FIZJO	MATA DO AKUPRESURY Z KOLCAMI DO MASA?U POBUDZAJ?CA KR??ENIE Z PODUSZK? XL
Ostrovit	OstroVit Ma?lan Sodu 600 mg kwas mas?owy JELITA trawienie 90 kapsu?ek
Ampere	Przeno?na Stacja ?adowania Samochodu Typ 2 Ampere Point 32A Q PRO 22kW
La Roche-Posay	LA ROCHE-POSAY LIPIKAR SYNDET AP Ultradelikatny Krem Myj?cy do Cia?a Zapas
La Roche-Posay	La Roche Effaclar DUO+M krem o potr jnym dzia?aniu 40 ml
HP	ZESTAW TUSZ WK?AD HP 305 3YM60AE+3YM61AE BK+CMYK
Uknown	R?KAWICE ROBOCZE R?kawiczki sk rzane spawalnicze do spawania DRIVER
Uknown	Kawa ziarnista Lavazza Espresso Cremoso 1kg
Uknown	Kodak Friendly Zoom FZ45 Black (KOFZ45BK)
Uknown	Ravensbureger GraviTrax Slopes Kalendarz adwentowy 9 EXCLUSIVE ELEMENTS
Uknown	Ko?dra OBCI??ENIOWA Koc SENSORYCZNY dla dzieci i doros?ych 150x200 cm 8 KG
Uknown	Ko?dra Obci??eniowa 8 kg Szara Sensoryczna Koc Sensoryczny 200 x 150cm
Uknown	Folia Stretch 3kg 50cm bezbarwna strecz rolka
Uknown	AQUAEL ULTRAMAX 1000 FILTR ZEWN?TRZNY DO AKWARIUM
GIANTS Software	FARMING SIMULATOR 22 Symulator farmy 2022 - PL - PS4 / PS5 - P?yta Blu-ray
JCB	TRAKTOR ZDALNIE STEROWANY Z PRZYCZEP? RC LICENCJA JCB FASTRAC 4220 CI?GNIK
Mercedes	LEGO Technic 42171 Mercedes-AMG F1 W14 E Performance
Mercedes	LEGO SPEED CHAMPIONS 77244 Klocki Bolid F1 MERCEDES AMG W15 + TORBA LEGO
Promiler	Alkomat Promiler iSOBER 30
Syta Micha	Syta Micha CHEF Kr lik 92% z Warzywami Karma Mokra Monoproteinowa 400g
Vergnano	Caffe Vergnano Gran Aroma kawa ziarnista w?oska 1kg
Vergnano	Caffe Vergnano Anticabottega kawa ziarnista 1 kg
Bacscan	Alkomat elektrochemiczny BACscan 9000 Professional - ustniki - Kalibracje
Hoegert Technik	"Zestaw narz?dziowy 222 elementy, CrV, grzechotki 72T CrMo, Hoegert Technik"
Materazzi	Materac 140x200 twardy GRUBY KOKOS kieszeniowy H5 pocket 7 stref CARBON MAX
Beurer	LAMPA ANTYDEPRESYJNA BEURER TL 50 ?WIAT?O DZIENNE BIA?A LAMPA
Beurer	Lampa antydepresyjna Beurer TL 45 Perfect Day bia?y
Beurer	Beurer Lampa antydepresyjna TL30
Blue Technology	MGR-11-S-AL MIERNIK CZUJNIK TESTER GRUBO?CI LAKIERU
Bluey	Zestaw Moose Toys Bluey Dom rodzinny Bluey's Family Home
Bluey	Zestaw Moose Toys Bluey Dom rodzinny Bluey's Family Home
Bluey	MOOSE TOYS BLUEY NIESAMOWITY DOM ZE ?WIAT?EM I D?WI?KIEM
Bluey	LEGO Duplo Bluey 10459 Dom rodzinny Blue z gr? pami?ciow?
Contigo	Kubek Termiczny CONTIGO West Loop 2.0 470ml CZARNY Mat prezent
Contigo	Kubek termiczny Contigo Byron 720 ml grafitowy
Contigo	Kubek termiczny Contigo Byron 720 ml grafitowy
Ctek	?adowarka automatyczna prostownik CTEK MXS 5 12V
Ctek	CTEK MXS 10 12V 10A MXS10 ?adowarka automatyczna z kompensacj? temp.
Disney	LEGO(R) DISNEY CLASSIC 43269 101 DALMATY?CZYK W
Disney	LEGO Disney Stitch 43249
Disney	LEGO Disney i Pixar WALL-E i EWA 43279
Disney	KLOCKI LEGO DISNEY Kr l Lew M?ody Simba 43247 + KATALOG LEGO 2025
Eaton	"EATON WY??CZNIK R ?NICOWOPR?DOWY 4P 40A 0,03A AC"
Frolic	"Frolic karma sucha wo?owina 2,6 kg"
Karcher	WIELOFUNKCYJNA MYJKA DO OKIEN SZYB MOCNA ZESTAW KARCHER BEZ SMUG I ZACIEK W
Karcher	PROFESJONALNA MYJKA CI?NIENIOWA KARCHER HD 5/17 CX PLUS B?BEN + ZESTAW DYSZ
Karcher	PROFESJONALNA MYJKA CI?NIENIOWA KARCHER HD 5/17 CX PLUS B?BEN + ZESTAW DYSZ
Karcher	PROFESJONALNA MYJKA CI?NIENIOWA KARCHER HD 5/17 CX PLUS B?BEN + 2026 rok
Karcher	Parownica r?czna Karcher SC 1 Multi & Up 1.516-410.0 1300W Bia?a
Karcher	Odkurzacz przemys?owy Karcher WD6 Premium uniwersalne 1300 W
Karcher	Odkurzacz przemys?owy Karcher Puzzi 8/1
Karcher	ODKURZACZ PRZEMYS?OWY BIUROWY HOTELOWY KARCHER T 7/1 DODATKOWO SSAWKA W?SKA
Karcher	Odkurzacz pior?cy Puzzi 10/1 Karcher do prania dywan w 1.100-130.0
Karcher	Odkurzacz pior?cy Karcher SE3 Compact Home + Naturalny ?rodek czyszcz?cy 1l
Karcher	ODKURZACZ PIOR?CY KARCHER PUZZI8/1 Dysza Pod?ogowa
Karcher	Odkurzacz pior?cy Karcher Puzzi 8/1 Anniversary Edition NOWY MODEL 1200W
Karcher	Odkurzacz KARCHER Puzzi 8/1 1.100-240.0
Karcher	Myjka do okien Karcher WV6 Plus akumulatorowa ze spryskiwaczem i padem
Karcher	Myjka do okien Karcher WV 2 Plus N 1.633-642.0
Karcher	Myjka ci?nieniowa Karcher K 3 1600W 1.601-888.0
Karcher	Myjka ci?nieniowa Karcher HD 5/17 CX Plus Profesjonalna 3000 W 200 BAR
Karcher	Myjka ci?nieniowa HD 5/15 Karcher max 200 bar 2800W + dysza rotacyjna
Karcher	Mop elektryczny BEZPREZWODOWY Karcher FC 8 Smart Signature Line 60MIN 230m2
Karcher	KARCHER S 4 TWIN ZAMIATARKA R?CZNA DO ZANIECZYSZCZE? NA TARASIE I OGRODZIE
Karcher	Bezprzewodowy mop elektryczny Karcher FC 7
Magicbox	Super Zings Things Kazoom Power Ci??ar wka Mister Mr. King Truck
Magicbox	PIRATIX ADVENTURE WORLD FIGURKA REKIN + MINIFIGURKA KAPITAN HERMIT
Marshall	MARSHALL G?O?NIK BLUETOOTH ACTON III CZARNY KLASYCZNY DESIGN RETRO VINTAGE
Matchbox	MATCHBOX ZESTAW Myjnia Turbo Cyklon zestaw z 2 autkami
Numark	NUMARK PARTY MIX II MKII 2 KONSOLA DJ KONTROLER MIKSER LED + SERATO DJ LITE
Numark	NUMARK DJ2GO2 TOUCH KONTROLER DJ MIKSER MINI KONSOLA + SERATO DJ LITE
Starmix	STARMIX iPulse M-1635 SAFE Top - Odkurzacz przemys?owy z automatycznym czys
Testo	Anemometr wiatromierz z r?kawami 417 - 1 TESTO
Wagner	Agregat malarski Wagner ControlPro 350M
Wagner	AGREGAT MALARSKI PISTOLET WAGNER CONTROL PRO 350R
Wagner	Agregat Malarski Pistolet Wagner Control PRO 350 R
ArtGlob	GLOBUS INTERAKTYWNY DLA DZIECI PARLAMONDO EDUKACYJNY NOWO??
Game Dog	GAME DOG AniFlexi+ V2 550g Refill Pack
Hangar 13	Mafia The Old Country PL (PS5)
Kaja	Cymba?ki drewniane Dzwonki chromatyczne 27 ton w
Labo	EuroBusiness (Eurobiznes) Gra planszowa Ekonomiczna Kupuj Sprzedawaj
Moose Toys	Little Live Pets Interaktywna Panda Chu Chu 50 funkcji z Nocnikiem 26676
Moose Toys	LITTLE LIVE PETS 26593 MAMA SURPRISE KR LICZEK kr lik
Proficare	SZCZOTKO SUSZARKA DO W?OS W LOK WKA SZCZOTKA WIELOFUNKCYJNA 4W1 PROFICOOK
StarHouse Games	GRA PLANSZOWA Labirynt ?cie?ki Przeznaczenia PRZYGODOWA 2-6 os b NA PREZENT
3M	Zatyczki do uszu Stopery Wk?adki Przeciwha?asowe 3M 1100 Wk?adki 100 par
Adidas	BUTY ADIDAS M?SKIE TERREX SWIFT SOLO 2 IE6901
Adidas	Adidas Terrex Swift Solo 2 IE6901 Buty M?skie
Adidas	Adidas Terrex Swift Solo 2 IE6901 Buty M?skie
Adidas	Adidas Terrex Swift Solo 2 IE6901 Buty M?skie
Adidas	Adidas Terrex Swift Solo 2 IE6901 Buty M?skie
Akai	AKAI MPC KEY 37 - Samodzielna stacja robocza typu MPC
Alpine	Smartwatch LTE Apple Watch Ultra 3 Czarny Tytan/Czarna Opaska Alpine M 5G
Angelcare	ANGELCARE KOSZ POJEMNIK NA ZU?YTE BRUDNE PIELUSZKI PIELUCHY 3x WK?AD WK?ADY
Armani	Giorgio Armani My Way 90 ml woda perfumowana kobieta EDP
Asrock	Karta graficzna ASROCK STEEL LEGEND Radeon RX 9070 XT 16GB DDR6 256bit
ASUS	"Monitor ASUS ROG Strix XG32UCWMG 32"" 3840x2160px 240Hz 0.03 ms"
ASUS	Monitor 27'' Asus ProArt PA27JCV 5K 90LM0AL0-B01K70 5120 x 2880 5K/UHD+ IPS
ASUS	Karta graficzna ASUS TUF Gaming GeForce RTX 5090 32GB GDDR7 512bit DLSS 4
ASUS	Karta graficzna Asus Prime GeForce RTX 5080 OC 16GB
ASUS	Karta graficzna ASUS GeForce RTX 5070 PRIME OC 12GB DLSS 4
ASUS	Karta graficzna ASUS GeForce RTX 5060 Ti DUAL OC 16GB DLSS 4
ASUS	Asus DUAL-RTX5070-O12G 90YV0M17-M0NA00
Avent	AVENT NATURAL RESPONSE SMOCZEK RESPONSYWNY DO BUTELKI ANTYKOLKOWY 2szt 6m+
Avent	AVENT KUBEK NIEKAPEK ZE S?OMK? 200ml 9m+ BIDON g
Barbie	LALKA BARBIE MOTYLKOWA BALETNICA magiczna przemiana
Barbie	Lalka Barbie Malibu Syrenka Migocz?ce ?wiate?ka HDJ36
Barbie	LALKA BARBIE KAMPER MARZE? wielkie auto lalek
Barbie	LALKA BARBIE I KEN NA WROTKACH zestaw dw ch lalek + akcesoria
Barbie	BARBIE DU?Y DOMEK MARZE? DREAMHOUSE DELUXE dom willa z wind? basenem GRG93
Barbie	Barbie Dreamhouse Dom Marze? Domek dla lalek ze zje?d?alni? 75 akces HMX10
Beko	Kuchenka mikrofalowa Beko MOC20100WFB 700W 20L Blokada rodzicielska Bia?a
Beko	KUCHENKA MIKROFALOWA BEKO MOC20100WFB
Berdsen	"FRYTKOWNICA BEZT?USZCZOWA XL AIR FRYER DU?A FRYTOWNICA 9,1L BERDSEN 1700W"
Berdsen	"FRYTKOWNICA BEZT?USZCZOWA DWUKOMOROWA DU?A 10,2L AIR FRYER XL BERDSEN 1700W"
Berdsen	"FRYTKOWNICA BEZT?USZCZOWA AIR FRYER FRYTOWNICA 6,5L BERDSEN 1700W"
Berdsen	Ekspres do kawy ci?nieniowy kolbowy spieniacz pojemnik 20 bar 1350W Berdsen
Berdsen	"CZAJNIK ELEKTRYCZNY REGULACJA TEMPERATURY 2200W PANEL DOTYKOWY 1,7L BERDSEN"
Beretta	BERETTA CIAO X 25C (20KW CO/25KW CWU) 2 FUNKCYJNY KOCIO? 20 KW
Bowers & Wilkins	S?uchawki Bowers & Wilkins Px8 czarne ANC BT 5.2 aptX 30h
Braun	TERMOMETR DO UCHA DOUSZNY BRAUN IRT6520 THERMOSCAN 7 AGE PRECISION
Braun	CI?NIENIOMIERZ NARAMIENNY BRAUN EXACTFIT 5 BUA6350 BLUETOOTH 2MANKIETY ETUI
Braun	CI?NIENIOMIERZ NARAMIENNY BRAUN EXACTFIT 3 BUA6150 2MANKIETY ETUI ARYTMIA
Braun	CI?NIENIOMIERZ NARAMIENNY BRAUN EXACTFIT 3 BUA6150 2MANKIETY ETUI ARYTMIA
Brit	Brit Fresh Beef & Pumpkin Puppy Large Growth & Joints 12kg
Brit	Brit Care Mini Light&Sterilised Grain Free Sucha karma Rabbit & Salmon 7 kg
Brita	Wk?ad filtruj?cy Brita MAXTRA PRO Pure Performance 6 szt.
Brita	Wk?ad filtruj?cy BRITA Maxtra Pro Pure 6 szt
Calvin Klein	Calvin Klein Women EDP 100 ml
Canon	Obiektyw Canon 50mm F1.8 STM Canon RF
Canon	CANON EOS RP + RF 24-105 mm f/4-7.1 IS STM - NOWY
Canon	Canon EOS R8 body
Canon	CANON EOS R6 MARK II BODY
Canon	Canon EOS R50 + RFS 1845mm f/4.56.3 IS STM
Canon	CANON EOS R10 + 18-45 mm f/4.5-6.3 IS STM - NOWY
Canon	CANON EOS 2000D 18-55 IS II UWAGA ! OBIEKTYW ZE STABILIZACJ? OBRAZU
Canon	CANON EOS 2000D 18-55 IS II OBIEKTYW ZE STABILIZACJ? OBRAZU+AKCESORIA 2XAKU
Canon	CANON EOS 2000D 18-55 DCIII 64GB TORBA STATYW FILTR ZESTAW CZ CZYTNIK 2XAKU
Canon	Aparat fotograficzny Canon EOS R7 korpus czarny
Canon	Aparat Canon EOS R10 korpus / body NOWY
Casio	Zegarek z?oty Casio Vintage A168WG-9EF stoper
Casio	Zegarek Casio G-SHOCK GBD-200-1ER bieganie basen
Casio	Zegarek Casio G-SHOCK GBA-900-1AER bieganie basen
Casio	Sportowy zegarek m?ski Casio G-SHOCK DIGITAL
Casio	KLASYCZNY ZEGAREK M?SKI Z DATOWNIKIEM CASIO MTP-1302PD-2AVEF + BOX
Cat'S Best	CAT'S BEST ORIGINAL ?WIREK DREWNIANY DLA KOTA ZBRYLAJ?CY 5L
Cat'S Best	"Cat's Best Original ?wirek dla kota zbrylaj?cy drewniany 20l (ok. 8,6kg)"
Cell Fusion C	CELL FUSION C Calming Down Cream 50 ml POLSKA DYSTRYBUCJA
Cerave	"CeraVe, ?el do mycia z ceramidami dla sk ry normalnej i t?ustej, 473 ml"
Cerave	CeraVe odbudowuj?ce serum z retinolem 30 ml
Cerave	CeraVe Nawil?aj?cy Krem do twarzy SPF50 52ml
Cetaphil	Cetaphil Pro Oil Control pianka do mycia twarzy sk ra tr?dzikowa 236 ml
Cetaphil	Cetaphil Krem nawil?aj?cy do cia?a 453 g DuoPack
Cybex	Cybex Pallas G2 fotelik samochodowy 9-50 kg 76-150 cm / Stone Grey Plus
Cybex	CYBEX LEKKI FOTELIK SOLUTION B I-FIX SAMOCHODOWY DZIECI?CY 15-50 KG ISOFIX
Cybex	CYBEX LEKKI FOTELIK SOLUTION B I-FIX REGULOWANY DLA DZIECKA 3-12 LAT ISOFIX
Cybex	CYBEX Du?y Sk?adany Fotelik od 3 lat 15-50 kg SOLUTION G2 (C) Magic Black
Cybex	"Cybex 522002259 Gold Solution S2 i-Fix Fotelik, Do"
Dallmayr	Kawa ziarnista Dallmayr Home Barista Crema e Aroma 1kg
Dallmayr	Kawa ziarnista Dallmayr Espresso d Oro 1kg
Dallmayr	Kawa ziarnista Dallmayr Crema d'Oro Intensa 1kg
Dedra	SZLIFIERKA MIMO?RODOWA OSCYLACYJNA 2 pady 150mm 125mm Regulacja 350W DEDRA
Dedra	DEDRA Agregat malarski hydrodynamiczny W?? 15m Przed?u?ka DED7424
Dell	DELL PRO 15 i5-1334U 16GB SSD512 IPS 120Hz Win11 POD?. KLAW.
Delonghi	Ekspres ci?nieniowy do kawy DeLonghi Rivelia EXAM440.55G Automatyczny
Delonghi	Ekspres ci?nieniowy do kawy DeLonghi Rivelia EXAM440.55BG Automatyczny
Delonghi	Ekspres ci?nieniowy DeLonghi Eletta Explore ECAM450.86.T
Dewalt	Zestaw COMBO DeWALT DCK266NT 18V XR 0xAh BODY +TSTAK DCD796+DCF887
Dewalt	Wyrzynarka akumulatorowa DeWALT DCS335N 18V SOLO
Dewalt	Wyrzynarka akumulatorowa DeWALT DCS335N 18V SOLO
Dewalt	Wyrzynarka 18V XR 135mm DEWALT DCS335NT BODY TSTAK
Dewalt	WIERTARKO-WKR?TARKA Z UDAREM DEWALT XR 18V 0*AH
Dewalt	Wiertarko wkr?tarka bezudarowa DEWALT XR 18 V DCD800NT-XJ
Dewalt	Szlifierka mimo?rodowa DEWALT DWE6423-QS 280W 125mm z regulacj? obrot w
Dewalt	Szlifierka k?towa DEWALT DWE4257KT
Dewalt	Szlifierka k?towa DEWALT DWE4257KT
Dewalt	Szlifierka k?towa DeWALT DCG405N 18V XR 125mm bezszczotkowa bez skrzynki
DeWalt	SZLIFIERKA K?TOWA 125mm 1500W DIAX 230V Regulacja obrot w
Dewalt	Szlifierka Dewalt Szlifierka k?towa 18V bez aku/?ad DCG409VSNT
Dewalt	Szlifierka akumulatorowa bezszczotkowa DeWalt DCG405N 18V 800W / 1000W
Dewalt	Radio budowlane Dewalt TSTAK AUDIO AND DWST1-81078-QW z ?adowark?
Dewalt	Radio budowlane Dewalt DWST1-81078
Dewalt	Pi?a ALLIGATOR 1700W 'DeWALT DWE397-QS' z brzeszczotem 430mm
Dewalt	Odkurzacz akumulatorowy DEWALT DCV501LN + torba body
Dewalt	Klucz udarowy DEWALT DCF900N-XJ
Dewalt	"Klucz udarowy Dewalt DCF899NT 18 V 1/2"""
Dewalt	"KLUCZ UDAROWY 1/2"" 406Nm 18V DIODA LED DEWALT XR DCF922NT"
Dewalt	"DEWALT WKR?TARKA UDAROWA 18V 2x5,0Ah LI-ION WALIZKA TSTAK DCD796P2"
Dewalt	DEWALT SZLIFIERKA K?TOWA 125MM REG. OBR. DCG416VSN
Dewalt	Dewalt Radio budowlane ?adowarka TSTAK DWST1-81078 akumulatorowe baterie 18
Dewalt	DEWALT PILARKA TARCZOWA 184 MM 18 V DCS570N
Dewalt	DEWALT PILARKA TARCZOWA 165MM 18V DCS391N
Dewalt	"DEWALT PILARKA TARCZOWA - ZAG??BIARKA 1300W 165mm DWS520KTR + SZYNA 1,5m TS"
Dewalt	DEWALT PILARKA STO?OWA DWE7485 1850W 210MM
Dewalt	"DEWALT M?OTOWIERTARKA SDS+ 18V 2,1J DCH273NT + TSTAK"
Dewalt	DEWALT GWO?DZIARKA OSADZAK DO BETONU 18V DCN890P2
Dewalt	Dewalt Dmuchawa akumulatorowa do li?ci DCMBL562NXJ 200 km/h
Dewalt	DeWALT DCV100 KOMPAKTOWA AKUM. DMUCHAWA 18V XR
Dewalt	Dewalt DCV100 akumulatorowa dmuchawa 18V XR Body
Dewalt	DEWALT DCS570NT pilarka tarczowa 18V 184mm
Dewalt	DeWalt DCS570N Bezszczotkowa Pilarka tarczowa 18V 184mm XR BODY
Dewalt	"DeWalt DCH273NT M?otowiertarka SDS+ PLUS 2,1J 18V XR BODY + Walizka TSTAK"
Dewalt	DEWALT DCGG571NK SMAROWNICA TOWOTNICA XR 18V W WALIZCE
Dewalt	DEWALT DCG409VSNT SZLIFIERKA K?TOWA 125MM z Regulacj? Obrot w
Dewalt	DeWalt DCG405P2 szlifierka akum 18V 2x5Ah PROMOCJA
Dewalt	DeWalt DCG405N DeWALT 125 SZLIFIERKA AKUMULATOROWA 800W 18V DEWALT POLSKA
Dewalt	Dewalt DCF964N Klucz udarowy 18V XR 3/4 z silnikiem bezszczotkowym BODY
Dewalt	DEWALT AKUMULATOROWA M?OTOWIERTARKA SDS+ 3J 18V XR DCH263N
Dewalt	Akumulatorowa m?oto-wiertarka DeWalt DCH133N BRUSHLESS 18V (bez akumulatora
DJI	System bezprzewodowy DJI Mic Mini (1 TX + 1 RX)
DJI	Sterownik DJI FPV Remote Controller 3
DJI	Mini Dron DJI Neo 2 Fly More Combo z Kamer? 4K ?ledzenie Obiektu ZESTAW
DJI	Kamera sportowa DJI Osmo Action 5 Pro
DJI	Kamera sportowa DJI Osmo Action 4
DJI	Kamera DJI Osmo Pocket 3 Creator Combo
DJI	Gimbal DJI Osmo Mobile 7P stabilizator elektroniczny do smartfona czarny
DJI	Gimbal DJI Osmo Mobile 7 Szary
DJI	Dron DJI NEO Fly More Combo nagrywanie w 4K/30fps trzy baterie w zestawie
DJI	Dron DJI Neo Do 250g Z Kamer? 4K Na Pocz?tek CMOS 30fps 135g AI Tracking
DJI	Dron DJI Mini 3 RC-N1
DJI	Dron DJI Mavic 4 Pro 512GB Creator Combo CMOS 100MP 4K HDR 51min RC Pro 2
DJI	Dron DJI Air 3S Fly More Combo (DJI RC2)
DJI	DJI Osmo Mobile 8 / Gimbal do telefonu / 3-osiowy / 360  / ActiveTrack
DJI	DJI Mini 4K Fly More Combo
DJI	DJI Goggles N3 Aparatura Kontroler Okulary Gogle FPV Do Drona Avata 2 Neo
Durex	Prezerwatywy DUREX PLEASURE MIX 2 r ?ne rodzaje pr??ki wypustki 40 szt.
Dyson	"Prostownica Dyson Airstrait 598960-01 pastelowy r ?/r ?owe z?oto, 1600 W"
Dyson	Odkurzacz pionowy Dyson V8 Advanced 425W srebrny
Dyson	Odkurzacz pionowy Dyson V8 Absolute Z?oty Bezprzewodowy
Dyson	Multistyler Dyson Airwrap i.d. HS08 T1/T2 Suszarka prostownica lok wka
Dyson	Lok wko suszarka Multistyler Dyson Airwrap Straight+Wavy Niebieski/Topaz
Dyson	DYSON ODKURZACZ DLA DZIECI BEZPRZEWODOWY PIONOWYZ D?WI?KIEM PINK CASDON
Dyson	AREOPROSTOWNICA DYSON AIRSTRAIT WYDAJNE PROSTOWANIE NA SUCHO/MOKRO 1600W
Elixir	Struny do gitary akustycznej Elixir Nanoweb 10-47 - powlekane
Elmex	Pasta do z?b w ELMEX Sensitive na nadwra?liwo?? z aminofluorkiem 75 ml
Energizer	10x MOCNA BATERIA ENERGIZER INDUSTRIAL LR03 R3 AAA
Energizer	"10x Akumulatorki ENERGIZER Power Plus AA R6 HR6 NH15 1,2V 2000mAh"
Eukanuba	Sucha karma dla psa Eukanuba German Shepherd Kurczak 12kg
Eukanuba	EUKANUBA Mono-Protein Salmon 12kg
Eukanuba	Eukanuba Daily Care Overweight Adult Dog 12kg
Eukanuba	EUKANUBA ADULT GERMAN BREED KARMA DLA PSA 12kg
Eveline Cosmetics	"EVELINE MAGIC SKIN CC Upi?kszaj?cy krem do twarzy 8w1 NAWIL?AJ?CY, 50 ml"
Festool	Szlifierka przegubowa Festool PLANEX LHS 2 225 EQI-Plus 575990
Festool	Festool g rnowrzecionowa OF 1400 EBQ-Plus
Fisher-Price	Muzyczny Pingwinek Kiwaczek zabawka dla niemowl?t HNC10 Fisher-Price
Fisher-Price	FISHER MI?KKIE PIANINKO SENSORYCZNE DLA NIEMOWL?T + LUSTERKO GRYZAK GRATIS
Fisher-Price	FISHER MI?KKIE PIANINKO SENSORYCZNE DLA NIEMOWL?T + LUSTERKO GRYZAK GRATIS
Flex	Odkurzacz Przemys?owy Flex VCE 44 L AC SET 465690 w?? antystatyczny +GRATIS
Fujifilm	Wk?ady Instax SQUARE 2x10sztuk 20 ZDJ?? Film Fujifilm SQ1 SQ6 Drukarka Link
Fujifilm	Wk?ady FUJIFILM Instax Mini Glossy 20 sztuk
Fujifilm	Fujifilm Instax Mini Glossy - 60 wk?ad w do aparatu natychmiastowego
Fujifilm	Fujifilm Instax Mini Evo - aparat natychmiastowy czarny USB-C
Fujifilm	Fujifilm Instax Mini 12 niebieski - aparat natychmiastowy
Fujifilm	Fujifilm Instax Mini 12 bia?y - aparat natychmiastowy
Fujifilm	Aparat Fujifilm Instax Mini 12 + 40 wk?ad w film w
Gabby'S Dollhouse	LEGO Gabby's Dollhouse 10788 Koci domek Gabi
Garmin	Zegarek sportowy Smartwatch GARMIN Venu 3 Czarny 010-02784-01 45mm GPS Fit
Garmin	Zegarek sportowy Smartwatch Garmin Fenix 8 AMOLED 51mm szary
Garmin	Smartwatch Zegarek sportowy GARMIN Fenix 8 010-02903-00 Amoled 43mm bia?y
Genius	NOCO GENIUS 5 EU 6V 12V 5A ?adowarka Inteligentna
Genius	NOCO GENIUS 10 6V 12V 10A ?adowarka Inteligentna
Genius	NOCO GENIUS 10 6V 12V 10A ?adowarka Inteligentna
Genius	Inteligentna ?adowarka 10A NOCO GENIUS10
Gerlach	Zestaw garnk w Gerlach Superior 10 el.
Gerlach	Komplet sztu?c w Gerlach Modern 24 el.
Gerlach	GERLACH ZESTAW GARNK W STALOWYCH Z POKRYWKAMI INDUKCJA GAZ AMBIENTE 10 EL
Gerlach	Gerlach Zestaw garnk w 10 el. AMBIENTE Indukcja
Gerlach	Gerlach Zestaw garnk w 10 el. AMBIENTE Indukcja
Gerlach	GERLACH PATELNIA CA?OSTALOWA SOLIDNA INDUKCJA GAZ PRESTIGE GRUBE DNO 28cm
Gerlach	GERLACH MUZA SZTU?CE 24 EL PO?YSK PUDE?KO / 6 OS
Gerlach	Gerlach Country NK959a Zestaw no?y w bloku
Gerlach	GERLACH CELESTIA SZTU?CE 68EL PO?YSK WALIZKA 12 OS
Google	Telewizor TCL 43V6C LED 4K Google TV Dolby Vision Dolby Atmos HDMI
Google	"Telewizor QLED Google TV 40"" METZ 40MQF7000Z Smart TV DVBT2 WiFi BEZRAMKOWY"
Google	Smartfon Google Pixel 9 Pro 128 GB schwarz Telekom
Google	"Smartfon GOOGLE Pixel 10 Pro XL 5G 16/256GB 6.8"" 120Hz Obsydian"
Google	"Smartfon GOOGLE Pixel 10 Pro 5G 16/256GB 6.3"" 120Hz Ksi??ycowy szary"
Google	Smartfon Google Pixel 10 12 GB / 256 GB 5G czarny
Google	Smartfon Google Pixel 10 12 GB / 256 GB 5G czarny
Google	Google Pixel 10 Pro XL 5G 16/256GB NFC DualSIM Obsidian
Google	Google Pixel 10 Pro XL 16/512GB
Google	Google Pixel 10 Pro XL 16/512GB
Google	Google Pixel 10 5G 12/256GB NFC DualSIM Frost
Green Cell	Przetwornica Napi?cia Inwerter 12V Na 230V 2000W/4000W Czysta Sinusoida
Green Cell	PRZETWORNICA 12V 230V 3000W 6000W SAMOCHODOWA NAPI?CIA INWERTER SINUS USB
Green Cell	?ADOWARKA DO SAMOCHOD W ELEKTRYCZNYCH 2w1 Green Cell Habu EVGC01 11kW TYPE
Hager	Ogranicznik przepi?? Hager T1+T2 TN-S/TT 50kA SPA931
Hager	HAGER PRZE??CZNIK MODU?OWY SIE?-AGREG 4P 63A SF463
Hasbro	Hasbro Furby 2.0 interaktywna maskotka koralowy F6744 j. ANGIELSKI
Hasbro	Hasbro Furby 2.0 interaktywna maskotka koralowy F6744 j. ANGIELSKI
Hasbro	Furby 2.0 interaktywna maskotka z?ota blask G1938 w POLSKIM J?ZYKU
Hisense	Telewizor 55 cali QLED Hisense 55E7NQ Pro VIDAA Smart TV 4K czarny
Hot Wheels	HOT WHEELS T-REX MEGA TRANSPORTER dinozaur 2w1 TORY WY?CIGOWE + 2 AUTKA
Hot Wheels	HOT WHEELS RC BARBIE AUTO zdalnie sterowane KABRIOLET SAMOCH D DLA LALEK
Hot Wheels	Hot Wheels Monster Trucks RC Mega Wrex Alive Pojazd zdalnie sterowany JBD90
Hot Wheels	"HOT WHEELS CITY ZESTAW TOR W ZAKR?CONY TOR REMIZA T-REXA + autko, zestaw +4"
Hot Wheels	HOT WHEELS CITY ZESTAW Race Netflix ULTRA SHARK CAR MYJNIA REKINA HTN82
Hot Wheels	HOT WHEELS CITY ZESTAW MEGA GARA? PARKING GIGAP?TLA + AUTKO HELIKOPTER
Hot Wheels	HOT WHEELS CITY MEGA TRANSPORTER T-REX ZESTAW DU?Y POJAZD DINOZAUR
HP	Papier biurowy ksero HP OFFICE A4 CHP110 BIA?Y karton 5 RYZ 2500 arkuszy
HP	HP Pavilion 16-ag0019nw Ryzen 7 8840U 16''-WUXGA 16GB 512GB Win11H Srebrny
Huawei	Smartwatch HUAWEI Watch GT 6 Pro Elite 46mm Srebrny
Huawei	Smartwatch Huawei Watch D2 czarny
Huawei	"Huawei WATCH Ultimate 2 Czarny eSIM NFC 15 ATM 1,5"" + DJI OSMO Action 5 Pro"
Huggies	Huggies chust. dla dzieci 10 x 56 szt. Pure - Nowa Wersja !
Humberg	POZIOMICA LASEROWA LASER KRZY?OWY 4D SAMOPOZIOMUJ?CY 50m ZESTAW HUMBERG
HUMBERG	"Podno?nik samochodowy hydrauliczny podno?nik ?aba 80-360mm lewarek 2,5T"
IDEAL	SPAWARKA INWERTOROWA INWERTER IDEAL MIG 200 IGBT MAG MMA IGBT FLUX 200A ALU
Iiyama	Monitor iiyama G-Master GCB3482WQSU-B1 Black Hawk 34 Zagi?te VA LED 120Hz
Intel	Procesor Intel Core i5-14600K OEM
Intel	Procesor INTEL Core i5-14600K (OEM)
Intel	Procesor INTEL Core i5-14400F
Irobot	Robot sprz?taj?cy iRobot Roomba Max 705 Combo mopowanie
JBL	Soundbar JBL BAR 500 MKII Czarny
JBL	Soundbar JBL BAR 1300 MKII Czarny
JBL	Soundbar JBL BAR 1000 MKII 7.1 960 W czarny Bezprzewodowy Subwoofer 4k HDMI
JBL	S?uchawki nauszne JBL Tune 520BT Czarny
JBL	S?uchawki bezprzewodowe nauszne JBL Tune 520BT czarny
JBL	S?uchawki bezprzewodowe nauszne JBL Tune 510BT czarny
JBL	S?uchawki bezprzewodowe nauszne JBL Tune 510BT czarny
JBL	S?uchawki bezprzewodowe nauszne JBL Tune 510BT czarny
JBL	S?uchawki bezprzewodowe nauszne JBL Tune 510BT czarne
JBL	Radio JBL Tuner 3 Przeno?ne Czarny
JBL	Prezent S?uchawki dokana?owe JBL Wave Beam 2 ANC Czarne
JBL	"Power Audio JBL PartyBox Encore 2 Bluetooth, Bezprzewodowy cyfrowy mikrofon"
JBL	JBL PartyBox Stage 320 - Bluetooth Karaoke
JBL	JBL Boombox 3 G?o?nik Bluetooth Przeno?ny Mocny Bas 180W Akumulatorowy 24h
JBL	G?o?nik przeno?ny JBL Go 4 czarny
JBL	G?o?nik JBL Boombox 4 Czarny
JBL	G?o?nik Bluetooth JBL Partybox 520 Przeno?ny Mocny 400W Imprezowy Czarny
Josera	"Josera SensiPlus 12,5kg Karma Super Premium Dla Ps w Uniwersalna"
Josera	"Josera Adult Lamb&Rice 12,5kg Monobia?kowa Karma Dla Ps w z Jagni?cin?"
Josera	"Josera Adult Festival 12,5kg Karma Dla Wybrednych Ps w"
Kinderkraft	Sk?adane Krzese?ko do Karmienia 2w1 Kinderkraft DINNLY Fotelik dla Dzieci
Kinderkraft	Kinderkraft Comfort Up i-Size Fotelik Samochodowy 76-150 cm 9-36 kg Czarny
Kinderkraft	Fotelik samochodowy Kinderkraft Junior FIX I-SIZE 100-150cm 15-36kg1
Kinderkraft	Fotelik samochodowy KinderKraft i-Spark i-Size 100-150 cm DLA STARSZAKA
Kinderplay	DREWNIANY DOMEK DLA LALEK Z GARA?EM KINDERPLAY ?WIAT?O LED OGR D MEBELKI
Krups	Ekspres automatyczny KRUPS Evidence Hot & Cold kawa mro?ona EA898G
La Roche-Posay	"La Roche-Posay Lipikar Gel, koj?cy ?el do mycia twarzy i cia?a, 1000 ml"
La Roche-Posay	LA ROCHE-POSAY LIPIKAR AP+M Balsam do cia?a 400 ml
La Roche-Posay	La Roche-Posay Kerium 400 ml szampon regeneruj?cy i nawil?aj?cy
La Roche-Posay	La Roche-Posay Cicaplast Baume B5+ 100 ml balsam do cia?a
Lavazza	Lavazza Crema Classico kawa ziarnista do ekspresu 1kg
Lavazza	"LAVAZZA Caffe Crema Classico- Kawa ziarnista 1kg data wa?no?ci 05,2027"
Lavazza	Kawa ziarnista mieszana Lavazza Caffe Crema 1000 g
Lego	Zestaw klock w LEGO Technic 42214 Supersamoch d Lamborghini Revuelto
Lego	Zestaw klock w LEGO Architecture Statua Wolno?ci 21042
Lego	ZESTAW 2W1 LEGO STAR WARS 75372 ZESTAW BITEWNY Z ?O?NIERZEM+TORBA
Lego	LEGO(R) NINJAGO 71843 MECH SMOCZEGO JE?D?CA ROGUE'A
Lego	LEGO(R) FRIENDS 42666 KOCIE PRZYJ?CIE URODZINOWE
Lego	LEGO TECHNICS 42164 WY?CIGOWY ?AZIK BUGGY TERENOWY - Prezent dla ch?opca
Lego	LEGO Technic Lamborghini Hurac n Tecnica 42161
Lego	"LEGO Technic Ford GT, wersja z 2022 roku (42154)"
Lego	LEGO Technic 42215 Koparka Volvo EC500 Hybrid
Lego	LEGO Technic 42213 SUV Ford Bronco
Lego	LEGO Technic 42207 Bolid F1 Ferrari SF24 1361el. Model 1:8
Lego	LEGO Technic 42179 Planeta Ziemia i Ksi??yc na orbitach
Lego	LEGO Star Wars. Mroczny Sok ? Millennium 75389
Lego	LEGO Star Wars Transporter MTT Separatyst w z bitwy o Felucj? 75435
Lego	LEGO STAR WARS Grogu w w zku 75403
Lego	LEGO Star Wars 75419 - Gwiazda ?mierci Najwi?kszy Zestaw GWIEZDNE WOJNY
Lego	LEGO Star Wars 75394 Imperialny niszczyciel gwiazd
Lego	LEGO Star Wars 75337 Maszyna krocz?ca AT-TE
Lego	LEGO Speed Champions Samochody wy?cigowe BMW M4 GT3 & BMW M Hybrid V8 76922
Lego	LEGO SPEED CHAMPIONS Nissan Skyline GT-R 76917
Lego	LEGO Speed Champions 77237 Samoch d sportowy Dodge Challenger SRT Hellcat
Lego	LEGO ONE PIECE 75640 RESTAURACJA BARATIE zestaw klock w dla dzieci 18+
Lego	LEGO OKOLICZNO?CIOWE 40499 SANIE ?WI?TEGO MIKO?AJA zestaw ?wi?teczny +9 lat
Lego	LEGO LEGO 75379 Star Wars R2-D2
Lego	LEGO Klon palmowy bonsai 10348
Lego	LEGO Jurassic World Na tropie tytanozaura i raptora 76973
Lego	LEGO Icons W?adca pier?cieni: Book nook z Balrogiem 10367
Lego	LEGO ICONS MA?E RO?LINKI KWIATY W DONICZKACH 10329
Lego	Lego Icons 10341 Rakieta SLS NASA Artemis
Lego	LEGO Icons 10333 W?adca pier?cieni: Barad-dur
Lego	LEGO ICONS 10328 Bukiet r ?
Lego	LEGO Harry Potter Privet Drive: Wizyta ciotki Marge 76451
Lego	LEGO FRIENDS Zielona kawiarnia i kwiaciarnia 42671
Lego	LEGO FRIENDS Rodzinne wakacje na pla?y 42673
Lego	LEGO FRIENDS Ranczo kucyk w i stajnia 42654
Lego	LEGO Friends 42663 Przygoda w kamperze przyjaci ?
Lego	LEGO Friends 42652 Spotkanie w domku na Drzewie
Lego	LEGO Fortnite Sk rko?ciec 77072
Lego	LEGO FORTNITE Dow dca Dru?yny Mech w 77078
Lego	LEGO Fortnite 77077 - Klombo
Lego	LEGO Duplo Town 10428 Du?y Interaktywny Poci?g Miejski
Lego	LEGO Duplo Pude?ko z klockami Deluxe (10914)
Lego	LEGO Duplo Przygoda z interaktywnym poci?giem (10427)
Lego	LEGO DUPLO Poci?g z cyferkami nauka liczenia 10954
Lego	LEGO DUPLO 10941 URODZINOWY POCI?G MIKI I MINNIE PREZENT
Lego	LEGO Creator Ci??ar wka z platform? i helikopterem 31146
Lego	LEGO Creator 3w1 31150 Dzikie zwierz?ta z safari Prezent
Lego	LEGO CREATOR 31167 NAWIEDZONA REZYDENCJA 3w1 + KATALOG LEGO W WERSJI PDF
Lego	LEGO Creator 3 w 1 Dzikie zwierz?ta: Tropikalny tukan 31173
Lego	LEGO Creator 3 w 1 Dzikie zwierz?ta: rodzina pand 31165
Lego	Lego Classic Kreatywne Klocki Du?e Pude?ko Box 10698 Budynki Okna Drzwi
Lego	LEGO City Samolot pasa?erski 60367
Lego	LEGO City Policja z Wi?ziennej Wyspy 60419
Lego	LEGO City ? d? badacza Arktyki 60368
Lego	LEGO CITY F1 CI??AR WKA Z BOLIDAMI RB20 i AMR24 60445 +KATALOG W WERSJI PDF
Lego	"LEGO City 60462 Zestaw z Helikopterem, Wozem Stra?ackim i ?odzi? Podwodn?"
Lego	LEGO CITY 60443 F1 PIT STOP I MECHANICY Z BOLIDEM FERRARI
Lego	LEGO CITY - TRAMWAJ MIEJSKI ZE STACJ? NR. 60423
Lego	LEGO BOTANICALS 10343 Ma?a orchidea MINI ORCHIDEJA KWIATEK KWIAT PREZENT
Lego	LEGO Botanicals 10342 Pi?kny bukiet r ?owych kwiat w
Lego	LEGO Art Droga Mleczna 31212
Lego	LEGO Architecture Notre-Dame w Pary?u 21061
Lego	LEGO 77073 Fortnite Bus Bojowy
Lego	LEGO 76921 Speed Champions Audi S1 E-tron Quattro
Lego	LEGO 60469 City Centralny dworzec kolejowy
Lego	LEGO 60451 CITY Karetka pogotowia
Lego	LEGO 42203 Technic Zestaw Wywrotka z przechylan? skrzyni? 9+ 462pcs
Lego	LEGO 31168 CREATOR ?redniowieczny zamek rycerzy konnych 3w1
Lego	LEGO 10311 Creator Expert Orchidea
Lego	LEGO - HARRY POTTER - ZAMEK HOGWART I B?ONIA - 76419
Lego	LEGO - FRIENDS - MIESZKANIA I SKLEPY W MIE?CIE HEARTLAKE - 42670
LEGO	"Klocki Technic 42210 Samoch d Nissan Skyline GT-R (R34) z filmu Za szybcy,"
Lego	KLOCKI LEGO TECHNICS 42212 FERRARI FXX K + TORBA PREZENTOWA LEGO
Lego	KLOCKI LEGO MAINCRAFT 21276 CREEPER FIGURKA - DU?Y ZESTAW NA PREZENT
Lego	Klocki LEGO City Wakacyjny kamper pe?en przyg d 60454
Lego	Klocki LEGO City 60470 Ekspres polarny arktycznych odkrywc w Poci?g
Lego	Klocki LEGO City 60337 Ekspresowy poci?g pasa?erski
Lego	KLOCKI LEGO BOTANICALS 10344 DRACENA SANDERA DR PREZENT DZIE? KOBIET
Lego	KLOCKI LEGO
Lego	KLOCKI LEGO
Lego	KALENDARZ ADWENTOWY LEGO HARRY POTTER 76456 PREZENT DLA DZIECI NA ROK 2025
Lego	Gra Familijna Rebel - LEGO Monkey Palace [PL]
Lego	Choinka ?wi?teczna LEGO 40573
Lenovo	"Tablet Lenovo Tab M11 10,95"" 4 GB / 128 GB szary"
Lenovo	"Tablet Lenovo Tab M11 10,95"" 4 GB / 128 GB szary"
Lenovo	Tablet Lenovo TAB 10'' 4GB/64GB/Android 14 WiFi
Lenovo	LENOVO V15 G4 RYZEN 5 7520U 16GB SSD512 FHD Win11
Lenovo	LENOVO IDEAPAD SLIM i5-13420H 16GB SSD512 Win11
Lenovo	Lenovo Idea Tab 8GB/128GB/Android 15/WiFi + PEN
Lenovo	Laptop Lenovo LOQ 3-15 i5-13450HX/16GB/512 RTX5050 144Hz
Lenovo	Konsola LENOVO Legion Go S Steam Os Fioletowy
Liqui Moly	LIQUI MOLY DODATEK DO DIESLA OCHRONA FILTRA DPF CZY?CI CHRONI REDUKUJE OSAD
Little Live Pets	LITTLE LIVE PETS ?WINKA MORSKA MAMA SURPRISE
Little Live Pets	Little Live Pets Mama Surprise Minis Bunny kr liczek fioletowy
Logitech	Zestaw LOGITECH Signature Slim Combo MK950 Bia?y
Logitech	Zestaw LOGITECH MX Keys S Combo
Logitech	Mysz bezprzewodowa LOGITECH MX Master 4 Grafitowy
Logitech	Logitech MX Master 3s SE Grafitowy
Logitech	Logitech G G502 mysz gamingowa przewodowa czarna
Logitech	Kierownica Logitech Driving Force G29 PS4 PS5 PC + Skrzynia bieg w Shifter
Mattel	Mattel. BJV44 Blokus Mattel
Mattel	Mattel. BJV44 Blokus Mattel
Mattel	"MATTEL BARBIE KARETKA MOBILNA gabinet lekarski, klinika z wyposa?eniem"
Mattel	Mattel Barbie Dreamhouse Dom Marze? (HMX10)
Mattel	"JURASSIC WORL ODRODZENIE DINOZAUR Distortus Rex, figurka z d?wi?kiem"
Mercator Medical	R?KAWICZKI NITRYLOWE MERCATOR NITRYLEX CLASSIC L 100SZT NIEBIESKIE
Metabo	Pi?a uko?nica Metabo KGS 254 M 613254000
Metabo	METABO Uko?nica Kap wka Pilarka z Funkcj? Posuwu KGS 216 M 1200W 613216000
Metabo	METABO Uko?nica Kap wka Pilarka z Funkcj? Posuwu KGS 216 M 1200W 613216000
Metabo	"Metabo PowerMaxx BS Basic Wiertarko Wkr?tarka Akumulatorowa 10,8V 12V"
Metabo	BRUZDOWNICA MFE 40 1900W +2 Tarcze + Walizka + przecinak METABO POLSKA
Milwaukee	Szlifierka k?towa Milwaukee M18 FSAG125X-0 18V 125mm body
Milwaukee	Szlifierka k?towa Milwaukee M18 FSAG125X-0 18V 125mm body
Milwaukee	Pilarka akumulatorowa Milwaukee M18 FHS20-0 pila ?a?cuchowa
Milwaukee	Pilarka akumulatorowa Milwaukee M18 FHS20-0 pila ?a?cuchowa
Milwaukee	"M?ot typu kombi 4-trybowy SDS-Plus 18V FUEL ONE-KEY w walizce, bez wyposa?e"
Milwaukee	"MILWAUKEE M18 ONEFHIWF12-502X Klucz Udarowy 1898Nm 1/2"" 4933459727"
Milwaukee	Milwaukee M18 FPP2A3-502X Zestaw narz?dzi
Milwaukee	Milwaukee M18 FFN-502C Gwo?dziarka akumulatorowa 2x5Ah Walizka 4933471404
Milwaukee	M12 FRAIWF12-0 K?towy klucz udarowy 1/2 MILWAUKEE grzechotka 4933471699
Milwaukee	Klucz udarowy Milwaukee M18 ONEFHIWF34-0 3/4''
Monster	KOLEKCJONERSKA LALKA WEDNESDAY ADDAMS MONSTER HIGH + AKCESORIA
Monster	KOLEKCJONERSKA LALKA WEDNESDAY ADDAMS MONSTER HIGH + AKCESORIA
Motorola	?adowarka sieciowa z kablem Motorola TurboPower MC-682 68W KABEL USB-C GaN
MSI	MSI MPG 321URX QDOLED
MSI	Laptop MSI Vector 16 HX AI Ultra 7 255HX/16GB/1TB/Win11 RTX 5070Ti
MSI	Karta graficzna MSI RTX 5080 16G VENTUS 3X OC 16GB GDDR7_ DLLS4 BOX + GRA
MSI	Karta graficzna MSI GeForce RTX 5080 16G Gaming Trio OC 16 GB
MSI	Karta graficzna MSI GeForce RTX 5070 Ti Ventus 3X OC 16GB GDDR7 DLSS4
MSI	Karta graficzna MSI GeForce RTX 5070 Gaming Trio OC 12GB GDDR7 DLSS4
MSI	Karta graficzna MSI GeForce RTX 5060 Ti 16G VENTUS 2X OC PLUS
MSI	Karta graficzna MSI GeForce RTX 5060 8G VENTUS 2X OC
Neno	"Elektroniczna niania 2,4GHz z kamer? Vista"
Nikon	Aparat fotograficzny Nikon Z6 II body
Nintendo	Super Mario Party Jamboree + Jamboree TV Nintendo Switch 2 pude?kowa
Nintendo	Ring Fit Adventure Nintendo Switch
Nintendo	Pok mon Legends: Z-A NINTENDO SWITCH 2 = FOLIA
Nintendo	NS2 The Legend of Zelda: ?zy
Nintendo	NS2 Donkey Kong Bananza
Nintendo	Nintendo Switch V2 Red & Blue
Nintendo	Nintendo Switch Lite Hyrule Edition + NS Online 365dni + Expansion Pack
Nintendo	Kontroler bezprzewodowy Nintendo Switch 2 Pro Controller czarny
Nintendo	Konsola Nintendo Switch OLED bia?y
Nintendo	Gra Nintendo Switch CENEGA EA Sports FC 26
Nintendo	Gra Nintendo Switch 2 Metroid Prime 4: Beyond Nintendo Switch 2 pude?kowa
Nintendo	GRA MARIO KART WORLD PL NINTEDO SWITCH 2 / KARTRID? / NS2 / BOX /
Noco	Urz?dzenie rozruchowe NOCO GBX55 Jump Starter 1750A
Noco	NOCO GBX155 BOOST X JUMP STARTER 12V 4250A GBX155 ?ADOWARKA SIECIOWA GRATIS
Noco	NOCO GB70 BOOSTER HD 12V 2000A URZ?DZENIE ROZRUCHOWE
Noco	NOCO GB70 BOOSTER HD 12V 2000A URZ?DZENIE ROZRUCHOWE
Noco	NOCO GB70 BOOSTER HD 12V 2000A URZ?DZENIE ROZRUCHOWE
Noco	NOCO GB70 BOOSTER HD 12V 2000A URZ?DZENIE ROZRUCHOWE
Noco	NOCO GB40 JUMP STARTER BOOSTER 12V 1000A
Noco	NOCO GB150 JUMP STARTER BOOSTER 12V 3000A PRO
Noco	NOCO GB150 BOOSTER PRO JUMP STARTER 12V 3000A
Noco	NOCO BOOSTER GBX55 BOOST X JUMP STARTER 12V 1750A
Noco	NOCO BOOSTER GBX55 BOOST X JUMP STARTER 12V 1750A
Noco	"NOCO Boost X GBX155   Przeno?ny Rozrusznik 12V 4250A, Power Bank USB-C"
Noco	"NOCO Boost Pro GB150   Rozrusznik 12V 3000A, Power Bank, Latarka LED"
Noco	?ADOWARKA NOCO PRO GB150 BOOSTER 3000A 12V + ETUI BOOST PRO EVA GBC015
Noco	JUMP STARTER BOOSTER ROZRUCHU 12V 4250A urz?dzenie rozruchowe buster
Noco	BOOSTER URZADZENIE ROZRUCHOWE NOCO GBX55 LITOWY
Noco	BOOSTER URZADZENIE ROZRUCHOWE NOCO GBX155 4250A
Noris	STATKI GRA W OKR?TY Z EFEKTAMI ?WIETLNYMI I D?WI?KOWYMI NORIS WALIZKA
Noris	GRA W OKR?TY STATKI W WALIZCE STRATEGICZNA BITWA MORSKA ?WIAT?O D?WI?K
Nothing	"Smartfon NOTHING PHONE 3a Pro 5G 12/256GB 6.77"" 120Hz Czarny"
Nukido	Namiot tipi dla dzieci ze ?wiate?kami Nukido - r ?owe w gwiazdki
Olaplex	Olaplex No.5 Bond Maintenance od?ywka wzmacniaj?ca w?osy 250ml
Olaplex	Olaplex No.5 Bond Maintenance od?ywka wzmacniaj?ca w?osy 250ml
Olaplex	OLAPLEX NO. 5 OD?YWKA ODBUDOWUJ?CA 250ML DO W?OS W ZNISZCZONYCH S?ABYCH
Olaplex	OLAPLEX NO. 5 OD?YWKA ODBUDOWUJ?CA 250ML DO W?OS W ZNISZCZONYCH S?ABYCH
Olaplex	Olaplex No. 4 Bond Maintenance Szampon Odbudowuj?cy Do W?os w 250ml
Olaplex	Olaplex NO 4 Bond Maintenance szampon odbudowuj?cy 250 ml
Olaplex	Olaplex Hair Pefector No.3 Odbudowuje i Wzmacnia W?osy 100 ml
Olaplex	OLAPLEX HAIR CARE NO.0 KURACJA DO W?OS W PRZED SZAMPONEM REKONSTRUKCJA
Olaplex	OLAPLEX BOND MAINTENANCE NO.5 OD?YWKA ODBUDOWA 250ML REGENERACJA I BLASK
Olaplex	OLAPLEX BOND MAINTENANCE NO.5 OD?YWKA ODBUDOWA 250ML REGENERACJA I BLASK
Old Spice	Old Spice Whitewater 3w1 ?el pod prysznic i szampon dla m??czyzn XL 1000ml
Oral-B	Szczoteczki Magnetyczne do Z?b w Oral-B iO Series 6 Dwupak Czarna i R ?owa
Oral-B	Szczoteczki Magnetyczne do Z?b w Oral-B iO Series 6 Dwupak Czarna i R ?owa
Oral-B	Szczoteczka elektryczna Oral-B iO5 + etui podr ?ne
Oral-B	SZCZOTECZKA ELEKTRYCZNA DO Z?B W ORAL-B IO SERIES 3 CZARNA NOWA ORYGINALNA
Oral-B	Szczoteczka Elektryczna do Z?b w Oral-B iO 6
Oral-B	Oral-B iO 5 Black & White Szczoteczki elektryczne magnetyczne 2 sztuki
Oral-B	Ko?c wka szczoteczki ORAL-B Kids Frozen EB10S-4 (4 szt.)
Oral-B	Elektryczna Szczoteczka Magnetyczna Oral-B iO Series 6 Czarna 2 KO?C WKI
Pampers	Pieluszki Pampers Premium Care Rozmiar 6 128 szt.
Pampers	Pieluchomajtki Pampers Premium Care Rozmiar 5 102 szt.
Pampers	Pieluchomajtki Pampers Premium Care Rozmiar 5 102 szt.
Pampers	"Pampers Premium Care Rozmiar 7 108 szt. 15+ kg, Pieluszki Miesi?czny zapas"
Pampers	"Pampers Premium Care 1 Pieluszki 2-5 kg, komfort i ochrona, 156 sztuk"
Pampers	Pampers Active Baby pieluchy rozmiar 5 11-16 kg 150 sztuk
Pampers	Pampers Active Baby Pants Pieluchomajtki Rozmiar 4 176 szt Miesi?czny zapas
Pampers	Chusteczki nawil?ane Pampers Harmonie Aqua 18 x 48 szt. Miesi?czny zapas
Panini	PANINI FIFA 365 2026 MEGAZESTAW STARTOWY ALBUM 3 SASZETKI i 3 KARTY LIMITED
Panini	Opiekacz Gofrownica Panini do kanapek TEFAL UltraCompact SW383D10 3w1
Panini	ALBUM na 540 kart FIFA 365 2026
Pedigree	PRZYSMAKI PEDIGREE DENTASTIX LARGE DU?E RASY 56-PACK 8X270G
Pedigree	PEDIGREE sucha karma dla psa du?e i ?rednie rasy wo?owina warzywa 12 kg
Pellini	Kawa ziarnista PELLINI ESPRESSO BAR VIVACE 1kg
Philips	?ELAZKO PAROWE PHILIPS AZUR DST8020/20 Series 8000 3000W
Philips	Wymienne ostrza do golarki Philips OneBlade Original 5 szt. QP250/50
Philips	TELEWIZOR PHILIPS 43PUS7810/12 4K UHD TITAN OS DVB-T2 HDR10+ DOLBY ATMOS
Philips	"TELEWIZOR PHILIPS 40PFS6000 LED FULL HD HDR TITAN OS DVB-T2 40PFS6000 40"""
Philips	Szczoteczka Soniczna Philips dla Dzieci HX6352/42 R ?owa + Naklejki
Philips	Szczoteczka soniczna Philips 3100 HX3671/13 bia?a
Philips	Szczoteczka Philips DiamndClean 9000 HX9911/89
Philips	Szczoteczka Philips DiamndClean 9000 HX9911/09 ETUI i ?AD
Philips	Suszarka do w?os w ThermoShield Advanced jonizacja 1400W Philips BHD837/10
Philips	PHILIPS SCD973/26 Avent Premium elektroniczna niania ?ledzenie snu
Philips	Philips Prostownica do W?os w BHS530/00 z Technologi? ThermoShield
Philips	Philips Oczyszczacz powietrza z serii 4200 HEPA NanoProtect 156m  AC4221/11
Philips	Odkurzacz PHILIPS AquaTrio 9000 XW9463/11 (Mopuj?cy)
Philips	Oczyszczacz powietrza Philips AC3421/13
Philips	MASZYNKA PHILIPS DO STRZY?ENIA W?OS W I ZAROSTU
Philips	Lok wka automatyczna PHILIPS StyleCare Prestige BHB876/00
Philips	Irygator Philips Power Flosser 3000 HX3826/33 - bezprzewodowy
Philips	GOLARKA PHILIPS ONEBLADE 360 MASZYNKA DO ZAROSTU TRYMER DO GOLENIA BRODY
Philips	GOLARKA PHILIPS ONEBLADE 360 MASZYNKA DO ZAROSTU TRYMER DO GOLENIA BRODY
Philips	Golarka PHILIPS Head Pro Seria 7000 HS7980/15 Na mokro i sucho
Philips	Filtr wody Aqua Clean antywapienny do ekspres w Saeco Philips CA6903/10
Philips	"Ekspres Philips EP5447/90 1500W 15bar LatteGo zbiornik 1,8l"
Philips	Ekspres do kawy ci?nieniowy automatyczny LatteGo Philips EP5546/70
Philips	Bramka Mostek Centralna HUB SMART HOME WiFi Zigbee Bridge PRO Philips HUE
Philips	AVENT Philips NATURAL 2x SMOCZEK do G?STYCH POKARM W 6m+ level 6
Philips	Automatyczny ekspres ci?nieniowy Philips LatteGo EP3347/90 1500W
Philips	Automatyczny ekspres ci?nieniowy Philips EP5447/90 1500 W czarno-srebrny
Philips Avent	PHILIPS AVENT ZESTAW BUTELEK DO KARMIENIA 3x 260ML RESPONSE SMOCZKI
Philips Avent	PHILIPS AVENT Smoczek Natural Response 2szt. kaszka 6m+ 966/02
Philips Avent	Philips Avent Niania elektroniczna z kamer? + monitor oddechu SCD973/26
Philips Avent	PHILIPS AVENT KUBEK NIEKAPEK BIDON ZE S?OMK? 200 ml 9 m+
Playstation	Split Fiction PlayStation 5 (PS5) pude?kowa
Playstation	Sony PlayStation 5 DualSense Wireless Controller (PS5) Nova Pink
Playstation	Sony PlayStation 5 DualSense Wireless Controller (PS5) Nova Pink
Playstation	Sony PlayStation 5 DualSense Wireless Controller (PS5) Nova Pink
Playstation	Sony PlayStation 5 DualSense Wireless Controller (PS5) Nova Pink
Playstation	Pad SONY DualSense Midnight Black Playstation 5
Playstation	Pad Kontroler Sony DualSense Edge PlayStation
Playstation	Pad Kontroler Sony DualSense Edge PlayStation
Playstation	Pad DualSense PS5 ORYGINA? PLAYSTATION
Playstation	Pad DualSense PS5 ORYGINA? PLAYSTATION
Playstation	Pad bezprzewodowy DualSense Sony PlayStation 5 Cobalt Blue
Playstation	OUTLET Pad DualSense Sony PlayStation 5 V2
Playstation	Minecraft - PlayStation 5
Playstation	Kontroler pad SONY Playstation 5 bezprzewodowy DualSense Cosmic Red
Playstation	Kontroler pad SONY Playstation 5 bezprzewodowy DualSense Cosmic Red
Playstation	Konsola Sony PlayStation 5 Digital Slim E Chassis 825GB
Playstation	Gogle VR SONY PlayStation VR2
Playstation	Gogle VR SONY PlayStation VR2
Playstation	Farming Simulator 25 / Symulator Farmy 25 PlayStation 5 (PS5) pude?kowa
Playstation	Farming Simulator 25 / Symulator Farmy 25 PlayStation 5 (PS5) pude?kowa
Playstation	Farming Simulator 25 / Symulator Farmy 25 PlayStation 5 (PS5) pude?kowa
Playstation	Farming Simulator 25 / Symulator Farmy 25 PlayStation 5 (PS5) pude?kowa
Playstation	EA SPORTS FC 26 FIFA 26 PlayStation 5 (PS5) pude?ko PL
Playstation	Battlefield 6 PlayStation 5 (PS5) WERSJA PUDE?KOWA PO POLSKU
Poco	Smartfon POCO F7 12 GB / 256 GB 5G czarny
Poco	POCO F8 Ultra 12+256GB Denim Niebieski
Poco	POCO F8 Ultra 12+256GB Czarny
Poco	POCO F8 Pro 12+512GB Czarny
Poco	POCO F8 Pro 12+256GB Czarny
Poco	"POCO F7 6,83"" 5G 12/512GB AMOLED NFC WIFI7 BT6.0 GPS DUAL SIM"
Purina	Karma dla psa PURINA Dog Chow z Jagni?cin? 14 kg
Purina	"Karma dla psa PURINA DOG CHOW ADULT Jagni?cina 14kg + 2,5kg GRATIS"
Purina	Karma dla kota Purina Felix 120x85g mix smak w
Rebel	"Wsi??? do Poci?gu: Pierwsza podr ? familijna gra planszowa wiek 6+, 2-4 os"
Rebel	Wsi??? do Poci?gu: Dooko?a ?wiata
Rebel	Tajniacy (edycja 2025) - gra imprezowa
Rebel	Splendor Rebel gra
Rebel	LATAJ?CE BURRITO ?mieszna super szybka gra planszowa towarzyska IMPREZOWA
Rebel	Gra planszowa WSI??? DO POCI?GU Europa REBEL familijna idealna na prezent
Rebel	GRA PLANSZOWA SPLENDOR REBEL Marc Andre
Rebel	Gra planszowa Rebel Wsi??? do Poci?gu: Europa 15. rocznica
Rebel	Gra planszowa Kroniki zamku Avel Rebel
Rebel	Eksploduj?ce Kotki (nowa edycja)
Rebel	DIXIT RODZINNA GRA PLANSZOWA REBEL
Rebel	"Azul (edycja polska) logiczna gra planszowa + ksi??ka, 2-4 osoby, wiek 8+"
Rebel	7 Cud w ?wiata: Pojedynek
Red Bull	LEGO 77243 Speed Champions Bolid F1 Oracle Red Bull Racing RB20
Roborock	"Roborock S8 MaxV Ultra 0,27 l Czarny"
Roborock	Odkurzacz pionowy Roborock F25 Combo czarny
Roborock	Odkurzacz pionowy Roborock F25 ACE COMBO czarny
Rode	RODE NT1 Signature - Mikrofon pojemno?ciowy
Samsung	TELEWIZOR SAMSUNG QE55S90D 4K UHD TIZEN TV 120 HZ OLED HDR+ DVB-T2 55S90D
Samsung	SREBRNE S?uchawki Bezprzewodowe Dokana?owe Samsung Galaxy Buds3 Pro
Samsung	Smartfon Samsung Galaxy Z Fold7 12 GB / 256 GB 5G srebrny
Samsung	Samsung Galaxy Z Fold7 5G 12/256GB Black
Samsung	Samsung Galaxy Tab S9 WiFi + 5G 256GB X716 Szary
Samsung	Samsung Galaxy S25 PLUS 256GB BLUE OUTLET
Samsung	SAMSUNG 990 EVO PLUS 4TB SSD NVME M.2 PCIE 4.0 ULTRA SZYBKI
Samsung	Odkurzacz pionowy Samsung Jet 85 VS20C852FTB/WA
Samsung	nowy Samsung Galaxy S22 256GB zielony + FOLIA + ?adow25w oryg
Samsung	Monitor Samsung LC34G55TWWPXEN
Samsung	Galaxy Tab S10 FE 8GB/128GB WIFI SM-X520NZAREUE szary
Samsung	Dysk zewn?trzny SSD Samsung Portable SSD T7 2TB
Samsung	Dysk SSD Samsung 990 PRO 2TB PCle 4.0 NVMe M.2 MZ-V9P2T0BW
Samsung	Dysk SSD Samsung 990 Pro 1 TB M.2 PCIe
Samsung	Dysk SSD Samsung 990 EVO Plus M.2 PCIe 4.0 x4/5.0 x2 NVMe 2.0 2TB 7250 MB/s
Samsung	Dysk SSD Samsung 990 EVO Plus 1TB SSD 1TB M.2 PCIe
Samsung	Dysk SSD Samsung 870 EVO 500 GB SATA III 2.5? MZ-77E500B/EU
Samsung	"Dysk SSD Samsung 870 EVO 4TB 2,5"" SATA III"
Samsung	"Dysk SSD Samsung 870 EVO 1TB 2,5"" SATA III"
Samsung	Dysk Samsung SSD T7 Portable 2TB MU-PC2T0T/WW szary
Samsung	Dysk SAMSUNG Portable T7 2TB SSD
Samsung	50-calowy telewizor QLED Samsung QE50QN80F 4K UHD Tizen czarny
Sapphire	Zegarek Smartwatch GARMIN FENIX 8 PRO 51mm AMOLED SAPPHIRE Titanium
Sapphire	Sapphire PURE Radeon RX 9070 XT AMD 16 GB GDDR6
Sapphire	Karta Grafiki SAPPHIRE AMD RADEON RX 9070 XT Nitro+ 16GB
Sapphire	Karta graficzna SAPPHIRE RX 9070 XT Pulse 16 GB
Scheppach	Pi?a uko?nica Scheppach HM254 SOFT START 254 mm kap wka 2026 + st ? roboczy
Sheba	SHEBA rybne smaki mokra karma dla kot w w sosie saszetki 40x85 g
Siemens	Ekspres ci?nieniowy do kawy automatyczny Siemens EQ.6 plus s500 TE655203RW
Silvercrest	Robot kuchenny SilverCrest Monsieur Cuisine Smart 1200 W czarny
Sonicare	Szczoteczka soniczna Philips Sonicare HX3792/12 Akumulatorowa R ?owa
Sonicare	Szczoteczka Soniczna Philips Sonicare dla Dzieci
Sonicare	Szczoteczka soniczna PHILIPS Sonicare 9900
Sonicare	SZCZOTECZKA SONICZNA PHILIPS SONICARE 5300 PROTECTIVE CLEAN DO Z?B W CZARNA
Sonicare	Szczoteczka elektryczna Philips Sonicare DiamondClean czarna 2 ko?c wki
Sonicare	PHILIPS Sonicare Szczoteczka Soniczna do Z?b w HX3671/14 - Czarna
Sonicare	Philips Sonicare Seria 4100 szczoteczka soniczna r ?owa HX3689/41
Sonicare	Philips Sonicare Seria 4100 szczoteczka soniczna granatowa HX3689/42
Sonicare	Philips Sonicare Prestige 9900 szczoteczka soniczna z?ota A3 HX9992/11
Sonicare	Philips Sonicare 3100 szczoteczka soniczna C1 ProResults czarna HX3671/14
Sonicare	Philips Sonicare 3100 szczoteczka soniczna C1 ProResults czarna HX3671/14
Sonicare	Oryginalne ko?c wki Philips Sonicare HX9092/88 Mi?kkie w? kna (2 szt.)
Sonicare	Ko?c wki do szczoteczki Philips Sonicare W2 Optimal White HX6064/87 4 szt.
Sonicare	Ko?c wki do szczoteczki Philips Sonicare W2 Optimal Black HX6064/88 4 szt
Sonicare	Ko?c wki do szczoteczki bia?e Philips Sonicare C1 ProResults HX6014/07 4szt
Sonicare	Ko?c wki do Philips Sonicare A3 Zaawansowana piel?gnacja 6 szt HX9096/87
Sonicare	Ko?c wka szczoteczki PHILIPS Sonicare W2 HX6068/87 ?rednio mi?kkie 8 szt
Sonicare	Irygator PHILIPS Sonicare Power Flosser 3000 HX3826/33 Bezprzewodowy Czarny
Sonicare	IRYGATOR PHILIPS SONICARE POWER FLOSSER 3000 HX3826/31
Sonicare	Irygator doustny Philips Sonicare Cordless Power Flosser 3000 HX3826/33
Sonicare	"4 x Philips Sonicare W2 Optimal BLACK HX6064/88, orygina?, na prezent"
Sony	TAMRON 28-75mm F/2.8 Di III VXD G2 Sony E Gwarancja 5 lat
Sony	SONY ZV-E10 II + 16-50MM F/3.5-5.6 OSS II
Sony	SONY WH-1000XM5SA S?uchawki bezprzewodowe wok ?uszne ANC (mi?kkie etui)
Sony	SONY A7C II BODY CZARNE
Sony	Sony A6400 + Sony E 16-50 f/3.5-5.6 OSS II czarny
Sony	Obiektyw Sony E FE 24-105mm f/4 G OSS
Sony	Obiektyw SONY E 70-350mm F4.5-6.3 G OSS SEL70350G
Sony	Kontroler SONY DualSense Czerwony
Sony	Konsola Sony PlayStation 5 Digital + 2 kontrolery DualSense
Sony	APARAT SONY Alpha A7 III + SEL 28-70mm ILCE7M3KB.CEC
Sony	Aparat fotograficzny Sony ZV-E10 korpus + obiektyw 16-50mm f/3.5 - 5.6
Sony	Aparat fotograficzny Sony Alpha A7 III korpus czarny
Sony	Aparat fotograficzny Sony A7 IV body ILCE7M4B
Sony	Aparat fotograficzny Sony A6700 body ILCE6700B
Sony Interactive Entertainment	EA Sports FC 26 PS4 Pe?na Polska Wersja PL
Sony Interactive Entertainment	ASTRO BOT / PS5 / POLSKIE NAPISY / GRA NA P?YCIE W PUDE?KU
Soundcore	Soundcore A3952011 s?uchawki douszne 10Hz - 40000Hz
Spotify	KLOCKI CADA FC BARCELONA CAMP NOU SPOTIFY STADION 728 EL. BARCA LA LIGA
Steam	Nowy Steam Deck 256gb gwarancja
Synology	Synology Serwer plik w NAS DS925+ DDR4 ECC 4GB RAM AMD RYZEN 2.5GbE LAN
Taste Of The Wild	"TASTE OF THE WILD Pacific Stream Canine 12,2kg"
Tefal	Zestaw patelni TEFAL Ingenio Cook Eat (3 elementy)
Tefal	Zestaw garnk w ze stali nierdzewnej TEFAL Duetto+ 7el G719S734 na indukcje
Tefal	Szybkowar Tefal Secure Trendy Pressure 6L indukcja P2580701
Tefal	Szybkowar TEFAL Secure Trendy Pressure 4L INDUKCJA P2580402
Tefal	Parownica do ubra? Tefal Ixeo Power QT2020
Tefal	Opiekacz Toster do kanapek tost w Tefal UltraCompa SM1552 sandwich
Tefal	Opiekacz Tefal Snack Collection SW852D12 700W
Tefal	"Frytkownica Bezt?uszczowa TEFAL EY8558E0 Frytownica AIR FRYER 7,5l Du?a XL"
Vichy	VICHY Traitement Anti-Transpirant 48H dezodorant w kulce 2x50ml
Vichy	VICHY STRESS RESIST roll-on 72h antyperspirant w kulce potliwo?? 50 ml
Vichy	VICHY HOMME ANTYPERSPIRANT ROLL ON KULKA 72h
Vichy	Vichy Dercos szampon zwalczaj?cy ?upie? do w?os w t?ustych 200 ml
Vichy	Vichy Dercos Szampon Dermatologiczny Przeciw?upie?owy Do W?os w 390 ml
Vichy	VICHY DERCOS KERATOLICZNY SZAMPON DO SK RY Z ?USZCZENIEM I SW?DZENIEM
Vichy	VICHY DERCOS K Szampon przeciw?upie?owy 250ml + GRATIS TORBA
Vichy	Vichy Dercos Energy+ Szampon wzmacniaj?cy stymulacja porostu w?os w 400 ml
Vichy	Vichy Deo Anti-Transpirant Intensywne pocenie 50ml
Vichy	Vichy Clinical Control 96h Antyperspirant dla m??czyzn w kulce 50ml
Vichy	Vichy Antyperspirant 48H Zapobiega pozostawaniu ? ?tych i bia?ych plam.
Vichy	Vichy Antybakteryjny Dezodorant W Kulce Dla Kobiet Do Sk ry Wra?liwej
Vichy	Szampon Vichy 390 ml Przeciw?upie?owy Do W?os w Suchych
Vichy	Szampon przeciw?upie?owy Vichy Dercos DS do w?os w suchych Refill 390ml
Vichy	Szampon przeciw?upie?owy Vichy Dercos do w?os w normalnych i t?ustych 390ml
Vitammy	SZCZOTECZKA SONICZNA ELEKTRYCZNA DO Z?B W VITAMMY SYMPHONY WHITE
Vizir	"Vizir Kapsu?ki do prania kolorowych tkanin, 60 pra?"
Vizir	"Vizir Color Skoncentrowany proszek do prania kolor, 70 pra?"
WD	Dysk zewn?trzny WD Elements Portable 2TB USB 3.2 Gen. 1 Czarny
WD	Dysk zewn?trzny WD Elements Portable 2TB USB 3.2 Gen. 1 Czarny
WD	"Dysk SSD WD Red 2TB WDS200T2R0A SATA 2,5''"
WD	Dysk serwerowy WD Purple 8TB 3.5'' SATA III (6 Gb/s) (WD85PURZ)
WD	Dysk przeno?ny WD Elements Portable 2TB czarny
Whiskas	WHISKAS Doros?y z kurczakiem 7 kg
Whiskas	WHISKAS ADULT TU?CZYK SUCHA KARMA DLA KOTA 7KG
Work Sharp	Work Sharp Ostrza?ka Precision Adjust Diamentowa Stabilizator do No?y
Work Sharp	Work Sharp Ostrza?ka Precision Adjust Diamentowa Stabilizator do No?y
Xbox	EA Sports FC 26 I XOne I XSX I Xbox Series X I Polski dubbing
Xbox	Battlefield 6 Gra Xbox Series X
Xiaomi	Zegarek Xiaomi Redmi Watch 5 Lite Light Gold GPS AMOLED 5 ATM
Xiaomi	Zegarek Smartwatch Xiaomi Redmi Watch 5 Lite GPS AMOLED 5 ATM czarny
Xiaomi	Xiaomi Smart Dehumidifier Lite Osuszacz powietrza
Xiaomi	"Xiaomi Robot Vacuum X20 Pro Inteligentny odkurzacz 5200mAh, 7000Pa"
Xiaomi	Xiaomi Redmi Watch 5 Active czarny
Xiaomi	"Xiaomi Outdoor CW500 Dual Kamera IP wewn?trzna, zewn?trzna"
Xiaomi	Telewizor Xiaomi A Pro 2026 QLED 50'' 4K Ultra HD Google TV
Xiaomi	Telewizor Xiaomi A Pro 2026 QLED 43'' 4K Ultra HD Google TV
Xiaomi	Smartwatch Smartband Opaska Xiaomi Smart Band 10 Mystic Rose R ?owy
Xiaomi	"Smartfon Xiaomi Redmi Note 14 8GB/256GB, Fioletowy"
Xiaomi	Smartband XIAOMI Mi Band 10 Midnight Black Zegarek sportowy Opaska sportowa
Xiaomi	Robot sprz?taj?cy Xiaomi X20 Max Vacuum Czarny
Xiaomi	Robot sprz?taj?cy XIAOMI Vacuum 5 Pro
Xiaomi	Robot sprz?taj?cy Xiaomi Mi Robot Vacuum E5 Funkcja mopowania Czarny
Xiaomi	Robot sprz?taj?cy Xiaomi Mi Robot Vacuum E5 Funkcja mopowania Bia?y
Xiaomi	ROBOT SPRZ?TAJ?CY ODKURZACZ XIAOMI S20+ INTELIGETNY FUNKCJA MOPOWANIA BIA?Y
Xiaomi	ROBOT SPRZ?TAJ?CY ODKURZACZ XIAOMI S20 INTELIGETNY FUNKCJA MOPOWANIA BIA?Y
Xiaomi	Pompka rowerowa XIAOMI Portable Electric Air Compressor 2
Xiaomi	ORYGINALNA Super SZYBKA ?adowarka Xiaomi 90W HyperCharge + kabel USB-C
Xiaomi	Odtwarzacz multimedialny 4K XIAOMI Mi TV Stick 2nd Gen Czarny
Xiaomi	Odkurzacz pionowy Xiaomi Vacuum Cleaner G20 Max
Xiaomi	Odkurzacz pionowy Xiaomi G20 Lite 215W bia?y
Xiaomi	Oczyszczacz powietrza Xiaomi Smart Air Purifier 4 Lite do 43m2 WIFI Bia?y
Xiaomi	Oczyszczacz Powietrza Xiaomi Air Purifier 4 Compact do 48 m  WI-FI HEPA
Xiaomi	Monitor Gamingowy 34'' Xiaomi G34WQi (ELA5454EU) 3440 x 1440 UWQHD 180 Hz
Xiaomi	INTELIGENTNY ROBOT SPRZ?TAJ?CY XIAOMI MI ROBOT VACUUM X20+ MOPOWANIE
Xiaomi	"Hulajnoga elektryczna Xiaomi Electric Scooter 5 350W 60km 10"" Czarny"
Xiaomi	FRYTKOWNICA Xiaomi Smart Air Fryer 6.5L 1800W 220st WiFi STEROWANIE G?OSOWE
Xiaomi	Air Fryer Xiaomi Dual 10L frytkownica bezt?uszczowa dwukomorowa
Xiaomi Tv	Telewizor XIAOMI Xiaomi TV S Mini 55 EU Mini LED 144 Hz 4K UHD GoogleTV
Xiaomi Tv	Odtwarzacz multimedialny 4K XIAOMI TV Box S 3-Gen Czarny
Yamaha	Yamaha PSS-F30 Mini-Keyboard dla dziecka Syntezator Organki
Yamaha	Yamaha PSS E30 Keyboard dla dzieci Organki Mini-klawisze
Yamaha	Yamaha PSR-SX600 stacja robocza keyboard aran?er - RATY 0%
Yamaha	YAMAHA PSR-F52 KEYBOARD DLA DZIECI I POCZ?TKUJ?CYCH AUTORYZOWANY SPRZED.
Yamaha	Yamaha PSR-F52 keyboard 61 klawiszy
Yamaha	Yamaha PSR-E383 Keyboard Aran?er Klawisze dla pocz?tkuj?cych Organy
Yamaha	YAMAHA P-225 BK - PIANINO CYFROWE
Yamaha	Yamaha P-145BT Pianino cyfrowe Przeno?ne z Bluetooth
Yamaha	Keyboard Yamaha PSR-E383
Yamaha	Keyboard Yamaha PSR-E283 + Statyw + Zasilacz + Pulpit + Akordy
Yamaha	KEYBOARD YAMAHA EZ-310 61 KLAWISZY POD?WIETLANE KLAWISZE DLA POCZ?TKUJ?CYCH
Yves Saint Laurent	Yves Saint Laurent MYSLF 100ml EDP woda perfumowana dla m??czyzn
Yves Saint Laurent	Yves Saint Laurent LIBRE Le Parfum 50ml
Yves Saint Laurent	Yves Saint Laurent Libre Le Parfum 50 ml orygina?
Yves Saint Laurent	Yves Saint Laurent Libre Intense Pour Femme 50ml woda perfumowana EDP
Yves Saint Laurent	Yves Saint Laurent Black Opium 50 ml EDP woda perfumowana damska
Yves Saint Laurent	Yves Saint Laurent Black Opium 50 ml EDP woda perfumowana damska
Apple	Telefon Apple iPhone 17 8/256GB 5G Go??bi
Apple	Telefon Apple iPhone 16 8/128GB 5G Turkusowy
Apple	Telefon Apple iPhone 16 8/128GB 5G Bia?y
Apple	Telefon Apple iPhone 15 6/128GB 5G R ?owy
Apple	Tablet Apple iPad Pro M5 2025 8 gen 13'' 12/256GB WIFI 120Hz Gwiezdna czer?
Apple	"Tablet Apple iPad (11th Gen) 11"" 6 GB / 256 GB srebrny"
Apple	Smartwatch LTE Apple Watch Ultra 3 Czarny Tytan/Czarna Bransoleta M 5G
Apple	Smartwatch Apple Watch Ultra 3 GPS + Cellular 49mm czarny
Apple	Smartwatch Apple Watch Ultra 2 GPS + Cellular Czarna Trail 49mm S/M
Apple	Smartwatch Apple Watch 11 42mm ?agodny R ? Pasek R ?owe Z?oto Koperta - S/M
Apple	"Smartfon APPLE iPhone 17 Pro Max 5G 2TB 6.9"" 120Hz Srebrny"
Apple	"Smartfon APPLE iPhone 17 Pro Max 5G 2TB 6.9"" 120Hz Kosmiczny pomara?cz"
Apple	"Smartfon APPLE iPhone 17 Pro Max 5G 1TB 6.9"" 120Hz G??binowy b??kit"
Apple	"Smartfon APPLE iPhone 17 Pro Max 5G 1TB 6.9"" 120Hz G??binowy b??kit"
Apple	"Smartfon APPLE iPhone 17 Pro Max 5G 1TB 6.9"" 120Hz G??binowy b??kit"
Apple	Smartfon Apple iPhone 17 Pro Max 512GB Kosmiczny pomara?czowy
Apple	Smartfon Apple iPhone 17 Pro Max 512GB G??binowy b??kit Niebieski
Apple	Smartfon Apple iPhone 17 Pro Max 256GB Kosmiczny pomara?cz
Apple	Smartfon Apple iPhone 17 Pro Max 12 GB / 256 GB 5G pomara?czowy
Apple	Smartfon APPLE iPhone 17 Pro 5G 256 GB Srebrny MG8G4HX/A
Apple	Smartfon APPLE iPhone 17 Pro 5G 256 GB G??binowy b??kit MG8J4HX/A
Apple	Smartfon Apple iPhone 17 Pro 512GB Srebrny
Apple	Smartfon Apple iPhone 17 Pro 512GB G??binowy b??kit
Apple	Smartfon Apple iPhone 17 Pro 256GB Cosmic Orange
Apple	Smartfon Apple iPhone 17 Pro 1TB G??binowy b??kit Niebieski
Apple	Smartfon Apple iPhone 17 Pro 1TB G??binowy b??kit
Apple	Smartfon Apple iPhone 17 8 GB / 256 GB 5G eSIM BATERIA 100% czarny
Apple	Smartfon Apple iPhone 16e 128GB Bia?y
Apple	Smartfon Apple iPhone 16 Pro Max 256GB Black Titanium (MYWV3)
Apple	Smartfon Apple iPhone 16 128GB White (MYE93)
Apple	Smartfon Apple iPhone 16 128 GB bia?y MYE93HX/A
Apple	Smartfon Apple iPhone 15 Pro Max 8 GB / 512 GB 5G szary
Apple	Smartfon Apple iPhone 15 Pro 8 GB / 128 GB 5G OUTLET
Apple	Smartfon Apple iPhone 15 128 GB R ?owy - IDEALNY
Apple	Smartfon Apple iPhone 14 Pro Max 128 GB Srebrny - 100% Kondycja baterii
Apple	S?uchawki dokana?owe APPLE AirPods Pro 3 ANC Bia?y
Apple	S?uchawki Apple AirPods Pro 2 gen. MagSafe USB-C BT MTJV3ZM/A Dokana?owe
Apple	S?uchawki APPLE AirPods 4 MXP63ZM/A
Apple	S?UCHAWKI APPLE AIRPODS 4 DOUSZNE BLUETOOTH MXP63ZM/A BEZPRZEWODOWE BEZ ANC
Apple	Rysik do tablet w Apple Pencil Pro
Apple	Rysik do tablet w Apple Pencil Pro
Apple	RYSIK DO EKRAN W APPLE PENCIL BIA?Y
Apple	Rysik Apple Apple Pencil (USB-C)
Apple	ORYGINALNA ?ADOWARKA SIECIOWA APPLE 20W PD USB C MUVV3ZM/A iPHONE 16 15 14
Apple	ORYGINALNA ?ADOWARKA SIECIOWA APPLE 20W PD USB C MUVV3ZM/A iPHONE 16 15 14
Apple	ORYGINALNA ?ADOWARKA SIECIOWA APPLE 20W PD USB C MUVV3ZM/A iPHONE 16 15 14
Apple	MacBook Pro16 M4 Pro(16+40) 48GB/1TB - Srebrny
Apple	MacBook Pro16 M4 Pro(14+20) 24GB/512GB - Czarny
Apple	MacBook Pro 14 M5 24GB/1TB - Czarny
Apple	"MacBook Air 2025 15,3 "" Apple M4 16 GB / 512 GB z?oty Apple"
Apple	MacBook Air 15'' M4 10/10/16GB/256GB - Starlight APPLE
Apple	Lokalizator Apple AirTag
Apple	Laptop MacBook Air 15 M4 16/256 P ?noc
Apple	Laptop MacBook Air 13 M4(10+8) 16/256/US B?ekitny
Apple	"Laptop Apple MacBook Pro 14 M4 14,2"" Apple M 16 GB / 512 GB czarny"
Apple	Laptop Apple MacBook Air M4 16GB 512GB PCI-E Mac OS P ?noc 10R GPU
Apple	"Laptop Apple MacBook Air 2025 13,6 "" Apple M4 16 GB / 256 GB z?oty"
Apple	"Laptop Apple MacBook Air 13 MW123ZE/A M4 13,6"" 16GB 256SSD Int MacOS P ?noc"
Apple	Komputer All-in-One APPLE iMac 24 Retina 4.5K M4 10C/16GB/512GB SSD/10C GPU
Apple	iPhone Air 256GB Sky Blue
Apple	iPhone 17 Pro Max 12 GB / 256 GB 5G srebrny Apple
Apple	iPhone 17 Pro Max 12 GB / 256 GB 5G niebieski Apple
Apple	iPhone 17 Pro 1 TB Refined Silver
Apple	IPHONE 16 128GB CZARNY NOWY ZAPLOMBOWANY
Apple	"iPad 11"" 128GB WiFi R ?owy 2025"
Apple	"iPad 11"" 128GB WiFi Niebieski 2025"
Apple	Apple Watch Ultra 3 GPS+Cell 49mm Czarny
Apple	Apple Watch Series 11 GPS 42mm Jet Black Aluminium Case - S/M
Apple	"Apple Smartfon iPhone 16e, 256GB, Bia?y (MD1W4SX/A)"
Apple	"Apple MacBook Air 15"" M4 10core CPU 10core GPU 16GB 256GB SSD 2025 B??kitny"
Apple	APPLE MacBook Air 13'' M4 10/8/16GB/256GB - Sky Blue
Apple	APPLE MacBook Air 13'' M4 10/10/24GB/512GB - Sky Blue
Apple	"Apple Macbook Air - M4 (10/8) 13,6"" 16GB 256GB Mac OS P ?noc 70W"
Apple	Apple Mac mini M4 Pro 24GB/512GB Srebrny
Apple	Apple Mac Mini M4 10c CPU / 10c GPU
Apple	"APPLE iPhone 17 Pro Max 5G 512GB 6.9"" 120Hz Srebrny"
Apple	Apple iPhone 17 Pro Max 1TB Srebrny
Apple	Apple iPhone 17 Pro Max 1TB Kosmiczny Pomara?cz
Apple	Apple iPhone 17 Pro 512GB G??binowy b??kit - Deep Blue
Apple	Apple iPhone 17 Pro 256GB Srebrny
Apple	"APPLE iPhone 17 5G 256GB 6.3"" 120Hz Bia?y"
Apple	Apple iPhone 17 256GB 5G Lawendowy 0 CYKLI DOST?PNY OD R?KI
Apple	Apple iPhone 16e 128GB White (MD1R4SX/A)
Apple	Apple iPhone 16 128GB czarny
Apple	Apple iPhone 15 128GB Czarny Black
Apple	Apple iPhone 15 128GB Czarny Black
Apple	Apple iPhone 15 128GB Czarny
Apple	"Apple iPad Pro 11"" M5 256GB Wi-Fi ze szk?em"
Apple	"Apple iPad Pro 11 (M5), 256GB, WiFi"
Apple	Apple iPad Air 11 M3 256GB Wi-Fi Fioletowy
Apple	Apple iPad Air 11 M3 128GB Wi-Fi Fioletowy
Apple	"Apple iPad Air 11 , M3 (2025) , 256GB , WiFi"
Apple	"Apple iPad 11"" Wi-Fi 256GB (11.gen) srebrny 2025"
Apple	Apple AirTag (1 szt.) Tracker
Apple	Apple AirTag (1 szt.) Tracker
Apple	"15-inch MacBook Air Apple M4 chip with 10-core CPU and 10-core GPU, 16GB,"
Apple	14-inch MacBook Pro Apple M5 chip witch 10-core and 10core GPU 16GB 512SSD
Apple	## APPLE IPHONE 15 PRO 128GB BLUE NIEBIESKI FIZYCZNA SIM UNIKAT ###
Bosch	WYKRYWACZ WALLSCANNER D-TECT 200 C 2Ah BOSCH 0601081601
Bosch	WKR?TAK AKUMULATOROWY GO 3 KIT BOSCH + OSPRZ?T + WALIZKA
Bosch	SZLIFIERKA PROSTA 650W GGS 28 CE BOSCH
Bosch	"Szlifierka k?towa REG. OBROT W 18V BOSCH GWS 18V-11S 0XAH , 06019N4000"
Bosch	SZLIFIERKA K?TOWA Lekka MOCNA 125mm k?t wka BOSCH GWS 9-125S 900W regulacja
Bosch	SZLIFIERKA K?TOWA GWS 12-125 S BOSCH PROFESSIONAL
Bosch	Szlifierka k?towa BOSCH GWS 9-125 S 900W 125mm
Bosch	SZLIFIERKA K?TOWA AKUMULATOROWA 125MM GWS 18V-8 0*AH 06019N9000 BOSCH
Bosch	SZLIFIERKA K?TOWA 1700W 125mm GWS 17-125 S BOSCH regulacja obrot w
Bosch	Pi?a uko?nica z posuwem 305mm 1800W BOSCH GCM 340-305D
Bosch	ODKURZACZ PRZEMYS?OWY GAS 12-25 PL 1250W BOSCH 060197C100
Bosch	Odkurzacz przemys?owy Bosch GAS 35 M AFC 1380 W
Bosch	Odkurzacz na sucho i mokro GNIAZDKO BOSCH GAS 12-40 MA 06019M0120 1200W 40l
Bosch	Odkurzacz do li?ci + Dmuchawa Universal GardenTidy 2300 Bosch
Bosch	Odkurzacz akumulatorowy pionowy Bosch Unlimited 7 BBS711W czarny
Bosch	"M?OTOWIERTARKA UDAROWA 3,2J SDS PLUS 880W BOSCH GBH 2-28 F"
Bosch	M?ot udarowo-obrotowy BOSCH GSH 11 E
Bosch	"M?OT GBH 5-40 DCE BOSCH uchwyt SDS-MAX, klasa 5kg"
Bosch	?adowarka do akumulator w
Bosch	KOLUMNA WIERTARKA STO?OWA PBD 40 0603B07000 BOSCH
Bosch	"Ekspres do zabudowy Bosch CTL7181B0 Serie 8   automatyczny, czarny"
Bosch	Detektor BOSCH GMS 120-27
Bosch	BOSCH WYCIERACZKI AEROTWIN 600/475MM AM462S 600/475
Bosch	BOSCH PROSTOWNIK/LADOWARKA [AKU.BOSCH](http://AKU.BOSCH) C70 12/24
Bosch	Bosch Professional GWS 9-125 S Szlifierka k?towa 900W 0601396102
Bosch	Bosch Professional GLM 150-27 C Dalmierz laserowy do 150 metr w 0601072Z00
Bosch	Bosch Professional GLL 3-80 Laser krzy?owy czerwony 30m 0601063S00
Bosch	Bosch MOCNA PI?A STO?OWA KRAJZEGA PRZECINARKA DO DREWNA GTS 254 1800W
Bosch	BOSCH M?OT UDAROWO-OBROTOWY GBH 8-45 DV SDS-MAX
Bosch	"Bosch ?adowarka C40-Li 5A 6/12V do akumulator w litowo-jonowych,"
Bosch	Bosch GTR 550 szlifierka do g?adzi ?yrafa 225mm 550W sufit ?ciany gips
Bosch	Bosch GLL 3-80 CG laser krzy?owy liniowy 360 zielony 2x akumulator 2.0Ah
Bosch	BOSCH D-TECT 120 CYFROWY WYKRYWACZ METALI I PRZEWOD W +TORBA
Bosch	BOSCH AEROTWIN WYCIERACZKI SKODA SUPERB III FABIA IV AUDI A3 8V 3397007863
Bosch	Bosch Adult jagni?cina 15kg ALERGIK W BEZGLUTENOWA
Bosch	"BOSCH 100 TARCZ KORUNDOWYCH do ci?cia metalu stali 125/1,0mm + POJEMNIK"
Bosch	"AKUMULATOR 18V 5,0Ah GBA BOSCH"
Felix	"Karma Dla Kota Mokra Felix Fantastic Mix Smak w W Galaretce 10,2 Kg 120x85g"
Felix	KARMA DLA KOTA MOKRA FELIX FANTASTIC MIX SMAK W 120 x 85 G SASZETKI
Felix	Felix Countryside Selection Karma dla kot w w galaretce 120 x 85g
Felix	Felix 120x85g Kaczka wo?owina jagni?cina kurczak mi?sny w galarecie DE
Fiskars	FISKARS ZESTAW KOMPLET 5 NO?Y N ? SZEFA CZARNY BLOK DREWNO OSTRE STAL
Gillette	WK?ADY DO MASZYNKI GILLETTE MACH 3 MACH3 - NO?E OSTRZA DO MASZYNKI MACH3 x8
Gillette	"Gillette Mach3 Wk?ady do maszynki do golenia dla m??czyzn, 24 ostrza"
Gillette	Gillette Mach3 wk?ady do maszynki 8 szt.
Gillette	"Gillette Fusion5 Power Maszynka do golenia dla m??czyzn, 10 wk?ad w"
Gillette	Gillette Fusion5 Fusion wymienne ostrza do maszynki do golenia 4szt.
Gillette	4szt WK?ADY OSTRZA NO?YKI WYMIENNE DO MASZYNKI FUSION 5
Gillette	4szt WK?ADY OSTRZA NO?YKI WYMIENNE DO MASZYNKI FUSION 5
Gillette	4szt WK?ADY OSTRZA NO?YKI WYMIENNE DO MASZYNKI FUSION 5
Gillette	12x wk?ady do Gillette Fusion5 ostrza wymienne do maszynki 12 szt
Hammer	ODPORNY SMARTFON HAMMER CONSTRUCTION 2 THERMAL 5G TERMOWIZJA 8/258GB 120Hz
Intex	Materac dwuosobowy do spania ? ?ko turystyczne Intex 64179 z pompk?
Intex	MATERAC DMUCHANY WELUROWY Z WBUDOWAN? POMPK? 230V DWUOSOBOWY INTEX 64159
Intex	MATERAC DMUCHANY WELUROWY Z POMPK? 230V ? ?KO INTEX 64136
Intex	Materac Dmuchany Jednoosobowy ? ?ko INTEX z Pompk? 230V Welurowy ?ATKI 9szt
Intex	Materac Dmuchany Jednoosobowy ? ?ko do Spania z Pompk? 230V Intex 64412ND
Intex	Materac dmuchany du?y welurowy203x152x46 cm z wbudowan? pompk? INTEX 64414
Jura	FILTR WK?AD DO WODY DO EKSPRESU JURA CLARIS SMART+ 1 SZT.
Jura	Filtr Jura Claris Smart+ 3szt do ekspresu ORYGINA?
Makita	Zakr?tarka udarowa Makita DTD152Z 18V LXT 165Nm
Makita	Wkr?tarka 18V LXT 62Nm 2x3Ah MAKITA MAKPAC DDF482RFJ
Makita	R?czna pilarka tarczowa 2200W 355 mm Makita 5143R
Makita	"PI?A PRZECINARKA DO P?YTEK NA SUCHO 1400W 125mm MAKITA 4100KB Z SZYNA 1,5 m"
Makita	OGRODOWA DMUCHAWA AKUMULATOROWA DO LI?CI 3BIEGI LXT 18V DUB185Z MAKITA
Makita	"M?OTOWIERTARKA M?OT WIERTARKA MAKITA HR2470 SDSPlus 2,7J - 3 LATA GWARANCJI"
Makita	M?otowiertarka Makita HR2470 SDS Plus 780 W
Makita	M?otowiertarka Makita HR2470 SDS Plus 780 W
Makita	M?otowiertarka Makita HR2470 SDS Plus 780 W
Makita	M?ot udarowo-obrotowy Makita HR4013C M?otowiertarka SDS-MAX
Makita	"MAKITA ZESTAW ZASILAJ?CY 18V 4x5,0Ah PODW JNA ?ADOWARKA DC18RD +MAKPAC uniw"
Makita	"MAKITA ZESTAW ZASILAJ?CY 18V 4x5,0Ah PODW JNA ?ADOWARKA DC18RD +MAKPAC uniw"
Makita	MAKITA WALIZKA SYSTEMOWA MAKPAC TYP 3 821551-8 BYD
Makita	MAKITA PL Lamelownica akumulatorowa frezarka do po??cze? 18V LXT DPJ180Z
Makita	MAKITA LS0816F MOCNA PI?A UKO?NICA 1200W 216MM 5000obr/min LED
Makita	MAKITA LS0816F MOCNA PI?A UKO?NICA 1200W 216MM 5000obr/min LED
Makita	"Makita KOMPRESOR samochodowy akumulatorowy LXT 18V KO?C WKI 8,3 bar DMP180Z"
Makita	"Makita KOMPRESOR samochodowy akumulatorowy LXT 18V KO?C WKI 8,3 bar DMP180Z"
Makita	MAKITA HM0871C M?OT KUJ?CY LEKKI 8.1J SDS MAX 1100W W WALIZCE
Makita	MAKITA HM0871C M?OT KUJ?CY LEKKI 8.1J SDS MAX 1100W W WALIZCE
Makita	Makita DUB186Z dmuchawa akumulatorowa 18V LXT 245 km/h BODY Dodatkowa Rura
Makita	MAKITA DTM52Z AKUMULATOROWE NARZ?DZIE WIELOFUNKCYJNE 18V BODY
Makita	MAKITA DML814 AKUM. LAMPA STREFOWA TELESKOPOWA 18V
Makita	MAKITA DHS680Z PI?A AKU PILARKA TARCZOWA 18V 165mm Bezszczotkowa -Makita PL
Makita	MAKITA DHR241Z AKUMULATOROWA M?OTOWIERTARKA SDS+ 18V Z KUCIEM
Makita	Makita DGA504Z szlifierka k?towa diaks fleks 18V 125mm BODY
Makita	MAKITA DDF485Z AKU. WIERTARKO-WKR?TARKA 18V 2-BIEGI BEZSZCZOTKOWA bez udaru
Makita	MAKITA DDF485Z AKU. WIERTARKO-WKR?TARKA 18V 2-BIEGI BEZSZCZOTKOWA bez udaru
Makita	MAKITA AKUM. M?OTOWIERTARKA Z OPCJ? KUCIA DHR243Z
Makita	MAKITA AF506 GWO?DZIARKA PNEUMATYCZNA 15-50 mm
Makita	Klucz Udarowy Zakr?tarka MAKITA DTD173Z - NOWY MODEL - 180Nm
Makita	Klucz udarowy Makita DTW300Z 18 V
Makita	"Dmuchawa akumulatorowe Makita DUB363ZV 3,8 kg BODY!!!"
Ninja	"Frytkownica Bezt?uszczowa Ninja AF180EU Air Fryer 6,2 L 2000 W Czarny"
Ninja	"Frytkownica bezt?uszczowa AirFryer Ninja SL400EU 2470W 9,5l Termoobieg"
Panasonic	Panasonic ER-GN30 Trymer do nosa na mokro/sucho
Panasonic	PANASONIC ENELOOP PRO akumulatorki AAA 930mAh 4szt
Panasonic	Panasonic DC-TZ99E-K Aparat Lumix Kompaktowy Podr ?ny z 30-krotnym zoomem
Sodastream	Saturator do wody gazowanej Sodastream ART + Nab j z gazem CO2 + Butelka 1L
Sodastream	2x Oryginalne BUTELKI DO SATURATORA SodaStream Fuse 1L DWUPAK
Sodastream	2x BUTLE BUTELKI DO SATURATORA SodaStream Classic 1L DWUPAK
Spin Master	Zwierz?tko interaktywne Spin Master Bitzee 6069066
Spin Master	PSI PATROL Fire Rescue Remiza stra?acka
Spin Master	PSI PATROL Fire Rescue Remiza stra?acka
Spin Master	PERPLEXUS EPIC LABIRYNT KULKOWY 3D KULA GRA ZR?CZNO?CIOWA SPIRALA
Spin Master	PERPLEXUS BEAST KULA 3D LABIRYNT GRA LOGICZNA
Spin Master	PERPLEXUS BEAST KULA 3D LABIRYNT GRA LOGICZNA
Spin Master	HEX BOTS GEKON RC WALL CRAWLER robot-jaszczur interaktywny pe?za po ?cianie
Spin Master	"GRA ZR?CZNO?CIOWA PERPLEXUS Rebel, labirynt w 3d w kuli dla dzieci +8 lat"
Spin Master	Domek Spin Master Gabby Mew-mazing Dollhouse Koci Domek Gabi 6074334
Spin Master	DINO INTERAKTYWNY T-REX WYL?GAJ?CY SI? Z JAJKA JURASSIC WORLD PRIMAL HATCH
Stanley	Kompresor bezolejowy
Stiga	Dmuchawa spalinowa do li?ci ?niegu STIGA BL530 V 2W1 z odkurzaczem 800W 55l
Amazfit	Smartwatch AMAZFIT T-Rex 3 Pro Czarny
Amazfit	"Smartwatch Amazfit T-Rex 3 1,5"" AMOLED GPS NFC pulsoksymetr kompas szary"
Amazfit	Smartwatch Amazfit Balance 2 czarny GPS AMOLED sportowy
Amazfit	Smartwatch Amazfit Balance 2 czarny GPS AMOLED sportowy
Amazfit	Smartwatch Amazfit Active 2 PREMIUM Sport NFC czarny
Cobi	MOOSE TOYS LITTLE LIVE PETS MAMA SURPRISE CHOMIKI
Gigabyte	P?yta g? wna Gigabyte B650 EAGLE
Goodram	GOODRAM KARTA PAMI?CI 128GB MICRO SDXC CLASS 10 +A
Kruger&Matz	"RAMKA CYFROWA 10"" NA ZDJ?CIA FOTORAMKA WIFI SD 32GB WYSOKA JAKO??"
Kruger&Matz	"Cyfrowa ramka Kruger&Matz na zdj?cia FRAMEO Wi-Fi 10,1"" wysoka jako?? panel"
Kruger&Matz	"CYFROWA RAMKA KRUGER&MATZ NA ZDJ?CIA FRAMEO WI-FI 10,1"" PANEL WYSOKA JAKO??"
Pny	Karta graficzna PNY GeForce RTX 5080 16GB ARGB OC 3-FAN
Pny	Karta graficzna PNY GeForce RTX 5080 16GB ARGB OC 3-FAN
Purina One	"PURINA ONE SterilCat, wo?owina 9,75kg"
Sandisk	SanDisk Extreme PRO microSDXC 512GB 200/140MB/s A2 C10 V30 UHS-I U3
Sandisk	Karta pami?ci z adapterem SanDisk microSDXC 512GB Extreme Pro 200 MB/s
Sandisk	Karta pami?ci z adapterem SanDisk microSDXC 512GB Extreme Pro 200 MB/s
Sandisk	Karta pami?ci z adapterem SanDisk microSDXC 512GB Extreme Pro 200 MB/s
Sandisk	Karta pami?ci z adapterem SanDisk microSDXC 512GB Extreme Pro 200 MB/s
Sandisk	Karta pami?ci SanDisk Ultra microSDXC A1 512GB
Sandisk	Karta pami?ci SANDISK Extreme PRO microSDXC 512GB
Sandisk	Karta pami?ci microSD SanDisk 128GB MICRO SDXC High Endurance 100 MB/s
Sandisk	DYSK ZEWN?TRZNY SSD SANDISK Portable 2TB USB 3.2
Sandisk	DYSK SSD PRZENO?NY SanDisk Extreme Portable 1TB 1050MB/s
Thule	Baga?nik rowerowy platforma na hak 2 rower Thule EuroWay G2 920 921
Thule	BAGA?NIK ROWEROWY NA 2 ROWERY THULE EPOS 2 SK?ADANY 978100
TM Toys	Gra towarzyska RUMMIKUB LMD4602
TM Toys	GRA RUMMIKUB
Tropidog	TROPIDOG Salmon Rice 12kg Medium Maxi adult z ?ososiem
Zamel	Sterownik ROLET Zamel Supla SRW-01 dopuszkowy WiFi
Zamel	Sterownik GSM modu?owy dwukana?owy GRM-10 inteligentny dom Exta free Zamel
Zipro	Rower Stacjonarny Magnetyczny Rowerek Treningowy do ?wicze? - One S Zipro
Alesis	ALESIS NITRO MAX KIT PERKUSJA ELEKTRONICZNA STO?EK S?UCHAWKI ZESTAW
Alpha Spirit	Alpha Spirit Karma WILD FISH 45x200g 9kg P ?mi?kka Bezzbo?owa karma dla psa
AMD	Procesor AMD Ryzen 9 9950X3D BOX X3D
AMD	Procesor AMD Ryzen 7 9800X3D 8C+16T AM5 BOX 100-100001084WOF
AMD	Procesor AMD Ryzen 7 9800X3D 8C+16T AM5 BOX 100-100001084WOF
AMD	"Procesor AMD Ryzen 7 5800X 3,8 GHz AM4 Zen3 BOX"
AMD	Procesor AMD Ryzen 5 7600X 100-100000593WOF AM5 5nm 32MB 105W
AOC	Monitor Gamingowy 27 AOC Q27G3XMN/BK 2560 x 1440 (WQHD) 180 Hz HDMI DP
Aquael	Aquael Ultramax BT   filtr zewn?trzny z Bluetooth akwarium do 750 l
Aquael	Aquael Ultramax BT   filtr zewn?trzny z Bluetooth akwarium do 750 l
Aquael	Aquael Ultramax 1000 zewn?trzny filtr kube?kowy do akwarium 100 - 300 l
Aquael	AQUAEL ULTRAMAX 1000 FILTR DO AKWARIUM 300L
Arquivet	Karma dla psa Arquivet Fresh Iberian Pork ryba wieprzowina 10kg
Arquivet	ARQUIVET FRESH P ?wilgotna karma dla psa KACZKA I RYBA OCEANICZNA 10kg
Audio-Technica	Gramofon AUDIO-TECHNICA AT-LP120X Czarny
Baby Born	BABY born Interaktywna lalka EMILY Walk with me 43 cm bobas Nauka Chodzenia
Bio-Oil	BIO-OIL SPECJALISTYCZNY OLEJEK DO PIEL?GNACJI SK RY BLIZNY ROZST?PY 200ML
Bio-Oil	BIO-OIL Specjalistyczny olejek do piel?gnacji sk ry 200 ml
Bose	Bose Smart Dolby Atmos Soundbar Bluetooth sterowanie g?osowe czarny
Breville	Gofrownica BREVILLE DuraCeramic VST072X
Bruder	W z stra?acki woda d?wi?k STRA? MAN BRUDER
Bruder	Bruder MAN w z stra?acki z drabin? i modu?em ?wietlno-d?wi?kowym 02771
Bruder	Bruder MAN w z stra?acki z drabin? i modu?em ?wietlno-d?wi?kowym 02771
Bruder	BRUDER Kombajn zbo?owy Class 780 Lexion 02119
Bruder	Bruder Kombajn zbo?owy Claas Lexion 780 Terra Trac
Bruder	Bruder Ci??ar wka Scania Super 560R + Figurka Krowy 03548
Bruder	Bruder 02771 Man TGA w z stra?acki z drabin? 1:16 ?wiat?o d?wi?k
Cardo	INTERKOM MOTOCYKLOWY CARDO PACKTALK PRO
Cardo	INTERKOM MOTOCYKLOWY CARDO Packtalk EDGE Single JBL
Cardo	Intercom CARDO PACKTALK EDGE SINGLE Interkom Zestaw na 1 Kask
Cardo	Intercom CARDO PACKTALK EDGE SINGLE Interkom Zestaw na 1 Kask
Cardo	Intercom CARDO PACKTALK EDGE SINGLE Interkom Zestaw na 1 Kask
Caso Design	"CASO DESIGN HW770 dyspenser do gor?cej wody 2,7L 2600W, filtr"
Cats Best	"JRS Cats Best ?wirek Drewniany Zbrylaj?cy 5l/2,1kg"
Cosori	"COSORI Turbo Tower Pro Smart Wi-Fi 10,8 l Double Stack Airfryer ceramiczny"
Cosori	"COSORI Turbo Tower Pro Smart Wi-Fi 10,8 l Double Stack Airfryer ceramiczny"
Denon	DENON AVR-X2800H 7.2 + 150W NA KANA? + Atmos + 8K + STREAMING + HDMI GRATIS
Denon	DENON AVC-X3800H 9.4 + 180W NA KANA? + Atmos + 8K + STREAMING + 2 STREFY
Denon	DENON AVC-X3800H 9.4 + 180W NA KANA? + Atmos + 8K + STREAMING + 2 STREFY
Dickie Toys	DU?Y D?WIG ?URAW BUDOWLANY ZDALNIE STEROWANY 120 CM OBROTOWE RAMI? D?WI?K
Dickie Toys	DU?Y D?WIG ?URAW BUDOWLANY ZDALNIE STEROWANY 120 CM OBROTOWE RAMI? D?WI?K
Duracell	Bateria do aparat w s?uchowych Duracell 312 (opakowanie 60szt.)
Duracell	Alkaliczne baterie Duracell AAA LR3 24szt.
Ecovacs	Robot sprz?taj?cy ECOVACS Deebot X11 OmniCyclone Czarny
Ecovacs	Robot do mycia okien myjka do okien Ecovacs WINBOT W2S OMNI ze stacj? bia?y
Ecovacs	Robot do mycia okien Ecovacs Winbot W2 Pro Omni
Eneloop	Akumulatorki Baterie ENELOOP PRO R03/AAA 930mAh 4szt Ekologiczne Opakowanie
Eneloop	4x ENELOOP PRO AA AKUMULATORKI JAPAN R6 ORYGINA?
Essential Parfums	ESSENTIAL PARFUMS BOIS IMPERIAL 100ML EDP
Exide	AKUMULATOR SAMOCHODOWY EXIDE START-STOP AGM 70AH 760A EK700 EK720
Fellowes	"NISZCZARKA DOKUMENT W FELLOWES 99Ci, ?cinki 4x38 mm, P-4, 4691001"
Fellowes	"NISZCZARKA DOKUMENT W FELLOWES 99Ci, ?cinki 4x38 mm, P-4, 4691001"
Fellowes	Niszczarka automatyczna z podajnikiem papieru wydajna Fellowes AUTOMAX 100M
Focusrite	Focusrite Scarlett Solo 4th Gen Interfejs Audio + Oprogramowanie 24H
Focusrite	Focusrite Scarlett 2i2 4th Gen   interfejs audio USB
FoodSaver	"Zgrzewarka pr ?niowa do ?ywno?ci Pakowarka FoodSaver + Worki, Folia ZESTAW"
Funko	#NAME?
Fushi	"Fushi, olej rycynowy - organiczny, nierafinowany, t?oczony na zimno, 250ml"
Gardena	Zbieracz do li?ci i trawy GARDENA 3565-20
Gourmet Perle	MOKRA KARMA DLA KOTA GOURMET PERLE MIX FILECIK W W SOSIE - 60X85G
Gourmet Perle	Karma mokra dla kota PURINA GOURMET PERLE mini fileciki mix smak w 60x85g
Grohe	Zestaw prysznicowy podtynkowy GROHE Termostatyczny Oszcz?dny Czarny Mat
Grohe	Vitalio Comfort 250 Zestaw prysznicowy do monta?u ?ciennego GROHE 266962431
Grohe	Bateria prysznicowa termostatyczna GROHE SmartControl Podtynkowa 29124000
GTV	Szuflada GTV AXIS PRO 500D1 Bardzo Wysoka L500 H199 Bia?a Cichy Domyk Wysuw
GTV	Szuflada GTV Axis Pro 500 wysoka H 199 bia?a super wysoka cichy domyk wysuw
Hendi	MASZYNKA DO PIEROG W PIEROGARKA R?CZNA HENDI 230107
Hikoki	"M?otowiertarka 1100W SDS MAX 10,5j Hikoki DH40MC"
Hikoki	M?ot udarowy SDS Max sieciowe Hikoki 1100 W 230 V DH40MC
HORI	Kierownica HORI Racing Wheel Apex do PC/PS4/PS5
Instax	INSTAX MINI EVO BROWN EX D
Jimmy	Odkurzacz pionowy Mopuj?cy Jimmy PW11 Pro Max 21Kpa Podw jna szczotka
K rastase	K rastase Nutritive 8H Magic Night Serum Na Noc Do W?os w Suchych 90 ml
Knipex	Szczypce nastawne do rur Cobra klucz do nakr?tek Knipex 87 01 300 mm 300mm
Knipex	Szczypce do rur nowej generacji Knipex Cobra 300 mm 8701300
Knipex	KNIPEX 00 20 09 V02 ZESTAW SZCZYPIEC nastawnych do RUR Cobra 300/250/180
La Roche Posay	LA ROCHE POSAY TOLERIANE ROSALIAC AR CONCENTRATE 40 ml.
La Roche Posay	LA ROCHE POSAY EFFACLAR + M ?el do mycia twarzy 400 ml
Lanc me	Lanc me La Vie Est Belle 75 ml woda perfumowana
Ledlenser	Pozwr-ocie Ledlenser H7R Core latarka czo?owa 1000 lm
Ledlenser	Nowa Oryginalna Latarka czo?owa Czo? wka Ledlenser H8R 600 lm
Ledlenser	Ledlenser H8R latarka czo?owa LED 600 lm fokus z tylnym ?wiat?em USB 500853
Ledlenser	Ledlenser H8R latarka czo?owa LED 600 lm fokus z tylnym ?wiat?em USB 500853
Ledlenser	Ledlenser H8R latarka czo?owa LED 600 lm fokus z tylnym ?wiat?em USB 500853
Lexar	Lexar Dysk SSD NM620 1TB NVMe M.2 2280 3300/3000MB/s
Lexar	Lexar Dysk SSD NM620 1TB NVMe M.2 2280 3300/3000MB/s
Lexar	Lexar Dysk SSD NM620 1TB NVMe M.2 2280 3300/3000MB/s
Lezyne	Mini pompka Lezyne POCKET DRIVE do 11bar 14cm rowerowa r?czna FLEX pocket
Lezyne	Mini pompka Lezyne POCKET DRIVE do 11bar 14cm rowerowa r?czna FLEX pocket
Lionelo	Podgrzewacz do butelek LIONELO Thermup Double
Lionelo	Fotelik samochodowy Podstawka siedzisko ISOFIX Lionelo Luuk i-Size 125-150
Lionelo	Bujaczek le?aczek elektryczny obr t 360 panel sterowania 0-9kg Lionelo Iris
Loreal	Podk?ad do twarzy Loreal True Match 4N BEIGE
Loreal	LOREAL VOLUME MILLION LASHES SO COUTURE Tusz do rz?s - BLACK 9.5ml
Loreal	LOREAL TRUE MATCH Fluid Do Twarzy 3N Neutral Undertone/Beige Creme 30ml
Loreal	Loreal Absolut Repair szampon regeneruj?cy 1500ml
L'Or al	L'Or al True Match Piel?gnuj?cy Podk?ad do Twarzy w P?ynie 2.N Neutral 30ml
Marvis	WYBIELAJ?CA PASTA DO Z?B W MARVIS Z FLUOREM WHITENING MINT 85ML
Marvis	WYBIELAJ?CA PASTA DO Z?B W MARVIS Z FLUOREM WHITENING MINT 85ML
Maxi Cosi	Maxi Cosi Emerald 360 S Obrotowy Fotelik Samochodowy 40-150cm
Maxi Cosi	MAXI COSI EMERALD 360 S fotelik obrotowy dzieci?cy 0-36 kg Isofix
Maybelline	"Maybelline Lash Sensational Sky High Cosmic Black 7,2 ml tusz do rz?s"
Maybelline	MAYBELLINE LASH SENSATIONAL SKY HIGH / 01 VERY BLACK
Melissa & Doug	Zabawki dla dzieci Drewniana lodziarnia Sklepik z lodami Kramik MelissaDoug
Mil-Tec	Mil-Tec - Plecak Ratunkowy Ucieczkowy Przeciwpowodziowy - Czarny - 36l
Mil-Tec	MIL-TEC
Minecraft	Prezent Gra MINECRAFT Nintendo Switch PL
Minecraft	MINECRAFT CREEPER   CYFROWY BUDZIK PALADONE Z LAMPK? LED I D?WI?KIEM
Minecraft	LEGO Minecraft 21278 Kryj wka rozb jnik w i dewastator w
Minecraft	LEGO Minecraft 21270 Dom Grzybowej Krowy
Minelab	Wykrywacz metali Minelab Manticore + 2 Cewki - 15'' M oraz 9'' M GRATIS
Minelab	"Wykrywacz metali Minelab EQUINOX 900 (3 Cewki, S?uchawki)"
Mirka	MIRKA DEROS II 650 Szlifierka Oscylacyjna Indukcyjna 150mm / 5mm MID6504044
Monopoly	Gra planszowa Winning Moves Monopoly World Football Stars
Monopoly	Gra Monopoly Classic Refresh Polska Wersja Hasbro G0009
Moschino	MOSCHINO I Love Love Woda Toaletowa dla Kobiet Perfumy Damskie EDT 100ml
Nike	TORBA SPORTOWA TRENINGOWA KIESZE? NA BUTY NIKE ACADEMY 60L CU8090 bk
Nike	PLECAK NIKE ELEMENTAL SZKOLNY SPORTOWY TRENINGOWY DD0559-010
Oclean	Szczoteczka soniczna Oclean X Pro Digital z?ota
Oclean	OCLEAN X PRO Digital szczoteczka soniczna w kolorze fioletowym
Olivia Garden	Szczotka do w?os w Olivia Garden FingerBrush lavenda
Olivia Garden	Olivia Garden Finger Brush Medium Szczotka Pastel Pink W?osie Dzika
Olivia Garden	Olivia Garden Finger Brush Medium Hot Pink szczotka do rozczesywania w?os w
Osprey	"Buk?ak Osprey HYDRAULICS LT 10005147 niebieski 2,0L"
Physiogel	Physiogel krem nawil?aj?cy do twarzy 100 ml
Planika	Parasol grzewczy Ogrzewacz ogrodowy Planika Faro 8kW z Pokrowcem + GRATIS
Planika	Ogrzewacz gazowy kominek tarasowy PLANIKA FARO czarny POKROWIEC KAMYKI
Planika	Ogrzewacz gazowy kominek tarasowy PLANIKA FARO czarny POKROWIEC KAMYKI
Planika	Ogrzewacz gazowy kominek tarasowy PLANIKA FARO czarny POKROWIEC KAMYKI
Pocketbook	Czytnik PocketBook Verse Pro Color 634 (PB634K3-1-WW)
Pocketbook	Czytnik PocketBook Verse Pro + etui (r ?ne kolory) + 2200 ebook w
Pocketbook	Czytnik Ebook Tablet PocketBook Era 700 16GB 7 Cali E-Ink IPX8 G?o?nik TTS
Polly Pocket	Polly Pocket Wakacyjny Kurort Walizka 4 lalki POJAZD 24 AKCESORIA DODATKI
Polly Pocket	LALKA POLLY POCKET WAKACYJNY KURORT zestaw zabawy WALIZKA 4 lalki akcesoria
Proxxon	"Proxxon 29 815 akumulatorowa szlifierka k?towa LHW/A 10,8 V walizka, tarcze"
Proxxon	"Proxxon 28 547 Szlifierka k?towa LHW z d?ug? szyjk?, walizka + 3 tarcze"
Proxxon	Frezarka Proxxon LWB/E PR28492 Wiertarko frezarka 100W z regulacj? walizka
Quest	PASEK ODCI??AJ?CY Z BATERI? BOBOVR S3 PRO DO GOGLI VR META QUEST 3 10000MAH
Quest	META QUEST 3S 128GB GOGLE OKULARY VR 120 Hz + 2 PADY
Ravensburger	RAVENSBURGER THINKFUN ZINGO! NOWA EDYCJA POLSKA GRA LOGICZNA BINGO 4+
Ravensburger	Ravensburger GraviTrax Junior Zestaw Startowy Dino XXL
Ravensburger	RAVENSBURGER Gra Labyrinth Minecraft
Ravensburger	GRAVITRAX ZESTAW STARTOWY TOR KULKOWY 124 ELEMENTY RAVENSBURGER 224104
Ravensburger	Gra planszowa RAVENSBURGER Lotti Karotti 20903
Regina	REGINA PAPIER TOALETOWY RUMIANEK 16 rolek
Remington	SUSZARKA DO W?OS W REMINGTON AC9140 ProLuxe 2400W
Remington	REMINGTON Prostownica do w?os w z czujnikiem temperatury i Keratin Ceramic
Remington	Falownica REMINGTON CI91AW Proluxe
Revlon	Revlon Colorstay Podk?ad Kryj?cy Do Twarzy Cera T?usta Mieszana Kolory Mix
Rockstar Games	GRAND THEFT AUTO V FIVE GTA 5 - Polska wersja - PS5 - P?YTA - NOWA
Rockstar Games	GRAND THEFT AUTO V FIVE GTA 5 - Polska wersja - PS5 - P?YTA - NOWA
Rockstar Games	GRAND THEFT AUTO V FIVE GTA 5 - Polska wersja - PS5 - P?YTA - NOWA
Scrabble	SCRABBLE ORIGINAL Gra S?owna Scrable Skrable PL
Segafredo	Segafredo Intermezzo 1kg kawa ziarnista
Segafredo	Kawa ziarnista mieszana Zanetti Segafredo 1kg
Segafredo	Kawa ziarnista mieszana Segafredo Intermezzo 1000 g
Semilac	Semilac Lampa Uv Led 24/48W diamond collection
Shure	Shure SM7B mikrofon do wokalu wokalny dynamiczny dla lektora podcastu radia
Speedo	CZEPEK P?YWACKI SPEEDO 40 16 EU LONG HAIR SILIKONOWY CZARNY OKAZJA
Steelseries	S?uchawki SteelSeries Arctis Nova 5P - Black
Teesa	"Mop obrotowy dwukomorowy Teesa New Clean R13 5,7L"
Thrustmaster	Kierownica z peda?ami Thrustmaster T300RS GT Edition
Tommy Hilfiger	ZEGAREK TOMMY HILFIGER 1710448 BAKER ORYGINALNY + PUDE?KO
Tommy Hilfiger	Tommy Hilfiger 1710448 zegarek m?ski Niebieski pasek czarna tarcza 44mm + pude?ko
Tommy Hilfiger	Tommy Hilfiger 1710448 zegarek m?ski Niebieski pasek czarna tarcza 44mm + pude?ko
Tork	"Tork, celuloza, bia?y, 21 x 100 szt., H2, 100297, Xpress"
TP-Link	TP-LINK Archer AX23 AX3000 WiFi 6 AX1800
TP-Link	Router TP-LINK Archer AX55
TP-Link	Router TP-LINK Archer AX23 AX1800 802.11ax 2.4/5 Ghz DualBand
TP-Link	Kamera zewn?trzna TP-LINK Tapo C500
TP-Link	Kamera zewn?trzna TP-LINK Tapo C500
TP-Link	Kamera zewn?trzna TP-LINK Tapo C500
Trefl	Spy Guy - gra szpiegowska Trefl
Trefl	GRA RODZINNA KAPIBARY HERBACIARY 02737 TREFL
Trefl	Beczka ?miechu - gra planszowa Trefl
Ubiquiti	Access Point Ubiquiti U7-LITE U7 LITE 802.11be (Wi-Fi 7)
Ubiquiti	Access Point Ubiquiti U7 Pro 802.11be (Wi-Fi 7)
Ubiquiti	Access Point Ubiquiti U7 Pro 802.11be (Wi-Fi 7)
Unicorn Academy	AKADEMIA JEDNORO?C W ZESTAW JEDNORO?EC WILDSTAR + AKCESORIA UNICORN ACADEMY
Unicorn Academy	AKADEMIA JEDNORO?C W ZESTAW JEDNORO?EC WILDSTAR + AKCESORIA UNICORN ACADEMY
Varta	40x VARTA INDUSTRIAL BATERIA AAA LR03
Varta	40x VARTA INDUSTRIAL BATERIA AAA LR03
Varta	40x VARTA INDUSTRIAL BATERIA AAA LR03
Varta	40x ORYGINALNE BATERIE ALKALICZNE VARTA INDUSTRIAL LR6 R6 AA wa?no?? 10 lat
Varta	"40 x BATERIA VARTA INDUSTRIAL AAA LR03 R3 1,5V"
Varta	"40 x BATERIA VARTA INDUSTRIAL AAA LR03 R3 1,5V"
Victorinox	"Victorinox 1.3713.3, scyzoryk Huntsman, 91 mm, 15 funkcji, czarny"
Wahoo	Wahoo Kickr Core 2 Trena?er Interaktywny + Kaseta 11-biegowa Zestaw Zwift
Wahoo	Trena?er elektryczny Wahoo Fitness KICKR CORE v2 (ZWIFT Cog & Click)
Western Digital	Dysk zewn?trzny HDD Western Digital Elements Portable 2TB
Western Digital	"Dysk twardy Western Digital WD Purple WD85PURZ 8TB SATA III 3,5"""
Western Digital	"Dysk SSD Western Digital Red SSD 4TB SATA 2,5 WDS400T2R0A"
ZURU	ZURU XSHOT INSANITY KARABIN RAGE FIRE 72 STRZA?KI
Osram	?AR WKA LED OSRAM HL EASY GEN2 6500K H7/H18 64210DWESY2-2HB
Osram	OSRAM ?ar wki H7 12V 55W PX26d NIGHT BREAKER LASER +150% wi?cej ?wiat?a
Osram	Osram H7 Cool Blue Intense ?ar wki Samochodowe Ch?odne ?wiat?o 5000K +100%
Puccini	Plecak Puccini PM90171 granatowy baga? podr?czny do Wizzair 40x25x20 cm
Adler Europe	Opiekacz do orzeszk w ciastek Forma 24szt XXL Moc 1600W Pow?oka Non-Stick
Adler Europe	Opiekacz do orzeszk w ciastek Forma 24szt XXL Moc 1600W Pow?oka Non-Stick
Allwaves	ALLWAVES LACCA SPRAY LAKIER DO W?OS W MOCNO UTRWALAJ?CY Z WITAMINAMI 750 ML
Amazon	Przystawka Smart TV Amazon Fire TV Stick 4K MAX Chromecast ULTRA HD HDR10+
Bitzee	Bitzee Interaktywne zwierz?tko Jurassic World
Bitzee	BITZEE INTERAKTYWNE CYFROWE ZWIERZ?TKO WIRTUALNY HOLOGRAM HARRY POTTER
Bitzee	BITZEE DISNEY INTERAKTYWNE ZWIERZ?TKO CYFROWE 30W1
Carolina Herrera	Carolina Herrera Good Girl edp 80mlwoda perfumowana dla kobiet
Carolina Herrera	Carolina Herrera Good Girl Blush 50ml EDP Woda Perfumowana dla kobiet
Carolina Herrera	Carolina Herrera Good Girl 80 ml woda perfumowana dla kobiet
Carolina Herrera	Carolina Herrera Good Girl 50ml woda perfumowana kobieta EDP
Comfee	KUCHENKA MIKROFALOWA Comfee CMO-MP012OC-BK
Elbrus	NATIONAL GEOGRAPHIC KALENDARZ ADWENTOWY
Electronic Arts Inc.	EA Sports F1 25 I Formu?a I PS5 I PL
Fisher Price	FISHER PRICE SZCZENIACZEK UCZNIACZEK zabawka interaktywna dla maluszka JFD
Fisher Price	FISHER PRICE MUZYCZNY PINGWINEK KIWACZEK pluszowa zabawka dla niemowl?t
Fisher Price	FISHER PRICE MUZYCZNA PODUSZKA do zabawy LENIWIEC
Fisher Price	FISHER PRICE MUZYCZNA PODUSZKA do zabawy LENIWIEC
Kambukka	Kubek termiczny KAMBUKKA Olympus Latte
Kindle	"Czytnik Ebook AMAZON Kindle Paperwhite 16GB, 7"" 2024 Black B0CFPJYX7P"
Kindle	Amazon Kindle Paperwhite 12 gen. 2024 16GB (z reklamami) czarny
Kindle	Amazon Kindle Paperwhite 12 gen. 2024 16GB (z reklamami) czarny
Moby System	? ?eczko Dzieci?ce Niemowl?ce Dostawne 3w1 Wolnostoj?ce K ?ka + Materac
Niimbot	Drukarka termiczna etykiet termicznych samoprzylepnych B1 Niimbot Bluetooth
Niimbot	Drukarka termiczna etykiet termicznych samoprzylepnych B1 Niimbot Bluetooth
Niimbot	Drukarka termiczna etykiet termicznych samoprzylepnych B1 Niimbot Bluetooth
Serenelife	BIE?NIA ELEKTRYCZNA DOMOWA SK?ADANA SERENELIFE DO 120KG
Serenelife	BIE?NIA DOMOWA ELEKTRYCZNA SKLADANA DO CHODZENIA WALKING PAD SERENELIFE
Sesderma	Sesderma C-VIT serum liposomowe do twarzy 30 ml
Sesderma	Sesderma C-Vit Krem nawil?aj?cy do twarzy 50 ml
Simplicol	SIMPLICOL INTENSIV SAMT-SCHWARZ BARWNIK DO TKANIN AKSAMITNA CZER? Z NIEMIEC
Simplicol	SIMPLICOL FARBA DO UBRA? TKANIN BARWNIK INTENSYWNY CZARNY DO PRALKI 560G DE
Simplicol	SIMPLICOL Barwnik do Ubra? Tkanin AKSAMITNA CZER?
Smartmax	My First Safari Animals. SmartMax
Physis of Crete	GRECKA OLIWA Z OLIWEK EXTRA VIRGIN PHYSIS OF CRETE ?WIE?A 5L 5000ml 0.2
Fnirsi	Zgrzewarka punktowa Fnirsi SWM-10
Fnirsi	Zgrzewarka punktowa do ogniw akumulatorowa przeno?na FNIRSI SWM-10 naklejka
Lego	LEGO Creator 3 w 1 31144 Egzotyczna r ?owa papuga PREZENT ?WI?TA DLA DZIECI
Tikkurila	Tikkurila White Anti-Reflex [2] 10L
Lyapko	ORYGINALNY WA?EK AKUPUNKTUROWY APLIKATOR WIELOIG?OWY LYAPKO DO TWARZY 3.5
Dior	Dior Sauvage 100 ml perfumy
Bedee	Przeno?na konsola do gier R36S z 21 000 grami i ekranem HD MIPI
Technic	N ? TERMICZNY CI?CIA STYROPIANU 250W WYCINARKA BONIARKA ??OBIARKA 3xOSTRZE
Air Essence	"Stoj?cy Odkurzacz Myj?cy, Bezprzewodowy 7w1, Air Essence Typhoon Drive Jet"
ASUS	Karta graficzna Asus ROG Astral LC Geforce RTX 5090 32GB GDDR7 OC Edition
Thealoz	Thealoz Duo krople do oczu 10 ml
Acana	"Acana Regionals Pacifica Dog Ryby 11,4 kg"
Acana	"ACANA Red Meat Dog 14,5kg"
Forever Living	Suplement Forever Living Aloe Vera Mango ?el Mi??sz aloesowy syrop 1L
Brita	Filtr do wody AquaFloow do dzbanka filtruj?cego Brita Dafi zamiennik 10 szt
Delonghi	6x wk?ad filtruj?cy do ekspresu Delonghi Dinamica filtr do wody Agua Next
Electrolux	WORKI do odkurzacza ELECTROLUX Easy Go S-BAG 12x
Electrolux	WORKI do odkurzacza ELECTROLUX Easy Go S-BAG 12x
Electrolux	WORKI do odkurzacza ELECTROLUX Easy Go S-BAG 12x
Electrolux	WORKI do odkurzacza ELECTROLUX Easy Go S-BAG 12x
Siemens	Tabletki odkamieniaj?ce SIEMENS TZ80002 2w1
Siemens	TABLETKI DO CZYSZCZENIA EKSPRESU TZ80001B SIEMENS 10szt
Siemens	Tabletki czyszcz?ce ekspres SIEMENS 20 szt TZ80001B do czyszczenia ekspresu
Dafi	12 SZTUK PAKIET DAFI CLASSIC WK?AD FILTRY DO WODY
Sodastream	3x SYROP KONCENTRAT SODASTREAM 7UP MIRINDA PEPSI SATURATOR SOK DO WODY GAZ
De Dietrich	PIEC KOCIO? GAZOWY 1-FUNKCYJNY KONDENSACYJNY INIDENS 24 kW DE DIETRICH
De Dietrich	Kocio? piec gazowy De Dietrich Inidens 20/24 MI 2F
Fairy	Kapsu?ki do zmywarki Fairy Platinum All In One Cytryna GIGA PACK 81 szt.
Fairy	Kapsu?ki do zmywarki Fairy Platinum All In One Cytryna 81 szt. GIGA PACK
Fairy	Kapsu?ki do zmywarki FAIRY Platinum All in One
Fairy	Fairy tabl. Platinum a96 Lemon
Fairy	FAIRY PLATINUM All in One Kapsu?ki do zmywarki LEMON 96 szt
Fairy	Fairy Platinum All In One Kapsu?ki do zmywarki Cytryna 81 szt.
Fairy	Fairy Platinum All In One Kapsu?ki do zmywarki Cytryna 81 szt.
Fairy	Fairy Platinum All In One Kapsu?ki do zmywarki Cytryna 81 szt.
Fairy	FAIRY LEMON P?YN DO MYCIA NACZY? CYTRYNA 5L
Finish	"P?yn do czyszczenia zmywarki Finish 0,25 l"
Finish	Finish s l 4kg
Finish	FINISH QUANTUM ALL IN ONE kapsu?ki do zmywarki LEMON CYTRYNOWE 120 kaps
Finish	"FINISH Powerball Quantum Allin1 Kapsu?ki do zmywarki Lemon, 120szt."
Finish	FINISH P?YN NAB?YSZCZACZ DO ZMYWARKI LEMON RINSE 800 ML
Foxy	R?cznik papierowy Foxy Mega 2 szt.
Foxy	FOXY Mega D?ugie R?czniki Kuchenne 2 rolki
Ariel	"Ariel All-in-1 PODS, kapsu?ki do prania, 100 pra?"
Bia?y Jele?	BIA?Y JELE? Myd?o w p?ynie KOZIE MLEKO 5L
Bia?y Jele?	Bia?y Jele? Hipoalergiczny myd?o w p?ynie 5L
Bryza	Bryza Kapsu?ki do Prania Koloru Spring Freshness Kolorowe Tkaniny 50 Sztuk
Lancome	Lancome La Vie Est Belle woda perfumowana dla kobiet 100 ml
Lancome	LANCOME LA VIE EST BELLE 100ML WODA PERFUMOWANA DLA KOBIET EDP DAMSKA
Dolce Gusto	Nescafe Dolce Gusto Flat White kawa 16 kapsu?ek
Alpa	Alpa Francovka Le?na 1000ml LESANA 1L
Matrix	MATRIX ZESTAW INSTACURE BUILD-A-BOND Szampon 1L + Od?ywka 1L
Ravensburger	Zestaw startowy GRAVITRAX Race - 180 elem. - RAVENSBURGER 22439 - outlet
Dyson	Odkurzacz pionowy Casdon Dyson dla dzieci z d?wi?kiem
Peltor	Aktywne ochronniki s?uchu 3M PELTOR SportTAC zielony + wymienna nak?adka
Toshiba	"Dysk zewn?trzny Toshiba Canvio Basics 4TB 2,5"" USB 3.2 Gen 1 Black"
Hankook	1x HANKOOK 205/55R16 91H Winter i*cept RS3 W462 zimowe 2025 r
Pirelli	1x 225/55R18 Pirelli Cinturato All Season SF3
Uknown	BLENDER R?CZNY MIKSER WIELOFUNKCYJNY TURBO 1500W OSTRZA TYTANOWE 7W1 ZESTAW
Uknown	BLENDER R?CZNY MIKSER WIELOFUNKCYJNY TURBO 1500W OSTRZA TYTANOWE 7W1 ZESTAW
Euro Craft	WIERTNICA GLEBOWA ?wider spalinowy 3 WIERT?A przed?u?ka amortyzator ZESTAW
Abrams	WIERTARKO WKR?TARKA AKUMULATOROWA UDAROWA BEZSZCZOTKOWA 2XAKU 21V MOCNA
Abrams	WIERTARKO WKR?TARKA AKUMULATOROWA UDAROWA 2X AKU 21V WALIZKA WYDAJNA
Abrams	"SOLIDNY BLENDER KIELICHOWY SZKLANY 1,5L MIKSER DO SMOOTHIE TYTANOWE OSTRZA"
Abrams	MYJKA CI?NIENIOWA AKUMULATOROWA 60BAR 2 X AKU 4AH 21V MULTI DYSZA ZESTAW
Abrams	"BLENDER KIELICHOWY SZKLANY 1,5L MIKSER DO SMOOTHIE KOKTAJLI OSTRZA TYTANOWE"
Motorola	Smartfon Motorola Razr 60 Ultra 16 GB / 512 GB 5G czerwony
Motorola	Smartfon Motorola Edge 60 Pro 12/512GB 5G Dual SIM NFC Kobaltowa Niebieska
Motorola	MOTOROLA EDGE 60 PRO 12/512 GB 5G ZIELONY PANTONE SHADOW
Oneplus	Smartfon OnePlus 13R 12 GB / 256 GB 5G czarny
Oneplus	Smartfon OnePlus 13 16 GB / 512 GB 5G bia?y NOWY
Oneplus	"ONEPLUS WATCH 3 1,5"" LTPO AMOLED SNAPDRAGON W5 GPS WEAR OS"
Oneplus	"ONEPLUS WATCH 3 1,5"" LTPO AMOLED SNAPDRAGON W5 GPS WEAR OS"
Poco	"POCO X7 PRO 5G 6,67"" 12/256GB AMOLED ANDROID15 NFC 120Hz BT5.4 NFC IP68"
Samsung	Smartfon Samsung Galaxy S25+ 5G 12GB / 256GB Navy Blue
Samsung	Smartfon Samsung Galaxy S25 Ultra 12 GB / 512 GB 5G srebrny
Samsung	Smartfon Samsung Galaxy S25 Ultra 12 GB / 1 TB 5G Jetblack
Samsung	Smartfon Samsung Galaxy S25 12 GB / 128 GB 5G zielony
Samsung	Smartfon Samsung Galaxy S25 12 GB / 128 GB 5G niebieski
Samsung	Smartfon Samsung Galaxy S25 (S931) 5G 12/256GB DS Navy
Samsung	Smartfon Samsung Galaxy S24 Enterprise Edition 5G 8/128GB Czarny
Samsung	Smartfon Samsung Galaxy S24 8 GB / 128 GB 5G czarny
Samsung	Smartfon SAMSUNG Galaxy S24 5G 8/128GB Czarny (Onyx Black) SM-S921BZKDEUE
Samsung	SMARTFON SAMSUNG GALAXY S24 256 GB 5G
Samsung	Samsung Galaxy S25 ULTRA 512GB BLACK OUTLET
Samsung	Samsung Galaxy S25 PLUS 512GB ICE BLUE OUTLET
Samsung	## SMARTPHONE SAMSUNG GALAXY S24 Ultra 12/256GB # GRAY # SZARY # ! ##
Xiaomi	Xiaomi Redmi Note 14 Pro 12GB/512GB Czarny
Xiaomi	"Xiaomi Redmi Note 14 Pro 12GB/512GB 6.67"" Dual SIM 4G USB typu C NFC"
Makita	MAKITA UD2500 R?bak rozdrabniarka do ga??zi 2500W
Makita	MAKITA UD2500 R?bak rozdrabniarka do ga??zi 2500W
Roborock	Robot sprz?taj?cy ROBOROCK Qrevo Curv 5A1
Roborock	Odkurzacz robot sprz?taj?cy ROBOROCK Qrevo Curv Bia?y
Samsung	Telefon Samsung Galaxy A36 5G A366 6/128GB Dual Sim Czarny
Samsung	Samsung Galaxy Watch Ultra 2025 LTE 47mm Tytanowy Szary (L705)
Sonicare	Szczoteczka soniczna PHILIPS Sonicare 9000 DiamondClean HX9911/84
AMD	Procesor AMD Ryzen 5 7500F TRAY
Zotac	Zotac GeForce RTX 5070 Ti AMP Extreme Infinity 16GB GDDR7 DLSS4
Motus	Hulajnoga Elektryczna Motus Scooty 10 Lite 2022 700W Lekka 3 biegi
Salus	Regulator temperatury bezprzewodowy SALUS 091FLRFV2
4FIZJO	Poduszka sensomotoryczna 4FIZJO PRO+ NIEBIESKA + Pompka GRATIS !!! SUPER !!
4FIZJO	PODUSZKA ORTOPEDYCZNA DO SPANIA NA BOKU I PLECACH PROFILOWANA PIANKA MEMORY
4FIZJO	MATA DO ?WICZE? JOGA FITNESS DWUSTRONNA ANTYPO?LIZGOWA MI?KKA UCHWYT 6MM
4FIZJO	MATA DO AKUPRESURY ZDROWOTNA Z KOLCAMI POBUDZAJ?CA KR??ENIE MASA? PODUSZKA
4FIZJO	INHALATOR NEBULIZATOR DLA DZIECI DOROS?YCH SIATECZKOWY PRZENO?NY CICHY LITE
4FIZJO	INHALATOR NEBULIZATOR DLA DZIECI DOROS?YCH SIATECZKOWY PRZENO?NY CICHY LITE
4FIZJO	ELEKTROSTYMULATOR mi??ni i nerw w bezprzew. 4FIZJO Combo LITE EMS TENS MASS
4FIZJO	DR??EK ROZPOROWY REGULOWANY STALOWY DO PODCI?GANIA UCHWYTY WIELOFUNKCYJNY
4FIZJO	DESKA UCHWYTY DO POMPEK ?WICZE? PLATFORMA PUSH UP BOARD WIELOFUNKCYJNA SI?A
4FIZJO	APARAT ULTRAD?WI?KOWY DO SONOTERAPII MANUALNA G?OWICA PRZENO?NY LECZNICZY
4FIZJO	APARAT DO DRENA?U LIMFATYCZNEGO MASA? DRENA? LIMFATYCZNY MASA?ER N G
4FIZJO	Aparat Do Drena?u Limfatycznego C8 4FIZJO Drena? N g Therapy System
Mountain Goat	KUBEK TERMICZNY TERMOS GOR?CE NAPOJE DO 12H KAWA HERBATA SZCZELNY 450ml
Forever	"Forever Aloe Vera Gel sok z aloesu 99,7 % 1 litr"
Brother	"BROTHER MFC-L8390CDW A4 kolor, 2-stronne skanowanie i druk, LAN, Wi-Fi, NFC"
Xiaomi	"Xiaomi Max 2025 100"" QLED 4K 144Hz Google TV Dolby Atmos Vision"
Xiaomi	"Telewizor Xiaomi S Mini LED 2025 65"""
Xiaomi	Telewizor Xiaomi A Pro 2026 QLED 55'' 4K Ultra HD Google TV
Xiaomi Tv	"Xiaomi TV S Mini LED 75 2025 190,5 cm (75"") 4K Ultra HD Smart TV Wi-Fi..."
Xiaomi Tv	Telewizor Xiaomi TV Max 85 2025 QLED 4K UHD HDR 144Hz Google TV AI
Yato	YATO SMAROWNICA TOWOTNICA AKUMULATOROWA 18V 3Ah
Yato	W zek narz?dziowy Yato YT-55290
Yato	NADZIEWARKA DO KIE?BAS W?DLIN STAL NIERDZEWNA 5L PIONOWA YATO Z PRZEK?ADNI?
Yato	NADZIEWARKA DO KIE?BAS Maszynka S/S 5l YG-03360 Idealna do w?dlin
Ikonka	Du?y Drewniany Domek Lalek XXL - Willa 117cm PREMIUM + Akcesoria
Lego	LEGO Super Heroes 76269 Marvel Super Heroes - Wie?a Avengers w
Atlas	HMS Atlas Do ?wicze? Treningu Si?owego Suwnica Smitha Ze Stosem + Gryf
Pan Mi?sko	Pan Mi?sko Ciel?cina z indykiem M 20kg
Sandezia	Sandezia sucha dezynfekcja 10kg
Raw Paleo	Sucha Karma Z Indykiem Raw Paleo Ultra Medium Large Adult 10kg
Vetexpert	VetExpert VetoSkin na sk r? i sier?? dla ps w i kot w 90kapsu?ek
Vetexpert	VETEXPERT URINOVET KOT 45 KAPS.
Vetexpert	Vetexpert BioProtect 60 kapsu?ek Termin wa?no?ci 12/2027
Calitti	Calitti Strong Lavender 5L ?wirek bentonitowy lawendowy
Cat'S Best	Cat's best Smart Pellet 20l
Josera	"Sucha karma dla psa Josera Medi/Maxi Adult Optiness 12,5 kg"
Josera	JOSERA NATURECAT BEZBO?OWA 10KG
Pedigree	Pedigree Vital Adult Wyb r Smak w Mokra Karma Saszetki Dla Psa 40x100g
Sheba	SHEBA Delicacy Drobiowe Smaki - mokra karma dla kota w galaretce 40x85g
Sheba	Karma Sheba Delicacy Rybne smaki 80szt 85g
Super Benek	?wirek Super Benek Corn 14l Kukurydziany
Super Benek	?wirek dla kota Super Benek COMPACT LAWENDA 25l
Super Benek	?wirek dla kota Super Benek COMPACT LAWENDA 25l
Super Benek	?wirek dla kota Super Benek Compact 25l Bentonitowy Drobny Zbrylaj?cy
Super Benek	?wirek Bentonitowy dla Kota do kuwety zbrylaj?cy Super Benek Naturalny 5L
Super Benek	SUPER BENEK ?wirek Compact Lawenda 25l
Super Benek	SUPER BENEK COMPACT 10L ?wirek bentonitowy
Super Benek	COMPACT LAWENDA 10L SUPER BENEK COMPACT LAWENDA 10L drobny
Versele-Laga	VERSELE-LAGA Cuni Adult Complete 8kg Pokarm kr lik
Vileda	VILEDA ?ciereczka Actifibre OKIEN SZYB LUSTER
Vileda	VILEDA ?ciereczka Actifibre OKIEN SZYB LUSTER
Vileda	Vileda Mop ULTRAMAX p?aski ZESTAW BOX
Vileda	Vileda Mop Obrotowy P?aski Ultramax Turbo
Vileda	Mop Obrotowy Vileda H2PRO Zawsze Czysta Woda Zestaw Mop z Wiadrem
Whiskas	WHISKAS Sucha Karma dla kot w z wo?owin? 14kg
Whiskas	WHISKAS mokra karma dla kota wo?owina kurczak jagni?cina dr b sos 80x85 g
Whiskas	WHISKAS Junior z kurczakiem kot du?y worek 14kg
Whiskas	Whiskas Junior 40x85g Drobiowa Uczta Mokra Karma Dla Koci?t W Galaretce
Whiskas	Whiskas Adult Puszka 24x400g Mokra Karma W Sosie Dla Kota Kurczak Wo?owina
Whiskas	SUCHA KARMA WHISKAS STERILE DLA KOTA PO STERYLIZACJI Z KURCZAKIEM 14KG
Dolina Noteci	Karma dla psa suszona DOLINA NOTECI Premium Jagni?cina 9 kg
Dolina Noteci	Karma dla psa suszona DOLINA NOTECI Premium Jagni?cina 9 kg
Dolina Noteci	Karma dla psa suszona DOLINA NOTECI Premium Jagni?cina 9 kg
Dolina Noteci	DOLINA NOTECI SUSZONA KARMA DLA PSA WO?OWINA 9KG
Dolina Noteci	DOLINA NOTECI SUSZONA KARMA DLA PSA WO?OWINA 9KG
Dolina Noteci	Dolina Noteci SUSZONA karma dla psa Jagni?cina 9kg
Dolina Noteci	DOLINA NOTECI PREMIUM SASZETKA JAGNI?CINA 500G
Dolina Noteci	Dolina Noteci Premium Karma suszona dla psa wo?owina sucha 9 kg
Dolina Noteci	DOLINA NOTECI Premium Dziczyzna- karma suszona dla psa 9kg
Vet Expert	Kalmvet 60 kap. uspakajaj?ce pies / kot
Browin	"Dro?d?e Turbo X-Pure 21,3%, 100L"
Browin	"Dro?d?e Turbo X-Pure 21,3%, 100L"
Samsung	"Samsung Galaxy Tab S10 FE 5G 128GB 8GB Wi-Fi 6 Szary 10.9"""
Adelid	"POLSKI PRZED?U?ACZ B?BNOWY NA B?BNIE 50M 3x2,5 H05VV-F OWY"
Adelid	"POLSKI PRZED?U?ACZ B?BNOWY NA B?BNIE 50M 3x2,5 H05VV-F OWY"
Ankon	SZAFA PRZESUWNA z lustrem DERBY VI 200cm GARDEROBA
Arkada	Arkada serum kolagenowe w ?elu Nowa formu?a 15ml
Asato	"ASATO Konsola Retro 20000 Gier 4K HDMI 2 Pady 2,4 GHz"
AZS-ENGINEERING	Sauna ogrodowa QUADRO 240 ?m 2QL zestaw z piecem na drewno
AZS-ENGINEERING	Sauna ogrodowa QUADRO 240 ?m 2QL zestaw z piecem na drewno
bez marki	?wirek dla kota bentonitowy betonitowy LAWENDA 25L zbrylaj?cy bezpy?owy
bez marki	S?ONECZNIK PASZOWY DLA PTAK W mix zimowy 20kg
bez marki	Poduszka 70x80 antyalergiczna kulka silikonowa du?a bia?a pikowana
bez marki	Poduszka 70x80 antyalergiczna kulka silikonowa du?a bia?a pikowana
bez marki	MUSIC BOXING MACHINE BLUETOOTH W TRENINGOWY ?CIANA BOKSERSKA + R?KAWICE
bez marki	MUSIC BOXING MACHINE BLUETOOTH W TRENINGOWY ?CIANA BOKSERSKA + R?KAWICE
bez marki	KOSZ NA ?MIECI 240L NA ODPADY - KUBE? POJEMNIK NA ?MIECI DO SEGREGACJI 240L
bez marki	Etykiety termiczne 100x150 mm 500 szt. samoprzylepne 70g perforacja 12 szt.
bez marki	ELEKTRONICZNA MATA TANECZNA DO TV PC PODW JNA ZAWIERA 200 GIER 179 PIOSENEK
bez marki	"Ekologiczny W?giel Brykiet Torfowy 1000kg, Du?a Wydajno??, Opa? z Torfu"
Brogaz	Butla z helem Du?a na 50 balon w Urodziny HEL
Cedrus	CEDRUS RB02 PRO ROZDRABNIACZ SPALINOWY PROFESJONALNY REBAK GA??ZI 12cm RB
Contipro	Geloren Horse HA Kolagen dla Koni ?elki jab?kowe 60szt - 450g
Dany Meble	"MEBLE KUCHENNE KUCHNIA ZESTAW SZAFKI S?UPEK BLAT JOLA 3,2M D?B WOTAN"
Deenzy	MASA?ER DO TWARZY EMS 7w1 MEZOTERAPIA LIFTING ULTRAD?WI?KI KRIOTERAPIA LED
Deenzy	MASA?ER DO TWARZY EMS 7w1 MEZOTERAPIA LIFTING ULTRAD?WI?KI KRIOTERAPIA LED
Delphi tools	"KLUCZ DYNAMOMETRYCZNY 1/2 28-210Nm CrMO & CrV + 3 NASADKI 17,19,21 mm +- 4%"
eHokery	ST ? OGRODOWY CATERINGOWY BANKIETOWY SK?ADANY OGRODOWY WALIZKA 180 cm
Electo	SUSZARKA NA PRANIE STOJ?CA DU?A 27m SK?ADANA XXL STALOWA KLIPSY NA BIELIZN?
FUGERT	PRZECINARKA DO P?YTEK GLAZURY 120 CM LASER MASZYNKA DO CI?CIA P?YTEK GRESU
FUGERT	PRZECINARKA DO P?YTEK GLAZURY 120 CM LASER MASZYNKA DO CI?CIA P?YTEK GRESU
GALAXIA	300X WK?AD AIR FRYER PAPIER WK?ADY PAPIEROWE DO FRYTKOWNICY BEZT?USZCZOWEJ
Global Food	NASIONA CHIA Sza?wia Hiszpa?ska 1kg (1000g) SUPERFOOD Naturalne
Heckermann	CHOINKA SZTUCZNA SOSNA NA PNIU DIAMENTOWA O?NIE?ONA 180 CM JAK ?YWA G?STA
Heckmann	85-385mm 2.5t 12kg PODNO?NIK HYDRAULICZNY PUNKTOWY ?ABA LEWAREK NISKOPROFIL
Heckmann	85-385mm 2.5t 12kg PODNO?NIK HYDRAULICZNY PUNKTOWY ?ABA LEWAREK NISKOPROFIL
Ikonka	"Lustro do makija?u LED Hollywood z 12 ?ar wkami, 30x40 cm, USB, stoj?ce"
INDEX BHP	R?kawiczki R?KAWICE robocze r10 LATEX op. 12 PAR
Klarta	Nawil?acz ewaporacyjny Klarta HUMEA White 300ml/h 3L 44m  cichy PZH
Koanni	RAKI KOSZYKOWE NA BUTY - 12 Z?BOWE - REGULOWANE 36-46
Koanni	RAKI KOSZYKOWE NA BUTY - 12 Z?BOWE - REGULOWANE 36-46
Kol-pol	S?ONECZNIK ?USKANY 1kg Naturalny wysoka jako??
Kol-pol	GO?DZIKI 100g Ca?e suszone aromatyczne naturalne go?dzik jako?? Kol-Pol
K nner & S hnen	AGREGAT PR?DU PR?DOTW RCZY LPG GAZ KS 5500iEGS + GENERATOR INWERTOROWY 2kW
Kraft&Dele	?URAW WARSZTATOWY PODNO?NIK DO SILNIKOW D?WIG 2T STOJAK SK?ADANY STABILNY
? ?koholicy	"Ko?dra obci??eniowa antystresowa 6 kg, 150 x 200 cm, szara"
Majster Pro	SPAWARKA INWERTOROWA inwerterowa MMA Pulse TIG Lift TIG 330A DIGITAL MP0118
Mareani	DESKA SEDESOWA WC WOLNOOPADAJ?CA UNIWERSALNA DO KO?O ROCA CERSANIT
MATERACE Z G R	90x200 MATERAC KIESZENIOWY KOKOS TWARDY WYTRZYMA?Y USZTYWNIONY POCKET H3 H4
Medi Sleep	PODUSZKA ORTOPEDYCZNA DO SPANIA NA BOKU I BRZUCHU PROFILOWANA PIANKA MEMORY
MEMFLOW	CHOINKA SZTUCZNA SOSNA DIAMENTOWA ZIELONA 220CM JAK ?YWA PREMIUM + STOJAK
MEMFLOW	CHOINKA SZTUCZNA PE ?WIERK KAUKASKI G?STA PREMIUM 220CM STOJAK ?YWA
NKT	"PRZEW D NKT INSTAL+ YDYp 3X1,5 450/750V 100MB"
Uknown	?WIREK PELLET JASNY DREWNIANY DLA KOTA KR LIKA ?WINKI DO KUWETA KLATKA 15KG
Uknown	ZESTAW O? WK W KREDEK DO SZKICOWANIA RYSOWANIA 74 SZKICOWNIK PROFESJONALNY
Uknown	ZESTAW NARZ?DZIOWY KLUCZY NASADOWYCH KLUCZE NASADOWE TORX 108
Uknown	WIDEOREJESTRATOR KAMERKA SAMOCHODOWA KAMERA DO COFANIA DOTYK EKRAN PL MENU
Uknown	UCHWYT SAMOCHODOWY MAGNETYCZNY NA TELEFON DO MAGSAFE KRATKI MAG HOLDER
Uknown	TRUSKAWKA LIOFILIZOWANA 100g Plastry TRUSKAWKI Liofilizowane 100 g nutt
Uknown	?wie?y KSYLITOL FI?SKI cukier brzozowy 1kg
Uknown	R?KAWICE r?kawiczki robocze PIANKA foam 10 PAR wodoodporne oblanie
Uknown	R?cznik Papierowy ZZ BIA?Y R?czniki PAPIEROWE do podajnika CELULOZA 2W
Uknown	R?cznik papierowy celuloza bia?y 2-warstwowy 3000 szt. celuloza
Uknown	POJEMNIK KASETKA PUDE?KO NA LEKI TABLETKI 7dni x 3
Uknown	POJEMNIK KASETKA PUDE?KO NA LEKI TABLETKI 7dni x 3
Uknown	Plandeka 6m x 8m - gramatura 260g/m2
Uknown	Niszczarka do Papieru Dokument w Kart 5 Arkuszy Automatyczna Mocna XXL 12L
Uknown	MUSIC BOXING MACHINE Z BLUETOOTH 9 TRYB W GRY CZARNY ?ATWE W INSTALACJI
Uknown	LAMPA NA PODCZERWIE? ROZGRZEWAJ?CA LECZNICZA SOLUX MOCNA REGULOWANA 275W
Uknown	Lampa do paznokci UV Dual LED SUN X26 MAX 380W a? 81di d mocna
Uknown	KLOCKI MAGNETYCZNE KONSTRUKCYJNE sze?ciany zestaw dla dzieci 200 element w
Uknown	Kapsu?ki do zmywarki Somat Excellence Premium 5w1 42 szt. + puszka
Uknown	Kapsu?ki do zmywarki Somat Excellence Premium 5w1 42 szt. + puszka
Uknown	INTERAKTYWNA MATA MUZYCZNA DLA DZIECI PIANINKO DO TA?CA 110x36 cm D?WI?K
Uknown	HOGWARTS LEGACY / DZIEDZICTWO HOGWARTU PS5 / GRA NA P?YCIE / POLSKIE NAPISY
Uknown	GRZEJNIK ELEKTRYCZNY NA PODCZERWIE? PANEL PROMIENNIK IR 450W WiFi N ?KI
Uknown	Gra planszowa Spektrum
Uknown	GRA MAGNETYCZNA W SZACHY KAMIENIE MAGNETYCZNE GRA EDUKACYJNA ZESTAW 40 Kul
Uknown	GRA MAGNETYCZNA W SZACHY KAMIENIE MAGNETYCZNE GRA EDUKACYJNA ZESTAW 40 Kul
Uknown	"Ginexid Specjalistyczna pianka ginekologiczna do higieny intymnej, 150 ml"
Uknown	"Ginexid Specjalistyczna pianka ginekologiczna do higieny intymnej, 150 ml"
Uknown	DZIEDZICTWO HOGWARTU PS5
Uknown	Drabinka GIMNASTYCZNA DR??EK rehabilitacyjna 220
Uknown	Drabinka GIMNASTYCZNA DR??EK rehabilitacyjna 220
Uknown	DMUCHAWA ELEKTRYCZNA DO LI?CI 3500W OGRODOWA 3W1 ODKURZACZ ROZDRABNIACZ 45L
Uknown	DMUCHAWA ELEKTRYCZNA DO LI?CI 3500W OGRODOWA 3W1 ODKURZACZ ROZDRABNIACZ 45L
Uknown	CHOINKA SZTUCZNA JAK ?YWA ?WIERK KAUKASKI PREMIUM 180 CM POLSKA PRODUKCJA
Uknown	"CDL/CDS roztw r 0,3% (250 ml.)"
Uknown	AGREGAT GENERATOR PR?DU INWERTOROWY 2000iGS KS GAZ
Uknown	"6,2kW 230V Inwerter solarny 6500W hybrydowy 6kW offgrid akumulator 48V WiFi"
Uknown	"6,2kW 230V Inwerter solarny 6500W hybrydowy 6kW offgrid akumulator 48V WiFi"
Oscar Cook	NADZIEWARKA do Kie?bas W?dlin MASZYNKA Szpryca Lewarek do KIE?BASY 3kg
Party Deco	"HEL DO BALON W BUTLA Z HELEM DO POMPOWANIA BALON W 0,20m3-1602"
Psomar	CHOINKA SZTUCZNA PREMIUM ?WIERK PE+PVC JAK ?YWA 3D 220 cm !
Psomar	CHOINKA SZTUCZNA PREMIUM ?WIERK PE+PVC JAK ?YWA 3D 220 cm !
RED TECHNIC	PRZECINARKA DO GLAZURY MASZYNKA R?CZNA DO CI?CIA P?YTEK LASER 800 MM
S?odkie Zdrowie	WITAMINA C kwas l-askorbinowy 1kg 100% CZYSTA
S?odkie Zdrowie	KOLAGEN RYBI MORSKI w proszku NATURALNY CZYSTY 100% 500g
S?odkie Zdrowie	KOLAGEN RYBI MORSKI w proszku NATURALNY CZYSTY 100% 500g
Smartled	Profil LED aluminiowy do p?yt GK gipsowych wpuszczany 2m regips szeroki
Smartled	Halogen LED Statyw Budowlany Na?wietlacz 2x 50W 11000lm Lampa Na Stojaku
Softimi	PODUSZKA ANTYALERGICZNA 2x70x80CM KOMPLET DO SPANIA PIKOWANA BIA?A NA ZAMEK
?pijZdrowo	Materac kieszeniowy 90x200 wygodny MEDIC MAX
Stazer	ST ? CATERINGOWY OGRODOWY SK?ADANY BANKIETOWY NA TARAS BALKON 70x180 cm
SuperLED	Zestaw Oprawa hermetyczna lampa do gara?u 120cm + 2x ?wietl wki LED
SuperLED	Zestaw Oprawa hermetyczna lampa do gara?u 120cm + 2x ?wietl wki LED
SuperThings	Super Zings Things Zestaw Kaboom City Kalendarz Adwentowy
T?ocznia Szymanowice	Sok z Granatu T?oczony Naturalny 100% Soku NFC Granat 5 litr w Bez Dodatk w
TODOMI	STOJAK NA PRZYPRAWY POJEMNIKI 28x S?OICZKI PRZYPRAWNIK ORGANIZER NAKLEJKI
Tokachi	WIERTARKO WKR?TARKA AKUMULATOROWA BEZSZCZOTKOWA UDAROWA PRO 2xAKU MOCNA 21V
Tokachi	KLUCZ UDAROWY AKUMULATOROWY 800Nm BEZSZCZOTKOWY 2w1 MOCNY 21V DO K ? 2xAKU
Tokachi	KLUCZ UDAROWY AKUMULATOROWY 800Nm BEZSZCZOTKOWY 2w1 MOCNY 21V DO K ? 2xAKU
Trec	FOLIA STRETCH 3KG 10szt STRECZ TRANSPARENT MOCNA BEZBARWNA XXL 10 sztuk
AJKmeble	Szafa 90 cm GARDEROBA BIA?A NOWOCZESNA szuflady
Almusso	40 ROLEK 3 WARSTWY PAPIER TOALETOWY ALMUSSO BIG
BE-ACTIVE	SZACHY MAGNETYCZNE DREWNIANE KLASYCZNE DU?E 34X34 WARCABY BACKGAMON GRA 3W1
Callimed	Lampa na podczerwie? Sollux lecznicza terapeutycza promiennik podczerwieni
Diolut	Maszyna do robienia przypinek 58mm dla dzieci + 100 pin w + projekty DIY
DX2	DX2 szampon przeciw siwieniu w?os w 150 ml
DX2	DX2 szampon przeciw siwieniu w?os w 150 ml
DYMBOX	"W?dzarnia, DYMBOX generator, Komplet-zestaw do w?dzarni elektrycznej 2,9 kW"
Feniks	"Feniks Ekopodpa?ka 5kg (ok. 450-500sz.) Podpa?ka, Rozpa?ka drewniana"
Flytec	SZYBKA ? dka Zan?towa Flytec V080 GPS Podajnik 3kg Bateria 20Ah 800m 15km/h
Hebar	S?ONECZNIK ?USKANY 25 KG 25000 G PESTKI NASIONA NATURALNE ZIARNO WOREK
Hebar	S?ONECZNIK ?USKANY 25 KG 25000 G PESTKI NASIONA NATURALNE ZIARNO WOREK
Honiton	KLUCZE HONITON 94EL.ZESTAW NARZEDZIOWY ORGINA? HONITON Z ZAPI?CIAMI
JYIPure	ELEKTRYCZNA SKROBACZKA SKROBAK MASZYNKA N ? DO ?USEK RYB SKALER TARKA 120W
KailaArt	WORECZKI Z ORGANZY PREZENTY BI?UTERI? KOMUNIA CUKIERKI 8x10 100 szt +
Magicbox	Super Zings Things Kazoom Power Enigma Tower Wie?a Enigmy
MatMay	FOTEL Czarny Rozk?adany MASUJ?CY BUJANY Do Salonu Spania Wypoczynkowy MASA?
Mega-M	NADZIEWARKA PION 5L DO KIE?BAS KABANOS W PAR WEK r?czna szpryca kie?basy
Mega-M	NADZIEWARKA PION 5L DO KIE?BAS KABANOS W PAR WEK r?czna szpryca kie?basy
Miuu	ZESTAW 220cm Drabinka gimnastyczna do ?wicze? pok j dziecka
Ornatum	"MASYWNY,STALOWY KUTY STOJAK CHOINKOWY,POD CHOINKE SH10 Z POJEMNIKIEM NA WOD"
PUVEROMEBLE	SZAFA ANTRACYT D?B WOTAN GARDEROBA DU?A NA UBRANIA OTWIERANA SZUFLADY 90cm
RANGERS	"PRZED?U?ACZ NA B?BNIE 3x2,5 50m B?BNOWY BUDOWLANY ZWIJAK OGRODOWY"
RANGERS	"PRZED?U?ACZ NA B?BNIE 3x2,5 50m B?BNOWY BUDOWLANY ZWIJAK OGRODOWY"
Raw Paleo	Sucha karma dla psa Raw Paleo Ultra Mini Adult Turkey 8kg Ma?e Rasy Indyk
Scala Plastics	RURA DRENARSKA W OTULINIE FI 100 50M ODWADNIANIE W?? DRENARSKI DN100 50MB
?wiateka	Pod?o?e dla gryzoni naturalny PELLET ?wirek dla kota kr lika gryzoni 10kg
Vetexpert	VETEXPERT VetoMune 60 kapsu?ek na odporno?? dla ps w i kot w
Virone	Gniazdo Pojedyncze Bezprzewodowe MINI sterowane zdalnie Pilotem 3szt. 230V
Vorfal	ZESTAW OTWORNICA WIERT?O DIAMENTOWE DO GRESU 6-68
Wipetech	R?CZNIKI PAPIEROWE CZY?CIWO MAXI CELULOZA 100m x 6szt. Mocny XXL
3M	KAMERA ZEWN?TRZNA SOLARNA IP NA KART? SIM 4G LTE GSM 3MPx
4FIZJO	KO?DRA OBCI??ENIOWA KOC SENSORYCZNY DLA DZIECI I DOROS?YCH 150x200 CM 8 KG
Accu-Chek	GLUKOMETR ACCU-CHEK IN
ADBL	NOXy AD BLUE ADBLUE P?YN KATALICZNY DPF - 10L
adidas	pi?ka adidas FIFA World Cup League Trionda Box JD8045 r4
Adidas	BUTY ADIDAS HANDBALL SPEZIAL W IF6490 r38 24H pl
Air Wick	Zestaw Air Wick Freshmatic Od?wie?acz powietrza Mega Zapas Wk?ad 6 x 250 ml
Air Wick	Zestaw Air Wick Freshmatic Od?wie?acz powietrza Mega Zapas Wk?ad 6 x 250 ml
Air Wick	AIR WICK Automatic Spray ZESTAW 250ml x 6 (2 RODZAJE MIX )
Air Wick	AIR WICK Automatic Spray ZESTAW 250ml x 6 (2 RODZAJE MIX )
Aliness	ALINESS Koenzym Q10 UbiquinoL UbichinoL KANEKA 60kaps. Metabolizm Kr??enie
Alpen Camping	12 X GAZ do KUCHENKI TURYSTYCZNEJ PALNIKA KARTUSZ GRILL PALNIK KUCHENKA
Amica	P?yta indukcyjna do zabudowy AMICA powerboost timer booster 4 pola 60cm
Anbernic	Anbernic RG40XX H LCD 4'' IPS 64GB 3200mAh
Angelcare	ANGELCARE Pojemnik kosz na pieluchy + 3 wk?ady
Apple	Smartwatch Apple Watch Ultra 3 GPS + Cellular 49mm niebieski
Apple	Smartfon Apple iPhone 17 8 GB / 256 GB 5G zielony
Apple	Smartfon Apple iPhone 15 6 GB / 128 GB 5G r ?owy
Apple	Smartfon Apple iPhone 14 Pro 6 GB / 128 GB 5G czarny
Apple	SMARTFON APPLE IPHONE 14 PRO 128GB CZARNY
Apple	MacBook Pro16 M4 Pro(14+20) 48GB/512GB -Srebrny
Apple	Laptop MacBook Air 15 M4 16/512 P ?noc
Apple	iPhone 17 Smarfon Apple 8 GB / 256 GB 5G bia?y Dual SIM
Apple	Apple Mac Mini M4 10c CPU / 10c GPU
Apple	Apple iPhone Air/ 256GB/ Sky Blue MG2P4SX/A
Apple	Apple iPhone Air 256GB Space Black
Apple	Apple iPhone 15 Pro 128GB Niebieski
Apple	"Apple iPad A16 11"" WiFi 128GB Silver"
Apple	2x MIKROFON BEZPRZEWODOWY KRAWATOWY DO IPHONE TELEFONU KOMPUTERA USB-C
Apple	2x MIKROFON BEZPRZEWODOWY KRAWATOWY DO IPHONE TELEFONU KOMPUTERA USB-C
Ariel	Kapsu?ki do prania koloru kolorowego ARIEL All-in-1 PODS 44 szt
Ariel	KAPSU?KI DO PRANIA KOLOROWYCH TKANIN ARIEL KOLOR All-in-1 ILO?? PRA? 88
Ariel	ARIEL KAPSU?KI DO PRANIA ALL IN 1 KOLOR 50 SZT
Ariel	"Ariel All-in-1 PODS Kapsu?ki do prania, 70 pra?, Color"
Ariel	"Ariel All-in-1 PODS Kapsu?ki do prania Color, 100 pra?"
Ariete	Piec do pizzy Ariete 928/01 Pizza Italia 1200W czerwony
Ariete	Piec do pizzy Ariete 928/01 Pizza Italia 1200W czerwony
Asus	Konsola przeno?na ASUS ROG Xbox Ally X RC73XA Ryzen Z2 W11 +3msc. Game Pass
ASUS	Konsola ASUS ROG Ally RC71L-NH001W - AMD Ryzen Z1 Extreme 7  FHD IPS
ASUS	Karta graficzna Asus RTX 5090 TUF OC 32 GB
ASUS	Karta graficzna ASUS RTX 5090 32 GB
Avon	Avon Perceive XXL 100 ml woda perfumowana
Avon	Avon Perceive 50 ml woda perfumowana
Avon	AVON LITTLE BLACK DRESS 100 ML WODA PERFUMOWANA
Barbie	LALKA BARBIE KAMPER MARZE? DREAM CAMPER auto dla lalek Barbie + akcesoria
Baseus	Szybka ?adowarka Baseus GaN3 100W USB-C zasilacz do laptopa
Baseus	BASEUS POWER BANK Z SZYBKIM ?ADOWANIEM 20000MAH 20W USB-C USB-A Z KABLEM
Basiclab	BasicLab Lekki Ceramidowy Krem Regeneruj?cy Cer? Wyg?adzaj?cy Sk r? 50 ml
Basiclab	"Basiclab Krem wyciszaj?cy 5% prebiotyk w, 1% CICA  ukojenie i balans,50 ml"
Basiclab	"Basiclab Krem wyciszaj?cy 5% prebiotyk w, 1% CICA  ukojenie i balans,50 ml"
Bebilon	Bebilon profutura DUO BIOTIK 4 800g
Bebilon	Bebilon profutura DUO BIOTIK 4 800g
Beko	Zmywarka do zabudowy Beko DIS46120
Beon	MASKA DO NURKOWANIA PE?NOTWARZOWA BEON PRO G2 L/XL
Bepanthen	"BEPANTHEN Baby Ma?? ochronna, odparzenia pieluszkowe 100 g"
Bia?y Jele?	P?YN DO K?PIELI I POD PRYSZNIC KOZIE MLEKO BIA?Y JELE? 5L DELIKATNE MYCIE
Bioderma	Bioderma Sensibio h2o p?yn micelarny do sk ry wra?liwej 500 ml
Bioderma	Bioderma Atoderm Huile Olejek do k?pieli 2x1000 ml
BioRepair	Biorepair Pe?na Ochrona Pasta do z?b w 75 ml
BioRepair	2 Pasta do Z?b w BioRepair Night na Noc Bez Fluoru remineralizuj?ca na noc
Bosch	Szlifierka k?towa 18V z regulacj? 125mm 2x5.0Ah L-Boxx BOSCH GWS 18V-11 S
Bosch	KAMERA TERMOWIZYJNA TERMODETEKTOR GTC 600 C BOSCH
Bosch	"KAMERA TERMOWIZYJNA TERMODETEKTOR GTC 400 C BOSCH 1x2,0Ah"
Bosch	KALENDARZ ADWENTOWY 2025 NA PREZENT - ZESTAW 41PC BIT W I NARZ?DZI BOSCH
Bosch	BOSCH WYCIERACZKI PRZ D + TY? AUDI A4 B8
Bridgestone	4x opony zimowe Bridgestone Blizzak LM005 195/65R15 91T 2024
Brit	BRIT Mono Protein Turkey 400 g monoproteinowa karma indyk
Brit	BRIT Mono Protein Turkey 400 g monoproteinowa karma indyk
Brit	Brit Mono Protein Rabbit Mokra Karma dla Psa Kr lik 400g
Brit	Brit Care Hypoallergenic Grain-Free Adult Mini Lamb 2kg
Brit	Brit Care Hypoallergenic Grain-Free Adult Mini Lamb 2kg
Brit	BRIT Care Dog Hypoallergenic Weight Loss Rabbit - KR LIK i RY? 12 kg
Brita	Filtr wody wk?ad do dzbanka Brita Maxtra PRO Hard Water Expert 4 x 3+1 BOX
Britax R mer	Fotelik samochodowy Britax-Romer KidFix i-Size 15-36 kg Cosmos Black
Bros	BROS LEP NA MYSZY SZCZURY PU?APKA LEPOWA DO PIWNICY KORYTARZ MAGAZYN 1SZT.
Calitti	CALITTI CLUMPING STRONG LAVENDER 5L lawendowy ?wirek bentonitowy dla kota
Canon	Tusze do Canon PG 545 +546 iP2850 MG2450 2455 2550 2950 TS3350 TS3450 3351
CASIO	Oryginalny Pasek CASIO GA-100A-9A ? ?ty b?yszcz?cy
Casio	M?SKI ZEGAREK CASIO GW-9400 1 G-SHOCK BAROMETR
CASIO	Casio GPR-H1000-1ER Rangeman
Cerave	Krem pod Oczy CeraVe Odbudowuj?cy Redukcja Cieni Opuchni?cia pod oczami 14g
Clavier	CLAVIER frezarka kosmetyczna do paznokci 65W BIA?A
Clementoni	"CLEMENTONI DISNEY PROJEKTOR, OPOWIADACZ BAJEK gaw?dziarz dla dzieci 1-6 lat"
Command	"Rzepy Samoprzylepne COMMAND Zestaw 24szt/12par - Bezinwazyjne,bez narz?dzi"
Continental	4x Continental WinterContact TS 870 195/65R15 91T
Continental	4x 205/55R16 Continental WinterContact TS 870
Creality	Drukarka 3D CREALITY K1C Wi-Fi
Creality	CREALITY SKANER 3D RAPTOR CR-SCAN
Dafi	"Saturator do wody Dafi PushAir (czarny) + 2x butelka 0,7L + nab j CO2"
Dafi	Filtry do butelek DAFI Solid i Soft 6 szt. kolor Bia?y
Dafi	Dzbanek filtruj?cy szklany Dafi Crystal LED 2l + 10x Filtr Dafi Classic
Dallmayr	Dallmayr Classic Intense kawa mielona Arabica 500 g
Davidoff	Kawa Rozpuszczalna Davidoff Espresso Intense Arabica 100g
Davidoff	Kawa mielona Davidof Fine Aroma 100% Arabica
Davidoff	Davidoff Espresso 57 kawa ziarnista 500g Import z Niemiec 100% Arabika
Delonghi	Ekspres DELONGHI Magnifica Plus ECAM320.70.TB
De'Longhi	Odkamieniacz De'Longhi EcoDecalk 500 ml
De'Longhi	Ekspres do kawy De'Longhi Dinamica Plus ECAM 370.70.B
De'Longhi	Ekspres do kawy De'Longhi Dinamica Plus ECAM 370.70.B
De'Longhi	EKSPRES CI?NIENIOWY De'Longhi Magnifica ECAM290.51.B czarny
De'Longhi	EKSPRES CI?NIENIOWY De'Longhi Magnifica ECAM290.51.B czarny
De'Longhi	Automatyczny ekspres De'Longhi ECAM 350.75.S 1450 W srebrny/szary
DeWalt	ZESTAW 18V DeWalt DCK755P3T BRUSHLESS - 3 akumulatory 18V/5.0Ah
DeWalt	Zestaw 18V 2x5Ah wkr?tarka DCD796+zakr?tarka DCF887 DeWalt DCK266P2 DS150
DeWalt	Zakr?tarka udarowa DeWalt DCF850N 18V 208Nm Bezszczotkowa ATOMIC
DeWalt	Wkr?tarka akumulatorowa do p?yt g-k DEWALT XR 18V DCF620D2K-QW
DeWalt	Szlifierka k?towa DeWalt DCG405P2 125mm 800W 2x5Ah
DeWalt	Szlifierka 1700W frezarka betonu DeWALT DWE4357KT
DeWalt	M?OTOWIERTARKA SDS PLUS 950 W D25333K DEWALT
DeWalt	Latarka Lampa DeWALT DCL050 Akumulatorowa LED XR 18V 1000 Lumen w Mocna
DeWalt	"DEWALT ZESTAW COMBO 18V DCK355P2T (DCD800 + DCH172 + DCG405) 2x5,0Ah"
DeWalt	DEWALT WIERTARKO-WKR?TARKA 18V DCD791P2 2X5AH DCB184 + DCB1104
DeWalt	DEWALT M?OTOWIERTARKA SDS+ DCH133NT 18 V
DeWalt	DEWALT DCK685P3T narz?dzia akumulatorowe 18V 6szt. zestaw COMBO
DeWalt	DEWALT DCF887P2 ZAKR?TARKA UDAROWA 18V 205NM 2X5Ah
DeWalt	Akumulatorowa wiertarko-wkr?tarka DeWalt DCD703L2T BRUSHLESS - 2 akumulato
DeWalt	AKUMULATOROWA GWO?DZIARKA DO BETONU 18V XR 13-57 mm DeWalt DCN890N
DJI	Dron DJI Neo 2 Z Kamer? 4K Na Pocz?tek CMOS 30fps 135g AI Tracking
DJI	Dron DJI Mini 4K z kontrolerem RC-N1
Dolina Noteci	Dolina Noteci Premium mix smak w 12x800g
Dolina Noteci	Dolina Noteci Premium KOT mix smak w 12x400g
Dolina Noteci	Dolina Noteci Premium Kot Junior bogata w Indyka 400g
Dolina Noteci	Dolina Noteci Premium Kot Junior bogata w Indyka 400g
Doppelherz	"Doppelherz System Kollagen Beauty, p?yn, suplement diety, 30"
Doppelherz	DOPPELHERZ SYSTEM KOLLAGEN 11.000 PLUS 30 ampu?ki + pokrzywa
Doppelherz	DOPPELHERZ SYSTEM KOLLAGEN 11.000 PLUS 30 ampu?ki + pokrzywa
Douglas	DOUGLAS EXCLUSIVE KALENDARZ ADWENTOWY 2025
Dreame	P?yn DREAME do L10 / L10S / L20 / X40 do powierzchni twardych 1000 ml
Dyson	Multistyler Dyson Airwrap i.d. Curly i Coily Pastelowy R ? /R ?owe Z?oto
EBERG	Osuszacz powietrza EBERG RICO poch?aniacz 12l/24h +WiFi +TIMER +higrostat
EBERG	Osuszacz powietrza EBERG RICO poch?aniacz 12l/24h +WiFi +TIMER +higrostat
Electrolux	Worki S-BAG Electrolux classic E201SM
Elite	Trena?er Elite Direto XR-T + podstawka
Emolium	Emolium Dermocare Hipoalergiczna Emulsja do k?pieli 400ml
Epee	"Pies Piksel   Interaktywny w. POLSKA, 150+ reakcji"
Epee	Gra planszowa THE FLOOR - gra familijna edycja polska Epee
Epson	Projektor Epson EH-TW7000
Equazen	EQUAZEN ?elki owocowe kwasy omega-3 EPA 60 szt.
Est e Lauder	Podk?ad Est e Lauder Double Wear 2N1 Desert Beige 30 ml STARA FORMU?A
Est e Lauder	Podk?ad Est e Lauder Double Wear 2N1 Desert Beige 30 ml STARA FORMU?A
Eveline Cosmetics	Eveline Wonder Match Luksusowy Podk?ad 015
Evolution	Uko?nica do stali Evolution S355MCS z tarcz? 355mm / 66z + tarcza drewno
Fairy	Kapsu?ki do zmywarek FAIRY Original All in One Cytryna - 100 szt.
Fairy	Fairy Platinum Plus All in One Yellow Tabletki do zmywarki 6x19szt =114 szt
Fairy	Fairy Platinum Plus All In One Tabletki do zmywarki Cytryna 71 szt
Fairy	Fairy Platinum Plus All In One Kapsu?ki do zmywarki 6x19szt. = 114szt.
Felix	FELIX FANTASTIC WIEJSKIE SMAKI W GALARETCE SASZETKI 44x85g
Felix	FELIX FANTASTIC WIEJSKIE SMAKI W GALARETCE SASZETKI 44x85g
Festool	Uko?nica 216mm z posuwem FESTOOL KAPEX KS 60 E-Set 561728
Finish	Finish Quantum All in 1 Kapsu?ki do Zmywarki Lemon Cytryna 100 sztuk
Finish	Finish Powerball Ultimate Plus Kapsu?ki do Zmywarki Zapach Cytryna 62 Szt
Finish	FINISH Powerball Ultimate Plus All in 1 Lemon Kapsu?ki do zmywarki 90 sztuk
Finish	Finish kapsu?ki do Zmywarki Ultimate do Naczy? Cytryna 100 sztuk GIGA PACK
Finish	Finish 125szt tabletki do zmywarki
Firestone	4x Firestone 205/55R16 91T Winterhawk 4
Fisher-Price	FISHER PRICE INTERAKTYWNY TANECZNY DJ zabawka edukacyjna dla maluszka +9 m
Fisher-Price	FISHER PRICE GARNUSZEK NA KLOCUSZEK SORTER zabawka interaktywna maluszka +6
Force	Karta graficzna MSI GeForce RTX 5080 Ventus 3X OC Plus 16GB GDDR7 DLSS4
Force	Karta graficzna MSI GeForce RTX 5070 Ventus 12 GB
Forever	Forever Bright pasta do z?b w z aloesem i propolisem
Forte	HEPATIALE FORTE ADVANCED - preparat wspomagaj?cy funkcje w?troby
Forte	HEPATIALE FORTE ADVANCED - preparat wspomagaj?cy funkcje w?troby
Foxy	FOXY MEGA R?czniki papierowe kuchenne 2 sztuki
Gainward	Karta graficzna NVIDIA Gainward GeForce RTX 5070 Python III 12GB GDDR7
Gainward	Karta graficzna NVIDIA Gainward GeForce RTX 5070 Python III 12GB GDDR7
Garmin	Zegarek sportowy Garmin Fenix 7X Pro Solar
Garmin	Zegarek sportowy Garmin Fenix 7 Pro Solar
Garmin	"Garmin Venu 3 3,56 cm (1.4"") AMOLED 45 mm Cyfrowy 454 x 454 px Ekran d..."
Gerlach	Zestaw sztu?c w Gerlach 24 szt. po?ysk FLOW 6 os.
Gerlach	Zestaw 5 no?y kuchennych w czarnym bloku stal N ? SZEFA Gerlach Comfort
Gerlach	Smart Patelnie 4 el czarne
Gerlach	Komplet no?y w bloku Gerlach Deco Black 5 szt.
Gerlach	KOMPLET 24 SZTU?C W PO?YSK 6 OS B ZESTAW SZTU?CE PUDE?KO GERLACH FLAMES
Gerlach	KOMPLET 24 SZTU?C W GERLACH VALOR PO?YSK DLA 6 OS B ZESTAW SZTU?CE PUDE?KO
Gerlach	Gerlach Zestaw sztu?c w 24 szt. TUNEA po?ysk
Gerlach	Gerlach Zestaw no?y kuchennych 5 szt. Loft
Gerlach	GERLACH SMART BLACK 994 KOMPLET NO?E 5 EL W BLOKU CZARNYM
Gerlach	GERLACH Ambiente Zestaw Komplet 5 NO?Y kuchennych w BLOKU CA?OSTALOWE OSTRE
Gigabyte	Karta Grafiki Gigabyte GeForce RTX 5070 Ti Gaming OC 16GB GDDR7
Gigabyte	Karta graficzna Gigabyte RX 9070 XT Gaming OC 16 GB
Gigabyte	Karta graficzna GIGABYTE RTX 3050 WINDFORCE OC V2 6GB DDR6
Gigabyte	Karta graficzna GIGABYTE GV-N3060WF2OC-12GD
Gigabyte	Karta graficzna GIGABYTE GV-N3060WF2OC-12GD
Gigabyte	Karta graficzna Gigabyte GeForce RTX 5080 WINDFORCE OC SFF 16G
Gigabyte	Karta graficzna Gigabyte GeForce RTX 5080 Gaming OC 16GB GDDR7
Gigabyte	Karta graficzna Gigabyte AORUS GeForce RTX 5090 MASTER ICE 32 GB
Gigabyte	Karta Gigabyte RTX 5060 Ti 16GB GDDR7 PCIe 5.0
Gigabyte	Karta Gigabyte RTX 5060 Ti 16GB GDDR7 PCIe 5.0
Gillette	8szt WK?ADY OSTRZA NO?YKI WYMIENNE DO MASZYNKI FUSION 5
Gimoka	GIMOKA 1KG GRAN BAR KAWA ZIARNISTA W?OSKA
Goodram	Pami?? RAM GoodRam IRDM DDR5 32GB (2x16GB) 6000 CL30 czarny
Goodram	Pami?? Goodram DDR5 16GB SR DDR MHz DIMM
Goodram	Karta Pami?ci MicroSDXC GOODRAM 128GB CL10 UHS
Goodram	Dysk SSD GOODRAM CX400 256GB SATA3 550/490 MB/sw
Google	"Telewizor TCL 75V6C 75"" LED 4K Google TV Dolby Vision Dolby Atmos HDMI 2.1"
Google	TELEWIZOR TCL 65V6C LED 4K Google TV Dolby Vision Dolby Atmos HDMI 2.1
Google	"Telewizor TCL 55C69K 55"" QD-Mini LED 4K 144 Hz Google TV Dolby Atmos"
Google	"Smartfon GOOGLE Pixel 10 Pro 5G 16/256GB 6.3"" 120Hz Obsydian"
Google	"Smartfon GOOGLE Pixel 10 Pro 5G 16/256GB 6.3"" 120Hz Ksi??ycowy szary"
Google	Odtwarzacz multimedialny Google TV Streamer 4K HDR10+ Smart TV Home
Google	Google Pixel 9 5G 12/128GB NFC DualSIM Porcelain
Granitan	BATERIA KUCHENNA CZARNA ELASTYCZNA WYLEWKA KRAN CZARNY GI?TKA WYLEWKA GRADO
Green Cell	Powerbank Green Cell CJSGC01 16000mAh Czarny
Green Cell	Powerbank Green Cell CJSGC01 16000mAh Czarny
Hankook	1 opona zimowa 195/65R15 91T HANKOOK Winter RS3 W462
Hasbro	MONOPOLY Pokemon Wersja polska G0716
Hasbro	Gra planszowa Monopoly Junior Hasbro
Hasbro	Gra planszowa Monopoly Junior Hasbro
Hilding	Materac 160x200 Melody HILDING Hybrid twardy lateksowy
Hilding	Materac 160x200 Melody HILDING Hybrid twardy lateksowy
Hisense	"Telewizor HISENSE 55E7Q 55"" QLED 4K UHD HDR SmartTV VIDAA 60Hz czarny"
Hot Wheels	Hot Wheels Premium Pop Culture Stranger Things 1983 BMW 733i JHW81
Hot Wheels	Hot Wheels Premium Pop Culture Stranger Things 1983 BMW 733i JHW81
Hot Wheels	Hot Wheels City Wy?cigowa wie?a 2w1 tor zje?d?alnia + samochodzik HKX43
Hot Wheels	Hot Wheels City Mega Gara? T-Rexa GJL14
HP	Tusze do HP 305 XL DeskJet 2700 2710 2721 2720 2722 ENVY 6020e 2720e 2710e
HP	Tusz do drukarki HP 305 XL 2700 2710 2720 2721 2722 ENVY 6020e 2710e 2720e
Huawei	Smartwatch HUAWEI Watch Fit 3 Czarny
Huawei	Smartwatch HUAWEI Watch Fit 3 Czarny
HUMBERG	PODNO?NIK SAMOCHODOWY 3 T HUMBERG HM-381
HUMBERG	PODNO?NIK SAMOCHODOWY 3 T HUMBERG HM-381
Intel	Soccerbot - Inteligentny robot do gry w pi?k? no?n? POLSKA WERSJA J?ZYKOWA
Intel	Dyktafon Plaud z transkrypcj? i podsumowaniem 64 GB Sztuczna inteligencja
Intel	AUTOMATYCZNY INTELIGENTNY PROSTOWNIK ?ADOWARKA AKUMULATORA LCD 12V 6A
Intex	Materac dmuchany dwuosobowy INTEX 64126 z wbudowan? pompk?
Jacobs	Kawa ziarnista mieszana Jacobs Espresso 1000 g
Jacobs	Kapsu?ki Jacobs mix kawa do Nespresso(r)* zestaw 100 kapsu?ek
JBL	S?uchawki bezprzewodowe dokana?owe JBL Wave 200TWS bluetooth TWS mikrofon
JBL	Power audio JBL PartyBox 310
Josera	JOSERA 8960 Kitten 10kg
Jura	"JURASSIC WORLD DINOZAUR INDOMINUS REX figurka 53,3 cm ze ?wiat?em d?wi?kiem"
Jura	"JURASSIC WORLD DINOZAUR INDOMINUS REX figurka 53,3 cm ze ?wiat?em d?wi?kiem"
Jura	"Automatyczny ekspres ci?nieniowy do kawy Jura E8 Piano EC 3,5-cal wy?w."
K2	K2 Akra 5L - MYCIE SILNIKA / MOCNY P?YN
K rcher	"MOCNA Parownica KARCHER SC 4 EasyFix 2000W 3,5 BAR Mop Parowy Myjka Parowa"
K rcher	CZY?CIK PAROWY KARCHER SC 1 MULTI & UP EU 1.516-410.0
Kendamil	Mleko Kendamil 2 Premium Organiczne Bio Nature 800g Bez Oleju Rybiego
Kenwood	Robot kuchenny planetarny KENWOOD [KWL90.594.SI](http://KWL90.594.SI) Titanium Chef Patissier XL
Kenwood	Robot kuchenny planetarny KENWOOD [KWL90.594.SI](http://KWL90.594.SI) Titanium Chef Patissier XL
Kenwood	"Robot kuchenny Kenwood KWL90 004SI 1400W 5,7L"
Kinder	Kalendarz adwentowy ze s?odyczami Kinder w kszta?cie domku
Kinderplay	W ZEK DLA LALEK G??BOKI SPACER WKA GONDOLA 3w1 KINDERPLAY TORBA PO?CIEL
Kinderplay	KLOCKI MAGNETYCZNE KONSTRUKCYJNE 3D EDUKACYJNE UK?ADANKA 70szt
Kinderplay	KLOCKI MAGNETYCZNE 3D KONSTRUKCYJNE KREATYWNE UK?ADANKA DLA DZIECI XXL 120
Kinderplay	KLOCKI MAGNETYCZNE 3D KONSTRUKCYJNE KREATYWNE UK?ADANKA DLA DZIECI XXL 120
Kingston	Pami?? RAM Kingston FURY Beast DDR5 64GB (2 x 32GB) 6000 CL30 XMP 3.0 EXPO
Kingston	Pami?? RAM Kingston FURY Beast 16GB (2 x 8GB) 3200
Kleber	4 x Kleber Quadraxer 3 205/55R16 91 H 3PMSF opona ca?oroczna
Krups	Ekspres do kawy ci?nieniowy KRUPS Sensation Milk M50 EA9129 automatyczny
Krups	Ekspres do kawy ci?nieniowy KRUPS Sensation Milk M50 EA9129 automatyczny
Kukirin	"Kukirin G2 2025 Nowy sk?adane pojazdy elektryczne 1200W 45KM/H 15Ah 48V 10"""
La Roche-Posay	"La Roche Posay Cicaplast Baume B5+, Koj?cy balsam regeneruj?cy, 40ml"
Lavazza	Kawa ziarnista LAVAZZA Qualita Oro Arabica 1 kg
Lavazza	Kawa ziarnista Lavazza Espresso 1kg
Lavazza	Kawa mielona Lavazza Espresso 10x 250g
Lavazza	Kapsu?ki Lavazza Nespresso Qualita ORO 10 sztuk
LEGO	LEGO Technic 42173 Koenigsegg Jesko Absolut szary hipersamoch d zestaw 10+
LEGO	LEGO Star Wars 75192 Sok ? Millennium
LEGO	LEGO Harry Potter Potworna ksi?ga potwor w zz?bami dla dzieci z minifigurk?
LEGO	LEGO Harry Potter Potworna ksi?ga potwor w zz?bami dla dzieci z minifigurk?
LEGO	LEGO Creator 3 w 1 Przytulny dom 31139
LEGO	60414
Lehmann	ROBOT PLANETARNY KUCHENNY MIKSER GRZANA MISA WAGA WY?WIETLACZ FERMENTACJA
Lenovo	Lenovo X13s 8-rdzeni Zero ha?asu Bateria 28H 1kg Modem 5G Office Windows 11
Lenovo	Lenovo IdeaPad 5 2-in-1 14Q8X9 X Plus X1P-42-100 / 16 GB / 1 TB / W11
LG	TELEWIZOR LG OLED65C51LA 4K UHD 120Hz WEBOS 25 DOLBY VISION VRR THINQ 65C51
LG	TELEWIZOR LG OLED55C54LA 4K UHD 120Hz WEBOS 25 DOLBY VISION VRR THINQ 55C54
LG	TELEWIZOR LG OLED55C51LA 4K UHD 120Hz WEBOS 25 DOLBY VISION VRR THINQ 55C51
LG	Telewizor 50 cali LED LG 50UR781C0LK.AEU Smart TV 4K UHD czarny
LG	SOUNDBAR LG SC9S 3.1.3 KANA?OWY DOLBY ATMOS 400W
LG	PRZYLGI KURIERSKIE koperty kangurki C5 1000 szt
LG	LG S70TY Soundbar g?o?nik do TV Bluetooth
LG	"LG 34GS95QE-B monitor komputerowy 86,4 cm (34"") 3440 x 1440 px Wide Qu..."
LG	Cichy Osuszacz Powietrza 12L/24H WAVE Poch?aniacz Wilgoci ION+WIFI 40 m 
Logitech	Kierownica PC Logitech G29 DO GIER Driving Force z Peda?ami + SHIFTER
Lovela	"LOVELA Baby Hipoalergiczne Mleczko do Koloru 4,5L"
Ludwik	P?yn do mycia naczy? LUDWIK Malinowy 5000 ml
Makita	M?ot udarowy SDS Plus akumulatorowe Makita DHR243RTJ 2J 18V
Makita	MAKITA DUC150Z01 PILARKA ?A?CUCHOWA DO GA??ZI AKUMULATOROWA 18V 150mm
Makita	MAKITA DUC150Z01 PILARKA ?A?CUCHOWA DO GA??ZI AKUMULATOROWA 18V 150mm
Makita	MAKITA 18V WKR?TARKA DDF482 ZAKR?TARKA DTD156 DLX2339JX1 bez baterii i ?ad.
Makita	MAKITA 18V WKR?TARKA DDF482 ZAKR?TARKA DTD156 DLX2339JX1 bez baterii i ?ad.
Maped	Tablica pod?wietlana MAPED LUMI BOARD
MAX	PODNO?NIK P?YT REGIPS W GIPSOWO KARTONOWYCH 3.5m OSB GK GIPSOWYCH STOJAK
Melitta	Kawa mielona MELITTA AUSLESE KLASSISCH 500g
Mercator Medical	R?kawiczki NITRYLOWE czarne MERCATOR NITRYLEX AQL 1.5 r. L 100 szt.
Meta	REGA? WARSZTATOWY MAGAZYNOWY METALOWY DO PIWNICY 180x90x40cm 5 P ?EK 875KG
Meta	REGA? METALOWY DO GARA?U SPI?ARNI PIWNICY SOLIDNY 900kg 6 P ?EK 222x90x40cm
Meta	Lampa sufitowa ?yrandol Plafon Metalowa LOFT LED 3xE27 czarna 382-E3 SPOT
Meta	KWIETNIK STOJ?CY METALOWY LOFTOWY CRAFT STOJAK NA KWIATY RO?LINY P ?KI
Meta	Klatka dla psa kennelowa do samochodu transportowa metalowa kojec 92x57x63
Michelin	MOCNA OGRODOWA Myjka ci?nieniowa 3000W mosi??na g?owica ZESTAW
Michelin	4x OPONY ZIMOWE 225/45R18 Michelin Pilot Alpin 5
Microsoft	XBOX SERIES S 512GB
Microsoft	XBOX SERIES S 512GB
Microsoft	PAD MICROSOFT XBOX ONE S / X KONTROLER DLA GRACZY PULSE RED CZERWONY
Microsoft	Konsola MICROSOFT XBOX Series X z nap?dem Blu-ray 4K UHD 1TB
Microsoft	Konsola MICROSOFT XBOX Series X z nap?dem Blu-ray 4K UHD 1TB
Milwaukee	Zestaw bit w udarowych SHOCKWAVE 75 szt. Milwaukee 4932492008
Milwaukee	WIERTARKO-WKR?TARKA UDAROWA AKUMULATOROWA 158Nm M18 FPD3-0X MILWAUKEE
Milwaukee	Milwaukee M18B5 2x Akumulator 5.0Ah 18V Bateria Orygina? 4932430483
Milwaukee	"Klucz udarowy 1/2"" 2034Nm MILWAUKEE M18 FHIW2F12-0X 4933492782 Walizka HD1"
Milwaukee	"Klucz udarowy 1/2"" 2034Nm MILWAUKEE M18 FHIW2F12-0X 4933492782 Walizka HD1"
MK Cafe	MK Cafe Premium 1kg kawa ziarnista
MK Cafe	MK Cafe Premium 1kg kawa ziarnista
MK Cafe	Kawa ziarnista MK Cafe Select 1000 g
MK Cafe	Kawa ziarnista MK Cafe Select 1000 g
MK Cafe	Kawa ziarnista MK Cafe Crema 1 kg
MK Cafe	Kawa ziarnista MK Cafe Crema 1 kg
MK Cafe	Kawa mielona MK Cafe Sahara 250g
MK Cafe	Kawa mielona MK Cafe Sahara 250g
Monin	Monin Syrop KARMELOWY Caramel 700 ml karmel do kawy herbaty deser w
Monin	Monin Syrop KARMELOWY Caramel 700 ml karmel do kawy herbaty deser w
Motorola	Smartfon Motorola Moto G86 5G 12/256GB Pantone Spellbound
Motorola	Smartfon Motorola Moto G56 8 GB / 256 GB 5G czarny
Motorola	Smartfon MOTOROLA MOTO G15 POWER 8/256GB Szary IP54 NFC DualSim
Motorola	"Smartfon MOTOROLA MOTO G05 4GB 128GB Zielony 6,67"" 1604 x 720 px, 90Hz IP54"
Motorola	"Prezent Smartfon Motorola edge 40 neo 12/256GB 6,55"" 144Hz 50Mpix Czarny"
Motorola	"Prezent Smartfon Motorola edge 40 neo 12/256GB 6,55"" 144Hz 50Mpix Czarny"
Motorola	MOTOROLA T82 EXTREME KR TKOFAL WKI WALKIE TALKIE DO 10km
Motorola	MOTOROLA T42 [3 kr tkofal wki walkie-talkie]
Moza	Filtr do wody odwr cona osmoza RO7+ JONIZATOR WODY
NAC	Aboca NeoBianacid nadkwasowo?? i refluks 45 tabl
NAC	Aboca NeoBianacid nadkwasowo?? i refluks 45 tabl
NAVITEL	NAVITEL DVR R600 REJESTRATOR JAZDY KAMERKA Full HD
Neno	Podgrzewacz pude?ko do chusteczek nawil?anych NENO CALOR dla niemowl?t
Neo	4F M?SKA KURTKA ZIMOWA OCIEPLANA M579 roz. L MEMBRANA NEO'DRY 5.000
NEO TOOLS	NEO KLUCZE NASADOWE ZESTAW 216 ELEMENT W 10-216 1/2-1/4
Nescafe	Kapsu?ki Nescafe Dolce Gusto Flat White 16 kaw
Nikon	NIKON D7500 + NIKON NIKKOR 18-140MM VR + GRATISY
Nikon	Lustrzanka Nikon D7500 korpus
Nikon	Aparat fotograficzny Nikon Z8 korpus czarny
Nikon	Aparat fotograficzny Nikon Z8 korpus czarny
Ninja	Frytownica bezt?uszczowa Ninja AF500EU 10L frytownica air fryer
Ninja	"Frytkownica bezt?uszczowa Ninja AF500EU 2470 W 10,4l"
Nintendo	Prezent Gra MINECRAFT Nintendo Switch PL
Nintendo	NINTENDO SWITCH 2 + POK MON LEGENDS: Z-A (do pobrania)
Nintendo	MEGA ZESTAW NINTENDO SWITCH 2 256GB + AKCESORIA + MARIO KART + ZESTAW GIER
Nintendo	Konsola Nintendo Switch OLED bia?y
Nokian	1x OPONA 205/55R16 Nokian Tyres Seasonproof 1
Nokian	1x OPONA 205/55R16 Nokian Tyres Seasonproof 1
Nokian Tyres	1x opona zimowa 235/45R18 Nokian WR SNOWPROOF P
Nordic Naturals	Nordic Naturals OMEGA-3 smak Cytrynowy KWASY OMEGA 3 EPA DHA 1560mg 237 ml
OnePlus	Smartfon OnePlus 15 16/512GB 165Hz Fioletowy
OnePlus	Smartfon OnePlus 15 16/512GB 165Hz Fioletowy
Oneplus	Smartfon OnePlus 15 16 GB / 512 GB 5G czarny
Oppo	Smartfon telefon OPPO Reno13 FS 5G 12/512 GB szary
Oppo	Smartfon telefon OPPO Reno13 FS 5G 12/512 GB szary
Oral-B	Szczoteczka magnetyczna Oral-B iO5 Quite White
Oral-B	Szczoteczka elektryczna Oral-B iO 5 r ?owy magnetyczna 5 program w intel
Oral-B	SZCZOTECZKA DO Z?B W SONICZNA ELEKTRYCZNA ORAL-B PULSONIC SLIM 2000 CZARNA
Oral-B	SZCZOTECZKA DO Z?B W ORAL-B IO SERIES 4 MAGNETYCZNA QUITE WHITE + ETUI
Oral-B	ORAL-B SZCZOTECZKA ELEKRYCZNA DWUPAK PRO 3 3900N + KO?C WKI DODATKI
Oral-B	Oral-B iO 3 Elektryczna szczoteczka do z?b w
Oral-B	Ko?c wki Oral-B Pulsonic Clean do sonicznych szczoteczek 4 sztuki
Oral-B	Ko?c wki do szczoteczki Oral-B Pulsonic Sensitive
Oral-B	4x KO?C WKI DO SZCZOTECZKI ORAL-B PRECISION CLEAN
OstroVit	"OstroVit Creatine Monohydrate 3300, kapsu?ki, 400 szt."
Paclan	Reklam wki jednorazowe Paclan EXPERT 43x35 cm przezroczyste 120 sztuk
Pampers	Pieluchomajtki Pampers NINJAMAS MB PANTS Rozmiar 8 54 szt. BOY
Pampers	"Pampers Premium Care pieluszki rozmiar 2 (4-8 kg), 224 szt."
Pampers	"Pampers Premium Care - pieluszki dla dzieci rozmiar 4, 9-14 kg, 174 szt."
Pampers	PAMPERS CHUSTECZKI NAWIL?ANE HARMONIE AQUA 9x48
Pampers	PAMPERS CHUSTECZKI NAWIL?ANE HARMONIE AQUA 9x48
Pampers	Pampers Active Baby Pants Rozmiar 7 Pieluchomajtki 114 szt Miesi?czny zapas
Panini	"PANINI FIFA ADRENALYN XL 2026 PUSZKA KOLEKCJONERA, 52 karty pi?karskie"
Parkside	PARKSIDE PERFORMANCE KLUCZ UDAROWY DO K ? AKUMULATOROWY 20V 1356 Nm
Parkside	Klucz udarowy Parkside Performance PASSP 20-Li C4 Akumulator 4ah ?adowarka
Patriot	RAM DDR5 Patriot Viper Venom RGB 64GB (2x32GB) 6000MT/s CL30 AMD EXPO / XMP
Pellini	W?OSKA KAWA ZIARNISTA PELLINI ESPRESSO BAR CREMOSO NO.9 WYSOKA JAKO?? 1000G
Persil	"Uniwersalny ?el do prania Persil Tiefenrein 113 pra? 5,7L z Niemiec"
Perwoll	Perwoll Renew Black P?yn do Prania Ciemnych Tkanin 3l 60 Pra?
Perwoll	Perwoll Renew Black P?yn do Prania Ciemnych Tkanin 3l 60 Pra?
Pharmaceris	Pharmaceris H preparat do intensywnej kuracji stymuluj?cej wzrost w?. 125ml
Philips	Zestaw Szczoteczek sonicznych PHILIPS Sonicare czarna i r ?owa 2x ?adowarka
Philips	ZESTAW GOLARKA TRYMER PHILIPS ONEBLADE 360 QP2734 NASADKA 5 w 1
Philips	ZESTAW GOLARKA TRYMER PHILIPS ONEBLADE 360 QP2734 NASADKA 5 w 1
Philips	?elazko parowe Philips Azur seria 8000 DST8041/80
Philips	"?AR WKI LED H7 PHILIPS ACCESS VOLKSWAGEN GOLF IV 4, BORA, PASSAT B5, EOS"
Philips	"Telewizor Philips LCD 50"" 4K/50PUS7810/12 PHILIPS"
Philips	PHILIPS ?AR WKI LED H7 / H18 ULTINON ACCESS PLUG&PLAY 6000K GWARANCJA
Philips	Philips HX6851/34 Sonicare 5100 2x Szczoteczka Soniczna
Philips	MASZYNKA DO STRZY?ENIA W?OS W 11D?UGO?CI STRZY?ARKA M?SKA QC5115/15 PHILIPS
Philips	MASZYNKA DO STRZY?ENIA W?OS W 11D?UGO?CI STRZY?ARKA M?SKA QC5115/15 PHILIPS
Philips	GOLARKA M?SKA PHILIPS ONEBLADE 360 MASZYNKA DO ZAROSTU TRYMER 5w1 + ETUI
Philips	GOLARKA M?SKA PHILIPS ONEBLADE 360 MASZYNKA DO ZAROSTU TRYMER 5w1 + ETUI
Philips	Generator pary All in One parownica do ubra? stoj?ca Philips AIS8540/80
Philips	Automatyczny ekspres ci?nieniowy Philips Silent Brew EP 2334/10 1500 W
Philips	2x Szczoteczka Soniczna Elekrtyczna do Z?b w Sonicare Philips HX3675/15
Pirelli	1x 225/45R17 Pirelli Cinturato All Season SF3
Playstation	THE LAST OF US PART I POLSKA WERSJA PS5 P?YTA PLAYSTATION 5 GRA BOX NOWA
Playstation	MINECRAFT + 3500 TOKEN W POLSKA WERSJA PS5 P?YTA PLAYSTATION 5 GRA BOX NOWA
Playstation	Gran Turismo 7 PlayStation 5 (PS5) pude?kowa
Poco	Smartfon POCO F8 Pro 12 GB / 512 GB 5G CZARNY BLACK Z ?ADOWARK? OUTLET
Poco	"POCO F7 6,83"" 5G 12/512GB AMOLED NFC WIFI7 BT6.0 GPS DUAL SIM"
Poco	POCO F7
Pokemon	Zestaw kart Pokemon TCG: S&V - Surging Sparks - Booster Pack (1 Paczka)
PRO X	Alkomat elektrochemiczny Pro X-3 + gratisy
Promienie S?o?ca	PISTACJE PRA?ONE SOLONE 1kg Pistacja Du?e Naturalne Orzechy ?wie?e
Promienie S?o?ca	PISTACJE Pra?one Niesolone 1 kg 1000 g w ?upinie Promienie S?o?ca
Promienie S?o?ca	PISTACJE Pra?one Niesolone 1 kg 1000 g w ?upinie Promienie S?o?ca
Pure Chemical	WODA DEMINERALIZOWANA 20L (4x 5L)
Pure Chemical	"Glikol propylenowy 1l + Gliceryna ro?lina GLIKOL I GLICERYNA 1l~2,3kg"
Pure Chemical	"Glikol propylenowy 1l + Gliceryna ro?lina GLIKOL I GLICERYNA 1l~2,3kg"
Purina	Purina PRO PLAN Veterinary Diets HA Hypoallergenic dla psa 11kg
Purina ONE	KARMA PURINA ONE STERILCAT KARMA DLA DOROS?YCH KOT W DOROS?YCH 85g 1*40
Purina ONE	KARMA MOKRA PURINA ONE ADULT MULTIPACK 40X85G SOSIE
Rafi	Wodne Chusteczki nawil?ane WaterWipes 9 x 60 szt. NOWA SZATA GRAFICZNA
Rafi	RAFI z jagni?cin? Sucha karma dla psa Worek 10kg
Rafi	RAFI mokra karma dla psa doros?ego - mix 6 smak w - puszka 24x400g
Rafi	RAFI mokra karma dla psa doros?ego - mix 6 smak w - puszka 24x400g
Rafi	"MEBLE KUCHENNE KUCHNIA ZESTAW SZAFKI S?UPEK BLAT JOLA 3,2M GRAFIT"
Rafi	"MEBLE KUCHENNE KUCHNIA ZESTAW SZAFKI MODU?OWE BLAT JOLA 2,4M GRAFIT"
Rafi	APARAT CYFROWY FOTOGRAFICZNY DLA DZIECI 40Mpx KAMERA ZABAWKA GRY+KARTA 32GB
Realme	"Smartfon realme GT 7T 5G 12/512GB 6,78 "" AMOLED 120Hz NFC Dual SIM Czarny"
Realme	"Smartfon realme GT 7T 5G 12/512GB 6,78 "" AMOLED 120Hz NFC Dual SIM Czarny"
Rebel	W?adca Pier?cieni: Los Dru?yny Pier?cienia
Roborock	Robot sprz?taj?cy Roborock S8 MaxV Ultra Mopowanie Stacja oczyszczaj?ca
Roborock	Robot sprz?taj?cy Roborock S8 MaxV Ultra Mopowanie Stacja oczyszczaj?ca
Roborock	Robot sprz?taj?cy Roborock Qrevo 5AE 12000 Pa 5200 mAh Mopowanie Czarny
Roto	"Zestaw MONITORINGU WiFi 4 KAMERY Obrotowe 5MP 5MPx AUDIO , CZARNY"
Roto	SOKOWIR WKA WYSOKOOBROTOWA do owoc w i warzyw FreshJuice TRANSA 1400W
Roto	ELEKTRONICZNA NIANIA Feegar KAMERA OBROTOWA LCD 5'' 5000mAh ZOOM Nagrywanie
Royal Canin	ROYAL CANIN Sucha karma dla psa SHN Mini Adult BF 8kg
Ruhhy	"Robot Planetarny Kuchenny Mikser Wielofunkcyjny Du?a Misa z Mis? 4,5L Mocny"
Ruhhy	Frytkownica Bezt?uszczowa Frytownica Nieprzywieraj?ca AIR FRYER 8L Przepisy
Ruhhy	CHOINKA SZTUCZNA DIAMENTOWA G?STA JAK ?YWA DU?A ?WI?TECZNA DEKORACJA 220 CM
Samsung	"Telewizor Smart TV 55"" Samsung QE55Q7F2A 4K QLED Tizen TV HDMI 2.1 HEVC"
Samsung	"TELEWIZOR SAMSUNG UE65U8092F 65"" UHD 4K Smart TV Apple AirPlay"
Samsung	Telewizor Samsung QLED QE50Q8FAAUXXH
Samsung	"Telewizor Samsung QE65Q7FAAUXXH 65"" QLED 4K UHD Tizen Smart TV"
Samsung	"Telewizor Samsung QE55Q7FAAUXXH 55"" QLED 4K UHD Tizen Smart DYSTRYBUCJA PL"
Samsung	"Telewizor Samsung QE43Q8FAAUXXH 43"" 4K UHD"
Samsung	"Telewizor QLED Samsung QE65QN800D 65"" 8K UHD"
Samsung	Telewizor 65 cali LED Samsung UE65U8072FUXXH 4K UHD Tizen Smart TV czarny
Samsung	Telewizor 65 cali LED Samsung UE65U8072FUXXH 4K UHD Tizen Smart TV czarny
Samsung	Tablet SAMSUNG Galaxy Tab S10 FE 10.9 5G 12GB 256GB Szary
Samsung	Soundbar Samsung HW-B650D/EN 3.1 370 W czarny
Samsung	Smartwatch Samsung Galaxy Watch8 44mm Grafitowy LTE
Samsung	"Smartfon Samsung Galaxy Z Flip7 12/512GB 6,9/4,1"" 50Mpix Czarny"
Samsung	Smartfon Samsung Galaxy S25 5G 12GB / 512GB Icy Blue
Samsung	Smartfon Samsung Galaxy S25 12 GB / 512 GB 5G srebrny
Samsung	Smartfon Samsung Galaxy S24+ 12 GB / 256 GB 5G czarny
Samsung	Smartfon Samsung Galaxy S24+ 12 GB / 256 GB 5G czarny
Samsung	Smartfon Samsung Galaxy A16 4 GB / 128 GB 4G (LTE) szary
Samsung	Smartfon Samsung Galaxy A16 4 GB / 128 GB 4G (LTE) szary
Samsung	S?uchawki bezprzewodowe Samsung Galaxy Buds3 Pro srebrne
Samsung	Samsung Galaxy S25 SM-S931 12/256GB blue black
Samsung	Samsung Galaxy S24 ULTRA 256GB DualSIM OUTLET
Samsung	Samsung Galaxy S23 S911B 8/128GB Cream Kremowy + Gratis Szk?o i Etui
Samsung	Samsung Galaxy S23 PLUS 256GB DualSIM
Samsung	SAMSUNG GALAXY S23 8GB 256GB PE?NY ZESTAW FOLIE
Samsung	SAMSUNG GALAXY S22 ULTRA 5G 12 GB / 256 GB SM-S908B/DS
Samsung	SAMSUNG GALAXY S22 8GB 128GB PE?NY ZESTAW FOLIE
Samsung	Samsung Galaxy S21 FE 5G 6/128GB SM-G990B Graphite
Samsung	Samsung Galaxy S21 FE 5G 6/128GB SM-G990B Graphite
Samsung	SAMSUNG GALAXY S21 8GB 256GB PE?NY ZESTAW FOLIE
Samsung	SAMSUNG GALAXY S21 8GB 128GB PE?NY ZESTAW FOLIE
Samsung	Samsung Galaxy A52S 5G SM-A528B 6/128 Black Czarny + Gratisy Szk?o i Etui
SanDisk	Karta pami?ci SANDISK MicroSDXC 256GB
Sapphire	Zegarek Smartwatch GARMIN FENIX 8 PRO 51mm AMOLED SAPPHIRE Titanium
Scheppach	?uparka do Drewna Hydrauliczna Pionowa Scheppach Compact 8T 3500 W 400 V
Sheba	SHEBA Smaki Rybne w Galaretce 80x85g
Sheba	SHEBA SELECTION SELECT SLICES DROBIOWE SMAKI W SOSIE SASZETKI 120X85 G
Sheba	SHEBA Nature s Collection Drobiowe Smaki 40x85 g
Sheba	SHEBA NATURE S COLLECTION 4 SMAKI W SOSIE 40x85G
Sheba	SHEBA Kitten wyb r smak w mokra karma dla koci?t w sosie 40x85 g
Siemens	Siemens tabletki do odkamieniania ekspresu 3szt
Siemens	Filtr wody Brita do ekspresu Siemens TZ 70003 Oryginalny
Siemens	Ekspres ci?nieniowy Siemens EQ.6 plus TE651209RW
Siemens	Ekspres ci?nieniowy do kawy Siemens EQ700 TP713R09 1500W automatyczny
Simon	Gniazdo Elektryczne ?cienne Kontakt-simon bia?y DGZ2MZ.01/11
Smith	Kask SMITH LIBERTY MIPS M
SodaStream	SATURATOR SODASTREAM TERRA ZESTAW DO WODY GAZOWANEJ 3 BUTELKI NAB J 5 el
SodaStream	SATURATOR DO WODY SODASTREAM TERRA CZARNY 2 BUTELKI CYLINDER 6 NAPOI ZESTAW
SodaStream	SATURATOR DO WODY SODASTREAM TERRA CZARNY 2 BUTELKI CYLINDER 6 NAPOI ZESTAW
Sony	S?uchawki nauszne bezprzewodowe Sony WH-1000XM6 + Etui Czarne
Sony	PlayStation 5 Digital 825 GB (model Slim) [CFI-2116] CFI-2116
Sony	Pad SONY PS5 bezprzewodowy DualSense Cosmic Red z Analogami TMR
Sony	Okulary VR Sony PlayStation VR2
Sony	KONTROLER PS5 SONY DUALSENSE ICE BLUE
Sony	Kontroler Bezprzewodowy Pad PS5 SONY DualSense V2
Sony	KAMERA SAMOCHODOWA WIDEOREJESTRATOR 4K 2K SONY LUSTERKO REJESTRATOR JAZDY
Sony	Aparat fotograficzny Sony A7C II korpus Srebrna
Spin Master	GEKON RC ?WIEC?CY W CIEMNO?CI ZDALNIE STEROWANA JASZCZURKA PE?ZA PO ?CIANIE
Springos	CHOINKA SZTUCZNA NA PNIU SOSNA DIAMENTOWA G?STA O?NIE?ONA 180cm + GRATIS
Stanley	STANLEY OIL-FREE COMPRESSOR 24L 8bar set hose gun
Steam	"PAROWNICA NA PLUSKWY MYJKA PAROWA NA OWADY STEAMER OKIEN 13ELEMENT W 3,5BAR"
Stiga	POT??NY TRAKTOR OGRODOWY KOSIARKA STIGA ESTATE 384 KOSZ 240L 90cm SPALINOWY
Super Benek	?WIREK DLA KOTA KUKURYDZIANY ZBRYLAJ?CY NATURALNY SUPER BENEK CORN CAT 7L
Super Benek	?WIREK DLA KOTA KUKURYDZIANY ZBRYLAJ?CY NATURALNY SUPER BENEK CORN CAT 7L
Tassimo	Kapsu?ki TASSIMO Jacobs Milka do ekspresu Bosch Tassimo (10 szt.)
TCL	"Telewizor QLED TCL 55P7K 55"" 4K UHD czarny"
Tech	NIKWAX Tech Wash 1 l
Tefal	Zestaw Patelni i Garnk w TEFAL Emotion L897SJ04 (20 element w)
Tefal	tradycyjna TYTANOWA patelnia do sma?enia gastronomiczna gaz indukcja 32 cm
Tefal	Patelnie TEFAL Ingenio Unlimited 22/26 R?CZKA
Tefal	Frytkownica bezt?uszczowa Tefal Dual Easy Fry EY942HE0 2700W 11l
TENA	Wielopak 6x20szt TENA MEN ACTIVE FIT LEVEL 2 m?skie wk?adki ch?onno?? 4/8
TENA	Wielopak 6x20szt TENA MEN ACTIVE FIT LEVEL 2 m?skie wk?adki ch?onno?? 4/8
Thule	Thule VeloCompact 926 na hak Thule KATOWICE
Thule	Thule VeloCompact 926 na hak Thule KATOWICE
Thule	Sk?adana platforma baga?nik rowerowy na hak 3 rowery THULE EPOS
TM Toys	RUMMIKUB
TM Toys	RUMMIKUB
Toshiba	"DYSK PRZENO?NY ZEWN?TRZNY 1TB 1000GB 2,5'' TOSHIBA"
Trex Sport	Stepper do ?wicze? fitness skr?tny 2w1 z linkami licznikiem step Trex Sport
Trex Sport	Por?cze do ?wicze? dip w dr??ek do podci?gania regulowany Trex Sport
Universal Nutrition	ANIMAL PAK 44 Packets Witaminy saszetki Universal Nutrition Multiwitamina
Verda	SKRZYNKA NA LISTY Z ADRESEM NUMEREM DOMU NAPISEM DRUK NADRUK UV ANTRACYT
Verda	"PODNO?NIK SAMOCHODOWY NISKOPROFILOWY HYDRAULICZNY 2500KG LEWAREK ?ABA 2,5T"
Verda	ODKURZACZ DO POPIOIU 1200W 15L SEPARATOR HEPA DMUCHAWA KOMINEK PIEC
Vichy	Vichy Dercos Aminexil Clinical 21 ampu?ek dla kobiet
Vileda	"VILEDA PVAmicro Max ch?onna ?cierka do osuszania karoserii, pod? g, szyb"
Vileda	"VILEDA PVAmicro Max ch?onna ?cierka do osuszania karoserii, pod? g, szyb"
Vileda	Suszarka wolnostoj?ca pozioma Vileda 13-57 cm KING
Vileda	Scierka Vileda Micro PVA ?ciereczka Okien Luster Szyb Max oryginalne
Vileda	Scierka Vileda Micro PVA ?ciereczka Okien Luster Szyb Max oryginalne
Vileda	Mop P?aski Obrotowy Vileda Ultramax TURBO Zestaw
Volt	?ADOWARKA PROSTOWNIK DO AKUMULATORA 6V 12V 24V 15A
Volt Polska	ZASILACZ AWARYJNY PRZETWORNICA PIECA AWARYJNE ZASILANIE PIECA SINUSPRO 1000
Volt Polska	PRZETWORNICA NAPI?CIA UPS 1000W SINUS PRO 12V 230V
Waterpik	WATERPIK IRYGATOR WP-100 ULTRA BIA?Y
Wella	Lakier do w?os w - Wella Performance 500ml Bardzo Mocny
Whiskas	WHISKAS Karma mokra dla kota - Klasyczne Przysmaki w sosie Mix XXL 80x 85g
Whiskas	WHISKAS Aromatyczna Mieszanka Mokra karma dla kota w sosie saszetki 40x85g
Whiskas	MOKRA KARMA DLA KOTA WHISKAS ADULT DROBIOWA UCZTA W GALARETCE - 80X85G
Whiskas	Karma mokra dla kota WHISKAS Rybne przysmaki w galarecie 40x85 g
Whiskas	Karma dla kota WHISKAS Mix Smak w (40 x 85 g)
Wiejska Zagroda	Wiejska Zagroda Karma sucha dla psa WO?OWINA INDYK WARZYWA Du?e rasy L 9kg
Wiejska Zagroda	Karma sucha Wiejska Zagroda Indyk i Jagni?cina Chrupki M - 9kg
Wiejska Zagroda	Karma sucha Wiejska Zagroda Indyk i Jagni?cina Chrupki M - 9kg
Wuber	KOBY?KI SAMOCHODOWE WARSZTATOWE MOCNE ZABEZPIECZENIE 2 SZTUKI 3T + GUMA
Wuber	KOBY?KI SAMOCHODOWE WARSZTATOWE MOCNE ZABEZPIECZENIE 2 SZTUKI 3T + GUMA
Xiaomi	XIAOMI USB-C SZYBKA ?ADOWARKA 90W MOCNA + 1M KABEL DO TRANSMISJI DANYCH
Xiaomi	Xiaomi Redmi Note 14 Pro 5G Smartfon 12 GB / 512 GB 5G Fioletowy 5500mAh Nowo??
Xiaomi	Xiaomi Redmi Buds 6 Lite s?uchawki dokana?owe ANC Bluetooth bia?e
Xiaomi	Xiaomi Redmi Buds 6 Lite s?uchawki dokana?owe ANC Bluetooth bia?e
Xiaomi	Xiaomi 15T 12GB+256GB
Xiaomi	Telewizor Xiaomi 65'' A Pro 2026 QLED 4K Google TV
Xiaomi	Smartwatch XIAOMI REDMI watch 5 Lite z?oty zegarek m?ski damski funkcje do
Xiaomi	Smartfon Xiaomi Redmi Note 14 Pro 8 GB / 256 GB 4G (LTE) niebieski
Xiaomi	Smartfon Xiaomi Redmi Note 13 Pro+ 12 GB / 512 GB 5G czarny
Xiaomi	Smartfon Xiaomi Redmi 15C 4/128 GB 5G czarny
Xiaomi	KAMERA WEWN?TRZNA XIAOMI WI-FI DO DOMU BIURA BEZPIECZE?STWO OCHRONA 360 
Yato	YATO KLUCZE P?ASKO-OCZKOWE 6-32 25SZT YT-0365 ZESTAW
Yato	YATO KLUCZ PNEUMATYCZNY UDAROWY DO K ? 1/2 1700Nm KOMPOZYTOWY YT-09544
Yato	YATO AKUMULATOR 6AH 18 V
Yves Saint Laurent	YVES SAINT LAURENT YSL Y LE PARFUM 60 ML PRODUKT
Ziaja	Zestaw kosmetyk w Ziaja Jeju R ?owy zestaw okoliczno?ciowy prezentowy
Ziaja	Zestaw kosmetyk w Ziaja Jeju R ?owy zestaw okoliczno?ciowy prezentowy
Zipro	Rowerek Treningowy Rower Stacjonarny Magnetyczny do 150kg + Bidon - ZIPRO
Zipro	?aweczka do ?wicze? ?awka Treningowa Regulowana Sk?adana Zipro Grind
Zwieger	ZWIEGER OBSIDIAN PATELNIA KUCHENNA TRADYCYJNA 28CM NIEPRZYWIERAJ?CA PREMIUM
Bosch	ZMYWARKA BOSCH SMS25AI05E
Clementoni	Naukowa zabawa. Super mikroskop. Clementoni
Kamikaze	Hulajnoga elektryczna Kamikaze K1 Lite 800W 60km 10'' Czarno-pomara?czowy
Lehmann	FRYTKOWNICA BEZT?USZCZOWA FRYTOWNICA AIRFRYER DU?A MISA PROGRAM W 1800W 8L
Activision Blizzard	Call of Duty: Black Ops 7 PS5
ADLER	Adler AD2167
Akord	Szafa dwudrzwiowa 90 cm sypialnia 2 drzwi 2 szuflady 4 p ?ki pojemna Bia?a
Akord	Szafa do Sypialni Z Nadstawk? 100 cm 6 Drzwi 9 P ?ek Naro?na D?b Sonoma
Akuku	Zas?onki Przeciws?oneczne Czarne Akuku
Alexander	Ale Pary ?wi?teczne Alexander
AMD	Procesor AMD Ryzen 7 7800X3D / AM5 / 4.2 GHz / 96 MB / TRAY
Aqara	Aqara Sterownik E1 SRTS-A01
Aqara	Aqara Sterownik E1 SRTS-A01
Aquael	"AQUAEL Ultramax 1500 Filtr zewn?trzny do akwarium 250-450l,nowa wersja"
Behringer	BEHRINGER XR18 X AIR MIKSER AUDIO CYFROWY WIFI RACK
Betlewski	Betlewski czerwony Portfel damski zabezpieczenie RFID pomys? na prezent
BioTab	TABLETKI DO SZAMBA BioTab All in One SILNE Bakterie T?USZCZ ZAPACH 2 LATA
Bitzee	BITZEE. PI?KA INTERAKTYWNA Z CHOMIKIEM
Bitzee	BITZEE. PI?KA INTERAKTYWNA Z CHOMIKIEM
Bostik	"Klej monta?owy Mamut bia?y, Bostik 290 ml"
Bostik	"Klej monta?owy Mamut bia?y, Bostik 290 ml"
Camry	OPIEKACZ DO ORZESZK W DO CIASTEK XL 24 SZT SZYBKIE PIECZENIE FORMA 1600W
CatWalk	?wirek dla kota silikonowy bezpy?owy CatWalk Diamonds
Cellfast	CELLFAST ?OPATA DO ?NIEGU ZBO?A ODPORNA NA MR Z 40-340 plus skrobaczka 49cm
Chanel	Woda perfumowana Chanel N 5 kwiatowa 100 ml
Connetix	Klocki Magnetyczne konstrukcyjne du?e 102 el CONNETIX Rainbow Creative Pack
Crucial	Pami?? Crucial Pro Overclocking DDR5 32 GB (2x16GB) 6000MHz CL36
Dior	Dior Brush - Full Coverge Fluid Foundation Brush Nr.12 - P?dzel do podk?adu
Duracell	Baterie Duracell LR6 LR06 AA alkaliczne 24 szt. d?uga ?ywotno??
Erborian	ERBORIAN CC RED CORRECT - KREM CC PRZECIW ZACZERWIENIENIOM 45 ML SPF25
Essensey	OMEGA 3 3000 MG Z RYB + WITAMINA E SERCE M ZG WZROK EPA DHA TRAN OLEJ RYBI
Essensey	ASHWAGANDHA FORTE 666mg Mocny Ekstrakt Stres Relaks Ashwaganda Korze?
FLAEM	INHALATOR FLAEM DLA DOROS?YCH I DZIECI NEBULIZATOR PROFESJONALNY Delphinus
FreeStyle	"FreeStyle Libre 2, system monitorowania st??enia glukozy, sensor, 1 sztuka"
French Avenue	FRENCH AVENUE LIQUID BRUN WODA PERFUMOWANA 100ML ORYGINA?
FromSoftware	BLOODBORNE EDYCJA GRY ROKU GOTY / PL / PS4 / NOWA
FromSoftware	BLOODBORNE EDYCJA GRY ROKU GOTY / PL / PS4 / NOWA
GC	P?ynne szkliwo GC Tooth Mousse truskawka 35 ml
Gourmet Perle	PURINA GOURMET PERLE MINI FILECIKI W SOSIE MOKRA KARMA DLA KOTA 12x85g
Grundfos	Pompa cyrkulacyjna GRUNDFOS 15-14 B PM z kablem
Grundfos	Grundfos ALPHA1L 25-60/180 pompa obiegowa
Happy Home	KUCHENKA TURYSTYCZNA WALIZKA NA KARTUSZE W WALIZCE 4X GAZ KARTUSZ GRATIS GE
Happy Home	KUCHENKA TURYSTYCZNA LEKKA PRZENO?NA GAZOWA TURYSTYCZNA PRZENO?NA + 4x GAZY
Happy Home	KUCHENKA GAZOWA TURYSTYCZNA PRZENO?NA 2w1 + 4x GAZ WALIZKA ADAPTER NA BUTLE
Haribo	HARIBO GOLDB REN MINIS Z?OTE MISIE 100 op. 1000g ?ELKI Z NIEMIEC
Hiflofiltro	FILTR OLEJU HIFLOFILTRO HF401
Hikoki	"HIKOKI M?OTOWIERTARKA DH26PC2 2,9J WIERTARKA DH26PC Z PODKUWANIEM HITACHI"
HS	Zestaw do polerowania reflektor w HS z past? polersk? i akcesoriami
Hugo Boss	Hugo Boss Boss No.6 Bottled 100ml woda toaletowa
iLife	ILIFE W90 ODKURZACZ PIONOWY MOPUJ?CY BEZPRZEWODOWY NA MOKRO SUCHO MOP 3W1
Kanza	PARASOL GRZEWCZY GAZOWY OGRZEWACZ TARASOWY PIRAMIDA KOMINEK 227CM 13kW DU?Y
Katadyn	NRG-5 RACJA ?YWNO?CIOWA nrg5 z witaminami hermetyczna wa?no?? 01/2046 20lat
Kattovit	Zestaw pr bny Kattovit Gastro na uk?ad pokarmowy 12x85g
Keter	St ? sk?adany Work Table Keter 237005
Lattafa	Zestaw prezentowy dla kobiet Lattafa Yara Collection 4x25ml
Lexar	Lexar Dysk SSD NM620 1TB NVMe M.2 2280 3300/3000MB/s
Lexar	Karta SD Lexar 128GB 2000x Professional SDXC UHSII U3 V90
Lindt	Pralinki z czekolady mlecznej Lindt Lindor 200 g
Lionelo	"? ?eczko dostawne, wolnostoj?ce, ko?yska 3w1 zestaw dodatk w Lionelo Aurora"
Lionelo	"? ?eczko dostawne, wolnostoj?ce, ko?yska 3w1 zestaw dodatk w Lionelo Aurora"
Loreal	Loreal Infinium Pure 3 Fort Strong lakier niepyl?cy do w?os w 500ml
Lucart	ETYKIETY TERMICZNE 100x150 500szt KARTON 24 ROLKI
Mamabrum	Du?y drewniany sklep stragan teatr waga terminal p?atniczy warzywa i owoce
Mamabrum	Du?y drewniany sklep stragan teatr waga terminal p?atniczy warzywa i owoce
Mamabrum	Du?y Domek Dla Lalek XXL Drewniany Mebelki Do Zestawu O?wietlenie LED
Mamabrum	DREWNIANY PCHACZ 6W1 CHODZIK DLA DZIECI STOLIK EDUKACYJNY 4059554188241
Mamabrum	Drewniany Domowy Plac Zabaw XL 5w1 Wspinaczka Hu?tawka Zje?d?alnia Drabinka
Mamabrum	DREWNIANA ZABAWKA EDUKACYJNA LODZIARNIA ZESTAW DO LOD W DLA DZIECI 3+
Mamabrum	Drewniana Lodziarnia na k ?kach - W zek z Lodami Wyb r Kszta?t w i Kolor w
Maybelline	Maybelline Lash Sensational Tusz do Rz?s
Maybelline	MAYBELLINE - LASH sensational Tusz do rz?s BLACK
Merci	ATLAS PROFESJONALNY DO ?WICZE? SUWNICA BRAMA WYCI?G TRENINGOWY COMMERCIAL
Moby System	? ?eczko Turystyczne Kojec Dla Dziecka Podr zny z Materacem Sk?adany
Movenpick	Kawa ziarnista mieszana Movenpick Crema Intensa Gusto Italiano 1000 g
Multi-Mam	"Multi-Mam Kompresy na brodawki sutkowe, dla karmi?cych mam, ukojenie 12szt."
Nasza Ksi?garnia	Sen Gra Karciana Tworzenie Sn w Krainy 8+ Nasza Ksi?garnia
Nasza Ksi?garnia	Sen Gra Karciana Tworzenie Sn w Krainy 8+ Nasza Ksi?garnia
Nexen	4x opony 205/55R16 NEXEN WINGUARD SPORT 2 91 H
Nexen	4x Opona zimowa Nexen WINGUARD SNOW G3 WH21 195/65R15 91T
Nexen	4x Nexen Winguard Snow G3 WH21 205/55R16 91T
Nexen	4x Nexen N'Blue 4Season 2 205/55R16 94V XL
Nike	Torba NIKE Sportowa Fitness Si?ownia 41L Na rami? Czarna r S - CU8097-010
Optimanova	SUCHA KARMA OPTIMANOVA ADULT MINI DIGESTIVE RABBIT KR LIK 6KG
Optimanova	SUCHA KARMA OPTIMANOVA ADULT DIGESTIVE DLA PS W Z ALERGI? 12KG
Osram	OSRAM ?ar wki LEDriving HL EASY GEN2 H7/H18 12V 16W 6500K Komplet 2 sztuk
Osram	OSRAM ?ar wka H7 NIGHT BREAKER +220% 55W 12V 2szt
Paladone	LAMPKA MINECRAFT STEVE ICONS Lampa 11cm licencja
PlayHouse	"BMW M4 SK RA, EVA, PILOT Auto na akumulator 90W, 12V 14ah, LED, Bluetooth"
Polspeed	Papier Ksero A4 POLSPEED 500 arkuszy ryza
Primabobo	"WANIENKA SK?ADANA MILO Primabobo ze stojakiem, termometr LCD, FOTELIK"
Prologic	KOMBINEZON KURTKA+SPODNIE PROLOGIC HighGrade XXL TERMICZNY ZIMA CIEP?Y
PUCCINI	Plecak Puccini Baga? Podr?czny 40x25x20 WIZZAIR RYANAIR Czarny Damski M?ski
Rayovac	Baterie do aparat w s?uchowych - RAYOVAC EXTRA - 312 / PR41 - 60 sztuk
Revolution	Revolution kalendarz adwentowy 2025 kosmetyki makija? makeup 24 dni prezent
Revolution	Makeup Revolution London Advent Calendar
Revolution	Makeup Revolution London Advent Calendar
Royal Tiger	Ry? ja?minowy PREMIUM 5kg ROYAL TIGER pandan Kambod?a AROMAT
Royal Tiger	Ry? ja?minowy PREMIUM 5kg ROYAL TIGER pandan Kambod?a AROMAT
Salus	SI?OWNIK TERMOELEKTRYCZNY DO ROZDZIELACZ T30NC 230V M30x1.5 ENERGOOSZCZ?DNY
Salus	SALUS Bezprzewodowy elektroniczny regulator temperatury 091FLRFV2
Saunier duval	Kocio? piec gazowy kondensacyjny 2f SAUNIER DUVAL THELIA CONDENS 25A
Schar	SCHAR Mix B bezg.mieszanka do wypieku pieczywa 1kg
Schar	SCHAR Mix B bezg.mieszanka do wypieku pieczywa 1kg
Sevico	MASZYNKA DO CI?CIA P?YTEK GLAZURY TERAKOTY PRZECINARKA R?CZNA 120cm 1200 mm
Silky	"?wirek silikonowy dla kota bezpy?owy SILKY 8x3,8l ZESTAW 8 sztuk"
Smart	TA?MA PAKOWA 48/66 66y KLEJ?CA BR?ZOWA 36 sztuk 36SZT 48x66
Smart	TA?MA PAKOWA 48/66 66y KLEJ?CA BR?ZOWA 36 sztuk 36SZT 48x66
Smart	TA?MA PAKOWA 48/100Y KLEJ?CA BEZBARWNA TRANSPARENT SMART 36SZT
Smart	TA?MA PAKOWA 48/100Y KLEJ?CA BEZBARWNA TRANSPARENT SMART 36SZT
Spacetronik	S?UCHAWKA BLUETOOTH 5.2 QCC3020 BEZPRZEWODOWY ZESTAW S?UCHAWKOWY 15H ROZM W
Storck	Storck Merci Petits Mix cukierk w 1 kg z Niemiec
Sucker Punch Productions	Ghost of Yotei PS5 Dubbing PL NOWA
Tesori	TESORI D'ORIENTE ZESTAW KONCENTRAT W DO P?UKANIA
Timex	Zegarek m?ski Timex Ironman Adrenaline Chronograp
Timex	Zegarek m?ski Timex Ironman Adrenaline Chronograp
Tommy Hilfiger	Zegarek m?ski Tommy Hilfiger 1710383 Czarny Solidny Chronograf Datownik Box
TP-Link	"TP-Link DECO X50 AX3000 (3-pak) ROUTER, domowy system mesh WiFi 3000MB/s"
TP-Link	"Router GSM 5G TP-Link NX220v / NX200, AX1800, Gigabit LAN, Wifi6"
Tymbark	Tymbark Just Plants Nap j Ro?linny Owsiany Klasyczny 6x1L
Tymbark	Tymbark Just Plants Nap j Ro?linny Owsiany Klasyczny 6x1L
Ubisoft	ASSASSIN'S CREED SHADOWS / PS5 / POLSKIE NAPISY / GRA NA P?YCIE
Ugreen	UGREEN Powerbank 25000mAh Do Telefonu USB 2x USB-C 145W PD QC Wy?wietlacz
Ugreen	Bezprzewodowy serwer / hub UGREEN DXP4800 Plus Szary
UVS Games	Riftbound: League of Legends TCG - Origins 1 Booster
Varta	40 x VARTA INDUSTRIAL BATERIA AA LR06 (taca)
Vet Expert	UrinoVet Cat Dilution Vet Expert kapsu?ki 45 szt.
Viano	MOCNY ODSTRASZACZ GRYZONI KUN SZCZUR W MYSZY NA KUNY MYSZY SZCZURY VIANO
Viano	KING-LED ODSTRASZACZ GRYZONI KUN MYSZY SZCZUR W NA KUNY MYSZY SZCZURY VIANO
Western Digital	"WD Red Plus 4TB HDD 3.5"" SATA3 5400 256MB WD40EFPX"
WMF	Patelnia stalowa WMF Profi 28cm indukcja gaz do sma?enia
Farmina	ND Pumpkin Lamb Bluberry Mini Adult 7kg dla ps w
Sony	Konsola SONY PlayStation 5 Chassis z dodatkowym padem DualSense White
Sony	Konsola Sony PlayStation 5 Slim
Apple	iPhone 16 128GB Berylowa Ziele? APPLE
Tefal	Frytkownica bezt?uszczowa TEFAL EY9428E XXL 11l 2700W dwukomorowa Air Fryer
QEMETICA	S l pastylkowa tabletki do uzdatniania wody zmi?kczacza 25kg CIECH
Philips	"Odkurzacz bezworkowy PHILIPS PowerPro FC9333/09 900W 4 KO?C WKI 1,5l"
Pampers	Pampers Active Baby Pants Rozmiar 6 264 szt Pieluchomajtki Miesi?czny zapas
Tefal	Zestaw garnk w i patelni TEFAL Ingenio Cook Eat 8 el. indukcja pokrywki
Pampers	Chusteczki nawil?ane Pampers Harmonie Aqua 24 x 48 szt.
Gabby's Dollhouse	KOCI DOMEK GABI WIELKI INTERAKTYWNY T?CZOWY DOM + LALKA GABBY D?WI?K 60 CM
Apple	Smartfon Apple iPhone 16 8 GB / 128 GB 5G niebieski
Brita	BRITA MAXTRA PLUS + PRO NEW WK?AD FILTR DO WODY 5+1 SZT
MK Cafe	MK Cafe PREMIUM mielona duopack 2x500g
Apple	iPhone 17 Pro 12 GB / 512 GB 5G pomara?czowy Apple
JBL	S?uchawki nauszne JBL Tune 720BT Czarny
Dolina Noteci	Mokra Karma Dla Psa DOLINA NOTECI Premium MIX SMAK W 30x500g Saszetka
Tagred	Szafka Narz?dziowa Solidna W zek Warsztatowy z wyposa?eniem 298el + kluczyk
Pampers	Pieluchy PAMPERS Premium Care Monthly Box 3 Midi (200 szt.)
7mai	70mai M310 Kamera samochodowa Wideorejetrator REJESTRATOR + UP03 + 64GB
Brit	Brit Hypoallergenic Adult Large Lamb 12kg
Apple	Apple iPhone 14 Pro 256GB Czarny
Britax R mer	Bezpieczny Fotelik samochodowy Britax-Romer Kidfix i-Size 15-36 kg
Tefal	Grill elektryczny Optigrill+ GC7178 + SET ACC 2000 W gofry
DEKO	POZIOMICA LASEROWA 360 P?ASZCZYZNOWA 4D LASER KRZY?OWY+DETEKTOR WI?ZKI DEKO
Tefal	"Frytkownica Bezt?uszczowa TEFAL EY855AE0 Frytownica AIR FRYER 7,5l Du?a XL"
Samsung	SAMSUNG GALAXY S23 ULTRA 512GB Szary
Motorola	2X Smartfon Motorola edge 50 Neo 12/512GB 120Hz 50Mpix Nautical Blue Niebie
Nintendo	Konsola NINTENDO Switch 2 Black Czarny
Pampers	Pieluchomajtki Pampers Pants Rozmiar 5 96 szt.
SilverCrest	ROBOT KUCHENNY LIDLOMIX MONSIEUR CUISINE SMART 2025 CZARNY MEGA ZESTAW
Pampers	Pampers Premium Care Rozmiar 3 6-10kg 360 szt. Pieluszki
Apple	Laptop MacBook Air 13 M4(10+10) 16/512 Starlight
Pampers	CHUSTECZKI NAWIL?ANE PAMPERS FRESH CLEAN 15x 80SZT
Dallmayr	Kawa ziarnista Dallmayr Crema D'ORO kawa mieszana zestaw kaw 6kg
Mar-Pol	PODNO?NIK PNEUMATYCZNY BA?WANEK PODUSZKA 3.5 Tony + GUMA /// LEWAREK ?aba
Blue Orca Coffee	Kawa ziarnista 1kg x2 ?WIE?O PALONA Cubana + Macaw ARABICA 100% + GRATIS
Zavida	2 sztuki - Zavida Waniliowo Orzechowa 907g kawa ziarnista smakowa
MSI	Karta graficzna MSI RTX 5070 Ti 16G GAMING TRIO OC
Dyson	Odkurzacz pionowy Dyson Gen5detect Absolute b??kit pruski/mied?
Logitech	Logitech G29 Kierownica + Peda?y + Skrzynia bieg w Sony Playstation 4 5 PC
Sony	Kontroler Bezprzewodowy Pad PS5 SONY DualSense
Care Life	?wirek silikonowy dla kota 3.8L bezzapachowy
Philips	Philips OneBlade INTIMATE QP1924/22 do miejsc intymnych wra?liwych u kobiet
Kimbo	Kawa ziarnista Kimbo Aroma Gold 3x1kg
Olimp	OLIMP VITA-MIN MULTIPLE SPORT 2x60 CAPS WITAMINY I MINERA?Y
Zipro	Bie?nia Elektryczna Domowa Sk?adana Nachylenie Pasa + Amortyzacja - Zipro
Pampers	"Pieluchomajtki Pampers Premium Care Pants, rozmiar 5, 52 szt,11kg-17kg"
Golddoor	"LAMELE NA FILCU 51,5x275 ?CIENNE PANEL AKUSTYCZNE D?B NATURALNY WOTAN INNE"
Dumel	32730 Odkrywczy Domek zabawka interaktywna edukacyjna PL 12m+ Dumel
Dolina Noteci	DOLINA NOTECI PREMIUM karma dla psa MIX SMAK W 20x 800g
Tagred	"Podno?nik Pneumatyczny Profesjonalny Mocny Ba?wanek 3,5T HEAVY DUTY + Guma"
Persil	Kapsu?ki do prania Persil Power Caps Color MEGA 60 sztuk
Tagred	PROFESJONALNA SZAFA WARSZTATOWA W ZEK NARZ?DZIOWY DU?A JUMBO XXL 12 SZUFLAD
Pampers	"Pampers Pieluchy Active Baby 6, 13-18 kg, 128 szt."
VetPlus	Synoquin Large Breed 30 tabletek
Tefal	Odkurzacz pionowy bezprzewodowy Tefal X-Pert 7.60 TY6A31 r?czny bezworkowy
Hasbro	Maskotka HASBRO Furby F8901120
4FIZJO	PISTOLET DO MASA?U 9 KO?C WEK MASSAGE GUN PLECY STOPY MI??NIE REGENERACJA
Ninja	"Frytkownica bezt?uszczowa AirFryer Ninja SL400EU 2470W 9,5l Termoobieg"
Brit	Brit Mono Protein Lamb Mokra Karma dla Psa Jagni?cina 12x400g
Launch	LAUNCH x431 CRP 919E BT KIT+ KABLE 2 walizki CanFD 2025 24 msc update
Pampers	3X PIELUCHOMAJTKI DLA DZIECI Pampers Premium Care Rozmiar 4 58 szt.
Vakariten	"Agregat pr?dotw rczy generator pr?dnica 5500W /13KM (9,56kW) / AVR / 25L"
Heisberg	Materac 140x200 kieszeniowy 21 cm ?REDNIO TWARDY dwustronny 7 stref BLANKA
SodaStream	2x SYROP PEPSI MAX ZERO CUKRU SATURATOR SODASTREAM KONCENTRAT SOK DO WODY
Dafi	Filtry Dafi Unimax do dzbanek Dafi Crystal Mila / Filtr do wody Dafi 5 szt
Pampers	CHUSTECZKI NAWIL?ANE PAMPERS SENSITIVE 15x80 szt. ZAPAS
Xiaomi	Smartfon Xiaomi 15T 12 GB / 512 GB 5G z?oty
Apple	APPLE IPHONE 13 128GB Bia?y
Blue Orca Coffee	Kawa ziarnista 1kg x2 -?wie?o Palona z Palarni kawy Blue Orca + GRATIS
Higher	Piec nadmuchowy z nadmuchem dmuchawa nagrzewnica powietrza koza 15 kW
Pampers	"Pampers Active Baby Pants Pieluchomajtki rozmiar 4, 9kg-15kg, 108 szt, BOX"
4FIZJO	BECZKA DO MORSOWANIA WANNA BASEN DMUCHANY PRZENO?NY DO REGENERACJI LODOWA
Xiaomi	Smartfon Xiaomi 15 Ultra 16 GB / 512 GB 5G bia?y
Qmed	Poduszka ortopedyczna do spania profilowana na b le kr?gos?upa szyjnego
Wuber	"PI?A SPALINOWA PILARKA DO DREWNA ?A?CUCHOWA 5,7KM +2 PROWAD +OLEJ +2x ?A?C."
Wuber	PODNO?NIK SAMOCHODOWY LEWAREK ?ABA NISKOPROFILOWY 3 TONY ZAKRES 85-430MM 3T
Cat's Best	Cat s Best Original ?wirek drewniany 2x30L
Venom	MOCNA KOSIARKA SPALINOWA Z NAP?DEM 53CM SILNIK LONCIN 196CC NOWY MODEL 9W1
Vetouson	EXTRA MOCNY Uchwyt do Telewizora Wieszak TV 32-85 cal Uniwersalny TEST 60kg
Air Wick	AIR WICK WK?ADY DO ELEKTRYCZNEGO OD?WIE?ACZA POWIETRZA 6X 19ML ZESTAW MIX
Foxy	Foxy Mega Bez Ko?ca Papier Toaletowy 4 Rolki Bardzo D?ugie 1200 listk w
Dallmayr	Kawa ziarnista Dallmayr Prodomo 500 g x2
Maxblinds	?ALUZJE DREWNIANE POZIOME BAMBUSOWE 50MM NA WYMIAR
Majster Polska	KLUCZ UDAROWY 750NM! AKUMULATOROWY BEZSZCZOTKOWY DO K ? 20V 1/2' 2XAKU
Rafi	RAFI PAKO DOLINA NOTECI KARMA MOKRA DLA PSA PUSZKA MIX SMAK W 24 x 800 G
Dolina Noteci	Dolina Noteci PREMIUM MIX 30x500g saszetka mokra karma dla ps w
RED TECHNIC	PRZECINARKA do Glazury MASZYNKA R?czna do Ci?cia P?ytek LASER 1200 mm
Volt Polska	UPS ZASILACZ AWARYJNY STA?A FAZA SINUS PRO 800/500W 12V STOJ?CY 800E
Epson	Urz?dzenie wielofunkcyjne DRUKARKA EPSON EcoTank DRUK SMART WIFI + TUSZE
Bankietowo	ST ? OGRODOWY SK?ADANY WALIZKA 180cm turystyczny kampingowy cateringowy
Dolina Noteci	DOLINA NOTECI PREMIUM MIX SMAK W KARMA MOKRA PSA PS W 800g x 10 BEZ RYB
Launch	LAUNCH X431 Pro ELITE 5.0 +KIT MODEL 2026 J.POLSKI 8 cali Dealer POLSKA
Seni	Zestaw chusteczek do piel?gnacji cia?a SENI CARE 80 szt x 6 opakowa?
Electro Chem	Alkohol Izopropylowy IZOPROPANOL IPA 99% 5L + Atomizer + R?kawiczki GRATIS
Lenovo	"2w1 Lenovo Yoga 7 Ryzen AI 7 350 Touch 2,8K 120Hz 16GB 512SSD W11 + Rysik"
Jacobs	Kawa ziarnista Jacobs Kr nung 2x 1000g + Icepresso GRATIS!
LERTZ	ODKURZACZ R?CZNY BEZPRZEWODOWY AKUMULATOROWY SAMOCHODOWY DU?A MOC 16000Pa
Oral-B	BRAUN ORAL B VITALITY 103 PRO SZCZOTECZKA ELEKTRYCZNA LILAC
Dell	DELL VOSTRO ECS1250 i5-14400 512GB 16GB polska dystrybucja legalny windows
Pampers	Chusteczki nawil?ane Pampers Harmonie 30 x 48 szt.
Apple	Apple iPhone 16 Plus 128GB czarny
DeWalt	WKR?TARKA UDAR 18V DeWALT DCD996P2 3-biegi 2X5AH + DODATEK ADAPTER DT90394
GALAXIA	Lampka projektor galaxia wielokolorowy
Higher	"Drabina aluminiowa przegubowa wielofunkcyjna HIGHER 4x4 + podest 4,6m 150kg"
Alpi Meble	St ? rozk?adany EVO 90/190 okr?g?y Z MASKOWNIC?
Dam	SMARTWATCH DAMSKI ZEGAREK WODOODPORNY PL MENU ROZMOWY SMART WATCH + 4 PASKI
Apple	Smartfon Apple iPhone 16 256GB Pink
Mozano	OSUSZACZ POWIETRZA 20L WIFI POCH?ANIACZ WILGOCI 5.5L OCZYSZCZACZ HEPA
Lenor	"Lenor P?yn do p?ukania tkanin Spring Awakening 6x1,492L"
ROHSEL	Laser krzy?owy NITRONIX POZIOMNICA LASEROWA 4D 360 16 LINII 3 GEN. 45 m
Heelly	PROJEKTOR RZUTNIK ANDROID TV WIFI LED MINI PRZENO?NY SMART G?O?NIK OBROTOWY
Vileda	Suszarka na pranie VILEDA Infinity Flex Ultimate Czarny
Pampers	Pampers Sensitive 624 szt. Chusteczki nawil?ane 12x52 bez alkoholu
Motorola	Smartfon Motorola Moto G15 8/128GB Iguana Green
Ruhhy	"Robot Planetarny Kuchenny z Podgrzewan? Mis? 6,2l Wielofunkcyjny Blender"
Powermat	WIERTARKA MAGNETYCZNA Z OSPR?TEM GWINTARKA 2100W 50mm MT3 MT2 PM-WM-2100T
Dolina Noteci	Dolina Noteci Premium MIX SMAK W 50x500g
Volt	ZASILACZ AWARYJNY ZASILANIE AWARYJNE UPS SINUS PRO 2000E + AKUMULATOR 100Ah
Domatorski	KO?DRA 200x220 CA?OROCZNA POLSKA ANTYALERGICZNA
No brand on Allegro	Hak zaczep do przyczep uniwersalny kat I
Auto Gamma	?ar wki Samochowowe LED H7 60W 24000LM 6500K Canbus +1000% Mocne 2 szt.
Apple	Apple iPhone 15 Pro 128 GB Bia?y
Multilaser	Papier ksero A4 do drukarki 2500 kartek 5 ryz 80g biurowy Multilaser bia?y
Google	Smartfon Google Pixel 9 12 GB/128 GB 5G Obsidian Black
Huggies	HUGGIES pieluszki Extra Care rozmiar 4 (8-16 kg) Mega 4x60 szt
Samsung	Smartfon Samsung Galaxy Z Fold7 12 GB / 256 GB 5G niebieski
Heelly	PROJEKTOR RZUTNIK ANDROID TV WIFI MINI 4K PRZENO?NY SMART CZARNY OBROTOWY
Kol-pol	PISTACJE PRA?ONE SOLONE 1kg Naturalne du?e ?wie?e wysoka jako?? Kol-Pol
No brand on Allegro	MINI WIELOFUNKCYJNA PI?A STO?OWA 7-BIEG W 220V
Gerlach	Komplet sztu?c w Gerlach MANGO 30 el.
Oral-B	Elektryczna Szczoteczka Do Z?b w Oral-b Vitality Czarna + Ko?c wki Dodatki
Bojanek	MATA OCHRONNA NA WYMIAR BLAT ST ? 2MM PODK?ADKA MI?KKIE SZK?O + GRATIS
Tagred	KOMPRESOR BEZOLEJOWY 50L 10 BAR R2 PIONOWY STOJ?CY CICHY MOCNY
Yoer	Koc elektryczny DU?Y 180x160 Mata grzewcza Yoer pilot LCD gruby 160W +Timer
Fristom	KLIN+MOCOWANIE MOCNY ODLEW PRZYCZEPA LAWETA BUS 3.5T
DeWalt	DEWALT PI?A ?A?CUCHOWA 30cm 18V Li-Ion DCM565N-XJ
Apple	MacBook Pro14 M4 Pro(12+16) 48GB/512GB - Czarny
Oneplus	Smartfon OnePlus 15 16 GB / 512 GB 5G czarny
Opalescence	WYBIELAJ?CA Pasta do Z?b w Opalescence 100 ml wzmacniaj?ca szkliwo
d 	?adowarka samochod w Typ2 11kW Przeno?ny Wallbox EV elektryk w 7m Wi-Fi
Masterled	HALOGEN LED Z CZUJNIKIEM RUCHU NA?WIETLACZ LAMPA 50W 4500K ZEWN?TRZNY IP65
Dafi	10 SZTUK WK?AD DAFI UNIMAX FILTRUJ?CY DO DZBANKA
Philips	Ekspres PHILIPS LatteGo 5500 EP5541/50
Apple	Apple iPhone 17 Pro 1TB Pomara?czowy
Mebel Elite	Rozk?adany Fotel Czarny Masuj?cy Wypoczynkowy Z Podn ?kiem Do Salonu BOX
Flumi	Basen dla dzieci Suchy z pi?eczkami kulkami 90x40 200 pi?ek GRATISY FLUMI
CeraVe	CeraVe ?el Myj?cy Przeciw Niedoskona?o?ciom 236 ml
DeWalt	Klucz udarowy 1/2 18V 406Nm 2x2Ah DeWALT DCF922D2T
Vileda	Mop parowy Vileda Steam Plus- dwa wk?ady z mikrofibry + nak?adka do dywan w
Dam	Smartwatch Damski Wodoodporny Zegarek z GPS Sport Zdrowie Smart dla Kobiety
Womar	WOMAR No13 polarowy ?piworek do w zka POLAR ciep?y
Yoer	"Piecyk gazowy na butl? 2w1 Grzejnik gaz LPG Yoer 5,7kW +Reduktor +FARELKA"
Stator	ZESTAW DU?E KLOCKI MAGNETYCZNE KONSTRUKCYJNE 3D PANELE MAGNETIC TILES 70 EL
Motorola	Smartfon Motorola Edge 60 12 GB / 512 GB 5G niebieski
Mozano	ROBOT PLANETARNY KUCHENNY MIKSER 3 MIESZAD?A MISA 6.2L MOCNY
Trex Sport	Por?cze do dip w ?wicze? dr??ek do podci?gania regulowany 150kg Trex Sport
Stihl	"PILARKA MS 162 STIHL (1,6KM, 35cm) + CZAPKA GOLFOWA"
Hisense	Projektor Hisense C2 Ultra
Wuber	MIESZAD?O DO KLEJU BETONU ELEKTRYCZNE 1400W + 2x MIESZALNIKI PRZED?U?KI
Epson	Drukarka wielofunkcyjna 3w1 Epson EcoTank WIFI Wy?wietlacz LCD DRUK SKAN
Deenzy	NAWIL?ACZ POWIETRZA KOMINEK LED RGB DYFUZOR AROMATERAPIA TIMER + PILOT
Montana	Okulary do czytania komputera korekcyjne plus +1.50 etui Montana oprawki CE
Pelltech	Drabinka gimnastyczna do ?wicze? regulowany dr??ek zestaw akcesori w BUK
Lotus	Zestaw 2 x Krem ciasteczko Biscoff g?adki 400 g LOTUS
Samsung	"Telewizor LED Samsung UE85U8092FUXXH 85"" 4K UHD czarny"
bez marki	MOCNY BEZPRZEWODOWY ODKURZACZ R?CZNY 3 POZIOMY MOCNY SSANIA LED 35KPA 550W
Realme	SMARTFON REALME 14 PRO 8/256 GREY SZARY
Medi Sleep	PODUSZKA ORTOPEDYCZNA DO SPANIA NA BOKU PROFILOWANA DLA WYMAGAJ?CYCH MEMORY
Hop-Sport	Worek treningowy stoj?cy pe?ny 180cm bokserski system anti-shock
bez marki	Dekoracyjne Lampki ZEWN?TRZNE SOPLE LED 25M 500 ?wiate?ek CHOINKOWYCH
Jestic	Stojak Choinkowy Du?y Pod Choinke na ?wi?ta ZIMA Choinka Antracyt
K rcher	Odkurzacz przemys?owy K rcher K WD3
Trec	FOLIA STRETCH XL CZARNA STRECZ MOCNA 2kg DU?O FOLII
Dolina Noteci	Dolina Noteci Premium Pies MIX SMAK W 30x800g
K rcher	ODKURZACZ PIOR?CY KARCHER PUZZI 10/1 +PROSZEK 10kg ulepszona wersja iCapsol
Contipro	"Geloren Horse HA jab?kowy dla koni ?elki kolagen 2 x (60szt, 450g) j2SP39a"
Zarys	R?kawice R?KAWICZKI nitrylowe ZARYS BLACK 100 szt S
Gillette	GILLETTE FUSION NO?YKI OSTRZA WK?ADY DLA M??CZYZN 4szt orygina?
Gillette	WK?ADY OSTRZA DO GOLENIA GILLETTE FUSION 5 OSTRZA 4 SZT ORYGINALNE
Delphi tools	WIERTARKO WKR?TARKA AKUMULATOROWA UDAROWA BEZSZCZOTKOWA PRO 2xAKU WKR?TAK
K rcher	Bezprzewodowy odkurzacz pionowy Karcher VC 7 Cordless yourMax 1.198-710.0
4FIZJO	MATA DO AKUPRESURY ECO Z KOLCAMI ZDROWOTNA RELAKS MASA? PODUSZKA TORBA
Delphi tools	LASER KRZY?OWY Poziomica Laserowa 16 Linii + STATYW 115 cm 4D Zielony 2xAKU
Geberit	GEBERIT STELA? podtynkowy WC 111.320.00.5 SIGMA
Wuber	5W1 JUMP STARTER PROSTOWNIK ROZRUCH POWERBANK KOMPRESOR 17 Ah ?ADOWARKA LED
Mardom	ROLETA DZIE? NOC W KASECIE NA WYMIAR OKNO DO 150 CM Z PROWADNICAMI KOLORY
Stazer	Koc Elektryczny Grzewczy 180x160 cm Mi?kki Pilot Timer Regulacja
aga	St ? sk?adany ogrodowy cateringowy 180 cm walizka
Yamaha	PIANINO cyfrowe YAMAHA YDP-145 B AUTORYZOWANY SPRZEDAWCA
Majster Pro	SZLIFIERKA ?YRAFA GIPSU G?ADZI ?CIAN TYNK W LED WALIZKA Majster PRO MP0016w
Mozano	ROBOT KUCHENNY MIKSER PLANETARNY MISA 6.2L MOCNY 3 MIESZAD?A MOCNY
Forever	Forever Aloe Ever-Shield naturalny dezodorant 92g
Forever	Forever Aloe Ever-Shield antyperspirant x2
GoDan	"BUTLA Z HELEM NA URODZINY 0,43 m3 NA 50 BALON W DO SAMODZIELNEGO DMUCHANIA"
Friskies	PURINA Friskies Junior 15kg
Friskies	Friskies Junior 10+5kg Gratis Karma Dla Szczeni?t Kurczak Mleko i Warzywa
No brand on Allegro	POLSKIE SANKI +OPARCIE +PCHACZ +?PIWOREK +PODN ?KI
Matnox	POWERBANK 20000 MAH 22.5W SZYBKI PD QC USB C POWER BANK PODROZNY
Gp	SMARTWATCH M?SKI GPS MENU POLSKIE WODOODPORNY SPORT ROZMOWY SMART WATCH PL
Philips	Ekspres do kawy ci?nieniowy automatyczny LatteGo Philips EP5543/90
Avon	Avon TTA Today Tomorrow Perfum Damski 100ml XXL
MBG Line	Mocny Rozrusznik Jump Starter Booster 59.2Wh Powerbank 16000mAh QC3.0 LED
Kormoran	4 x Kormoran Snow 215/60R17 96 H 3PMSF opona zimowa
RGL	Choinka JAK ?YWA 220 100% PE Efekt NOWE P?DY G?sta 979 tips
Dyson	Aeroprostownica Dyson Airstrait B??kit pruski/Mied?
Makita	MAKITA Odkurzacz przemys?owy budowlany 1200W 42L klasa M VC4210M Makita PL
Lenovo	LENOVO IdeaPad Slim 3-15 Gen10 i5-13420H 16GB 512PCIe Win11 Pod?w klaw
Scheppach	Agregat Scheppach SCHEPPACH GENERATOR SG7100
Persil	Persil Power Caps Universal kapsu?ki do prania bia?ego 60szt
Dolina Noteci	Mokra karma dla psa Dolina Noteci Premium MIX 30x800g 10 smak w BEZZBO?OWA
Tech Sterowniki	Przewodowy dwu
Seni	"SENI Active Normal L Elastyczne majtki ch?onne dla doros?ych, 30 sztuk"
DJI	Dron DJI Mini 4 Pro RC 2 4K HDR 100FPS 48MP 10km 2590mAh 34min Kontroler
Motorola	Smartfon Motorola Edge 60 Pro 12/512GB 5G Dual SIM NFC Br?zowa Walnut
Dolina Noteci	Dolina Noteci Premium Kot MIX SMAK W 20x85g
Prime	"Zestaw komputer gamingowy +24"" Ryzen 5 RTX 5060 1TB NVMe dla gracza do"
Pampers	"Zestaw Pampers Night Pants Pieluchomajtki roz 4, 9-15 kg, 25szt x4"
Kinder	KINDER JOY JAJKO Z NIESPODZIANKA 20 g
Mercedes	MERCEDES G63 AUTO NA AKUMULATOR SK RA PILOT 12V7Ah SAMOCH D 4-SILNIKI 4x4
Nutridrink	NUTRIDRINK o smaku truskawkowym 4 x 125 ml
Nutridrink	Nutridrink smak truskawkowy 4 x 125 ml
Philips	Golarka foliowa do zarostu Philips OneBlade QP6652/61 +ETUI
Thunder	Piec na drewno EKO wolnostoj?cy 7kW ?eliwny piecyk koza zestaw ECODESIGN
Ironpack	FOLIA B?BELKOWA p?cherzykowa 50cm OCHRONNA MOCNA
Lider	LIDER ZBIERACZ ZAMIATARKA R?CZNA DO LI?CI TRAWY Z KOSTKI CHODNIKA 53cm
Huawei	Smartwatch Huawei Watch Fit 3 Elegant Z?oty
ALPHA	Drena? Limfatyczny Urz?dzenie Uciskowe - Masa?er Do N g ALPHA Presoterapia
NAC	K?cik opiekunki do piel?gnacji Lalek 42 cm Ko?yska Baby Nurse Domek Smoby
Philips	Philips Sonicare 5300 szczoteczka soniczna czarna etui podr ?ne HX7101/02
Samsung	Samsung Galaxy Z Flip7 12/512Gb Blue Shadow
Philips	"Frytkownica bezt?uszczowa Philips Ovi XL 2000W Airfryer 6,2l HD9280/90"
Naturalne Suplementy	BIA?KO NATURALNE w proszku koncentrat WPC 80 od?ywka bez dodatk w 700g
Dafi	FILTR PODZLEWOZMYWAKOWY DAFI D1 DO SYSTEMU FLOW COMFORT
Tagred	AGREGAT PR?DOTW RCZY 2400W INWERTER 100% MIEDZIANA PR?DNICA DO KAMPERA OLEJ
Ironpack	FOLIA B?BELKOWA p?cherzykowa 50cm OCHRONNA MOCNA
Yato	JUMP STARTER urz?dzenie ROZRUCHOWE powerbank DO SAMOCHODU buster YATO
Gabby's Dollhouse	KOCI DOMEK GABI INTERAKTYWNY GABBY'S DOLLHOUSE WIELKI 60 CM FIGURKI PANDU?
Autel	Tester Diagnostyczny Autel MS908S3 Dealer [j.PL](http://j.PL) 2026 FULL
Xtreme	CZUJNIK CZADU I GAZU 2W1 DETEKTOR TLENKU W?GLA CO METAN BUTAN WIFI TUYA
LG	Materac pocket PROFIL 90x200 MASUJ?CY KOKOS H3/H4 - ULGA NA KR?GOS?UP!
Bosch	Pi?a uko?nica z posuwem BOSCH GCM 254D 0601B53000 254mm 1800W 0601B53000
Zarys	R?kawice R?KAWICZKI nitrylowe mocne easyCARE R ?owe Pink 100szt. Rozmiar S
Zarys	R?kawiczki R?KAWICE nitrylowe BEZPUDROWE easyCARE ZARYS r ?owe r.S 100 szt.
Glimmerstone	P?yn do ch?odnic G12 czerwony 5L   Antifreeze ochrona aluminium uniwersalny
Rafi	DOLINA NOTECI RAFI MOKRA KARMA DLA PSA MIX 12X500 G. SASZETKA
Magnum	BRUZDOWNICA DO BETONU LASER 4 TARCZE WALIZKA 3300 W
SuperLED	Halogen LED 2x50W 11000lm Na?wietlacz Budowlany Statyw SuperLED IP65
Hoffner	"ZESTAW GARNK W MARMURKOWYCH GARNEK DU?Y Z POKRYWK? 10L GARNEK INDUKCJA 6,2L"
Huggies	HUGGIES pieluszki Extra Care rozmiar 2 (3-6kg) 82 szt
Dolina Noteci	DOLINA NOTECI PREMIUM PAKO MIX SMAK W KARMA MOKRA PSA PS W 800g x 8 SZTUK
Medisept	2 x Velox Spray p?yn do dezynfekcji 1l Tea tonic
bez marki	300 EL KLOCKI MAGNETYCZNE SZE?CIANY DLA DZIECI + 9 FIGURREK KONSTRUKCYJNE
Black	NAGRZEWNICA SPALINOWA OLEJOWA OGRZEWANIE WEBASTO olej 8KW 12V230V CHRISTMAS
Samsung	Samsung Galaxy S25 FE 8 GB / 128 GB 5G bia?y
RedSteel	PROFESJONALNA WINDA PODNO?NIK DO PODNOSZENIA P?YT OSB KARTONOWO GIPSOWYCH
No brand on Allegro	Szafka nocna stolik nocny przy? ?kowy do sypialni komoda ma?a szafka
Parkside	PI?A UKO?NICA DO DREWNA PARKSIDE PZKS C3 2000W 210 MM PILARKA UKOSOWA LASER
Aliness	ASHWAGANDHA 9% 560 mg 100 kapsu?ek STRES NERWY Kortyzol PAMI?? SEN Kr??enie
Jestic	POJEMNIK KOSZ KUBE? 240L NA ?MIECI ODPADY-MOCNY PL
Artus	GRZEJKI ogrzewacze cia?a ?r d?o ciep?a grzania ?elazowe BODY WARMER 10sztuk
Shell	?niegowce zimowe WODOODPORNE trzewiki ko?uszek SoftShell RZEPY Wojty?ko 26
W&K	CHOINKA SZTUCZNA NA PNIU PI?KNA SOSNA DIAMENTOWA G?STA O?NIE?ONA 180 CM
Foxy	Zestaw x6 Foxy Cotton Chusteczki 3-Warstwowe 90 Szt Ultra Mi?kkie Delikatne
Rohtenbach	POMPA DO C.O. POMPA OBIEGOWA PIECA CO 25-60/180 CICHA ENERGOSZCZ?DNA ZESTAW
Whiskas	Whiskas Rybne Przysmaki 40x85 G 4 Smaki W Galaretce Mokra Karma Dla Kota
4F	4F CH?OPI?CA KURTKA PUCHOWA PIKOWANA / rozm 164
Dany Meble	"MEBLE KUCHENNE KUCHNIA ZESTAW SZAFKI MODU?OWE BLAT JOLA 3,2M D?B WOTAN"
Michelin	4x MICHELIN Alpin 7 205/55R16 91H 2025 r
Noco	BOOSTER JUMP STARTER 10000MAH SAMOCHODOWY ROZRUCH AWARYJNY I POWERBANK
Oral-B	Oral B Szczoteczka Elektryczna Vitality 103 Liliowa Etui R ?owe Ko?c wki
Oral-B	Szczoteczka elektryczna magnetyczna iO6 Oral-B iO Seria 6 Bia?a z ETUI
Ceramikker	P?yn do Szyb Samochodowych Auta Lusterek w Samochodzie Spray Glass Cleaner
4FIZJO	BIE?NIA ELEKTRYCZNA DOMOWA DO CHODZENIA POD BIURKO TRENINGOWA WALKING PAD
Philips	OSTRZE PHILIPS ONEBLADE ORYGINALNE QP2520 QP2530 QP6541 GOLARKA N ? G?OWICA
Dunlop	4 Opony zimowe 205/55R16 DUNLOP Winter Sport 5 2025
Besen	Stacja ?adowania EV Wallbox BESEN WiFi APP 22kW + uchwyt EVSE master
AZS-ENGINEERING	Sauna ogrodowa BECZKA 240cm 2KR z piecem HARVIA PC70
Philips	Frytkownica bezt?uszczowa Philips Ovi Dual Basket NA552/00
MEMFLOW	AIR FRYER FRYTKOWNICA BEZT?USZCZOWA 8L 1800W DU?A MISA XL PROFESJONALNA
Videx	Latarka CZO?OWA AKUMULATOR CZUJNIK RUCHU 10W 500lm
Samsung	SAMSUNG GALAXY S22 ULTRA 8GB 128GB PE?NY ZESTAW FOLIE
bez marki	KLUCZ DYNAMOMETRYCZNY 1/2 28-210 Nm z BLOKAD? DO K ? + 3 NASADKI 17 19 21
eHokery	KRZES?O WELUROWE PIKOWANE TAPICEROWANE METALOWE NOGI DO JADALNI SALONU LOFT
Angelcare	ANGELCARE WK?ADY DO POJEMNIKA NA PIELUCHY WORKI x6
Dooc	Drabina aluminiowa przegubowa 150KG + podest 4x4 grube profile DOOC
Tagred	"LEWAREK PODNO?NIK SAMOCHODOWY NISKOPROFILOWY ?ABA 2,5T MOCNY NADSTAWKA GUMY"
bez marki	WOYO HOTBOX PDR 009 INDUKCJA DO WGNIECE? ALUMINIUM USUWANIE GRAD ALU
Rafi	Aparat fotograficzny dla dzieci cyfrowy NATYCHMIASTOWY z drukark? + WK?ADY
Vgate	INTERFEJS DIAGNOSTYCZNY VGATE ICAR2 OBD2 ELM327 BLUETOOTH TESTER POLSKI PL
Dyson	ODKURZACZ PIONOWY DYSON V16 PISTON ANIMAL SUBMARINE CZARNY MAT ZESTAW XL
GALAXIA	APARAT NATYCHMIASTOWY DRUKU? 3.0. R ?OWY JELONEK + 3 ROLKI PREZENT
Venom	PI?A SPALINOWA PILARKA ?A?CUCHOWA 58CC 4x?A?CUCH 2xPROWADNICE 16' 18'
Electo	LAMPKI CHOINKOWE 500 LED BIA?E CIEP?E 35m WEWN?TRZNE ?WI?TECZNE 8 TRYB W
BioRepair	2x BIOREPAIR NIGHT PROTECTION PASTA DO Z?B W NA NOC 75ml
Salomon	Buty Damskie Salomon SPEEDCROSS 6 GTX Lime/Mahogany/Rose 38
Noco	JUMP STARTER BOOSTER ROZRUCHU 1000A 12V urz?dzenie rozruchowe buster
Pierzynki	PODUSZKA 70x80 PUCHOWA 100% BAWE?NA 2kg WYSOKA PRODUCENT 2KOLORY PROMOCJA
M ller's	"Mollers Omega-3 Rybki, ?elki, smak malinowy, 36 szt."
Orchidea	"Materac nawierzchniowy 140x200 pianka PUR, Nak?adka na ? ?ko i kanap? 5cm;"
Taurus	Box Boks Kufer baga?nik dachowy na dach TAURUS XTREME 195x78x34cm 400L
ALPHA	Drena? Limfatyczny Urz?dzenie Uciskowe - Masa?er Do N g ALPHA Presoterapia
NostroCafe	Kawa Ziarnista 1KG BRAZYLIA SANTOS - ?wie?o Palona
Vanco	Folia fryzjerska do farbowania pasemek w?os w w rolce rolka 1 szt. 700g
Apple	Apple iPhone 15 PRO 128GB Natural Titanium
K rcher	MYJKA KARCHER HD 5/17 CX PLUS + ORYGINALNA SZCZOTKA DO KOSTKI + PIANOWNICA
K rcher	MYJKA CI?NIENIOWA KARCHER HD 5/17 CX PLUS - SZCZOTKA DO KOSTKI + PIANOWNICA
INDEX BHP	R?KAWICE r?kawiczki robocze PIANKA foam 10 PAR wodoodporne oblanie
K rcher	Myjka do okien KARCHER WV 5 Plus Anniversary - 1.633-711.0
Yodeyma	Yodeyma Celebrity Woman Woda Perfumowana Dla Kobiet 100ml+gratis 1.2ml mix
Mozano	"ROBOT KUCHENNY PLANETARNY MIKSER 3 MIESZAD?A MISA 6,2L MOCNY"
Zencar	"?adowarka Wallbox ZENCAR 11kW, model premium, d?. 650cm, 6-16A, RCD B"
Intel	"Laptop HP 250 G10 15,6 "" Intel I5 16 GB / 512 GB srebrny"
Maverick	Auto na Akumulator BUGGY CAN AM MAVERICK TURBO RR 4 Silniki
Koliber	PIEKARNIK ELEKTRYCZNY 48L TERMOOBIEG RO?NO GRILL WOLNOSTOJ?CY MINI
Tokachi	PODNO?NIK PNEUMATYCZNY BA?WANEK PODUSZKA 13cm<>40cm SAMOCHODOWY ?ABA 3.5t
Diablo	Fotel gamingowy DIABLO Chairs X-Horn 2.0 Normal Size Camel Black Tkanina
Force	ZESTAW AUTOMAT DO BRAMY FORCE 2000 KG WiFi NAP?D DO PRZESUWNEJ SI?OWNIK
Softimi	KO?DRA ANTYALERGICZNA ZIMOWA 200X220 + 2 PODUSZKI 70X80 ZESTAW Z POLSKI
Supla	PROMOCJA - Dwukierunkowy Licznik Energii 3-faz SUPLA MEW-01
Springos	CHOINKA SZTUCZNA JOD?A ZIELONA G?STA 180cm STOJAK ?WIERK JAK ?YWA + GRATIS
Dyson	Oczyszczacz powietrza z funkcj? nawil?ania Dyson Humidify+Cool PH2 De-NOx
Philips	Filtr do Ekspresu ALClean Philips LatteGo 5400 3200 2200 Zamiennik 3 sztuki
Canon	Tusze do Canon PG 545 +546 iP2850 MG2450 2455 2550 2950 TS3350 TS3450 3351
Zipro	Bie?nia Treningowa Elektryczna Sk?adana Amortyzacja Regulacja Pasa - Zipro
Wideshop	DU?A KLATKA WOLIERA DLA PTAK W EZGOTYCZNYCH PAPUG
Imou	SEKATOR AKUMULATOROWY ELEKTRYCZNY NO?YCE SEKATOR OGRODOWY AKU MOCNY IMOUM
KIMKE PROFFESIONAL	Lampa SOLARNA 1600W uliczna REGULOWANY Panel Mocna Ogrodowa UCHWYT MONTA?
bez marki	MALOWANIE po numerach ZESTAW NA P? TNIE Z RAM? 40 50 cm FARBY P?DZLE (ML01)
Optimum Nutrition	Bia?ko Serwatkowe OPTIMUM Gold
Dolina Noteci	Dolina Noteci dla kota karma mokra puszka KOT 4 smaki bez zb ? 24x 400g
Vileda	Wiadro i mop p?aski Vileda MOP VILEDA ULTRAMAX WIADRO WYCISKACZ + ajax
Vileda	Mop p?aski VILEDA Ultramax box + Pucerka (3 sztuki)
Roto	KAMERA SOLARNA OBROTOWA 2 OBIEKTYWY NA KART? SIM 4G LTE GSM 6MPx
Philips	Szczoteczka soniczna PHILIPS Sonicare 6100 HX7406/01 Niebieski
bez marki	Sosna NATURALNA na PNIU choinka sztuczna 200cm
Lehmann	Odkurzacz przemys?owy Lehmann MOCNY BEZWORKOWY
GL CKSTOFF	GLUCKSTOFF Poduszka ortopedyczna do spania memory motyl BAMBUS PREMIUM CE.
Samsung	Suszarka Kondensacyjna SAMSUNG DV90DG52A0AEEO 9 kg
JCB	Podno?nik hydrauliczny 3T niskoprofilowy ?aba JCB TH33013
JCB	PODNO?NIK SAMOCHODOWY LEWAREK ?ABA NISKOPROFILOWY 3 TONY 75-505MM JCB
Scheppach	?ABA PODNO?NIK NISKOPROFILOWY 3 T - ? D?
Vileda	Deska do prasowania Vileda Star 120x38 regulacja
Philips	Philips Sonicare Prestige 9900 szczoteczka soniczna r ?owa A3 HX9992/31
ARSA GO	MOCNE LAMPKI CHOINKOWE 500 LED O?WIETLENIE ?WI?TECZNE ZEW/WEW BIA?Y CIEP?Y
Rafi	Aparat fotograficzny dla dzieci cyfrowy NATYCHMIASTOWY z drukark? + WK?ADY
FUGERT	"KLUCZ UDAROWY AKUMULATOROWY BEZSZCZOTKOWY 1/2"" 850NM DO K ? 2X AKU 4AH"
VITAMMY	SZCZOTECZKA SONICZNA ELEKTRYCZNA DO Z?B W VITAMMY SYMPHONY PINK + LUNA+
Lowrance	LOWRANCE Echosonda Eagle Eye 9 z sonarem live + Cover
SEYSSO	SONICZNA SZCZOTECZKA DLA DZIECI 0-3 LAT SEYSSO BABY 2 KO?C WKI POD?WIETLANE
Huawei	Huawei Watch GT 6 41mm Z?oty (Bia?y Pasek)
Rohtenbach	POMPA 750W DO WODY CZYSTEJ SZAMBA BRUDNEJ Z ROZDRABNIACZEM ZATAPIALNA MOCNA
Samsung	Odkurzacz pionowy Samsung VS90F40DEK/WA Bespoke AI Jet Ultra czarny
Parkside	PARKSIDE PERFORMANCE zakr?tarka udar 226Nm PDSSAP 20 D3 klucz udarowy NOWY
Lupico	Choinka Sztuczna Na Pniu Diamentowa Montana 180cm
No brand on Allegro	ODKURZACZ PIOR?CY WODNY PREMIUM SKUTECZNY NA PLAMY ZABRUDZENIA 450W 11KPA
Dolina Noteci	Dolina Noteci dla kota karma mokra puszka KOT mix 4 smak w bez zb ? 24x400
Monin	Syrop dyniowy dynia Pumpkin Spice Monin 700ml
Philips	Suszarka do w?os w ThermoShield Advanced jonizacja 1400W Philips BHD839/00
Gwiazdoholik	Galaktyczny Projektor Gwiazd 3.0 - PLANETARIUM DOMOWE
Apple	Apple iPhone 17 Pro Max 2TB Niebieski
bez marki	TIMIO - interaktywna zabawka edukacyjna
Dolina Noteci	DOLINA NOTECI PREMIUM MIX SMAK W mokra karma dla psa 30x 800g
Insport Nutrition	"CZYSTY KOLAGEN na STAWY 300g w proszku NATURALNY 10,000mg"
Videx	LATARKA CZO?OWA LED WODOODPORNA PY?OODPORNA STROBOSKOP CZUJNIK RUCHU 5W
Alpine	Zatyczki do uszu do spania ALPINE SleepDeep rozmiar M/L kolor bia?y
Mozano	"ROBOT PLANETARNY KUCHENNY BLENDER MIKSER DU?Y ZESTAW 6w1 MISA 6,2L"
DentiPro	Szczoteczka Soniczna Do Z?b w - Zestaw Etui 6 ko?c wek Indukcja Elektryczna
Apple	"MacBook Air 2025 15,3 "" Apple M4 24 GB / 512 GB czarny"
Intel	PROCESOR Intel Core i5-14400F 10-RDZENI / 16-W?TK W / LGA1700 /OEM
Maltec	"ROBOT KUCHENNY MIKSER PLANETARNY 6,5L ZESTAW DU?A MISA WIELOFUNKCYJNY 2000W"
Samsung	SAMSUNG GALAXY S22 8GB 256GB FULL SET FILMS
Mozano	WIFI OSUSZACZ POWIETRZA POCH?ANIACZ WILGOCI AUTOMATYCZNY XXL 12L/24H TIMER
Mozano	CICHY NAWIL?ACZ POWIETRZA 3w1 4L HIGROMETR AROMATERAPIA DYFUZOR JONIZATOR
Oral-B	Szczoteczki Magnetyczne Oral-B iO Series 2 Dwu-pak Xmas Edition
Epee	Cyberstarcie - zabawka interaktywna od EPEE
Bryza	"Bryza Proszek do prania koloru 4w1 2 x 8,45 kg 260 pra? XXXL"
Natex	2 x PODUSZKA ANTYALERGICZNA 70X80 GRUBA ZAMEK SOFT BABYBALL ZESTAW NATEX PL
Matisto	Projektor Laserowy Dyskotekowy Laser Disco Stroboskop Lampka LED RGB Pilot
Kraft&Dele	PODNO?NIK PNEUMATYCZNY Samochodowy BA?WANEK PODUSZKOWY 3.5T ?aba + GUMA
Meaco	Hybrydowy osuszacz i oczyszczacz powietrza Meaco Arete Two 12L Wi-Fi
Tagred	Kompresor spr??arka 50L V2 Dwut?okowy 10bar Profesjonalny Mocny + 1x Olej
Asus	2X ASUS ROG Strix Scar 18 2025 G835LX-U9644X 18'' Ultra 9 64GB 4TB RTX5090
Venom	POT??NA GLEBOGRYZARKA SPALINOWA SILNIK LONCIN 196cc DZIK WIELKIE KO?A P?UG
Goodride	1x 215/55R17 Z-401 98V GOODRIDE nowe ca?oroczne ROK 2025
NAC	Pi?a pilarka do ga??zi ga??zi wka NAC CST25-25AC
Goodride	4x 225/50R17 Goodride All Season Elite Z401 98W XL rok 2025
Apple	"IPHONE 14 PRO MAX 6GB 128GB Folia fabryczna, pe?ny zestaw"
bez marki	100 SZT KLOCKI MAGNETYCZNE WYSOKA JAKO?? KOSTKI KONSTRUKCYJNE MAGNETYCZNE
GorzkoiSlodko	S?ONECZNIK ?USKANY ziarno naturalnie ?wie?y 1kg
No brand on Allegro	W?DZARNIA DREWNIANA DU?A W?DZARNIA OGRODOWA NAJNOWSZY MODEL EXPERT 3.0 XXL
GALAXIA	"WORKI PR ?NIOWE Na Ubrania Po?ciel Torby, ZESTAW 12 SZTUK , 4 ROZMIARY"
Biofinity	Soczewki BIOFINITY TORIC 3 szt. Toryczne
Lewer	DRUKU? MINI DRUKARKA TERMICZNA APARAT NATYCHMIASTOWY 23 ROLKI PAPIER TERMIC
Epee	Cyfrowe Kreacje   Video Walkie-Talkie
eHokery	ST ? BANKIETOWY CATERINGOWY ROZK?ADANY SK?ADANY OGRODOWY WALIZKA 180 cm
Cronos	PROMIENNIK PODCZERWIENI IR GRZEJNIK 800W + NOGI
Beretta	BERETTA CIAO CAI Lx Piec kocio? gazowy 2f dwufunkcyjny otwarta komora
Gillette	ORYGINALNE WK?ADY OSTRZA NO?YKI WYMIENNE DO MASZYNKI GILLETTE FUSION 5 x4
6PAK Nutrition	KREATYNA Monohydrat PREMIUM 500G SI?A Regeneracja Wytrzyma?o?? Crea Mono
ADBL	ADBL Leather Kit Box zestaw do czyszczenia i piel?gnacji sk ry w aucie
Majster Polska	SZLIFIERKA szlifowania GIPSU G?ADZI TYNK W TYNKU ?cian sufit w LED MP0017
WD	Choinka Sztuczna Na Pniu Pe jak Prawdziwa Franklin 220cm
Brit	Brit Care Adult Small Lamb Karma sucha z jagni?cin? dla ps w ras ma?ych 7kg
Daewoo	Agregat pr?dotw rczy inwertorowy Generator DAEWOO GDA 6600Ei 5.5kW 230V USB
Bihui	PRZECINARKA DO GLAZURY LASER HD TCP 120CM BIHUI
K rcher	Myjka ci?nieniowa K rcher K 5 Power Control Flex Home & Brush 1.324-709.0
R-sport	Mercedes GTR-S Auto na akumulator EVA SK RA Pilot Akumulator litowo-jonowy
Your Natural Side	2x Afryka?skie Czarne Myd?o w Kostce - Your Natural Side - Hit TikTok-a
Lenovo	Laptop 2w1 Lenovo Yoga 7 Ryzen AI 5 340 OLED 16GB 512SSD W11 + Etui i rysik
Nokian Tyres	4x OPONY 205/60R16 Nokian Tyres Seasonproof 2
Pokemon	Pokemon TCG: Mega - Evolution (M1 Base Set) - Booster Pack
? ?koholicy	Ko?dra OBCI??ENIOWA Koc SENSORYCZNY dla dzieci i doros?ych 150x200 cm 7 KG
Alpen Camping	FOX Zestaw 10 x Gaz Kartusz WK?AD Gazowy FIRMY ALPEN CAMPING 400ml / 227 gr
Fitli	KO?O ROLLER DO ?WICZE? ROZBUDOWA MI??NI BRZUCHA TRENING ABS AB WHEEL
Kratki	KOMINEK WK?AD KOMINKOWY NARO?NY LEWY SIMPLE MOC 8 KW - ZESTAW
4FIZJO	HANTLE BITUMICZNE REGULOWANE 2x20 KG DO ?WICZE? SI?OWYCH CI??AR ZESTAW 40KG
Warmener	Mata Masuj?ca Wibracyjna SHIATSU Materac Fotel Masuj?cy do Masa?u Plec w
No brand on Allegro	EFEKTOWNE Lampki CHOINKOWE 1000 LED 70m Z MULTI KOLOR LED Super Dekor
Lehmann	Osuszacz powietrza Wilgoci Poch?aniacz 50L / 24H Przemys?owy Budowlany 900W
INTERBEDS	? ?ko 140x200 Tapicerowane Hilton Materac Amber stela? metalowy podnoszony
Carmax	PRASA HYDRAULICZNA 20T PODW JNY NAP?D SZYBKO - WOLNO + PRZESUWANY T?OK L/P
SuperLED	Halogen Na?wietlacz Lampa LED 50W 5500 lm IP65 zewn?trzny SUPER MOCNY 6000K
Verda	PODNO?NIK SAMOCHODOWY NISKOPROFILOWY LEWAREK ?ABA 3T 2-T?OKI 73 - 515 mm
AZS-ENGINEERING	Balia ogrodowa 160cm 2BO zestaw do samodzielnego monta?u
Tefal	Zestaw garnk w r?czki TEFAL Ingenio Unlimited 8el. trwa?a pow?oka
Body Art	FARBY FARBKI DO MALOWANIA TWARZY CIA?A HALLOWEEN ZMYWALNE DZIECI BEZPIECZNE
Dam	SMARTWATCH DAMSKI ZEGAREK PL MENU POWIADOMIENIA ROZMOWY SMART WATCH 4 PASKI
LAZYhome	FOTEL GAMINGOWY DLA GRACZA KUBE?KOWY KRZES?O BIUROWE PODN ?EK + MASA? + LED
Lenor	P?yn do p?ukania Lenor 5 l 200 pra?
NAC	DMUCHAWA do li?ci ODKURZACZ Spalinowy NAC 26 cm3 1KM METALOWY rozdrabniacz
Pilsan	TRAKTOR XXL JE?DZIK NA PEDA?Y CZERWONY Z PRZYCZEP? 143 CM PILSAN 07316
Labra	KAMERA ZEWN?TRZNA IP WIFI AP 4K 8MP UHD SIM 4G
Stazer	Choinka na pniu sztuczna jak ?ywa g?sta zielona ?wi?teczna o?nie?ona 150 cm
Stazer	CHOINKA SZTUCZNA NA PNIU G?STA O?NIE?ONA Z SZYSZKAMI 150 CM SOLIDNA PI?KNA
Modern Home	ST ? CATERINGOWY OGRODOWY SK?ADANY TURYSTYCZNY BANKIETOWY WALIZKA 90x200cm
SPI 55	LAMPKI CHOINKOWE 500 LED KOLOROWE RGB 35m WEWN?TRZNE ?WI?TECZNE 8 TRYB W
Nukido	TIPI namiot dla dzieci TEEPEE LAMPKI Poduszki
Zelmer	"FRYTKOWNICA BEZT?USZCZOWA ZELMER FRYTOWNICA PIEKARNIK AIR FRYER 1600W 6,5l"
Stator	DU?E KLOCKI MAGNETYCZNE 3D PANELE MAGNETIC zestaw 130 el Konstrukcyjne XXL
No brand on Allegro	DU?Y SAMOCH D ZDALNIE STEROWANY AUTO RC METAL TERENOWY NAP?D 4X4 1:12 PILOT
Bebilon	Bebilon Comfort 1 ProExpert ZESTAW 6x400g
Nokian Tyres	4x opony zimowe Nokian Snowproof 1 185/65R15 88T
Fox	PROFESJONALNA SUSZARKA DO W?OS W FOX BLUE EYE - JONIZACJA - 2 KONCENTRATORY
KUDDA	DR??EK ROZPOROWY KUDDA STALOWY REGULOWANY 72 110CM DO 200KG PREZENT
No-Pest	MYSZO?APKA ?YWO?APKA PU?APKA ?APKA NA MYSZY I SZCZURY CHWYTACZ NO PEST
DEKO	PI?A TARCZOWA PRZECINARKA PILARKA R?CZNA DO DREWNA 1600W TARCZA 185MM DEKO
Scandic	SCANDIC DECOLORANT SILVER ROZJA?NIACZ BEZPY?OWY DO W?OS W DO 7 TON W 500 G
Alcotec	DRO?D?E GORZELNICZE ALCOTEC 48H PURE MOCNE 21% DO CUKRU NA ZACIER BIMBRU 10
Dam	SMARTWATCH EKG ZEGAREK DAMSKI BMI POMIAR GLUKOZY AMOLED ROZMOWY CI?NIENIE
QSTI	Zestaw do regeneracji polerowania lamp reflektor w czajniczek p?yn 400 ml
IMOUM	"PI?A ?A?CUCHOWA AKUMULATOROWA NA WYSI?GNIKU 6"" 2AKU GA??ZI WKA + PRZED?U?KA"
Uni Posca	Marker dekoracyjny Uni Posca 5M w Etui 16 szt.
ARSA GO	KURTYNA ?WIETLNA LED GIRLANDA Lampki 3x3 m DRUCIKI SOPLE ZDALNE STEROWANE
Nanobauer	"KAMIENIO?ERCA Odkamieniacz 750ml P?yn do mycia kabin prysznicowych, WC"
Lenovo	"Tablet Lenovo Tab TB311FU 10.1"" IPS 4GB/64GB Luna Grey P"
Mozano	"ROBOT KUCHENNY PLANETARNY MIKSER BLENDER 6w1 MISA 6,2L MOCNY ZESTAW"
Urbogym	BIE?NIA ELEKTRYCZNA DOMOWA V660MS AUTO K?T 15 POZIOM W MASA?ER HANTELKI
Urbogym	ROWER STACJONARNY ROWEREK MAGNETYCZNY TERNINGOWY DO DOMU LCD ARGO YELLOW
bez marki	MIKROSKOP DZIECI?CY POWI?KSZENIE 1000X ZABAWKA EDUKACYJNA ? ?TY PREZENT
Rafi	Karma mokra dla kota Dolina Noteci RAFI CAT mix 4 smak w puszki 48x400
Rafi	RAFI KARMA DLA KOT W MIX SMAK W 400G X 24
Rafi	RAFI mokra karma dla kota MIX smak w 24x400g BEZZBO?OWA Dolina Noteci
Wuber	DMUCHAWA SPALINOWA ODKURZACZ LI?CI 3w1 ROZDRABNIACZ 750W 50L + OLEJ 350km/h
GoDan	BUTLA Z HELEM NA 30 BALON W HEL DO BALON W
Toys4Boys	R?KAWICZKI LED USB R?KAWICZKI Z LATARK? LED ?WIEC?CE R?KAWICE ?adowane USB
DJI	Dron DJI Mini 3 (RC-N1) GPS WIFI 38min 6km HDR Kontroler
Spin Master	PSI PATROL BAZA WIE?A OBSERWACYJNA ZE ?WIAT?EM I D?WI?KIEM+ AUTKA I FIGURKI
Ariete	PIEC DO PIZZY ARIETE 909 kamie? 400 C + N ? DO PIZZY + EBOOK GRATIS!
Dam	SMARTWATCH DAMSKI ZEGAREK ROZMOWY SMS SPORT ZDROWIE ZLOTY MENU PL + 4 PASKI
Konnwei	TESTER DO AKUMULATOR W 6V 12V Konnwei KW650
Lavor	MYJKA CI?NIENIOWA LAVOR STARGATE 180 BAR ALUMINIOWA POMPA
RUCKEN	Materac 200x90 do ? ?eczka Premium FIZJOMOMMY Dzieci?cy Dwustronny H2/H3
XMaster	SZLIFIERKA K?TOWA AKUMULATOROWA MINI GUM WKA 19500 RPM 2x TARCZE + 2x AKU
Electo	LAMPKI SOPLE 500 LED ZEWN?TRZNE BIA?E ZIMNE 24m GIRLANDA IP44 EFEKT FLASH
Demon	KOSA SPALINOWA 5.2KM DEMON RQ580 PODKASZARKA KOSIARKA WYKASZARKA DO TRAWY
Sena	Ga?nica Samochodowa Proszkowa 1kg Typ Pgp-1 B ABC TOP legalizacja do 2028
DJI	Nowa Kamera DJI Osmo Action 6 Adventure Combo Sportowa Regulowana Przys?ona
Alpen Camping	Kartusz gazowy Alpen Camping 10x400 ml
MBG Line	Kamera Inspekcyjna DUO ENDOSKOP 5M 7LED 2x FHD Warsztatowa do Rur Boroskop
Kindii	KINDII P?ATKI KOSMETYCZNE DLA NIEMOWL?T BABY PURE BAWE?NA 9x60SZT 9PAK
Apple	Apple Watch Ultra 2 Czarny (Ciemnozielona Pasek Nylonowy L)
GALAXIA	TA?MA LED RGB 20m Ledy 5050 Listwa RGBW 230v 12v MOCNA NA PILOTA APLIKACJA
Huggies	HUGGIES pieluszki Extra Care rozmiar 5 (11-25 kg) Mega 50szt
VVENEZIA	CHOINKA SZTUCZNA 160 CM NA PNIU PI?KNA SOSNA DIAMENTOWA G?STA PREMIUM
Lewer	FREZARKA DO PAZNOKCI MANICURE PEDICURE PROFESJONALNA BEZPRZEWODOWA ZESTAW
Brit	"Brit Premium by Nature Junior Large Breed, kurczak 4 x 15kg"
Delphi tools	WIERTARKO WKR?TARKA AKUMULATOROWA PROFESJONALNA AKU 4 Ah 18V UDAROWA MOCNA
Led Light	Solarna Lampa Uliczna LED 2000W 264 LED IP66 Panel Solarny Pilot
Tw j Cel To	OMEGA 3 1000mg EPA 500mg DHA 250mg TR JGLICERYDY ZDROWE SERCE M ZG - MOCNA
Samsung	Samsung Galaxy S25 FE 5G Fan Edition 8/256GB Bia?y
Heckermann	Parasol Grzewczy Gazowy Tarasowy Promiennik Ogrzewacz 13 KW 227cm Pokrowiec
Vileda	"Vileda Steam 1550 W Mop parowy + wk?ad, nak?adka do czyszczenia dywan w"
Xiaomi	PL Dystrybucja Xiaomi Redmi Note 14 Pro 4G 8/256GB Dual SIM AMOLED NFC Gold
Launch	"Launch PRO3 V+ ELITE  SMARTLINK C, 2026r. PassThru, Kodowania, DoIP, CAN-FD"
Telinult	MOCNA SUSZARKA LOK WKA DO W?OS W 6W1 3 PR?DKO?C Z JONIZACJA 1400W REGULACJA
Edaxe	DU?Y SAMOCH D ZDALNIE STEROWANY AUTO RC METAL TERENOWY NAP?D 4X4 XXXL 1:12
Dolina Noteci	Mix smak w Dolina Noteci Premium Kot 24x400 g karma mokra puszce + PRZYSMAK
Care Life	TOALETKA KOSMETYCZNA z LUSTREM BIA?A + TABORET
Philips Avent	PHILIPS AVENT Zestaw Butelek Natural Response 2x330ml 906/02
GP	40x Baterie AA R6 GP Extra G-tech alkaliczne
Minexo	PLATFORMA WIBRACYJNA DO MODELOWANIA SYLWETKI ANTYCELLULITOWA 180 PR?DKO?CI
Majster Pro	Spawarka 200 inwertorowa MIGOMAT FLUX MIG MAG MMA GAZ Co2 SYNERGIA MP0126
porcello	Serwis obiadowy nowoczesny na 6 os szary nakrapiany do zmywarki mikrofali
Tena	MAJTKI CH?ONNE TENA PANTS NIGHT L PIELUCHOMAJTKI PIELUCHY DLA DOROS?YCH
Riwall	PILARKA PI?A ELEKTRYCZNA RIWALL 3550W ?A?CUCHOWA DO DREWNA METALOWA PRZEK?A
NAC	?PIEWAJ?CY KO? NA BIEGUNACH 74cm DU?Y BUJANY KONIK START BABY
Concordia	SZAFKA NOCNA STOLIK NOCNY SYPIALNI 2 SZUFLADY BIA?Y MAT D?B WOTAN SCANDI
Daewoo	DAEWOO GENERATOR AGREGAT PR?DOTW RCZY GDA 6500E 5KW 5000W Z ROZRUSZNIKIEM
Clavier	FREZARKA DO PAZNOKCI MANICURE PEDICURE MOCNA PROFESJONALNA ZESTAW BIA?A
Scheppach	Generator pr?dotw rczy Scheppach SG3200 2800W
Work Sharp	Ostrza?ka do no?y Work Sharp Precision Adjust + stabilizator
Forever	Forever Aloe Ever-Shield aloesowy dezodorant BEZ CHEMII i SOLI ALUMINIUM x4
DRMZ	SMART BOX TV 4K 8K ANDROID 13 WIFI 6 BLUETOOTH 5 PRZYSTAWKA TV MODEL 2025
VITAMMY	SZCZOTECZKA SONICZNA ELEKTRYCZNA DO Z?B W VITAMMY SYMPHONY BLUE 82000R/M
Bright White	PASKI WYBIELAJ?CE BRIGHT WHITE SUPREME 14 szt. (7 saszetek)
KUDDA	ZESTAW 3 GUM DO ?WICZE? POWERBAND gumy oporowe fitness WYSOKA JAKO?? KUDDA
Niepo?omicki Bartnik	"MI D SPADZIOWY ?WIE?Y SPAD? IGLASTA Z PASIEKI ZE SPADZI IGLASTEJ 1,2kg 2025"
Moza	Projektor WANBO Mozart 1 Pro New Niebieski Full HD 1920 x 1080 nowa wersja
Wuber	FREZARKA G RNOWRZECIONOWA DO DREWNA WYCINARKA Z REGULACJ? OBROT W ZESTAW
bez marki	POLYNOR izolacje piana natryskowa pur pianka pur OCIEPLENIE PODDASZA GARAZU
Miralex	DAOPro nietolerancja histaminy 30 tab. (zestaw 4szt.)
Maltec	MASA?ER DO SZYI KARKU CIA?A ST P PLEC W SHIATSU PAS MASUJ?CY GRZEJ?CY
bez marki	ZESTAW Krzes?o SK?ADANE CATERINGOWE BANKIET CZARNE 6 SZT WYGODNE BANKIET
NIVEA	NIVEA MEN BLACK&WHITE Antyperspirant 72h w kulce m?ski 50ml x6 + minis
Intel	SOCCERBOT INTELIGENTY ROBOT do gry w pi?k? no?n? Soccer Bot EP60127 6+
Tekstylarium	KO?DRA CA?OROCZNA 140x200 + PODUSZKA 70x80 KOMPLET PRODUKT POLSKI
SuperButelki	24x s?oiczki 120 ml na przyprawy + NABIERAK + 200x etykiety PRZYPRAWNIK
bez marki	Mata grzewcza podgrzewane fotele siedzenie 12V do auta samochodu
Puma	Pi?ka no?na treningowa do nogi Puma Orbita La Liga Hybrid r 5 + POMPKA!
Seni	PIELUCHOMAJTKI DLA DOROS?YCH majtki ch?onne SENI ACTIVE NORMAL M 30szt
Tagred	KOMPRESOR BEZOLEJOWY SPR??ARKA 50L 10 BAR PROFESJONALNY 4T ZESTAW 6W1
Gorenje	Lod wka wolnostoj?ca GORENJE RK4182PS4 180cm 39dB Srebrna 269 l
Dam	Z?oty Naszyjnik Damski ?a?cuszek Zawieszka Serce SREBRO 925 50cm Na prezent
Makita	MAKITA HR2670FT M?OTOWIERTARKA Z FUNKCJ? KUCIA 800W SDS-PLUS 3.0J + UCHWYT
Kindii	P?atki kosmetyczne bawe?niane Kindii Pure waciki dla niemowl?t 60 szt
Huggies	HUGGIES pieluszki Extra Care rozmiar 1 (2-5 kg ) Mega 4x84 szt.
Powermat	MINI TOKARKA STO?OWA DO METALU DREWNA OBRABIARKA 0-2500 obr./min +AKCESORIA
Philips	Mop elektryczny Philips OneUp akumulatorowy niebieski XV3101/01
Philips Avent	Smoczek do butelki Philips Avent natural Antykolkowy RESPONSE 6m+nr6 KASZKA
BESTEN	"Pi?a ?a?cuchowa Akumulatorowa Ga??zi wka Pilarka 30Cm Bezszczotkowa 2X4,0Ah"
bez marki	Zasilacz Awaryjny Fossibot F3600 3600W Komplet Z Panel Solar 420W Sk?adany
Amper	LAMPA LED KWADRAT SUFITOWA PLAFON LED OPRAWA + PILOT + RGB
ARSA GO	MOCNA LAMPA SOLARNA 600W LED ULICZNA Z CZUJNIKIEM RUCHU I ZMIERZCHU PILOT
GALAXIA	TA?MA LED RGB 10m Ledy 5050 Listwa 230v 12v KOLOROWA NA PILOTA + APLIKACJA
Acer	Laptop Acer Aspire 17 i5-1334U/16GB/512/Win11
Lupilu	DREWNIANA KUCHNIA DLA DZIECI + AKCESORIA EFEKTY ?WIETLNE D?WI?KOWE PREZENT
SuperLED	Lampa LED Natynkowa Panel 120cm 36W do Gara?u Warsztatu Oprawa ?wietl wka
Auto Gamma	?ar wki LED D3S D3R Canbus Mocne 160W 25000LM 6000K 2 szt.
4FIZJO	KO?DRA OBCI??ENIOWA DLA DZIECI KOC DZIECI?CY SENSORYCZNY 100x150 CM 3 KG
SPI 55	KURTYNA ?WIETLNA NA OKNO 300 LED 3x3 LAMPKI ?WI?TECZNE CHOINKOWE GIRLANDA
Kinderplay	DU?Y TOR SAMOCHODOWY WY?CIGOWY PARK DINOZAUR W TRACK KREATYWNY 240EL. 360cm
Lewer	KLOCKI MAGNETYCZNE konstrukcyjne zestaw dla dzieci 144 elementy edukacyjne
Tena	AC1300 ADAPTER KARTA SIECIOWA WiFi Wi-Fi NA USB ANTENAMI 1300Mbps 5GHz WPA3
Rafi	RAFI JUNIOR Mokra karma SZCZENI?TA Mix smak w 60x400g
HP	"HP 17-cp3114nw - Ryzen 7 7730U 17,3""-FHD 16GB 512GB Win11Home Srebrny"
Beon	LATARKA CZO?OWA LAMPKA TURYSTYCZNA LED WARSZTATOWA
Krischner	ZESTAW SZTU?C W KOMPLET PO?YSK SZTU?CE STAL NIERDZEWNA 24 EL NA 6 OS B
DeWalt	DeWalt DCF860P2T NAJMOCNIEJSZA Zakr?tarka udarowa 18V XR 282Nm TSTAK 2x5Ah
Viofo	VIOFO A229 PRO 2CH-G REJESTRATOR PRZ D/TY? 4K/2K GPS 128GB ACC + FILTR CPL
Krups	Automatyczny ekspres ci?nieniowy Krups EA912HF0 Sensation milk
SuperLED	?ar wka LED GU10 10W 1000lm CCD MOCNA NIEMRUGAJ?CA PREMIUM BIA?A NEUTRALNA
Rippey	DART TARCZA ELEKTRONICZNA DO GRY W RZUTKI BULL
Perfect Fit	PERFECT FIT sucha karma dla psa ma?e rasy z kurczakiem 6 kg
Alpen Camping	10 x Gaz Kartusz Nab j Alpen Camping 400 ml do kuchenki piecyk w i palnik w
Berdsen	OSUSZACZ POWIETRZA POCH?ANIACZ WILGOCI 20L/24H HIGROSTAT TIMER WI-FI TUYA
Smith	Atlas Suwnica Smitha Multifunkcyjna HMS + Wyposa?enie na Si?ownie Trening
No brand on Allegro	CHOINKA SZTUCZNA na pniu naturalnym G?STA o?nie?ona JAK ?YWA 180cm POLSKA
Dreamies	DREAMIES Przysmak Dla Kota Mix Smak w 12x60g
Movino	Hulajnoga Wyczynowa MOVINO Zintegrowane Stery IHC P?ynna Stalowa Kierownica
Lehmann	Frytkownica Bezt?uszczowa Airfryer Dwukomorowa 11L 2800W
Oral-B	Szczoteczka elektryczna Oral-B iO Series 7 czarna
Meteor	PROJEKTOR GWIAZD RZUTNIK PLANETARIUM 4K LAMPKA NOCNA 23 DYSK W METEORYTY
FUGERT	DMUCHAWA DO LI?CI AKUMULATOROWA OGRODOWA DO ?NIEGU 2x AKU 4AH FUGERT
QuickPC	Komputer do gier KING RYZEN 7 8700 /32GB DDR5 /1TB /RTX 5060 Ti 16GB / WiFi
QuickPC	Komputer do gier AQUA Ryzen 7 8700 /RTX 5060 /32GB DDR5 /ARGB / WiFi AC1300
Nutella	Nutella Krem Czekoladowy 2 x 1kg Ferrero z Niemiec D?UGA DATA 05/12/2026
Pollux	Papier ksero Pollux 80g - A4 1 ryza (500 arkuszy)
Pollux	Papier ksero do drukarki bia?y POLlux A4 80g 5ryz
Stihl	Odkurzacz spalinowy STIHL SH 86 + OLEJ GRATIS! ZESTAW
Gp	"TABLET 10,1"" 4G SIM LTE 12/512GB 8800 mAh WIFI GPS ZESTAW ETUI MYSZKA RYSIK"
Tom Ford	TOM FORD OMBRE LEATHER 100ML WODA PERFUMOWANA DLA KOBIET I M??CZYZN UNISEX
bez marki	LAMPKI CHOINKOWE NA ?WI?TA ?wiat?a 1000LED 30m CIEP?Y BIA?Y DRUCIK GIRLANDA
Carcommerce	Ga?nica Samochodowa 1kg 2026 Proszkowa do Auta + 5 Lat Produkcja 2026 Rok
Kraft&Dele	"AGREGAT PR?DOTW RCZY GENERATOR PR?DU 230/400V SI?A 7,5KW 7500W 3FAZOWY 2XOL"
Cybex	FOTELIK SAMOCHODOWY CYBEX SOLUTION S2 DLA DZIECKA 15-50 KG ISOFIX R129
Warmener	Podajnik Nalewak Dozownik Dyspenser do Wina Alkoholu W dki Whiskey Aerator
Tagred	ZESTAW KLUCZE KLUCZY P?ASKO-OCZKOWYCH Z GUMOWYM UCHWYTEM 25 SZTUK P?ACHTA
Est e Lauder	Estee Lauder Double Wear Podk?ad Ivory Beige 3N1
Zipro	Orbi-Trek SOLIDNY TRENA?ER ELIPTYCZNY DO 150KG ROWER Force GOLD - ZIPRO
Aptel	TOALETKA KOSMETYCZNA Z LUSTREM BIA?A STYL SKANDYNAWSKI + TABORET
Delphi tools	LUTOWNICA TRANSFORMATOROWA PRECYZYJNA 200 W 3 TRYBY 3x GROT 500 C CYNA
Dreame	Odkurzacz pionowy Dreame Z30 czarny
Dolina Noteci	KARMA MOKRA dla PSA DOLINA NOTECI RAFI + PAKO mix smak w 24 x 400 puszka
Chemikal Polska	3 x NEUTRALIZATOR RDZY 1kg neutralizator / odrdzewiacz
Hecadi	MI D MANUKA MGO 400+ 500 g HECADI
Vichy	Prezent na ?wi?ta Zestaw Vichy Neovadiol Rose Platinum
Mar-Pol	NAGRZEWNICA SPALINOWA DMUCHAWA OLEJOWA OGRZEWANIE POSTOJOWE WEBASTO 8KW
Caputo	M?ka Caputo Pizzeria 5 kg - idealna na pizz?!
Bazyl	?wirek bentonitowy Bazyl 20L Ag+ Compact + 5L GRATIS
Seni	LEKKI CHODZIK DLA SENIORA BALKONIK PODP RKA SK?ADANY 4 KO?A ALUMINIOWY
Utrai	UTRAI JUMP STARTER URZ?DZENIE ROZRUCHOWE POWERBANK 12V 6000A
Gp	ZEGAREK SMARTWATCH M?SKI WODOODPORNY ROZMOWY MENU PL SPORT GPS SMART WATCH
Bazar Zdrowia	M?KA MIGDA?OWA 1kg Migda?y Mielone Naturalna
Trex Sport	Dr??ek rozporowy do podci?gania regulowany 72-110cm stalowy Trex Sport
Clavier	Profesjonalna Lampa Do Paznokci UV LED Hybrydy ?ele Mocna Lustrzane Dno 48W
Canaveral	MEGA PREZENT GRA DLA 4 OS B Tarcza elektroniczna do darta 12 rzutek + groty
Promis	DU?A KUCHNIA DREWNIANA dla Dzieci EDUKACYJNA INTERAKTYWNA LEDY +AKCESORIA
Haxe	HAXE ELEKTRYCZNY ASPIRATOR NOSA ODCI?GACZ KATARU
Haxe	ASPIRATOR DO NOSA ELEKTRYCZNY ODCI?GA KATAREK HAXE NS1
Roto	ROWER REHABILITACYJNY TRENINGOWY ROTOR ROWEREK DO ?WICZE? R?K I N G ACTIVE
KUDDA	"HANTLE BITUMICZNE REGULOWANE 40KG SZTANGA, ZESTAW HANTLI 2X20KG KUDDA"
Toolme	MOCNY 140W Oczyszczacz Filtr Powietrza Purifier > Ozonator > JONIZATOR
Royal Canin	Royal Canin Veterinary Diet Feline Gastrointestinal saszetka 12x85g
No brand on Allegro	PARASOL GRZEWCZY PROMIENNIK OGRODOWY GAZOWY CZARNY REDUKTOR POKROWIEC 13kW
PPHU WOCHAL	Sanki z oparciem pchaczem i ocieplaczem + podn ?ki
Masterled	HALOGEN LED na?wietlacz lampa 50W 4500K ZEWN?TRZNY IP65
Trex Sport	Mata puzzle piankowa gruba do ?wicze? pod sprz?t XXL 24 szt.Trex Sport
DBX BUSHIDO	WOREK TRENINGOWY BOKSERSKI DLA DZIECI R?KAWICE MOCOWANIE ZESTAW NA PREZENT
Google	Smartfon Google Pixel 10 Pro XL 16 GB / 256 GB 5G zielony
Party Deco	BUTLA Z HELEM HEL DO BALON W DO NAPOMPOWANIA MAX DO 30 BALON W-5795
Neo	"Ta?ma LED COB 12V 5M rolki NEON pasek linia CIEP?A 9,8W/m mocna"
Amio	R?KAWICZKI R?KAWICE LEWA I PRAWA NA D?O? R?K? NA PALCE LED LEDOWE 1 KPL
bez marki	Getry SKARPETY pi?karskie antypo?lizgowe SPORTOWE na trening r. 37-43
No brand on Allegro	DeKraft Mocny PARASOL GRZEWCZY Gazowy PROMIENNIK Ogrodowy Tarasowy 13KW
Apple	Oryginalny Smartfon Apple iPhone 13 128GB 5G 60Hz
Fenda	"FENDA T-60X PRO g?o?niki pod?ogowe do telewizora, komputera , BLUETOOTH"
Yato	Yato YT-84990 Ostrza?ka do ostrzenia ?a?cuch w obrotowa podstawa 85 W
EM Automotive	?ar wki D1S LED ksenonowe ?arnik Palniki Xenon Plug&Play 6500K CANBUS MOCNE
Granna	Gra planszowa Granna Super Farmer De Lux
XGIMI	PROJEKTOR RZUTNIK XGIMI HORIZON PRO + GRATIS UCHWYT I KABEL HDMI
Wuber	PODNO?NIK SAMOCHODOWY LEWAREK ?ABA NISKOPROFILOWY 3 TONY ZAKRES 75-505MM
NAC	Ziaja Jeju niebieskie zestaw kosmetyk w do piel?gnacji m?odej sk ry
DVS	ZESTAW KAMER DO MONITORINGU 5MPX IP POE 4 KAMERY ZEWN?TRZNE 1TB APLIKACJA
Aquaphor	6x FILTR AQUAMAX PLUS FILTRY do WODY do DZBANKA AQUAPHOR BRITA DAFI 6 sztuk
Twoja Pszcz ?ka	Roleta Dzie? Noc w ALUMINIOWEJ kasecie na wymiar + obci??nik (36 kolor w)
MEMFLOW	LAMPKI CHOINKOWE 1000LED ZEWN?TRZNE WEWN?TRZNE MULTIKOLOR FLASH ?WI?TA 68M
Finish	Kapsu?ki do zmywarki FINISH Powerball Ultimate Plus All in 1 - 110 szt.
MEMFLOW	Choinka Sztuczna 220 CM Du?a G?sta JAK ?YWA REALISTYCZNA DIAMENTOWA MODNA
MEMFLOW	Choinka Sztuczna Diamentowa 220 cm Du?a G?sta REALISTYCZNA JAK ?YWA MODNA
Kuchnia Zdrowia	CYNAMON LASKI 500g LASKA CYNAMONU NATURALNA AROMATYCZNA
Mesoestetic	Mesoestetic Cosmelan 2 krem na przebarwienia 30ml + 5 pr bek
Pro	"ZESTAW: SZPACHLE DO G?ADZI: 25,40,60,80,100 CM"
Dafi	Wk?ad filtruj?cy Dafi Classic
Katrin	R?cznik ZZ w sk?adce H3 40216 KATRIN 4000 listk w BIA?Y
Eurogold	Deska do prasowania du?a sk?adana z gniazdem r?kawnikiem szeroka 120x38 cm
Verda	PODNO?NIK TRAPEZOWY 2T LEWAREK SAMOCHODOWY 104-425mm KLUCZ DO K ? POKROWIEC
Tw j Cel To	BERBERYNA 400mg Ekstrakt MOCNA ODCHUDZANIE CUKRZYCA POZIOM CUKRU Apetyt IO
Kruzzel	Kuchnia Drewniana dla Dzieci Du?a Kuchenka ?wiat?o LED + Akcesoria Garnki
7mai	70mai Kamera samochodowa Omni x800 Wideorejestrator 4K + tylna RC14 + 128GB
bez marki	"MI? PLUSZAK OBCI??ENIOWY RELAKSUJ?CY DLA DZIECI ADHD AUTYZM L?KI WAGA 2,3KG"
eHokery	KRZES?O WELUROWE LOFTOWE WYSOKIE OPARCIE NOWOCZESNE TAPICEROWANE GRAFITOWE
MEMFLOW	"LAMPKI CHOINKOWE 300LED ZEWN?TRZNE WEWN?TRZNE BIA?E CIEP?E ?WI?TECZNE 21,7M"
SEYSSO	Szczoteczka elektryczna Seysso Carbon Basic Lavender Soniczna Fioletowa
Beauty Limited	Masa?er SHIATSU karku szyi ramion plec w PODGRZEWANIE BEZPRZEWODOWY USB 3D
Nokian Tyres	4x OPONY 215/60R17 Nokian Tyres Seasonproof 2
No brand on Allegro	DRON KONTROLER LCD 2 kamery SILNIK BEZSZCZOTKOWY ZABAWKA 145G WIFI 3x AKU
Modebelle	KLOCKI MAGNETYCZNE KONSTRUKCYJNE EDUKACYJNE ZESTAW 100 EL DU?E PANELE 3D
NIVEA Men	NIVEA MEN Silver Protect Antyperspirant m?ski w kulce pod pachy 50ml x 6szt
Doris	Tablica pod?wietlana Doris 30 x 20 cm
Dolina Noteci	Dolina Noteci Premium dla kota mix smak w 48x400g
Smartled	NA?WIETLACZ HALOGEN LED 50W Z CZUJNIKIEM RUCHU ZMIERZCHU LAMPA WODOODPORNA
BES-POL	WIESZAK NA UBRANIA WIESZAKI UBRANIOWE NA ODZIE? UNIWERSALNE CZARNE 100szt
3M	KURTYNA ?WIETLNA LED NA OKNO 300LED 3x3m Lampki Ciep?e Bia?e Girlanda Pilot
Activ/Space	"GRUBA MATA 1,5CM GIMNASTYCZNA TRENINGOWA DO ?WICZE? DU?A ANTYPO?LIZGOWA NBR"
HardMaister	"Drabina Aluminiowa 3x11 stopni Wielofunkcyjna Uniwersalna 150 kg 8,2m Mocna"
Sony Interactive Entertainment	Marvel's Spider-Man 2 PS5 / NOWA / POLSKI DUBBING / P?YTA
Lund	ODKURZACZ DO MEBLI SZYBKIE USUWANIE PLAM MOC 15 KPA PRZENO?NY
Nan	PILA LANCUCHOWA TELESKOPOWA+SEKATOR 2X AKU WYSI?GNIK DO ?CINANIA DO 4 M
Starbucks	Starbucks Vanilla Kawa Kapsu?ki Nespresso 10 szt
Realme	Smartfon Realme GT 6 8 GB/256 GB 5G Fluid Silver
bez marki	KUCHENKA turystyczna GAZOWA polowa + 6x KARTUSZE kamping biwak plener
Alpro	Alpro Barista do kawy Napoj Owsiany bez cukru 8x750 ml
Ondragon	"W?? STRA?ACKI DO SZAMBA BRUDNEJ WODY 2"" 30M MOCNY PARCIANY + SZYBKOZ??CZKI"
Canpol	Canpol babies Bezprzewodowy laktator muszlowy Hands-Free
Festool	"Festool Frezarka do po??cze? Domino  100 lat"" DF 500 Q-Plus Limited Ed"
DeWalt	Wyrzynarka akumulatorowa 2x4Ah 18V DeWALT DCS334M2
Higher	"Drabina aluminiowa 3x14 wielofunkcyjna MOCNA 9,09m uniwersalna WYTRZYMA?A"
bez marki	Skarpety skarpetki NlKE bia?e bawe?niane Everyday 6Pak SX7666100 ORYGINALNE
Tech	Materac piankowy PEARL MAX HR 160x200x20cm H4 Technologia AIR Clima
Samsung	SAMSUNG GALAXY S21 ULTRA 12GB 128GB PE?NY ZESTAW FOLIE
Smartled	Halogen LED Statyw Budowlany Na?wietlacz 2x 100W 22000lm Lampa Na Stojaku
Royal Canin	ROYAL CANIN Mini Adult S Size SASZETKI PIES RASA MA?A 120x85g
Panasonic	40x NAJMOCNIEJSZE baterie alkaliczne PANASONIC POWER LR03 AAA d?uga wa?no??
Medi Sleep	PODUSZKA ORTOPEDYCZNA DO SPANIA PROFILOWANA Z WG??BIENIEM PIANKA MEMORY
Pokusa	POKUSA Olej z ?ososia Atlantyckiego dla Psa 1000ml Salmon
Google	Smartfon Google Pixel 10 Pro XL 16 GB / 256 GB 5G be?owy
Elko-Lighting	Z?ota Lampa Wisz?ca Sufitowa ?yrandol Bia?e Kule Milo LED E27
Kamille	NADZIEWARKA DO KIE?BASY PIONOWA 3 kg MASZYNKA DO KIE?BAS SZPRYCA KAMILLE
Samsung	Samsung Galaxy S23 Ultra S918B 12/512GB Cream Kremowy + Gratis Etui i Szk?o
MEMFLOW	CHOINKA SZTUCZNA SOSNA DIAMENTOWA O?NIE?ONA 180CM JAK ?YWA PREMIUM + STOJAK
Apple	Smartfon Apple iPhone 12 64GB Czarny
Google	"Telewizor TCL 55"" 55P81K QLED 144 Hz 4K Google TV Dolby Atmos Vision"
Smartled	Lampa LED Do Gara?u Oprawa Warsztatowa 80W Natynkowa Hermetyczna ?wietlowka
Motorola	Smartfon MOTOROLA RAZR 60 ULTRA 16GB/512GB Czerwony Rio Red
Kinderplay	DREWNIANA KUCHNIA DLA DZIECI KINDERPLAY ?WIAT?O LED D?WI?K PREMIUM 107cm
Kinder	Zestaw Paczka S?odyczy Kinder Prezent dla Dzieci S?odycze ?wi?ta Wielkanoc
Bio Herbs	UBICHINOL KOENZYM Q10 UbiquinoL 100mg 60szt
Jokomisiada	Drewniany domek dla lalek w stylu Boho led ZA4131
MATERACE Z G R	Materac 90x200 piankowy mi?kki polski H1 H2 promo dla dzieci i doros?ych
Hankook	4x Opona zimowa Hankook WiNter i*cept RS3 W462 205/55R16 91 T
Trex Sport	Wio?larz magnetyczny sk?adany do ?wicze? ergometr wio?larski Trex Sport
Samsung	Odkurzacz pionowy Samsung VS20C9554TB Jet 95 Complete 3xElektroszczotka
Boste	BOSTE MASKA LED NA TWARZ TERAPIA FOTONOWA 4w1 OCZYSZCZANIE LIFTING + PILOT
No brand on Allegro	PROFESJONALNY WYKRYWACZ METALU WODOODPORNA DLA DOROS?YCH Z 5 TRYBAMI
Huggies	Huggies Pieluchomajtki Little Movers Pants 6 Jumbo Pack (15-25 kg) 30 szt.
Apple	## SMARTPHONE APPLE IPHONE 12 64GB # BLUE # NIEBIESKI # UNIKAT #
Mountain Goat	RACZKI TURYSTYCZNE NA BUTY G RSKIE ANTYPO?LIZGOWE KOLCE ?A?CUCHY L
Metabo	Suplement diety Berberyna HCL NUTRIDOME 60 odchudzanie TRAWIENIE metabolizm
No brand on Allegro	kubki Kubek z twoim nadrukiem pe?en kolor fotokubek logo zdj?cie -36 sztuk
Powermat	"AGREGAT PR?DOTW RCZY PRZENO?NY JEDNOFAZOWY 230V , 3000W BENZYNA KO?A TRANS."
Vileda	Deska do prasowania Vileda Bravo Plus
DNA Professional	Tarcza bokserska muzyczna
Jestic	POJEMNIK KOSZ KUBE? 120L NA ?MIECI ODPADY-MOCNY PL
Red-Ice	KUFEREK KOSMETYCZNY XL 3D DU?Y NA LAMP? LAKIERY
Makita	Makita Akumulatorowa Smarownica Tawotnica Prasa Do Smaru 18V LXT DGP180Z
Heelly	Projektor Android Rzutnik 4K WIFI Przeno?ny Smart Tv Full HD Obrotowy
Magnum	Spawarka Magnum MIG 200 MMA spawarka migomat Mig Mag p ?automat spawalniczy
Smartled	Lampa Solarna LED Czujnik Ruchu Zmierzchu Na?wietlacz Zewn?trzny Pilot
DeWalt	DeWALT DCG409VSN Szlifierka k?towa 125mm 18V Body
Luxolar	Wyj?tkowa Stylowa Lampa Wisz?ca ?yrandol LED 3 -punkty ?wiat?a E27
RGL	G?STA CHOINKA 220 cm FULL PE 740 Tips w PE 100% JAK ?YWA 2025/2026 3D
ADBL	ADBL Frost Eater odmra?acz do szyb samochodowych -60 + ocieplana skrobaczka
Dam	SMARTWATCH ZEGAREK DAMSKI MENU PL ROZMOWY POWIADOMIENIA SPORT 4 PASKI
Oral-B	Szczoteczki Elektryczne do Z?b w Oral-B Vitality Pro D103 Duo + Dodatki
No brand on Allegro	Album na zdj?cia 500 zdj 10x15cm wsuwany du?y czarne strony mo?liwy grawer
Tropidog	TropiDog Adult Wo?owina du?a rasa 12kg x 2 karma dla psa + gratis
No brand on Allegro	SUSZARKA NA PRANIE STOJ?CA DU?A 20m STALOWA SK?ADANA XXL KLIPSY NA BIELIZN?
No brand on Allegro	"Falownik Inwerter hybrydowy Off-Grid 6.2 / 12kW 48V 51,2V WiFi Autokomp"
No brand on Allegro	Music Boxing Machine Muzyczna Maszyna Do Boksu ?ciana Bokserska + R?kawice
No brand on Allegro	TARCZA BOKSERSKA MUZYCZNA BLUETOOTH DLA DZICE DO TRENINGU BOKSU + R?KAWICE
Ruhhy	Koc elektryczny Ruhhy dwuosobowy 180 x 130 cm 10 poziom w
No brand on Allegro	POMPA pistolet PALIWA CPN DYSTRYBUTOR OLEJU AUTO STOP + FILTR GILBARCO W??
No brand on Allegro	MOCNE LAMPKI CHOINKOWE 500 LED O?WIETLENIE ?WI?TECZNE ZEW/WEW BIA?Y CIEP?Y
No brand on Allegro	?YWICA EPOKSYDOWA ZESTAW BEZBARWNA ODLEWNICZA KRYSTALICZNA BARWNIK 3KG 3D
Apple	Apple iPhone 14 Pro Max 128GB Fioletowy
No brand on Allegro	?awka treningowa sko?na regulowana wytrzyma?a modlitewnik blokada n g mocna
No brand on Allegro	"PODNO?NIK SAMOCHODOWY LEWAREK TRAPEZOWY 2,5T 120-420 KLUCZ DO K ? POKROWIEC"
No brand on Allegro	Drabinka do ?wicze? dla dzieci do domu - Zestaw XL trenigowy z akcesoriami
No brand on Allegro	PLECAK DO SAMOLOTU WIZZAIR 40x30x20 BAGA? KABINOWY RYANAIR NOWY WYMIAR
No brand on Allegro	Latarka CZO?OWA LED Akumulator CZO? WKA MOCNA Wodoodporna Lampa USB-C Gesty
No brand on Allegro	TERMOS OBIADOWY ZE STALI NIERDZEWNEJ POJEMNIK TERMICZNY NA ?YWNO?? 1L 24H
Blue Orca	Kawa Ziarnista 1kg x2 BRAZYLIA Crema Elektra ?wie?o Palona Blue Orca Coffee
No brand on Allegro	Laser krzy?owy RIWIU POZIOMICA LASEROWA 360 4D P?ASZCZYZNOWA 60 m
No brand on Allegro	"?adowarka, Wallbox Zencar PRO 11kW + aplikacja + karty RFID"
No brand on Allegro	DR??EK POR?CZ DO ?WICZE? PODCI?GANIA DIP W BRZUCHA WIELOFUNKCYJNY 2W1 MOCNY
Elf	Aparat NATYCHMIASTOWY dla dzieci zdj?cia kolor selfie menu PL gry Druku?
Avon	Avon Woda perfumowana Rare Pearls damska 50ml + pr bka
No brand on Allegro	Kora Sosnowa Przesiewana ?rednia 80 l
No brand on Allegro	R?KAWICZKI NITRYLOWE CZARNE MOCNE R?KAWICE BEZPUDROWE BLACK roz. M 100 szt.
No brand on Allegro	PARASOL PROMIENNIK GRZEWCZY GAZOWY OGRODOWY TARASOWY Z POKROWCEM 11kW
Gillette	Gillette Fusion5 Wk?ady wymienne do maszynek / 4 sztuki
Bosch	EXCLUSIVE - Bosch Professional GSB 185-Li Wiertarka +2Ah +23bity 06019K3102
Adidas	Buty adidas Handball Spezial IF6490 38 2/3
No brand on Allegro	"? ?ko tapicerowane 90 x 200 cm z portem USB LED sk?adowanie PU, czarny"
Google	Google Pixel 9 Pro 16/256GB Obsidian Czarny
No brand on Allegro	ELEKTRYCZNA SZCZOTKA MASA?ER DO W?OS W SK RY G?OWY POROST PRZECIW WYPADANIU
Meteor	LAMPKI ZEWN?TRZNE SOPLE LED 480 50CM x10 PADAJ?CY ?NIEG METEORY KURTYNA
No brand on Allegro	"Soczewki dwutygodniowe Acuvue Oasys 6szt. BC 8,4 moc -2,50"
No brand on Allegro	HANTLE ?ELIWNE regulowane 2x20kg gryfy 28mm talerze zestaw do ?wicze? 40kg
No brand on Allegro	HANTLE ?ELIWNE 2x20kg regulowane gryf 28mm Talerze zestaw do ?wicze? 40kg
Olimp	OLIMP CREATINE XPLODE 500g KREATYNA MIX TAURYNA STACK 6 FORM KREATYNY
No brand on Allegro	PROJEKTOR GWIAZD ASTRONAUTA LAMPKA NOCNA Nowe Lombard4u bl5
No brand on Allegro	? ?ko tapicerowane Sofa z funkcj? spania ? ?ko dwuosobowe LED USB 140x200CM
No brand on Allegro	Komoda ZESTAW Antracyt Wotan Szafka 6 Szuflad 3 Drzwi Duza 200 cm do Salonu
No brand on Allegro	?ar wki LED D1S ksenonowe ?arnik Palniki 1:1 Xenon 6000K CAMBUS MOCNE +W5W
Brita	Filtr wody wk?ad do dzbanka Brita Maxtra PRO Pure Performance 2 x 5+1 BOX
No brand on Allegro	R?cznik papierowy ZZ CELULOZA 100% 4000 sztuk listki 20 blind
Thule	Platforma baga?nik rowerowy na 3 rowery na hak Thule EuroWay G2 922 923
Oral-B	Elektryczna Szczoteczka Do Z?b w Oral-b Vitality Czarna + Ko?c wki Dodatki
Parkside	PARKSIDE akum. wkr?tarka udarowa PASSK 20-Li C4 20 V akumulator i ?adowarka
No brand on Allegro	R?KAWICE r?kawiczki NITRYLOWE pink MAGENTA R ?OWE
Tefal	Blender r?czny Tefal Infinyforce XL HB94L830 1000W Rozdrabniacz Szatkownica
Amazfit	Smartwatch Amazfit Balance Sunset Gray + pasek Starry Black
Trex Sport	Hantle Regulowane 20kg Zestaw Hantli Sztanga 2w1 2x10kg Gryf Trex Sport
Velvet	Krzes?o Velvet CAPPUCCINO Ciemny be? Z?ote Nogi Po?ysk Glamour Welur
No brand on Allegro	DRON E88 KAMERA WIFI HD ZDALNIE STEROWANY ZABAWKA MOCNY ZAWIS 350m CZARNY
No brand on Allegro	"Falownik Inwerter hybrydowy Off-Grid 10,2kW 48V WiFi 2 x MPPT Autokomp"
YoloDiem	BLENDER R?CZNY WIELOFUNKCYJNY 9W1 1500W PRO 4 TYTANOWE OSTRZA BOGATY ZESTAW
No brand on Allegro	KO?DRA PUCHOWA 160x200 3KG PIERZE G?SIE BAWE?NA ZIMOWA POLSKA
No brand on Allegro	KOMPRESOR BEZOLEJOWY PIONOWY STOJ?CY 8 BAR 50L R2 DWUT?OKOWY
No brand on Allegro	"?adowarka NEW Zencar 22kW, long d?ugo?? 900cm"
No brand on Allegro	4x6m Namiot Magazynowy Przemys?owy Hala DAS 560 W R ?NE KOLORY
No brand on Allegro	PROFIL DO TA?MY LED naro?ny k?towy alu 2m + szybka
No brand on Allegro	PANELE ?CIENNE TAPICEROWANE NA DOWOLNY WYMIAR - plus g?beczka gratis
No brand on Allegro	Lampa LED Hexagon Sufitowa 522x298 cm Panel O?wietlenie Do Gara? Warsztat
Mustela	Mustela Maternite Krem na rozst?py 2 x 250 ml
No brand on Allegro	DU?A ?YWO?APKA PU?APKA NA KUNY SZCZURY ?ASICE NORKI TCH RZE ?ASKI
No brand on Allegro	Allergoff Spray przeciw alergenom roztoczy kurzu 400 ml
No brand on Allegro	PRZETWORNICA 12V 24V 230V SAMOCHODOWA INWERTER 1000 500W USB ZABEZPIECZENIA
No brand on Allegro	CHOINKA SZTUCZNA O?NIE?ONA DIAMENTOWA DU?A 220 cm STOJAK SZYSZKI JAK ?YWA
No brand on Allegro	BUDOWLANY OSUSZACZ POWIETRZA WELLTEC DHX70
No brand on Allegro	WYMIENNIK PODGRZEWACZ WODY 120L W??OWNICA DO KOT? W GRZA?KA 2000W WSPORNIKI
No brand on Allegro	ZLEW GOSPODARCZY SZARY DU?Y ZMYWAK GARA? BATERIA WYCI?GANA WYLEWKA DOZOWNIK
No brand on Allegro	KOMINEK Z P?ASZCZEM WODNYM KRATKI LUCY 20 kW fi 200 ZESTAW RUR DO MONTA?U
No brand on Allegro	CHOINKA SZTUCZNA 180 cm G?STA NA PNIU SOSNA DIAMENTOWA JAK ?YWA PREMIUM
No brand on Allegro	RACZKI NA BUTY TURYSTYCZNE NAK?ADKI ANTYPO?LIZGOWE KOLCE NA L D ?NIEG 38-46
No brand on Allegro	POJEMNY W ZEK TRANSPORTOWY SK?ADANY MAGAZYNOWY TOWAROWY PLATFORMOWY 300 KG
No brand on Allegro	Baga? podr?czny do samolotu 40x25x20 plecak torba podr?czna WIZZAIR pojemny
Oral-B	Szczoteczka obrotowo-pulsacyjna Oral-B iO Series 6n Black Lava czarna
No brand on Allegro	W?? PNEUMATYCZNY 10x17mm x 15m KOMPRESORA 20 bar GUMOWY ELASTYCZNY
No brand on Allegro	PIEC DO PIZZY ZAPIEKANEK STEK ?37 MINI PIEKARNIK 450 C PIZZA W?OSKA 2200W
No brand on Allegro	Zamykarka do Puszek WEK- 1 RUCH OKAZJA
Soudal	SOUDAL Soudabond Easy TURBO szybki klej pianoklej budowlany szybkoschn?cy
No brand on Allegro	? ?ko kontynentalne 160x200 Palermo Be?owe ? ?KO DOST?PNE OD R?KI
Continental	4x OPONY 205/55R16 Continental AllSeasonContact 2
Baufol	MATA TERMOIZOLACYJNA BAUFOL OCIEPLENIE TERMO OCHRONA DACH PODDASZE 30m 
No brand on Allegro	S?up Maszt o?wietleniowy czarny 5m  60mm sk?adany z 5 element w NA LAMP?
Arkada	Arkada serum kolagenowe w ?elu Nowa formu?a 15ml
No brand on Allegro	ADTAB Tabletka dla kota 2-8kg na pch?y i kleszcze do rozgryzania 48mg
Sodastream	Sodastream Terra Saturator Do Wody Gazowanej Nab j 4 Butelki 2x1L 2x0.5L
Parkside	Odkurzacz PWD 30 C1 sucho mokro PARKSIDE 1500W gniazdo NAJMOCNIEJSZY 30L
Makita	MAKITA Pi?a pilarka ?a?cuchowa 35 cm 2x18V DUC353Z Makita PL dystrybucja
Avent	Avent kubek ze s?omk? 9m+ Girl 200 ml
Thule	Baga?nik Box na hak holowniczy NA NARTY 180cm Thule ARCOS XL + platforma
Olaplex	OLAPLEX HAIR CARE NO.0 KURACJA DO W?OS W PRZED SZAMPONEM REKONSTRUKCJA
No brand on Allegro	"PRZEW D OKR?G?Y GI?TKI LINKA OMY 1 m 3 x 1,5mm2"
No brand on Allegro	SAMOCH D DO DRIFTU NA PILOTA AUTO RC ZDALNIE STEROWANE - AKUMULATOR X 2
No brand on Allegro	?YWICA EPOKSYDOWA ZESTAW BEZBARWNA ODLEWNICZA KRYSTALICZNA BARWNIK 1KG 3D
Sherman	Podgrzewacz indukcyjny do ?rub INDUCTOR sherman nagrzewnica indukcyjna INDI
No brand on Allegro	? ?ko dzieci?ce DOMEK LUNA 160x80 szuflada
No brand on Allegro	Kosz prezentowy prezent na ?wi?ta Zestaw prezentowy ?wi?teczny na gwiazdk?
No brand on Allegro	MATA MASUJ?CA PODGRZEWANA DO DOMU BIURA SAMOCHODU GRZEWCZA PODUSZKA + PILOT
No brand on Allegro	ZEGAREK SMARTWATCH WODOODPORNY M?SKI SPORT 5ATM AMOLED PULSOMETR ROZMOWY
No brand on Allegro	Ga?nica Rajdowa KJS 2kg mocowanie za??cznik J
Dewalt	Klucz udarowy 406Nm 18V XR 1/2 2x5Ah DeWALT DCF921P2T + gumowa os?ona PB921
No brand on Allegro	ROZDRABNIACZ ELEKTRYCZNY R?BAK DO GA??ZI 45MM MOCNY SILNIK 2X ZBIORNIK 45L
No brand on Allegro	PODNO?NIK SAMOCHODOWY TRAPEZOWY 2T KOBY?KI SAMOCHODOWE 3T BLOKADA KOBY?KA
3M	GIRLANDA ?WI?TECZNA ?WIETLNA CHOINKOWA 3m LAMPKI LED ?A?CUCH ZIELONA G?STA
No brand on Allegro	podno?nik samochodowy podno?nik no?ycowy 2000 kg Regulowany 78-156 cm
Sonicare	Szczoteczka soniczna Philips Sonicare HX7421/01 7100 aplikacja etui czarna
No brand on Allegro	Lampa salonowa Kapelusz Vertigo wisz?ca 130cm
Zamel	Czujnik detektor tlenku w?gla czadu WiFi Aplikacja TUYA Zamel CTW-10
No brand on Allegro	SPAWARKA 250A >5kg< INWERTOROWA MIGOMAT MIG !!!!!!!!!!!!!!!! PRO MP1114
No brand on Allegro	Bie?nia 12km/H elektryczna z uchwytem na bidon tablet pas 40cm 110kg AbarQs
No brand on Allegro	ZESTAW 3 GUM DO ?WICZE? POWER BAND TA?MY OPOROWE TRENINGOWE FITNESS 1-17kg
3M	KURTYNA ?WIETLNA NA OKNO 300 LED 3x3m LAMPKI BIA?E CIEP?E GIRLANDA + PILOT
No brand on Allegro	"AKUMULATOR LIFEPO4 12V 314AH MINI Z BT 200A BMS KAMPER, SOLAR, OFF-GRID"
Oppo	Smartfon Oppo Find X8 Pro 16 GB / 512 GB 5G czarny NOWY
Sony	KONSOLA PLAYSTATION 5 SLIM Z NAP?DEM PS5 CHASSIS 1TB SONY
Apple	Apple iPhone 16 Pro 256GB Natural Titanium
Apple	Smartfon Apple iPhone 16 Pro 8 GB / 256 GB 5G OUTLET
Pampers	Pieluchomajtki Pampers Pants Rozmiar 5 152 szt.
Apple	IPHONE 16 PRO MAX 256GB APPLE
Apple	IPHONE 16 PRO 256GB TYTAN CZARNY ESIM SZYBKA ?ADOWARKA GRATIS JAK NOWY
Sony	Konsola PlayStation 5 Pro Digital 2TB
WaterWipes	WaterWipes BIO chusteczki nawil?ane 12 x 60 szt.
Urbogym	BIE?NIA ELEKTRYCZNA DOMOWA V520 AMORTYZACJA REGULACJA NACHYLENIA SK?ADANA
Realme	Smartfon realme 14 Pro+ 12 GB / 512 GB 5G szary
LEGO	LEGO Ideas Bia?o-czarny kot 21349
Nintendo	Konsola NINTENDO Switch 2 Black Czarny
Pampers	Pampers Premium Care 5 2x148 szt. 11-16 kg Pieluszki Miesi?czny zapas
SKIMACOFFEE	Kawa ziarnista 1kg BRAZYLIA 100% ARABICA ?wie?o Palona SkimaCoffee
TCL	"Telewizor TCL 55Q6C 55"" 4K UHD"
Monin	Syrop Monin SPICED RED BERRIES 700 ml do herbaty owoce le?ne rozgrzewaj?cy
Samsung	Samsung Galaxy S25 FE 5G 8/256 GB Czarny - Jetblack
Sony	Konsola Sony PlayStation 5 Digital Fortnite + pakiet Rozkwitaj?cy Chaos
Tchibo	Tchibo Cafissimo Caffe Crema Vollmundig 96 kapsu?ek Import z Niemiec
Samsung	"Telewizor OLED Samsung QE55S90FAE 55"" 4K UHD czarny"
D?bica	4x D?bica Frigo HP2 205/55R16 91H
Motul	Motul 8100 X-clean EFE C2/C3 5W/30 5L
Castrol	OLEJ CASTROL 5W-30 LL EDGE TITANIUM 5L
Apple	Smartfon Apple iPhone 16 8 GB / 128 GB 5G r ?owy
Motorola	Smartfon Motorola Moto G15 8/128GB Gravity Grey
Brit	BRIT PREMIUM BY NATURE LIGHT SENSITIVE INDYK NADWAGA sucha karma 15kg
Sony	KONSOLA SONY PLAYSTATION 5 PS5 SLIM 1TB + EA FC 26 (kod cyfrowy)
ALPHA	PISTOLET DO MASA?U ALPHA MASSAGE GUN PRO MASA?ER DO CIA?A 5903857176117
D?bica	1x D?BICA Frigo 2 195/65R15 91T 2024 r
DJI	Dron DJI Mini 5 Pro Fly More Combo RC2 Z Kamer? 4K CMOS HDR 120fps 36min C0
Bambu Lab	Drukarka 3D Bambu Lab P1S Combo
Brit	Karma dla psa Brit Premium by Nature Adult L kurczak 2 x 15kg
Blue Orca Coffee	Kawa ziarnista 1kg x2 Cerrado Crema 100% Arabica ?wie?o palona Brazylia SCA
Tchibo	Tchibo Eduscho Family 500g Kawa Mielona Vacum
Stelge	Rolety Plisowane Roleta Plisowana Plisy NA WYMIAR POLSKI PRODUCENT
Pampers	"Pieluszki Pieluchy Pampers Premium Care rozmiar 4, 9-14kg 104 szt zapas"
Swisso	Kawa Ziarnista 1kg Arabica 100% Crema ?wie?o Palona Premium Swisso 8x1kg
Goodride	1x 205/55R16 Goodride SW608 91H zimowe Rok 2025
Bella Baby Happy	ZESTAW PIELUSZKI PIELUCHY HAPPY 5 JUNIOR 11-18 KG 52 SZT.
Tefal	Odkurzacz pionowy bezprzewodowy Tefal X-Force Flex 15.60 aqua TY99G1
?pijZdrowo	Materac 160x200 kieszeniowy kokos NATURAL MAX
Whiskas	WHISKAS SASZETKI MIX SMAK W W GALARETCE 40x85g
Dreame	Robot sprz?taj?cy Dreame X50 Ultra 20 000Pa 6400 mAh Mopowanie WiFi Czarny
Total	OLEJ TOTAL- 5W30 QUARTZ INEO ECS 5L
Motul	3 Filtry + olej Audi A6 C7 2.0 Tfsi 180KM 211KM 220KM 245KM
TCL	"Telewizor TCL 65Q6C 65"" 4K UHD"
Paysafecard	PSC 280 PLN KOD PIN PAYSAFECARD 280 Z?
Sony	Konsola PLAYSTATION 5 Pro 2TB (CFI-7121) Bia?o-czarny
LG	Telewizor 65 cali OLED LG OLED65C54LA webOS 4K UHD czarny
Tchibo	TCHIBO EXCLUSIVE KAWA ZIARNISTA MIESZANA ARABICA ROBUSTA INTENSYWNA 6x1000G
Trex Sport	Bie?nia Elektryczna Sk?adana Domowa Pod ? ?ko 1-12 km/h EXILE TREX SPORT
Tagred	SZAFKA NARZ?DZIOWA W ZEK WARSZTATOWY NARZ?DZIA PREMIUM WYPOSA?ENIE 251-EL
Tagred	KOMPRESOR OLEJOWY SPR??ARKA 50L MOCNA GRATIS ZESTAW +6w1 WYDAJNA 9 bar
DEDAKJ	DEDAKJ DA-1A - domowy koncentrator tlenu
No brand on Allegro	EA SPORTS - FC 26 PL
KFD	KFD PURE WPC 82 - BIA?KO SERWATKOWE 100%
Tchibo	Kawa ziarnista Tchibo Barista Caffe Crema 1Kg +100g Gratis!
Apple	IPHONE 16 PRO 256GB TYTAN BIA?Y ESIM SZYBKA ?ADOWARKA GRATIS JAK NOWY
Samsung	Samsung QE65QN80FAU TV MINI LED AI NQ4 144HZ 4K 2025 Smart TV Tizen
4FIZJO	MASA?ER DO SZYI KARKU PLEC W CIA?A PODGRZEWANY PAS MASUJ?CY SHIATSU PRO +
Paysafecard	PAYSAFECARD PSC 100 z?
Fairy	"Fairy Platinum Cytryna Kapsu?ki do zmywarki All In One, 170 sztuk"
Yankee Caffee	Kawa ziarnista Do ekspresu 1kg 100% ARABICA ?wie?o Palona NIEBIA?SKA PIANKA
LG	LG telewizor 55 cali LED 55UR781C WebOs Smart TV 4K UHD czarny
Tagred	AGREGAT PR?DOTW RCZY inwerterowy 4100W Stabilny Mocny PR?DNICA MIED?
Liqui Moly	LIQUI MOLY 2666 DODATEK DO PALIWA SPULUNG DIESEL 500ML
Farmapol	"Niacynobaza 25% Skoncentrowane serum z niacynamidem, 30 g"
Apple	"IPHONE 14 6GB 128GB Folia fabryczna, pe?ny zestaw"
Apple	Smartfon Apple iPhone 16 Pro 8 GB / 128 GB 5G czarny
Netflix	Karta podarunkowa Netflix 80 z?
KFD	KFD PREMIUM CREATINE JAB?KO 500G
Elf	Elf Evolution Full-Tech FE 5W30 5L
Walden	BIE?NIA DOMOWA ELEKTRYCZNA SK?ADANA 10 KM/H WALDEN F2600
Walden	BIE?NIA ELEKTRYCZNA DOMOWA WALDEN 12 KM/H
Forte	Kompleks witamin OLEOFARM D-Vitum K2 Forte Max 4000 j.m (120 kapsu?ek)
BioFeed	PSI K?SEK BioFEED Karma. dla psa z wo?owin? 20kg
Dyson	Odkurzacz pionowy Dyson V16 Piston Animal Submarine z funkcj? mycia 900W
West Caffee	Kawa ziarnista Brazylia 1kg ?wie?o Palona - 100% Arabica - Monte Carmelo
DeWalt	COMBO 4 DCD796 DCF887 DCH273 DCG405 3x5Ah DEWALT
Kerch	"ROBOT KUCHENNY PLANETARNY MIKSER Z MIS? KERCH MYCHEF BLACK 6,2L 4000W!"
Apple	Apple iPhone 16 Pro 128GB Natural Titanium
Apple	"Laptop Apple MacBook Air 13,6'' M2 16GB 256GB SSD macOS P ?noc Retina 8CPU"
Sony	Konsola PlayStation 5 Digital Slim E 825GB + Dodatkowy Pad Bundle
Gigabyte	Karta graficzna Gigabyte RX 9060 XT GAMING OC 16 GB
Zipro	Bie?nia Elektryczna do chodzenia Pod Biurko ? ?ko 13cm do 6km/h Yougo Zipro
Philips	"Telewizor OLED PHILIPS 55OLED770/12 55"" 4K 144Hz Ambilight Dolby Vision Cza"
Bauhus	KLEJ DO STYROPIANU W PIANCE EPS XPS styroduru PIANOKLEJ Bauhus MOCNY 750
Apple	Mega Zestaw Smartfon Apple iPhone 13 256GB Bateria 100% Komplet
Forte	Biowen OMEGA 3 FORTE TG Wysoka Dawka MOCNA EPA DHA z Witamin? E 90 kapsu?ek
Urbogym	BIE?NIA ELEKTRYCZNA V450M MASA?ER K?T NACHYLENIA SK?ADANA Z AMORTYZACJ?
De'Longhi	Ekspres do kawy DeLonghi ECAM 450.65.G
Ecoflow	Przeno?na Stacja Zasilania EcoFlow Delta 2 1024 Wh 1800W X-Stream AC USB-C
Apple	Smartfon Apple iPhone 16 Pro 5G 8/128GB Bia?y (MYNE3ZD/A)
Pampers	"Pampers Premium Care Rozmiar 5, 2x102 szt. Pieluchomajtki Miesi?czny zapas"
Nintendo	Konsola Nintendo Switch OLED Neon Red Blue / Nowa
Cedrus	OD?NIE?ARKA ZAMIATARKA 4w1 spalinowa CEDRUS ZM06E Gratis
JBL	"Power Audio JBL PARTYBOX 710, g?o?nik imprezowy"
Pellini	Kawa ziarnista Pellini Top 1kg 100% Arabica aromatyczna bez kwasu i goryczy
Normet	"PODNO?NIK SAMOCHODOWY NO?YCOWY MOBILNY NORMET PX-3500S 3,5T 120 CM 230V"
4FIZJO	MASA?ER MASA? DRENA? LIMFATYCZNY MASA?ER DO PRESOTERAPII APARAT DO DRENA?U
Philips	GENERATOR STACJA PARY ?ELAZKO PHILIPS GC9682/80
Liqui Moly	Liqui Moly Top Tec 4200 Longlife III 5 l 5W-30 Olej silnikowy 5L
Pampers	"Pieluszki Pampers Premium Care rozm. 5, 11-16 kg, 88 szt CH?ONNE WYTRZYMA?E"
Brit	Brit Care Dog Hypoallergenic Weight Loss 2x 12 kg
Tagred	KOMPRESOR SPR??ARKA TAGRED 100L DWUT?OKOWY 2T V2 SEPARATOR 18W1 + OLEJ
Apple	Apple iPhone 16 Pro Max 256GB Bia?y
WD	Robot kosz?cy Mammotion LUBA 2 AWD 3000X 2025 NOWY MA?OPOLSKA PODKARPACIE
Apple	Smartfon Apple iPhone 16 Pro Max 8 GB / 256 GB 5G eSIM BATERIA 100% szary
Pampers	"Pampers Premium Care Pieluszki pieluchy dla dzieci roz. 2, 4-8 kg, 136 szt."
Tracmax	1x 205/55R16 TRACMAX X-PRIVILO S130 91 V przyczepno?? na ?niegu (3PMSF)
Kumho	4x opony zimowe Kumho WinterCraft WP52+ 205/55R16 91H 2025
Zipro	Bie?nia Elektryczna Treningowa Domowa Sk?adana do biegania Zipro Ramble
Cat's Best	"Cat's Best Original 40L ?wirek Drewniany Dla Kota Zbrylaj?cy 17,2kg"
Aliness	Aliness Witamina B Complex B-50 Methyl TMG Plus Suplement Diety 100 Kaps
KFD	KFD PREMIUM CREATINE - 500 G KREATYNA MONOHYDRAT - NATURALNA
Philips	PHILIPS ONEUP XV5113/01 MOP ELEKTRYCZNY DO DOMU PANELI DREWNA 70 MIN PRACY
Pan Mi?sko	Pan Mi?sko Karma sucha dla psa CIEL?CINA INDYK WARZYWA Du?e rasy XL 20kg
Hizero	HIZERO F600 - PREMIUM Bioniczny mop Nowy Model
Metabo	METABO DH330 HEBLARKA GRUBO?CI WKA 1800W 230V
Divinus	Sucha karma dla psa Divinus Performance 20kg Du?e i ?rednie Rasy
Force	Zestaw do bramy dwuskrzyd?owej FORCE SW200 2x2m 400 kg lampa do skrzyd?owej
Ulanzi	Lampa o?wietleniowa LED do aparatu kamery 8W (2500K-9000K) Ulanzi VL200
Gigabyte	Karta graficzna Gigabyte RTX 5070 WINDFORCE OC 12GB
Apple	Smartfon Apple iPhone 16 256GB Czarny
Apple	"Smartfon APPLE iPhone 16e 5G 128GB 6.1"" Czarny"
Materazzi	Materac 140x200 kieszeniowy dwustronny ?rednio twardy BLANCO pocket MAX
Bambu Lab	Drukarka 3D
Scheppach	"Agregat pr?dotw rczy 1/3F 11kW 5,5/1,8kW 400/230V 12V DC AVR 25l 10h SG7100"
NAC	BIE?NIA ELEKTRYCZNA DOMOWA SK?ADANA Z AMORTYZACJ? REGULACJA K?T NACHYLENIA
Care Life	Krzes?o tapicerowane Fotel Welurowe do kuchni jadalni salonu
Atlas	"ATLAS M-SYSTEM 3G M8/FI 6,5 L100 BX"
Volkswagen OE	OLEJ VOLKSWAGEN LONGLIFE III FE VW 0W-30 5L VAG
Chappi	Chappi Wo?owina Dr b Warzywa 13.5kg Karma dla Ps w
Dolina Noteci	DOLINA NOTECI PREMIUM PUSZKA MIX SMAK W 10X800G
Kidde	Czujnik czadu Tlenku w?gla Detektor CO Bezprzewodowy Kidde K7DCO 10 lat LCD
Royal Canin	Royal Canin Gastro Intestinal Low Fat 420 g puszka
Honda	"Agregat inwerterowy Honda EU22i 2200W AVR 230V cichy, lekki + GRATISY"
Satisfyer	Satisfyer PINGWINEK Masa?er Stymulator ?echtaczki Wibrator Powietrzny
ForMeds	ForMeds BICAPS MAG B6 MAGNEZ cytrynian + wit. B-6 NERWY SERCE MI??NIE KO?CI
Biovico	Biovico Sizarol Complex Horse - 2L - na stawy dla koni i kuc w
LG	Rekuperator ?cienny BSK ZEPHYR 110 pilot 30m3/h czujnik wilgotno?ci WiFi
Ferroli	KOCIO? NA PELLET PIEC FERROLI BIOPELLET PRO 12 KW ZBIONIK 105 kg lista ZUM
Baseus	BASEUS POWER BANK ROZRUCH JUMP STARTER LATARKA 20000 mAh 12V 8000A + KLEMY
Kingbolen	INTERFEJS SKANER DIAGNOSTYCZNY UNIWERSALNY OBD 2 DO?YWOTNIA AKTUALIZACJA
Tagred	PROFESJONALNA SZAFA WARSZTATOWA W ZEK NARZ?DZIOWY SERWISOWY STALOWY BLAT
Omna	CZUJNIK CZADU DETEKTOR TLENKU W?GLA CO BEZPRZEWODOWY EKRAN LCD 2w1 PRO+
Majster Polska	Spawarka INWERTOROWA MIGOMAT FLUX MMA MIG TIG GAZOWY Z BUTL? MP0122
Sheba	"Sheba karma mokra mix smak w 3,4 kg"
Samsung	Samsung Galaxy S25 12/128GB Czarny
Kamikaze	"Hulajnoga Elektryczna Kamikaze K1 Katana RGB, 1400W, Blokada NFC 1400W 10"""
Toolme	NAGRZEWNICA spalinowa dmuchawa elektryczna WEBASTO ogrzewanie new tm187
Dreame	Odkurzacz pionowy bezprzewodowy Dreame Z30 Ultra
Oleofarm	COLLAFLEEX SHOT PLUS 13000 na stawy ko?ci OLEOFARM 20 fiolek x 25ml
Felix	Felix karma mokra dla kota mix smak w 88 x 85 g saszetki
Samsung	TELEWIZOR SAMSUNG 65S95F 4K UHD DVB-T2 TIZEN TV DOLBY ATMOS OLED HDR PRO
Moza	MOZA Racing R5 Bundle RS20 Kierownica z peda?ami
Paysafecard	PaySafeCard 500 PLN PSC KOD PIN KARTA (2x200 + 100) PSC
Redats	Zestaw do Wulkanizacji REDATS Monta?ownica M-111 Wywa?arka W-200
TCL	Telewizor 55 TCL 55V6C
Dolina Noteci	DOLINA NOTECI PREMIUM MIX SMAK W KARMA MOKRA PSA PS W 800g x 30 BEZ RYB
Blue Orca Coffee	Kawa ziarnista 1kg Java Limited Edition Arabica 100% Blue Orca Coffee
Trex Sport	Bie?nia Elektryczna Sk?adana Domowa 16 km K?t Nachylenia RUNVO TREX SPORT
Yankee Caffee	Kawa ziarnista Crema 100% Arabica ?wie?o palona Niebia?ska Pianka (2x1kg)
Fairy	Fairy Platinum All in One Kapsu?ki do zmywarki 6 x 21szt. = 126 szt.
Bosch	ZMYWARKA DO ZABUDOWY BOSCH SMV8YCX02E 14 KOMPLET W KLASA A 44dB
Finish	Finish Quantum kapsu?ki do zmywarki Mycia Naczy? Lemon Cytryna 130 sztuk
Epee	GRA S?OWNA ZR?CZNO?CIOWA S?OWA NA OKR?G?O GRY FAMILIJNE DLA DZIECI EPEE HIT
Liqui Moly	Dodatek Ceratec Liqui Moly Cera Tec 3721 300ml
Dewalt	Pilarka sto?owa DeWalt DWE7492
Gigabyte	Karta Graficzna GIGABYTE GeForce RTX 5070 Ti Windforce OC 16GB GDDR7 DLSS4
Philips	2x Philips Sonicare 5300 szczoteczka soniczna zestaw bia?a czarna HX7109/01
Cetaphil	Cetaphil EM Emulsja micelarna do mycia 1l 1000 ml
Urbogym	BIE?NIA ELEKTRYCZNA V520M MASA?ER AMORTYZACJA REGULACJA NACHYLENIA MOCNA
Dell	Dell Vostro 3530 i5-1334U 32GB 1TB Win11Pro 120Hz
?pijZdrowo	Materac 120x200 kokos NATURAL MAX exclusive 24 cm
D?bica	4x D?bica 205/55R16 94V Navigator 3
Blue Orca Coffee	Kawa ziarnista 1kg TOPACIO - ?WIE?O PALONA BLUE ORCA 100% ARABICA +GRATIS
Qualitium	Olej syntetyczny QUALITIUM PROTEC 5W30 5 l 5W-30
Total	OLEJ 5W-40 TOTAL QUARTZ 9000 ENERGY 5L
Sony	Konsola Sony PlayStation 5 Slim 1 TB Edycja Limitowana Ghost of Yotei Nap?d
WIELKA PAKA	Karma mokra dla kota 50 szt. Saszetki Mix Smak w Wielka Paka dla Kociaka
Valentis	"Kerabione Booster, kapsu?ki, 30 szt."
Zipro	BIE?NIA Elektryczna SK?ADANA Domowa z Nachyleniem Pasa i Amortyzacj?
Laresar	Odkurzacz Bezprzewodowy Akumulatorowy Laresar X11 550W 55kPa NOWY MODEL
Stiga	Traktor Stiga Estate 798 W - 2CYLINDRY Du?a Moc! ZESTAW
Roto	Extra Mocny Obrotowy Uchwyt do Telewizora Wieszak TV 25-70 cali Uniwersalny
Animal Island	Animal Island 40x85g Wo?owina Kurczak Indyk Ryba Mokra Karma dla Kota
Apple	Smartfon Apple iPhone 16 Pro Max 8 GB / 512 GB 5G czarny
Motul	MOTUL 5W40 5L 8100 X-CESS
Yoer	Osuszacz powietrza automatyczny Yoer 12L/24h 40m2 +TIMER +Suszenie prania
HP	Laptop HP 255R G10 15.6 R7-7735U 16GB RAM 512GB SSD Windows 11 Home
Dreame	Robot sprz?taj?cy DREAME L10s Ultra Gen2 White Mopowanie EPA Wyposa?enie
SKIMACOFFEE	Kawa ziarnista 1kg KOLUMBIA 100% ARABICA ?wie?o Palona do ekspresu + GRATIS
De'Longhi	Ekspres ci?nieniowy automatyczny DELONGHI ECAM 450.65.S 1450 W WiFi
Pard	CELOWNIK LUNETA TERMOWIZYJNA TERMOWIZJA PARD PANTERA 256 Q PA2Q-25 OLED
Dallmayr	Kawa ziarnista DALLMAYR Home Barista Caffe CREMA DOLCE 1000 g
Promiler	"Alkomat Promiler iBlow Elektrochemiczny, Policyjny bez ustnika + Gratis"
Haier	"POMPA CIEP?A HAIER SUPER AQUA 7,8 KW AU082FYCRA(HW) SAM MONOBLOK"
Bambu Lab	Drukarka 3D Bambu Lab P2S Combo
DeWalt	Zestaw elektronarz?dzi DeWalt DCK2080P2 DCS391 Wkr?tarka szlifierka pilarka
Cedrus	CEDRUS C-TRAC 86MC TRAKTOREK OGRODOWY TRAWY KOSIARKA SPALINOWA 86cm 14 KM
WD	Lupico Choinka Sztuczna Pe Jak Prawdziwa Franklin 100% Pe 220cm
Sony	KONSOLA SONY PLAYSTATION 4 SLIM 1 TB 1000 GB + 2 PADY OKABLOWANIE -KOMPLET
Flex	"Mocny, bezworkowy odkurzacz przemys?owy FLEX S44 L AC z otrz?saczem"
Runner Athletix	"Bie?nia elektryczna domowa 1-12 km/h DU?Y WY?WIETLACZ, CICHA, 120kg RAX9002"
Xiaomi Tv	"Telewizor Xiaomi TV A Pro 75"" QLED 4K 2026 HDR Google TV AirPlay"
Volkswagen OE	Olej Volkswagen LongLife IV FE 0W20 508.00/509.00 5 Litr w OE
POCO	Smartfon Xiaomi POCO F8 Ultra 5G 16 GB / 512 GB niebieski 7560mAh
Barum	2x opony zimowe 205/55R16 Barum POLARIS 6
Baseus	BASEUS POWER BANK JUMP STARTER ROZRUCH BOOSTER LATARKA10000mAh +KLEMY
Blue Orca Coffee	Kawa ziarnista 1kg x2 Toucano 1kg x2 ?wie?o Palona Arabica 100% Brazylia
Yato	YATO SZAFKA SERWISOWA Z NARZ?DZIAMI 177CZ??CI YT-55300 6 SZUFLAD
Vox	VOX ESPUMO ESP 201 80mm Bia?a Listwa przypod?ogowa
bez marki	29x1kg Karma dla psa baton Przysmak i Salceson Wo?owy 95% Mi?sa
PRIMABIOTIC	COLLAGEN SPORT gold Kolagen 30ml X 30 Primabiotic 2 opak= 60 shot w
Philips	Maszynka do strzy?enia Golarka PHILIPS HC 5612/15 BEZPRZEWODOWA
Berge	Oprawa Hermetyczna 120cm lampa + 2x ?wietl wki LED Wodoszczelna Do Gara?u
Dooc	Rega? magazynowy metalowy DOOC oryginalny 5x175 kg 3w1 DO GARA?U PIWNICY
Philips	Telewizor 55 cali QLED Philips 55PUS8400/12 Smart TV Ambilight 4K czarny
Oral-B	Szczoteczki Elektryczne Oral-B iO Series 9 Duo R ?owa i Czarna Magnetyczne
Farys	Meble gara?owe warsztatowe Rega? szafka do gara?u FR4113 haczyki GRATIS
Eduscho	Kawa ziarnista Eduscho Caffe Crema GOLD 1 kg
Apple	Komputer stacjonarny Apple Mac mini M4 16 GB/256 GB SSD Mac OS Silver
Swederm	Ma?? do r?k Hud Salva z witamin? E 100 ml Swederm Hudsalva Vit E
Paclan	Paclan Expert mocne worki na ?mieci zawi?zywane 60L zestaw 300 sztuk
Bambu Lab	Drukarka 3D Bambu Lab X1 Carbon Combo + AMS
Samsung	TELEWIZOR SAMSUNG 65S85F 4K UHD OLED TIZEN SMART TV DVB-T2 120 Hz
GM	GM 5W30 5L OPEL SAAB CHEVROLET KIELCE
Fairy	Kapsu?ki do zmywarki FAIRY Platinum Plus All in One Lemon - 244 szt.
Stanley	KOMPRESOR BEZOLEJOWY 6L 230V 8 BAR
Cedrus	"CEDRUS SB56 OD?NIE?ARKA SPALINOWA DO ?NIEGU CEDRUS SB56 56CM 196CM3 6,5KM"
Felix	Felix Fantastic Wiejskie Smaki w Galaretce Saszetki 48x85g (44+4 gratis)
Kingbolen	INTERFEJS DIAGNOSTYCZNY KINGBOLEN S6 DO?YWOTNIE AKTUALIZACJE 28 FUNKCJI
Yamaha	Yamaha P-45B pianino cyfrowe - RATY 0%
Calvin Klein	PERFUMY CALVIN KLEIN EUPHORIA 100ML WODA PERFUMOWANA DLA KOBIET EDP DAMSKA
Apple	Smartfon Apple iPhone 16 Pro ! 8GB / 128GB 5G ! z?oty ! DESERT TITANIUM !
Majster Pro	"PI?A SPALINOWA PILARKA ?A?CUCHOWA 5,7km 58cm  2x ?a?c/prowad+Olej zest XXXL"
Valvoline	VALVOLINE Synpower XL III 5w30 5L - syntetyczny olej silnikowy XLIII
AA Wings of Color	AA WINGS OF COLOR Star Secrets The Wet Kremowy Bronzer 01 Light Bronze
Tommy Cafe	Kawa ziarnista 2x1kg BRAZYLIA Santos 100% ARABICA ?wie?o palona Tommy Cafe
Zipro	Bie?nia Elektryczna Domowa Sk?adana Amortyzacja Nachylenia Pasa Luma Zipro
Blue Orca Coffee	"Kawa ziarnista 1kg x2, Lumiba+Naluna LIMITED Edition 100% Arabica Blue Orca"
Goodride	2x Goodride Z-401 205/55R16 91V
Pirolam	Pirolam szampon przeciw?upie?owy 150 ml z cyklopiroksolamin? i witaminami
RD Stone	W?giel GROSZEK workowany PALETA 1000 kg OPA? WYSOKIEJ JAKO?CI 26-27 MJ
Yoer	Frytkownica bezt?uszczowa 11L Air Fryer Yoer 2800W 12 program w 23 elementy
INDEX BHP	R?KAWICE ROBOCZE R?kawiczki sk rzane spawalnicze do spawania DRIVER
Zipro	Bie?nia Treningowa Elektryczna Regulacja K?ta Nachylenia - Pulse Zipro
BACscan	Alkomat CA 9000 PRO+ pokrowiec ustniki 100 szt
Epee	CYFROWE KREACJE SEKRETNY VIDEO PAMI?TNIK Z FUNKCJ? NAGRYWANIA EPEE
Sony	Konsola Sony PlayStation 5 Fortnite + pakiet Rozkwitaj?cy Chaos
No brand on Allegro	REGA? MAGAZYNOWY METALOWY WZMOCNIONY DO GARA?U PIWNICY CZARNY 5P ?EK 1325KG
Ariel	Ariel proszek do prania Uniwersalny 6 kg
Renew Force	Zestaw Szczoteczka soniczna
Blue Orca Coffee	Kawa ziarnista 1kg CHOCOLATE Bomb Limited Edition ?wie?o Palona Blue Orca
Xiaomi	Smartfon Xiaomi 14T Pro 12 GB / 512 GB 5G czarny
LG	LG OLED65G51LW TV Oled 4K 2025 evo AI G5 4K Smart TV
Loxon	"LOXON MAX 5% p?yn przeciw wypadaniu w?os w, ?ysienie 60 ml"
JBL	G?o?nik przeno?ny JBL PartyBox Ultimate czarny 1100 W
Titanium	LAMELE ?CIENNE D?B WOTAN NA P?YCIE CZARNEJ 510x2750mm
Bambu Lab	Drukarka 3D Bambu Lab A1
Lenor	Lenor p?yn do p?ukania tkanin 8x59 pra? Mix
Normet	"Podno?nik no?ycowy mobilny 3,5T NORMET PX-3500X"
Arbiton	PODK?AD ARBITON MULTIPROTEC 1000 na ogrzewanie 3w1 edycja 2025 GRATIS
4FIZJO	BIE?NIA ELEKTRYCZNA DOMOWA POD BIURKO DO CHODZENIA SK?ADANA EKRAN APLIKACJA
LG	"Telewizor OLED LG OLED77C51LA 77"" 4K UHD czarny"
ASRock	Karta graficzna ASRock Radeon RX 9060 XT 16 GB
Apple	Laptop Apple MacBook Pro 14 M4 Pro 24 GB RAM 512 GB SSD Gwiezdna czer?
Ariel	Kapsu?ki do prania koloru 72szt ARIEL ALL IN 1 POD
Nestl 	"Mleko Nestl  NAN OPTIpro Plus 2, 5HMO 800 g"
Tchibo	Kawa kapsu?ki Tchibo Cafissimo zestaw 5 x 96 kaps.
HP	"Laptop HP 255 G10 Ryzen 5 7530U 32GB RAM SSD 1000GB 15,6' FHD IPS W11"
DJI	Kamera sportowa DJI Osmo Action 5 Pro Adventure Combo GPS 4K 120fps
Majster	PODNO?NIK powietrzny BA?WANEK gumowy PODUSZKOWY 3.5T ?aba Majster MP Pro
Koliber	ROBOT KUCHENNY PLANETARNY MIKSER KOLIBER X-3200-W 6.2L 7w1 WIELOFUNKCYJNY
Philips	Telewizor 65 cali QLED Philips 65PUS8400 Smart TV Ambilight 4K czarny
Fujifilm	200 zdj?c Fujifilm Instax Mini Glossy - wk?ad do Mini 11/12/Evo/LiPlay
Paysafecard	PAYSAFECARD 50 z? KOD PIN PSC
Tsunami	DESKA SUP TSUNAMI DO P?YWANIA POMPOWANA
Metabo	METABO Odkurzacz przemys?owy ASR 25 l SC 1400W 602024000
Fiido	Rower miejski elektryczny FIIDO C11 PRO Emerald Blue AUTORYZOWANY Sklep
Herz Medical Instruments	Masa?er do Szyi Karku Ramion Plec w Shiatsu 30W Herz G?owice SPR??YNUJ?CE
K rcher	PAROWNICA KARCHER SC 3 DELUXE ANNIVERSARY EDITION 1900W 3.5BAR
DJI	Dron DJI Neo 2 Fly More Combo
D?bica	4 x D?bica Frigo HP2 205/60R16 96 H XL 3PMSF opona zimowa
INDEX BHP	R?kawiczki R?KAWICE robocze r10 LATEX op. 10 PAR
Nescafe	Kawa rozpuszczalna Nescafe CREMA 6 x 200g
Sonax	SONAX XTREME ZIMOWY P?YN DO SPRYSKIWACZY -20 C 2x4L
Samsung	Telewizor 55 cali LED Samsung UE55U8072FUXXH 4K UHD Tizen Smart TV Wi-Fi
Goodram	"Pami?? GoodRam IRDM, DDR5, 32 GB, 6400MHz, CL32 (IR6400D564L32S/32GDC)"
Cisowianka	"Woda Mineralna Cisowianka Niegazowana niskosodowa Zgrzewka 6x1,5L"
Apple	Apple iPhone 15 128GB Green
WaterWipes	"WaterWipes Chusteczki Nawil?ane Dla Dzieci 10x60szt 99,9% wody+EXTRA pianka"
Stanley	Szlifierka do gipsu ?yrafa
Nokian Tyres	1x opona ca?oroczna 205/55R16 Nokian SEASONPROOF 2
Luca	Materac 160x200 Kokos DAKOTA GOLD Premium - 24 cm
Samsung	Samsung QE55S95FA TV Oled 4K 2025 Smart TV Tizen DVB-T2
Gorenje	"Zamra?arka szufladowa Gorenje FN4172CW NO FROST 169,1 cm bia?a DYSTRYB. PL"
Toolme	INWERTOROWY 2500W AGREGAT PR?DOTW RCZY AVR CZYSTY SINUS PRO Toolme TM600
Costa	Kawa Ziarnista Costa Professional Bright Blend 1000g
Tefal	Blender r?czny wielofunkcyjny mocny TEFAL Quickchef HB656G10 3w1 1000 W
Imou	Kamera IP Obrotowa Imou Cruiser Dual 5MP + 5MP IPC-S7XP-10M0WED-0360B-imou
Google	Telewizor QLED CHiQ U50QST 4K UHD Smart Google TV Dolby Audio DLNA
Apple	APPLE IPHONE 15 PRO 128GB CZARNY
Ferroli	KOCIO? PIEC NA PELLET 18 kW FERROLI BIOPELLET PRO 5. KLASA ECODESIGN
Apple	Smartfon Apple iPhone 15 256GB Blue (MTP93)
AlpenTent	Namiot Jednoosobowy AlpenTent Solo1 Bivi Norka 1kg
Ludwik	LUDWIK EKO TABLETKI DO ZMYWARKI 75 SZT ALL IN ONE
Apple	NOWY Apple Mac Studio M2 Max 32GB 512GB SSD Ventura SILVER macOS
Eduscho	Kawa ziarnista EDUSCHO Caff  Crema Strong 1 kg
Gold Dog	Karma dla Owczarka Gold Dog Snocerek Beef & Salmon 15kg bez drobiu
Albi	Czytaj z Albikiem GLOBUS INTERAKTYWNY fizyczny polityczny pi ro Albik 6+
Rebel	Gra planszowa Gwint: legendarna gra karciana Rebel CD Projekt
Ninja	"Air Fryer NINJA Double Stack 2470 W 7,6 l SL300EU Czarny"
Dam	SMARTWATCH DAMSKI ZEGAREK WODOODPORNY GPS MENU PL AMOLED ROZMOWY PULS SPORT
Gp	ZEGAREK SMARTWATCH M?SKI WODOODPORNY ROZMOWY MENU PL GPS AMOLED SPORT WATCH
Hot Wheels	Hot Wheels. JBM72 City transporter. Podw jny smok. Zestaw 2 w 1 Hot Wheels
Gp	Mac Studio M2 Ultra(24cpu+60gpu) 64GB 1TB Silver
Finish	Finish Kapsu?ki do zmywarki Ultimate Powerball 0% 100 sztuk ECO
LG	OSUSZACZ POWIETRZA WILGOCI 650W BUDOWLANY PRZEMYS?OWY POCH?ANIACZ 50L/24H
Ferroli	KOCIO? PIEC NA PELLET FERROLI PRO 8kW BIOPELLET + GRATIS
Apple	Apple iPhone 15 Pro max 8 GB / 256 GB 5G OUTLET
Trada	? ?ko kontynentalne 160x200 Palermo Szare ? ?KO DOST?PNE OD R?KI
Kormoran	4 x Kormoran Snow 215/55R18 99 V XL FR 3PMSF opona zimowa
Siemens	Ekspres ci?nieniowy SIEMENS TE 657319RW
Apple	Smartwatch Apple Watch SE 3 40/Z?ote Aluminum/Z?oty Pasek S/M GPS
Playstation	PlayStation 100 z? Karta podarunkowa PSN Kod PS5 PS4 PS3
HMS	Bie?nia Elektryczna Treningowa Sk?adana Do Biegania ?wicze? Cardio 1-18km/h
Apple	Apple iPhone 16 Pro Max 512GB Z?oty
Philips	Mop elektryczny PHILIPS OneUp Serii 3000 XV3101/11
Samsung	Samsung QE55QN80FAU TV Neo Qled 4K 2025 Mini Led Smart TV Tizen DVB-T2
NKT	"Przew d p?aski instalacyjny YDYp NKT 3x2,5 - 1 metr"
Dolina Noteci	Dolina Noteci Premium dla kota MIX 4 SMAK W 40x 85g
Liqui Moly	CERATEC DODATEK DO OLEJU LIQUI MOLY 7181/ 3721/21681
Google	Karta Google Play 100 z? Kod Prepaid Klucz Android
Hill's	"Hill's PRESCRIPTION DIET z/d 10 kg sucha dieta dla ps w, hydrolizat bia?ka"
BOSKO	BOSKO COSMETICS Trychobooster pobudzaj?ca wcierka do w?os w 125ml
Samsung	"Telewizor QLED Samsung QE65QN77FA 65"" 4K UHD czarny"
Wiejska Zagroda	Wiejska Zagroda Karma sucha dla psa WO?OWINA INDYK WARZYWA Ma?e rasy S 9kg
Epson	EPSON XP-3200 DRUKARKA WIELOFUNKCYJNA Wi-Fi SKANER
Tece	TECE Stela? podtynkowy do WC 112 cm sp?uczka Base TECEbase 9400407
D?bica	2x OPONY ZIMOWE 215/65R16 D?bica Frigo HP2 98H
AZS-ENGINEERING	Balia Ogrodowa - Zr b to sam - Zestaw do samodzielnego monta?u 80x120x90cm
No brand on Allegro	Zalando Karta Podarunkowa 500 z?
Pollux	Papier biurowy ksero Pollux format A4 80g 2500 ark.
DJI	Dron DJI Mini 5 Pro 4K 18 m/s
Apple	"MacBook Air M2 13,6 "" Apple M 16 GB / 256 GB z?oty Apple"
Apple	APPLE IPHONE 15 PRO MAX 256GB CZARNY
Paclan	Zestaw 3x PACLAN FOLIA ALUMINIOWA Gruba Mocna - 60 metr w
OnePlus	Smartfon OnePlus 13 16 GB / 512 GB 5G czarny NOWY
Thunder	Bie?nia sk?adana elektryczna domowa 140kg aplikacja amortyzacja mocna 17 km
Thunder	Bie?nia domowa elektryczna treningowa 140kg masa?er amortyzacja aplikacja
Pereko	"KOCIO?, PIEC PEREKO QmPell EVO 8 kW najnowszy sterownik PLUM"
Wiejska Zagroda	Wiejska Zagroda Karma sucha dla psa INDYK z JAGNI?CIN? ?rednie rasy M 20kg
Sense7	Biurko Elektryczne Regulowane 140x70cm Regulacja Wysoko?ci 72-118cm SENSE7
Dreame	ROBOT SPRZ?TAJ?CY Dreame L40 ULTRA CE Bia?y
Yamaha	YAMAHA PSR-E473 Keyboard ze Statywem i Zasilaczem
Mannol	OIej Silnikowy Mannol Defender 10w40 7507 5L
Pampers	Pampers Fresh Clean chusteczki nawil?ane 12x52 szt
Tchibo	Tchibo Exclusive 500g kawa mielona
Nokian Tyres	1x Nokian Tyres Snowproof 2 205/55R16 91H
Gymtek	BIE?NIA ELEKTRYCZNA DOMOWA SK?ADANA MAGNETYCZNA DO BIEGANIA XT950 GYMTEK
Yanosik	YANOSIK GTR + ROK ABONAMENTU + KUBEK + E-TOLL
Michelin	MICHELIN 235/55 R18 ALPIN 7 104H XL opona ZIMOWA
Ariel	Ariel Mountain Spring Allin1 Kapsu?ki Do Bia?ego Prania Tkanin 70 pra?
Lenovo	"Lenovo Legion Pro 5 Gen 10 i9-14900HX 16"" 240Hz 32GB 1000SSD RTX5060 DLSS 4"
Dam	ROWER MIEJSKI DAMSKI TREKKINGOWY 250W 100KM 15.6AH TOUROLL J1 ST 250W
Kowal Polska	"PROFESJONALNY AGREGAT PR?DOTW RCZY 11,8kW ELSTART AVR+ MIED? STOJAN KowaL"
D?bica	1x D?BICA Frigo 2 185/65R15 88T 2025 r
Dedra	URZ?DZENIE ROZRUCHOWE SAMOCHODOWY POWERBANK 6000MAH Z CYFROWY WY?WIETLACZ
Ecoflow	EcoFlow DELTA 2 Max EFDELTA2Max-EU
Kowal Polska	"AGREGAT PR?DOTW RCZY 5,2kW pr?du AVR+ MIEDZIANY STOJAN KOWAL Licznik GODZIN"
Tagred	"Szafa warsztatowa, w zek warsztatowy TAGRED XXL 12 szuflad, 691el TA186"
Lovela	"Lovela Baby Proszek hipoalergiczny do prania koloru dla dzieci 4,1 kg"
JBL	S?UCHAWKI JBL + ETUI BEZPRZEWODOWE NAUSZNE BLUETOOTH CZARNE UNIWERSALNE
Samsung	Smartfon Samsung Galaxy A56 5G 8/128GB R ?owy (SM-A566BLIAEUE)
Trex Sport	Hantle regulowane bitumiczne sztanga 40kg zestaw hantli 2x20kg Trex Sport
Sense7	FOTEL GAMINGOWY BIUROWY SENSE7 DEVON ALCANTARA Z PODN ?KIEM ERGONOMICZNY
Samsung	"Telewizor QLED Samsung QE75QN77F 75"" 4K UHD szary"
LG	Rekuperator ?cienny BSK ZEPHYR 160 pilot 60m3/h czujnik wilgotno?ci WiFi
Kan-therm	Rura PE-RT 16x2.0 Blue Floor KAN-THERM 600M do ogrzewania pod?ogowego
Vizir	"Vizir KAPSU?KI do kolorowych tkanin Kapsu?ki do prania, 50 pra?"
OstroVit	Kreatyna OstroVit Monohydrat 500 g CZYSTA Creatine NATURALNA
Now foods	NOW Foods Magnez Glycinate Albion Skurcze DIGLICYNIAN MAGNEZU 100mg 180 tab
Nestl 	Mleko modyfikowane Nan Optipro plus HMO 3 (800 g)
Dell	Laptop Dell G15 5530 i5-13450HX 32GB 512+1TB SSD Win11 RTX3050 120Hz
Laresar	ODKURZACZ AKUMULATOROWY PIONOWY R?CZNY BEZPRZEWODOWY LARESAR v7 500w 5
Samsung	TELEWIZOR SAMSUNG OLED 55S85F 4K UHD 120Hz TIZEN TV DOLBY ATMOS QE55S85F
Pampers	Pampers Premium Care 6 2x93 szt. 15-25 kg Pieluchomajtki Miesi?czny zapas
No brand on Allegro	FORD OLEJ SILNIKOWY XR SYNTH MOTORCRAFT A5 5W30 5L ORYGINA?
Tagred	KOMPRESOR SPR??ARKA TAGRED 50L V2 SEPARATOR ZESTAW Z OLEJEM WYSOKA JAKO??
Google	Google Pixel 9a 5G Dual SIM 8/128GB Obsidian
No brand on Allegro	KSI??ECZKA MODLITEWNIK KOMUNIA R ?ANIEC KRYSZTA?EK ?WIECA KOMUNIJNA MCZKR
Qualitium	"5w40 PROTEC 502.00/505,00 5L QUALITIUM"
Motul	Motul 8100 X-Cess 5W40 5L
Nokian Tyres	4x Nokian Tyres Snowproof 2 195/65R15 91T
Blue Orca Coffee	Kawa ziarnista 1kg WINTER BLEND 100% Arabica ?WIE?O PALONA Blue Orca
bez marki	Kawa ziarnista 1kg Brazylia 100% Arabica ?wie?o palona do Ekspresu
Dro-masz	Zag?szczarka gruntu 90 kg 18 kN P?YTOWA
Asaka	WIERTNICA GLEBOWA ?WIDER SPALINOWY DO GLEBY 3 WZMOCNIONE WIERT?A DO ZIEMI
Costa	Kawa ziarnista Costa Pro Signature Blend Dark Roast Mocha Italia 1kg
Valve	Konsola do gier Valve Steam Deck OLED 1 TB czarna
Valve	Konsola Valve Steam Deck OLED 1 TB
Samsung	Samsung Galaxy S24 Ultra SM-S928B 12/512GB Titanium Gray Szary + Gratisy
Herz Medical Instruments	Elektrostymulator Mi??ni i Nerw w TENS EMS 60 prog
Volt Polska	ZASILACZ AWARYJNY PRZETWORNICA UPS SINUS 1000E VOLT POLSKA AKUMULATOR 100AH
Landspider	Opona letnia 215/70R15C 109/107S Duratraxx VAN LANDSPIDER
Apple	APPLE IPHONE 15 PRO 256 GB
Apple	APPLE IPHONE 15 PRO 256GB CZARNY
Toolme	toolme - tm060 ?adowarka do akumulator w INWERTEROWY 12/24V 500A 50-500Ah
Kleber	1x OPONA ZIMOWA 235/50R19 Kleber Krisalp HP3 SUV
KFD	KFD Omega 3+ Tr jglicerydy 330 EPA + 220 DHA + WITAMINA E 90 kapsu?ek
Pampers	"Pampers Pants Active Baby 360 Pieluchomajtki, rozmiar 8, 32 sztuk, 17kg+"
Castrol	OLEJ CASTROL EDGE 5W/30 LL LONG LIFE 4 LITRY + ZAWIESZKA / 2026 ROK /
Venom	TRAKTOREK OGRODOWY VENOM BY STIGA 84 CM 450 MULCZOWANIE P?UG OD?NIE?ARKA
?pijZdrowo	Materac DARK pocket stref MASUJ?CY kokos pianka profilowana 160x200 24cm
Asus	Laptop ASUS Vivobook 15 X1502VA i5-13420H 16GB 512 Windows 11 Home
Hippocampus	BY?O SOBIE ?YCIE GRA PLANSZOWA EDUKACYJNA DZIECI SERIAL BAJKA TV RODZINNA
Vivo	SMARTFON VIVO X200 PRO 16/512GB TYTANOWY 5G 120Hz NOWY
Forte	Magne B6 Forte 180 tabl. powl.
No brand on Allegro	P?UKANKA DO SILNIKA TEC 2000 ENGINE FLUSH 375ML
Berge	10x Oprawa Hermetyczna 120cm lampa + ?wietl wki Tuby 20x LED Gara?owa
Sapphire	ROWER stacjonarny magnetyczny COLT rowerek TRENINGOWY SAPPHIRE 150KG SMART
HP	"Laptop HP ProBook 465 G11 16 "" AMD Ryzen 5 16 GB / 1000 GB srebrny"
Philips	Ekspres PHILIPS LatteGo EP4446/70 (Silent Brew)
Makita	"Zag??biarka 1300W Makita SP6000J + szyna 1,5m + zaciski 194385-5"
Makita	"MAKITA Pilarka zag??biarka akumulatorowa 2x18V DSP600ZJ + szyna 1,5m"
Yanosik	ANTYRADAR YANBOX Yanosik RS + DO?YWOTNI ABONAMENT + 2x UCHWYT + KUBEK
bez marki	Lamele na czarnym filcu 53 x 275 cm R ?NE KOLORY
Dam	BIELENDA KREM Z CERAMIDAMI DO TWARZY SUPREMELAB OD?YWCZY NA NOC 100ML
Xiaomi	S?UCHAWKI BEZPRZEWODOWE DOUSZNE XIAOMI REDMI BUDS 6 LITE ANC BT 5.3 CZARNE
No brand on Allegro	GNIOTEK ?ciskacz antystresowy cycek pier? glut
Roto	"Certyfikowany Solidny Obrotowy Uchwyt do Telewizora Wieszak TV 55""-85"" VESA"
Motul	Motul 8100 X-Clean+ 5W30 6L + zawieszka
Electo	LAMPKI SOPLE 500 LED ZEWN?TRZNE BIA?E CIEP?E 24m GIRLANDA IP44 EFEKT FLASH
D?bica	4x OPONY ZIMOWE 225/55R17 D?bica Frigo HP2 101V
Janome	Maszyna do szycia JANOME Juno E1015
Mustela	"Mustela Od?ywczy sztyft z Cold Cream 9,2 g"
Liqui Moly	"Ceratec Cera Tec Liqui Moly 0,3L dodatek do oleju"
4FIZJO	"HANTEL REGULOWANY ?ELIWNY Z PODSTAWK? HANTLE REGULOWANE 2,5-24KG"
Baseus	BASEUS POWER BANK ROZRUCH JUMP STARTER DO AUTA BOOSTER 10000mAh 12V Klemy
Norsan	Norsan Omega-3 ARKTIS (200 ml) smak cytrynowy
Braun	Golarka BRAUN Seria 9 9667CC PRO+ Na mokro i sucho
Gorenje	Zamra?arka wolnostoj?ca Gorenje FH50EAW
Bebilon	Bebilon profutura DUO BIOTIK 1 ZESTAW 2 x 800g
Narum	Narum Fast Caps Priobiotyk ZDROWE JELITA Narine 200mg 30 kapsu?ek
Panini	2026 FIFA SURPRISE BOX Kalendarz Adwentowy karty pi?karskie Golden panini
Ludwik	Tabletki ekologiczne do zmywarek Ludwik All in one 120 szt.
Scheppach	?uparka do Drewna Hydrauliczna Scheppach HL760LS 7T 250 mm 2200 W + Stojak
Calvin Klein	Calvin Klein Obsession Night 100ml Perfumy Damskie Woda Perfumowana
Higher	Drabina aluminiowa przegubowa sk?adana wielofunkcyjna 4x3 HIGHER + podest
Promiler	Alkomat PROMILER AL7010 darmowy serwis 24 m-ce + Hologram kalibracji Ustnik
Trec	"MONOHYDRAT KREATYNY Trec Creatine Monohydrate 500 g 99,99% Natural 147 por"
Capricare	Mleko CAPRICARE 3 (zestaw 4szt x 800g)
Apple	"Laptop Apple MacBook Pro 2025 14,2'' M5 16GB 512GB SSD macOS Gwiezdna Czer?"
Tagred	KOMPRESOR SPR??ARKA 300L 1500L/MIN 3V SEPARATOR + W?? 10m + 2x olej
Urbogym	BIE?NIA ELEKTRYCZNA DOMOWA V700S 18 POZIOM W NACHYLENIA APLIKACJE BLUETOOTH
Capricare	Capri CARE 3 KOZIE MLEKO JUNIOR powy?ej 12 miesi?ca ?ycia dziecka 400g
Redats	Podno?nik dwukolumnowy Redats L-220 automat 4T 4000kg do aut osobowych 400V
Hefajstos	Przyssawka PR ?NIOWA Automat AKU Pandora do CHROPOWATYCH p?ytek NA PREZENT
Spacecase	UCHWYT DO SAMOCHODU NA TELEFON SZYB? DESK? KOKPIT SAMOCHODOWY HOLDER MOCNY
Coca-Cola	Nap j gazowany Coca-Cola Zero Cukru puszka 330ml
Soudal	15x SOUDAL T-REX GOLD KLEJ MONTA?OWY MOCNY 290ml - szybkie klejenie
Aquafit	Zmi?kczacz wody do domu AQUAFIT Active 32 Stacja uzdatniania wody Szary
Volt Polska	AKUMULATOR AGM 12V 100Ah VOLT POLSKA PRZETWORNICA ZASILACZ AWARYJNY UPS
Bambu Lab	KOMPAKTOWA DRUKARKA 3D BAMBU LAB A1 MINI SAMOKALIBRUJ?CA WIFI BEZ AMS
DIAGCOM	TESTER INTERFEJS DIAGNOSTYCZNY SKANER MULTI DIAGCOM PRO+ SINGLE BOARD BT4.3
NAC	BIE?NIA ELEKTRYCZNA DOMOWA TRENINGOWA AMORTYZACJA REGULACJA NACHYLENIA
Foxy	Foxy Tornado 3-warstwowy r?cznik papierowy
Gillette	"Gillette ProGlide Maszynka do golenia dla m??czyzn, 10 ostrzy wymiennych"
Ferroli	Ferroli Zasobnik C.W.U. ECOUNIT F 300-1C 257L
WowPaw	?wirek bentonitowy lawendowy 25 l WowPaw
Venom	Rozdrabniacz Spalinowy Ga??zi 120mm 420cc PRO R?bak B?bnowy Profesjonalny
Webski	ELEKTRONICZNA STRZELNICA LICZNIK PUNKT W DLA DZIECI DWA PISTOLETY STRZA?KI
Nokian Tyres	Nokian Snowproof 2 205/60R16 96 H XL 3PMSF opona zimowa
Baseus	Powerbank Baseus 30000mAh 65W 5x USB USB-C 5A QC 3.0 Wy?wietlacz Bezpieczny
Materazzi	Materac 160x200 kieszeniowy ?REDNIO TWARDY dwustronny 7 stref BLANCO
Cedrus	ROZDRABNIACZ RB04PRO-E 14KM LONCIN NO?OWY DO GA??ZI DO 150MM ELEKTR. START
Coca-Cola	Coca Cola Oryginal 330 ml puszka 48 szt
Coca-Cola	Nap j gazowany Coca-Cola 330 ml
Trex Sport	Rower stacjonarny rowerek treningowy domowy do ?wicze? LCD SABER Trex Sport
Stanley	"STANLEY Compressor Air Kit oil-free 8 bar 1,5 HP 1100W compressor accessories"
Delonghi	FILTR DO EKSPRESU Aqualogis AL-S002 + Odkamieniacz EcoDecalk Delonghi 500ml
Atlas	"Atlas M-system ??cznik KT 3G M8/FI 6,5 L100 BX"
Liqui Moly	"?rodek do Ochrony Filtra DPF   Dodatek do Diesela , Preparat czyszcz?cy ."
Tetis	Klej w sztyfcie Tetis PVP 15g bezbarwny
Energizer	"30x Mocna Bateria ENERGIZER Industrial LR6 AA R6 EN91 1,5V"
Super Benek	Lawendowy 25 L
COBBO Robotics	Robot do mycia okien COBBO E6 Slim
Masterled	Lampa na stojaku Masterled 200 W 2x LED czarna IP65 4500 K 16000 lm
Aurora	KRZES?O KRZESE?KO SK?ADANE OGRODOWE BIUROWE CZARNE
Sonel	Miernik wielofunkcyjny Sonel MPI-520 z wyposa?eniem WMPLMPI520 + certyfikat
Trex Sport	Bie?nia Domowa Elektryczna Sk?adana K?t Nachylenia 18 KM/H TECK TREX SPORT
Nokian Tyres	1x OPONA ZIMOWA 205/55R16 Nokian Tyres Snowproof 2
Athletic	BIE?NIA ELEKTRYCZNA DOMOWA 2w1 SK?ADANA NA P?ASKO 12 KM/H Z AMORTYZACJ?
Thank'Q	THANK'Q
Simpsons Premium	"Simpsons Premium Adult Sensitive, ?oso? z ziemniakami 12 kg"
D?bica	4x D?BICA 175/65 R14 FRIGO 2N 82T opona ZIMOWA
Viessmann	"Piec gazowy Viessmann dwufunkcyjny Vitodens 050-W 3,2 - 25KW B0KA Z024665"
DeWalt	Strugarko-grubo?ci wka DeWalt 1800 W DW733-QS
Playstation	Do?adowanie Sony Playstation Store PSN 200 z? Kod
Trex Sport	Bie?nia Elektryczna Domowa Regulowany K?t Sk?adana 20 KM/H ROOK TREX SPORT
Thunder	Bie?nia Elektryczna do chodzenia Pod Biurko ? ?ko 14cm 14km/h RACE THUNDER
Samsung	"Telewizor SAMSUNG QE65QN85F 65"" MINILED 4K 144Hz VRR Tizen HDMI 2.1"
Apple	Smartfon Apple iPhone 14 6 GB / 128 GB 5G bia?y
Lanvigator	Opona LANVIGATOR WINTERGRIP HP 205/55R16 Zimowe
Oral-B	Zestaw prezentowy Oral-B iO 5 Black & White 2 Szczoteczki elektryczne
K nner & S hnen	AGREGAT GENERATOR PR?DU INWERTOROWY KS4000iEGS K&S
Woolite	WOOLITE ZESTAW MIX P?YN DO PRANIA CZARNEGO I KOLORU Z KERATYN? 2X 4.5L
Farmapol	Colostrobaza 5% krem przeciwzmarszczkowy (30 g)
Mannol	MANNOL ENERGY 7511-5 5W30 5L
Tokachi	BEZWORKOWY ODKURZACZ PRZEMYS?OWY MOCNY 3300W Z OTRZ?SACZEM PY?U GIPSU MOKRO
Majster	SZLIFIERKA ?YRAFA majster PRO Polska ?CIAN TYNK W LED TORBA 2000W ???????
Lehmann	ZESTAW NARZ?DZI KLUCZY 1452 EL WALIZKA NARZ?DZIOWA
Trex Sport	Rower stacjonarny magnetyczny do ?wicze? rower treningowy RIGON Trex Sport
Tagred	MEBLE GARA?OWE WARSZTATOWE 8 MODU? W LED SZAFKA NARZ?DZIOWA DO WARSZTATU
Calvin Klein	CALVIN KLEIN CK IN2U her 150ml woda toaletowa
Goodride	1x 225/65R16C Goodride SW612 112/110R rok 2025
Dolina Noteci	Dolina Noteci Premium MIX SMAK W 24x800g BEZ RYB
Neo	BALNEOKOSMETYKI Biosiarczkowe myd?o mineralne EKO formu?a 250ml
Onyx Boox	"Czytnik Onyx Boox Note Air4 C 10,3 EInk Kaleido 3 64G Gray - BEZ REKLAM"
Kraft&Dele	"KOMPRESOR OLEJOWY SPR??ARKA POWIETRZA 50L 3,8KM 206L/MIN SILNIK INDUKCYJNY"
Woseba	5x Kawa ziarnista Woseba Mocca Fix Gold 1kg
I&KK	TABLETKI SOLNE 40 work w po 25kg DO UZDATNIANIA WODY 1000KG
Majster Pro	NAGRZEWNICA SPALINOWA 9KW WEBASTO MP0461 BLUETOOTH 12V 24V 230V OLEJOWA
Oral-B	Szczoteczka elektryczna do z?b w Oral-B 3 3500 czarna + ETUI
LG	Telewizor CHiQ M55QN9G 55 cali 4K Mini QLED MEMC 120Hz DLG 60Hz QLED TV
4FIZJO	MASA?ER DO ST P WODNY HYDROMASA?ER PODGRZEWANIE B?BELKI WIELOFUNKCYJNY SPA
AlphaCar	DYWANIKI GUMOWE NA WYMIAR KORYTKO 2cm + TUNEL ?RODKOWY + STOPERY
7mai	Wideorejestrator 70MAI Midrive A810 + RC12
No brand on Allegro	Pr g aluminiowy plaski do drzwi zewn?trznych termo ciep?y 100 cm Weser 75TI
INTERBEDS	? ?ko 140x200 Tapicerowane Hilton Materac Amber stela? metalowy podnoszony
Foresto	FORESTO OBRO?A NA KLESZCZE DLA DU?YCH PS W POWY?EJ 8kg D?UGO?? 70cm
Illy	Kawa ziarnista ILLY Classico 0.25 kg
Philips	GENERATOR PARY ?ELAZKO PHILIPS PerfectCare 9000 Z KAMER? PSG9040/80 3100W
Samsung	Smartfon Samsung Galaxy Z Fold7 12 GB / 512 GB 5G czarny
Kormoran	Opona zimowa 215/55R17 98V XL Snow KORMORAN 2025
SodaStream	SATURATOR SODASTREAM TERRA 2 BUTELKI + 4x SYROPY PEPSI 7UP LIPTON ZERO
HP	"Laptop HP Probook 465 G11 16"" FHD+ Ryzen 5 7535U 16GB SSD512GB W11"
Dreame	Robot sprz?taj?cy DREAME X50 Ultra Complete Bia?y
Aba group	Aba Group Pilnik P ?ksi??yc Slim 100/180 Folia 100 sztuk Bezpieczny Pakiet
SaeYang	Saeyang frezarka Marathon 3 Champion + H200
Philips	"Telewizor LED Philips 65PUS8010/12 65"" 4K UHD Ambilight czarny DYSTRYB. PL"
Kerch	"ROBOT KUCHENNY PLANETARNY MIKSER Z MIS? KERCH MYCHEF 4000W GREY 6,2L NOWY"
Carruzzo	NAWIL?ACZ POWIETRZA AROMATERAPIA JONIZATOR DO POKOJU BIURA DOMU GRATISY
Tefal	Zestaw no?y TEFAL Ever Sharp K297S644 5 element w
SodaStream	SATURATOR DO WODY SODASTREAM TERRA CZARNY 3 BUTELKI + 3 SYROPY + CYLINDER
Rafi	"Rafi Cat Dolina Noteci Tu?czyk zestaw dla kastrata, sterilized 24x400"
Rafi	KALKA DO ODBIJANIA WZOR W TATUA?U TRANSFEROWA HEKTOGRAFICZNA 10SZT
Corciano	BIE?NIA ELEKTRYCZNA DOMOWA CORCIANO LAXE SK?ADANA MASA?ER 150KG 19KMH
Apple	APPLE IPHONE 16 PRO 512 GB
Pok mon	Pok mon TCG: Mega Evolution - Phantasmal Flames - Booster Box
Philips	"Telewizor LED Philips 50PUS8010/12 50"" 4K UHD czarny"
Elf	OLEJ ELF EVOLUTION 900 NF 5W40 5W-40 5L + GRATIS
Materazzi	Materac 120x200 kieszeniowy ?REDNIO TWARDY dwustronny pocket BLANCO
Blue Orca Coffee	Kawa ziarnista 1kg Brazylia BRAZIL DIAMANTINA ARABICA 100% Limited Edition
Bepanthen	Bepanthen Baby ma?? ochronna 100g + 30g
Goodride	4x 225/45R17 SW608 Goodride 94V XL zimowe nowe ROK 2025
Siemens	Ekspres SIEMENS EQ.6 Plus S100 TE651209RW
Dolina Noteci	DOLINA NOTECI PREMIUM PUSZKA JAGNI?CINA 800G
Higher	"Drabina aluminiowa 3x11 uniwersalna HIGHER 8,45m MOCNA + hak"
Astra	Astra ?agodna Tradycyjna 1kg kawa ziarnista
Austone	Austone SP401 205/55R16 94 V XL FR EV 3PMSF opona ca?oroczna
Pampers	PIELUCHOMAJTKI PAMPERS PANTS NIGHT 5 88 JUNIO 4x22
Valentis	"Kerabione dla w?os w, 60 kaps."
Voliotis Family	OLIWA Z OLIWEK EXTRA VIRGIN VOLIOTIS FAMILY 3000 ML GRECKA
Bebilon	Bebilon 3 Pronutra Advance po 1. roku 1000 g
Bebilon	Bebilon 2 Pronutra Advance Mleko nast?pne 1000 g
Universal Nutrition	ANIMAL FLEX UNIVERSAL 44 SASZ. MOCNE ZDROWE STAWY
Roto	KUVINGS EVO820 Plus WYCISKARKA WOLNOOBROTOWA SOK W
Majster Polska	"Dmuchawa Spalinowa Odkurzacz 3w1 Moc 1,5KM do Li?ci OGRODU MAJSTER POLSKA"
PowerColor	PowerColor Hellhound Radeon RX 9070 XT AMD 16 GB GDDR6
DeWalt	"DEWALT ZESTAW COMBO 18V DCK1012P4T 10 NARZ?DZI DCB132 4X5,0Ah 3x TSTAK"
Bebiko	Bebiko Pro+ 2 Mleko nast?pne powy?ej 6 miesi?ca Zestaw 8x 700 g
bez marki	ZESTAW KAW 2 kg BRAZYLIA blend Fresca ?WIE?OPALONA do ESKPRESU
Aliness	Aliness Fish OMEGA 3 FORTE Tr jglicerydy serce odporno?? EPA i DHA 60 kaps.
Velvet	Velvet TURBO r?czniki papierowe 3 warstwy 340 listk w - 6 gigarolek
Apple	iPhone 15 Pro Max 256 GB Niebieski
Apple	Apple iPhone 16 Pro Max 512GB Szary
iiyama	"Monitor 27"" iiyama G-Master Black Hawk G2745HSU-B2 IPS LED 1ms 100Hz FHD DP"
Smith&Brown	Ma?a zamra?arka szufladowa podblatowa 60L 85cm Smith&Brown SZTTF-411-WE3
Cetaphil	Cetaphil MD Dermoprotektor balsam nawil?aj?cy 1L
Douglas	KALENDARZ ADWENTOWY DOUGLAS EXCLUSIVE 2025 Kosmetyki warto?ci ponad 1700z?.
Natur Produkt Pharma	TriSulin 60 tabletek powlekanych Reguluje poziom cukru Cukier w normie
Oral-B	Oral-B iO Series 6 Black Szczoteczka elektryczna z technologi? iO
HP	Tusz HP 652 Czarny 6 ml F6V25AE
West Caffee	KAWA ZIARNISTA Kolumbia ?WIE?O PALONA - Supremo don Pablo - 100% Arabica
Cormak	Mocna super ?uparka Cormak 8 ton klin gratis 230V
Medisept	Preparat do dezynfekcji Medisept Velox Spray Neutral p?yn 5 l
Equazen	EQUAZEN 360 + 40 kapsu?ek gratis do ?ucia smak truskawkowy
KFD	KFD VITAPAK-WITAMINY I MINERA?Y ORGANICZNE- 45 dni
Ezviz	Robot sprz?taj?cy Ezviz RS2 2w1 4000Pa 300m  D-ToF LiDAR Laser3D DYSTRYB PL
Tech	STEROWNIK REGULATOR TERMOSTAT POKOJOWY T-4.2 BEZPRZEWODOWY TYGODNIOWY TECH
Roto	KUVINGS AUTO10S Wyciskarka wolnoobrotowa do sok w z owoc w i warzyw GRATISY
Apple	Smartfon Apple iPhone 14 6 GB / 128 GB 5G niebieski
Goodride	2x 205/60R16 SW608 Goodride 92H zimowe nowe ROK 2025
arom ma	Zestaw Olejek Duszek 20ml i Balsam Krakacz 15ml aromama
BioStar	100% NATURALNE sodowe BIO EKOLOGICZNE tabletki do zmywarek BIO-star 50szt.
Tokachi	MOCNY ODKURZACZ PIOR?CY 4W1 W?SKA SSAWKA DO PRANIA TAPICERKI DYWAN W 2200
Noco	NOCO GBX75 LITOWY JUMP STARTER BOOSTER 2500A
iLogic	KONSOLA RETRO DO TELEWIZORA PONAD 2 0000 GIER + DWA PADY PRZENO?NA HDMI TV
Galmet	GALMET Wymiennik 200L z w??ownic? spiraln? + Grza?ka elektryczna 2kW
LG	TELEWIZOR LG OLED77G51LW OLED evo AI G5 4K Smart TV 2025
Tech	ZMI?KCZACZ WODY WATER TECHNIC 32 SMART PACK UP-FLOW MONO STACJA UZDATNIANIA
JBL	Soundbar JBL Bar 500 Pro 5.1 590W Czarny
Aliness	Berberyna Siarczan Berberyny Aliness 400mg Kontrola Glukozy Odchudzanie 60k
Persil	"Proszek do prania kolor w Persil Color 4,4kg 80 pra?"
Husqvarna	"HUSQVARNA 445 MARK II Spalinowa Pi?a ?a?cuchowa 2,8KM 2100W Orygina? 45 CM"
Melt	Preparat MELT 750ml
Tagred	MEBLE GARA?OWE WARSZTATOWE 260CM SZAFA NARZ?DZIOWA BLAT STAL INOX 3D + LED
Rafi	RAFI PREMIUM Mokra karma dla psa Mix smak w 30x800g
Goodride	Opona ca?oroczna 225/45R17 94W XL Z-401 GOODRIDE
SKIMACOFFEE	Kawa ziarnista 1kg ITALIA COMO ?wie?o Palona do ekspresu + GRATIS
Philips	"Telewizor Philips 55PUS8010 55"" LED 4K UHD TitanOS Ambilight Bluetooth"
Nokta	"Detektor NOKTA Simplex Ultra SX28 11"" DD 6 tryb w pracy 15kHz + SB Pack"
Jacobs	Kawa rozpuszczalna Jacobs Cronat Gold 2x200g
Fisher-Price	Fisher-Price Little People Muzyczna farma Opieka nad zwierz?tkami JGX10
Kormoran	1x 225/50R17 Kormoran Snow 98V NOWE ZIMA ROK 2025
Lovela	Kapsu?ki do prania LOVELA Baby do bia?ego i koloru uniwersalne 60 szt.
QEMETICA	Tabletki Solne do Zmi?kczania Wody Ciech S l do Zmi?kczacza Qemetica 20 kg
QEMETICA	Tabletki Solne do Uzdatniania Wody Qemetica Ciech 20 kg S l do Zmi?kczacza
Valvoline	VALVOLINE MAXLIFE SYNTHETIC 5W40 5W-40 olej silnikowy 4L
Dresdner Essenz	B?D? ZDR W prozdrowotna s l do k?pieli dla najm?odszych 400g DRESDNER ESSEN
Goodride	1x 195/65R15 Goodride All Season Elite Z401 91V rok 2025
Tech	Si?ownik termoelektryczny TECH STT230/2 T M30 do rozdzielaczy i grzejnik w
Motul	Olej silnikowy Motul 8100 X-Clean 5 l 5W-40
Google	Karta podarunkowa Google Play 150 z?
Dallmayr	KAWA ZIARNISTA DALLMAYR HOME BARISTA CAFFE CREMA FORTE 4 KG 4000g (4x1 KG)
Apple	Laptop APPLE MacBook Air 13 M4/24GB/512GB SSD/10C GPU/macOS Srebrny
Gymtek	BIE?NIA ELEKTRYCZNA DOMOWA SK?ADANA REGULACJA NACHYLENIA XT580 GYMTEK
Dolina Noteci	Dolina Noteci Premium Mix 4 smak w 24x400g Bezzbo?owa Karma Mokra dla Kota
WD-40	"DORIS Preparat wielofunkcyjny DR-40 0,5L"
Dolina Noteci	Karma mokra dla psa DOLINA NOTECI Premium zestaw mix smak w 24 x 800g
Trex Sport	Bie?nia Domowa Elektryczna Sk?adana Regulowany K?t 15KM/H POKET TREX SPORT
Sonel	Miernik wielofunkcyjny Sonel MPI-540-PV Start z wyposa?eniem + program PE6
Heisberg	"Materac HOUSE MAX 140x200 kokos, twardy H4, ?rednio twardy H3, kieszeniowy"
Lovela	"Lovela Baby Mleczko Prania Koloru 4,5L x2 (100 pr)"
Laresar	Odkurzacz pionowy Laresar M3 czarny
NAC	BIE?NIA ELEKTRYCZNA SK?ADANA POD ? ?KO WEEP REGULOWANY K?T NACHYL. 10km/h
Golddoor	80x16 mm LISTWA PRZYPOD?OGOWA BIA?A MDF DEKORACYJNA COK ? promie? R2
Thule	Box dachowy Thule Pacific 780 czarny aeroskin
Kalorik	MYJKA PAROWA Czy?cik do Okien PAROWNICA 1000W R?czna Myjka 3bary KALORIK
SPI 55	LAMPKI ZEWN?TRZNE SOPLE 500 LED 24M ?WIATE?KA ?WI?TECZNE KURTYNA IP44 FLASH
Bosch	BOSCH WTH 8627GPL Suszarka z pomp? ciep?a 8kg
Fujifilm	Aparat natychmiastowy Fujifilm Instax Mini 12 R ?owy + wk?ady 10szt
Lenovo	Lenovo Legion Pro 5 Gen 10 Ultra 9 275HX 165Hz 32GB 1000SSD RTX5060 DLSS 4
Beko	Automatyczny ekspres ci?nieniowy Beko CEG7348X 1350 W czarny
Bosch	Pralka Bosch WAN2415GPL 8kg 1200obr. prog.PAROWY skracanie progr.
Philips	Telewizor 55 cali LED Philips 55PUS8558 Google TV Ambilight 4K UHD szary
LG	"LG OLED evo AI OLED42C51LA Telewizor 106,7 cm (42"") 4K Ultra HD Smart ..."
DeWalt	DeWalt DCK200MP2T 18V McLaren ZESTAW 2x5ah DCD85M DCF85M Black Edition
Rafi	RAFI CAT Mokra karma dla kota MIX SMAK W 24x400g
Zwieger	Zestaw garnk w Zwieger Kompact 6 element w
Cybex	CYBEX SOLUTION B I-FIX VOLCANO BLACK 15-50 KG
SunWood	Lamele ?cienne na P?ycie 275x58cm Panele Dekoracyjne 3D D?B WOTAN i Inne
Domatorski	KO?DRA CA?OROCZNA 160x200 ANTYALERGICZNA POLSKA DOBRA JAKO??
Valvoline	OLEJ VALVOLINE 10W40 MAXLIFE 5L
Costa	Kawa ziarnista Arabica Costa Coffee Brazilian Single Origin Blend 1000 g
?pijZdrowo	Materac 180x200 kokos NATURAL MAX exclusive 24 cm
Pereko	KOCIO? piec PEREKO QM-PEL EVO 12 kW na pelet HIT na rynku
Bridgestone	4x NOWE 2025r! OPONY ZIMOWE 205/55R16 BRIDGESTONE BLIZZAK 6 91H + ubezpiecz
Goodride	2x 205/60R16 GOODRIDE Z-401 96V nowe ca?oroczne ROK 2025
Premiorri	1x 205/55R16 OPONY CA?OROCZNE NOWE 94V XL 3PMSF 2025/2026
Aliness	Aliness Colostrum Kozie 100 kapsu?ek
Dreame	Robot sprz?taj?cy Dreame Aqua 10 Ultra Track Complete Funkcja mopowania
Kindii	P?ATKI KOSMETYCZNE KINDII ZESTAW 60 SZT. x 20
Mobil	MOBIL SUPER 2000 X1 10W40 - 4L
York	Pompa ciep?a 12kW York YKF12CRC monoblok
Eukanuba	SUCHA Karma EUKANUBA Dermatosis Formula PIES nadwra?liwo?? pokarmowa 12kg
Autool	Maszyna do czyszczenia cz??ci samochodowych HTS558+2KG PROCHU + 23 ADAPTERY
Liqui Moly	"LIQUI MOLY ?RODEK DO WTRYSKIWACZY DIESEL 0,5L 20450"
Heisberg	Materac spr??ynowy kieszeniowy BLACK KOKOS 160x200x24cm H3 Certyfikaty
Dolina Noteci	DOLINA NOTECI PREMIUM PAKO MIX SMAK W KARMA MOKRA PSA 800g x 30 BEZ RYB
Coccolino	Coccolino P?yn do p?ukania tkanin ubra? Perfume&Care MIX 4x1275 ml
Higher	"PREMIUM UBIJAK zag?szczarka p?ytowa 90KG 6,5KM 1100kg +MATA ko?a regulowana"
Dolina Noteci	Dolina Noteci Rafi MIX SMAK W Mokra karma dla psa 20x500g
Pampers	Chusteczki nawil?ane Pampers Harmonie Aqua Psi Patrol 15 x 48 szt.
Gourmet	Gourmet Pastete 24X85G Mus MIX
KFD	BIA?KO KFD PREMIUM REGULAR+ WPC 80 XXL 3000 G SMAK: LODY WANILIOWE
Pierzynki	"Poduszka Pierze 70x80 cm puch i pierze R ?OWA LUB KREMOWA, producent"
KFD	KFD bia?ko WPC 750g + KFD Omega 3 90k + KFD Vitapak+ 90k
Pedro's	Kawa mielona Pedros Active 12x500g
Paysafecard	PaySafeCard 150 z? PSC Kod PIN Karta PSC
SEYSSO	SEYSSO PROFESSIONAL SZCZOTECZKA SONICZNA DO Z?B W 2x KO?C WKAMI + ETUI NOWA
SKYN	Prezerwatywy SKYN SELECTION SENSES z wypustkami cienkie MEGA MIX 35 szt.
SKYN	Prezerwatywy SKYN SELECTION SENSES mix Intense Feel Original Elite 35 szt.
Samsung	Telewizor Samsung UE75U8092FU LED 75'' 4K Ultra HD Tizen
Goodram	Dysk GOODRAM CX400 gen.2 2TB SSD
Elegoo	Elegoo Centauri Carbon drukarka 3D FDM zamkni?ta CoreXY 500 mm/s 320  C WiFi
Tech	Zmi?kczacz wody WATER TECHNIC 26 START PACK Up-flow Mono Stacja Uzdatniania
La Roche-Posay	LA ROCHE POSAY EFFACLAR H KREM NAWIL?AJ?CY 40ml
Brother	Drukarka wielofunkcyjna atramentowa Brother DCP-T530DW 3-in-1 WiFi Duplex
Umarex	Gaz Pieprzowy Gaz ?zawi?cy Gaz Obronny NIEMIECKI Bardzo mocny Strumie? 40ml
Hortmasz	"GLEBOGRYZARKA HORTMASZ +P?UG 6,5KM 85cm KO?A BIEGI"
Force	ZESTAW DO BRAMY SKRZYD?OWEJ FORCE GT400LS DO 8 M 400 KG STEROWANIE WIFI
Friskies	PURINA Friskies Balance 15kg
Blue Orca Coffee	Kawa ziarnista 1kg KARNATAKA 100% Arabica ?wie?o Palona - Blue Orca +GRATIS
Philips	"Telewizor Philips 55PUS7000/12 55"" LED 4K UHD Smart TV 60Hz"
Rode	TRUTKA TRUCIZNA NA MYSZY SZCZURY MOCNY ?RODEK NA GRYZONIE PASTA 1KG
bez marki	KidLupe Mikroskop kieszonkowy zabawka edukacyjna dla dziecka 3-11 l zielony
Google	"Telewizor TCL 85C655 85"" QLED Pro 4K UHD Google TV 60Hz DVB-T2"
Aflofarm	"Bravera Control 8 ml aerozol, LEK"
Egis	"Biovital Zdrowie Plus p?yn energia i witalno??, serce, Prezent 1l"
Toyota OE	OLEJ SILNIKOWY 5W30 5W-30 5L FUEL ECONOMY 08880-80845 TOYOTA OE
Minexo	Czujnik Czadu Tlenku W?gla Czujka Gazu Ziemnego Detektor CERTYFIKOWANY LCD
Eko-Higiena	R?czniki w? kninowe fryzjerskie 70x40 cm 100 sztuk SOFT PERFOROWANE
Venom	MOCNA KOSIARKA SPALINOWA Z NAP?DEM 53CM SILNIK HONDA 201CC MULCZOWANIE 9W1
MAX	Mata masuj?ca wibracyjna do masa?u z grzaniem Mocna Masa?er na fotel
Pny	OLEJEK KONOPNY CBD 30 PRO CERTYFIKAT 10ml PREMIUM
KFD	KFD Premium WPC 82 Bia?ko 900 g od?ywka bia?kowa bia?a czekolada
Aflofarm	Inventum Max tabletki na POTENCJ? Erekcj? Wzw d 50mg 5 x 4tab. Syldenafil
Pedigree	Pedigree Wyb r Smak w Z Warzywami 160x100g Mokra Karma Dla Psa W Sosie
Kormoran	1x Kormoran SNOW 225/45R17 94V
Aquafit	"Zmi?kczacz wody stacja uzdatniania wody full zestaw AQUAFIT REGULAR 27 1"""
GardenPharm	Halier Hairvity suplement diety tabletki przeciw wypadaniu w?os w kobieta
Herz Medical Instruments	IRYGATOR DO Z?B W BEZPRZWODOWY Herz Medical 5 PROG
Minexo	PLATFORMA WIBRACYJNA WYSZCZUPLAJ?CA MASA?ER CA?EGO CIA?A WIBRUJ?CY TRENING
Warmi?ska Manufaktura	Olej z czarnuszki 500ml Warmi?ska Manufaktura
Yokohama	4 x Yokohama BlueEarth Winter V905 225/55R19 99 V C FR 3PMSF opona zimowa
Bosch	Bosch Adult Lamb Rice 15kg DLA ALERGIK W BEZGLUTENOWA
Eden	2x SZCZOTECZKA SONICZNA elektryczna z?b w PixieDent PEARL + Ko?c wki + Etui
Electo	SOPLE LAMPKI CHOINKOWE 500 LED 22.5M ZEWN?TRZNE ?WIATE?KA ?WI?TECZNE +FLASH
Rode	MELT ?RODEK DO UDRA?NIANIA RUR KANALIZACYJNYCH UDRA?NIACZ FAREN 1500ml
Asus	Laptop ASUS ZenBook 14 UX3405CA Ultra 5-225H 16GB SSD 512GB Dotyk OLED W11
Golddoor	"LAMELE NA P?YCIE 51,5x275 CM ?CIENNE PANELE AKUSTYCZNE D?B NATURALNY WOTAN"
Mozano	ODKURZACZ BEZPRZEWODOWY PIONOWY R?CZNY 14w1 LED MOZANO HANDY PRO
D?bica	1x D?BICA Frigo HP 2 195/65R15 91H 2024 r
Fisher-Price	Przytulanka Fisher-Price wydra 0 + 26 cm
DeWalt	"DEWALT ZESTAW COMBO 18V WKR?TARKA+ZAKR?TARKA (DCD709+DCF809) 2x4,0Ah"
Masterled	2x Oprawa Hermetyczna Lampa LED ?wietl wka do Gara?u 120cm Natynkowa
Sonel	SONEL MPI-507 Wielofunkcyjny miernik parametr w instalacji elektrycznych
Herz Medical Instruments	IRYGATOR DO Z?B W BEZPRZWODOWY LCD Czujnik jako?ci wody Herz ETUI 5 PROG
Dr. Jacob's Medical	"Dr. Jacob's Witamina ADEK, 20 ml"
Dyson	Suszarko-lok wka do w?os w Dyson HS08 1300W Patina/Topaz
Spomlek	Spomlek WPI 90 In
Garmin	Zegarek sportowy GARMIN Venu 2S R ?owo-z?oty
Neo	NEO Uniwersalny Zestaw Narz?dzi 88 el. Walizka Klucze Nasadowe Stal CrV
Epson	S L EPSOM CZYSTY SIARCZAN MAGNEZU EPSON BEZ DODATK W NATURALNA10kg 2x 5kg
Rhino	Piano KLEJ DO STYROPIANU EPS XPS 800ml Piana MOCNY WYDAJNY Zestaw Start-owy
Ironpack	FOLIA B?BELKOWA 30cm P?cherzykowa Ochronna Mocna ZESTAW 6szt
CeraVe	CeraVe ?el Myj?cy Przeciw Niedoskona?o?ciom Sk ra T?usta Tr?dzikowa 473ml
YarnArt	W? czka akrylowa Baby YarnArt 338 zielona ciemnozielona 50 gram 150 metr w
Heisberg	MATERAC 160x200 BIS pocket stref SUPER TWARDY 3X KOKOS H4/H5 23 cm HEISBERG
Canon	Papier + tusz RP-108 Canon Selphy CP1500
Borniak	W?dzarnia elektryczna Borniak UWD-70 SIMPLE cyfrowa 1.4
Philips	Stacja parowa Philips PSG9050/20 3100 W
Samsung	"Telewizor SAMSUNG QE77S90F 77"" OLED 4K 120Hz Tizen TV Dolby Atmos"
SunDeposit	Magazyn Energii SunDeposit LiFePO4 10.75kWh
M?ka ?owicka	M?ka orkiszowa jasna 630 5kg EKO TORBA
?pijZdrowo	MATERAC KIESZENIOWY 140x200 H3 SPR??YNOWY 21 CM ANTYALERGICZNY WENTYLACJA
Apple	MacBook Pro 14 M5 32GB/512GB/96W - Czarny
Swisso	Kawa Ziarnista 100% Arabica 1kg - Swisso Kaffee Crema + RR - Mix 2+2 x1kg
Shell	Shell Helix Ultra 4L 5w40
ALPHA	Drena? Limfatyczny Urz?dzenie Uciskowe - Masa?er Do N g ALPHA Presoterapia
Sony	PS5 - PlayStation Pulse Portal Czarny
Tchibo	Kawa mielona TCHIBO Exclusive 250 g
HP	"Laptop Gamingowy HP 255 G10 15,6 "" AMD Ryzen 5 16GB / 512 GB czarny"
Oral-B	Szczoteczka magnetyczna ORAL-B iO 3 R ?owy
ALPHA	Pistolet do masa?u ALPHA AMG-02
Wiejska Zagroda	Wiejska Zagroda LE?NE SMAKI Karma dla psa CIEL?CINA PSTR?G ?rednie rasy 9kg
Cetaphil	"CETAPHIL MD Dermoprotektor Balsam, do twarzy i cia?a, nawil?aj?cy, 500ml"
Red Bull	Red Bull Kalendarz Adwentowy 24x250ml ?wi?teczny Zestaw Limited Edition
WD	REJESTRATOR TRASY MIO MIVUE C595WD KAMERA SAMOCHODOWA DUAL GPS Wifi
Carousel Coffee	Carousel Coffee Daily Cup Crema kawa ziarnista 1kg
DeWalt	"DeWALT KLUCZ UDAROWY DCF899P1 18V 5.0ah 1/2"" - DeWALT PL -"
Thermomix	New Thermomix TM6 2025 +Cookidoo
Calitti	"Calitti Crystals silikonowy ?wirek 8 szt. x 3,8l"
Mk Cafe	Kawa ziarnista mieszana MK Cafe Espresso 1000g
Zarys	R?kawiczki nitrylowe Zarys niebieskie M 100 szt.
Brit	Brit MONO PROTEIN Beef 400g puszka Wo?owina
Daewoo	DAEWOO AGREGAT PR?DOTW RCZY GENERATOR PR?DU GDA 8500E-3 7KW 7000W 400V
bez marki	LAMPKI ZEWN?TRZNE GRUBE SOPLE LED 500 26.5M GIRLANDA ?WI?TECZNA EFEKT FLASH
LG	LG OLED55G51LW TV Oled 4K 2025 evo AI G5 4K Smart TV Webos
Animal Food	Naturalne Gryzaki dla Psa Przysmaki Premium ?wacze Wo?owe Suszone 1kg
MesMed	Aspirator do nosa MESMED Happinosek MM-127
Dreame	ROBOT SPRZ?TAJ?CY DREAME L10S ULTRA MOPUJ?CY AUTOMATYCZNY ODKURZACZ BIA?Y
No brand on Allegro	"CZARNY CZOSNEK POLSKI BIESZCZADZKI EKO - 500g - NATURALNY - g? wki, g? wka"
Kindii	Chusteczki nawil?ane Kindii Pure Water 12 x 60 szt. wodne bez perfum
Inspirum	"Listwa Przypod?ogowa bia?a LCL-01 7,5cm Poliuretan"
Beon	KUBEK TERMICZNY NA KAW? HERBAT? DO SAMOCHODU SZCZELNY ANTYPO?LIZGOWY 450 ml
No brand on Allegro	KALENDARZ KSI??KOWY A5 dzienny 2026 TERMINARZ NOTATNIK SZEFA SZEF
Olimp	Monohydrat kreatyny OLIMP 1250 Mega Caps (400 kapsu?ek)
No brand on Allegro	Zestaw 20x 25ml Collatris Beauty SHOT 13000 mg kolagen do picia
Google	"Telewizor TCL 75Q6C MiniLED 144Hz QLED, Google TV"
Apple	"Smartfon APPLE iPhone 17 5G 512GB 6.3"" 120Hz Czarny"
Apple	"IPHONE 13 PRO 6GB 128GB Folia fabryczna, pe?ny zestaw"
Materazzi	Materac 120x200 GRUBY KOKOS kieszeniowy H5 twardy pocket CARBON MAX
INDEX BHP	R?kawiczki R?KAWICE robocze r9 LATEX 10par
Qualitium	OLEJ P ?SYNTETYCZNY QUALITIUM PROTEC 10W40 A3B3 5L
Apple	IPHONE 13 PRO 256GB SMARTFON APPLE
4FIZJO	"KO?DRA OBCI??ENIOWA KOC SENSORYCZNY DLA DZIECI I DOROS?YCH 150x200CM 6,8KG"
Aba group	Zestaw 200 szt Aba Group Pilnik do paznokci P ?ksi??yc 100/180
Google	"Telewizor TCL 75C7K 75"" QD-Mini LED 4K 144Hz Google TV Dolby Atmos"
AbarQs	Bie?nia Elektryczna Domowa sk?adana Domowa 110kg 12km/h SUPER PREZENT
bez marki	"Perfumetka 35ml perfumy Arabskie, orientalne BOURBON ASAD unisex"
Ausom	10'' Pojazdy elektryczne NFC 1100W*2 71 mil/115 km IP54 135kg Ausom DT2 Pro
Casio	Kalkulator CASIO FX-991CEX
Apple	Apple iPhone 14 128GB Fioletowy
Herz Medical Instruments	"WODNY MASA?ER DO ST P HYDROMASA? HERZMEDICAL PILOT, GRZANIE, DOTYKOWY EKRAN"
TCL	"Telewizor TCL 98Q6C 98"" 4K UHD"
Brit	BRIT PREMIUM BY NATURE ADULT EXTRA LARGE XL 15KG
Yoer	"Maszynka do mi?sa 6w1 Metalowa Yoer 2100W 3,5kg +Szatkownica +27 ELEMENT W"
Gymtek	PLATFORMA WIBRACYJNA WIBRUJ?CA TRENINGOWA MASA?ER Z PILOTEM XP500 GYMTEK
Dulux	Farba Dulux Easy Care nieskazitelna biel 9L
Geberit	GEBERIT STELA? WC DUOFIX SIGMA UP320 111.320.00.6 H112
LG	TELEWIZOR LG OLED65G54LW 4K UHD 120Hz DOLBY VISION 65G54 WEBOS
Pok mon	Pok mon TCG: Phantasmal Flames - Elite Trainer Box
Goodride	1x 225/55R17 Goodride SW608 101V XL zimowa
Asus	Laptop biurowy ASUS VivoBook 16 X1605VA i5-13420H 16GB 512GB W11 Srebrny
Bella	Wk?adki higieniczne Bella Panty New Ilo?? sztuk - 60 szt.
Force	Zestaw do bramy dwuskrzyd?owej FORCE SW200 2x2m 400 kg WiFI do skrzyd?owej
SunWood	Lamele na Filcu ?cienne 275x58cm Panele Dekoracyjne 3D D?B WOTAN i Inne
Beko	Ekspres ci?nieniowy Beko CaffeExperto CEG7304B automatyczny 1350W
Philips Avent	Smoczek Avent do butelki szeroki szybki Philips Natural Response 6+ 2pak
Chappi	Chappi z wo?owin? drobiem i warzywami 9kg sucha karma dla psa
Wuber	MINI PI?A ?A?CUCHOWA AKUMULATOROWA GA??ZI WKA 2xAKU + WYSI?GNIK 250 CM
Apple	Apple Watch 10 42/Z?oty Tytan/Z?ota Bransoleta LTE
Masterled	ZESTAW HALOGEN na?wietlacz 2x 50W 4500K LAMPA LED STATYW budowlany wtyczka
Wuber	"PODNO?NIK SAMOCHODOWY ?ABA NISKOPROFILOWY HYDRAULICZNY 90 - 360 mm 2,5T"
Apple	Oryginalny Smartfon Apple iPhone 14 PRO 256GB 120Hz eSIM
Woolite	"WOOLITE ZESTAW MIX P?YN DO PRANIA KOLORU, BIELI I CZARNEGO KERATYNA 3X 3.6L"
Kowal Polska	"AGREGAT PR?DOTW RCZY 5,2kW generator MIED? stojan KowaL LICZNIK GODZIN AVR+"
YARA	Naw z Hydrocomplex Yara Mila Complex 25kg Uniwersalny Warzywa Trawniki Sad
Apple	"IPHONE 14 6GB 256GB Folia fabryczna, pe?ny zestaw"
Apple	Apple iPhone 14 256GB
Davidoff	"Kawa ziarnista Davidoff Caffe Crema Elegant 100% Arabica 3x 500g (1,5 kg)"
K2	Ibuvit D3 4000 + K2 MK-7 Omega 3 30 kapsu?ek
Pure Chemical	ZIMOWY P?YN DO SPRYSKIWACZY - 22 ZAPACHOWY 20L
DentiPro	Irygator do z?b w ALPHA DentiPro SWF-01 Bia?y
Tagred	AGREGAT PR?DOTW RCZY PR?DU TAGRED 3500W AVR +OLEJ
Higher	Piec stalowy Higher 80 x 81 x 43 cm
Now foods	NOW Foods ULTRA OMEGA-3 (500 EPA / 250 DHA) 180 kapsu?ek ?elowych
Philips	Telewizor 65 cali Philips 65PUS7810/12 QLED 4K UHD Smart TV czarny
Nutridrink	NUTRIDRINK PROTEIN ZESTAW 24X125 MIX SMAK W
Wiejska Zagroda	Wiejska Zagroda Le?ne Smaki Wo?owina z Dzikiem 20kg chrupki L
Google	Smartfon Google Pixel 10 Pro XL 16GB / 512GB 5G czarny
Bambu Lab	Drukarka 3D - Bambu Lab H2S Laser Combo - 10W
Kukirin	KuKirin G4 Sk?adane Pojazdy elektryczne 2000W 70KM/H 60V 20Ah 75km +Prezent
Capricare	CapriCare 2 mleko nast?pne powy?ej 6 miesi?ca oparte na mleku kozim 800 g
Realme	Smartfon realme 14 5G 8GB / 256GB 5G Mecha Silver
Valvoline	VALVOLINE SYNPOWER FE 5W30 5L A5/B5 FORD 913
Lenovo	"Laptop 2w1 Lenovo Yoga7 Ryzen AI 7 350 16"" Touch 32GB 1000SSD W11 Rysik"
Finish	Finish Powerball tabletki do zmywarki Fresh 90szt
Lenovo	"Lenovo Legion Pro5 Gen10 Ultra 9 275HX 16""165Hz 32GB 1000SSD RTX5070Ti W11P"
Pharmaceris	Pharmaceris H-Sebopurin Sz. reguluj?cy sebum 250ml
No brand on Allegro	?AR WKI H7 LED 90W HOMOLOGACJA CANBUS WHITE BIA?E MOCNE XENON
Alpen Camping	10 x GAZ kartusz 400ml ALPEN CAMPING kartusze gazowe naboje
ENTitis	"Zestaw ENTitis do ssania truskawkowy, 3x30pastylek"
LUNA 55	G? WKA g?owa treningowa fryzjerska do czesania
Beckers	Beckers Designer Colour 5L Cotton Candy
Majster Polska	DMUCHAWA Nie elektryczna 370km/h 24m3/min spalinowa agreeno ag077 plecakowa
Apple	"IPHONE 13 4GB 256GB Folia fabryczna, pe?ny zestaw"
Tech Sterowniki	LISTWA STEROWNIK OGRZEWANIA POD?OGOWEGO L-X WIFI
Intel	Laptop HP 17 i5-13 GEN 32GB 1TB SSD Intel Xe FullHD Win 11 Srebrny
bez marki	Zestaw KOSZ PREZENTOWY Upominek Herbata Syrop Mi d Naturalny Kraftowy
Epson	Drukarka atramentowa EPSON L6270 MFP do 10 str./min.
Vizir	"VIZIR Professional Proszek Kolor 7,15 kg - 130 pra?"
Ceramikker	MOCNY Odmra?acz do Szyb Samochodowych Spray ZERO ICE P?yn do Odmra?ania
Bridgestone	Bridgestone Blizzak 6 235/55R18 104 V XL ENLITEN 3PMSF opona zimowa
Wedel	KALENDARZ ADWENTOWY ONLYBIO E. WEDEL PREZENT KOSMETYK W DLA DZIEWCZYNY MAMY
Apple	Apple iPhone 13 mini
Zipro	Bie?nia Zipro Colt elektryczna OUTLET
Sheba	Sheba Fresh&Fine Megapack Saszetki 50x50g Mokra Karma Dla Kot w W Sosie
Champion	14kg S?onecznik czarny nie ?uskany ziarno na zim? karmnik dla ptak w Champi
4FIZJO	?AWKA TRENINGOWA SK?ADANA ?AWECZKA PROSTA SKO?NA REGULOWANA DO ?WICZE?
Canon	KOMPAKTOWY APARAT CANON POWERSHOT G7 X MARK III 4K FULL HD 120 KL./S CMOS
Pampers	PIELUCHOMAJTKI PAMPERS NIGHT PANTS 76 SZT R 6 4x19
Olight	Mikroskop Delta Optical BioLight 300
Tagred	SZAFKA WARSZTATOWA W ZEK NARZ?DZIOWY SERWISOWY WZMOCNIONY PUSTY + KLUCZYK
Philips	"Telewizor Philips 43PUS8010 43"" LED 4K UHD Titan OS Ambilight Bluetooth"
Kormoran	4 x Kormoran Snow 235/55R17 103 V XL FR 3PMSF opona zimowa
adidas	ADIDAS PI?KA NO?NA TRENINGOWA MISTRZOSTWA 2026 TRIONDA TRAINING JD8032 r. 5
TCL	"Telewizor 85"" TCL 85P89K"
WaterWipes	Chusteczki Nawil?ane WaterWipes dla Dzieci Zapas Na Miesi?c 24x60 + Szampon
Pampers	PAMPERS PANTS 6 PIELUCHOMAJTKI 84 SZT PIELUSZKI
Oral-B	ELEKTRYCZNA SZCZOTECZKA DO Z?B W ORAL-B PRO 3 3500 CZARNA + ETUI
Eliton	BIE?NIA ELEKTRYCZNA ELITON 120kg 12km/h LED
Luca	Materac 140x200 Kokos DAKOTA GOLD Premium - 24 cm
?pijZdrowo	Materac 90x200 kokos NATURAL MAX exclusive 24 cm
Ankon	SZAFA UCHYLNA Santi I 200 cm - DU?A GARDEROBA 4-drzwiowa KLASYCZNA
No brand on Allegro	Metal Guard Engine- diesel benzyna - dodatek do oleju - do silnika - tuning
West Caffee	Kawa ziarnista Honduras 1kg ?wie?o Palona 100% Arabica Esencia Alta Montana
Faworyt	Traktor ogrodowy z koszem Faworyt Traktorek TRT102H586V2 2 cylindry TR102HV
No brand on Allegro	29x1kg Karma dla psa baton PREMIUM HASAN 90% mi?sa mokra wo?owa mix+ GRATIS
Fort	Zestaw 2x Kawa mielona Fort 500 g
Blue Orca Coffee	Kawa ziarnista 1kg x2 ?WIE?O PALONA Arabica 100% Blue Orca Coffee + GRATIS
NEO TOOLS	Zestaw kluczy nasadowych NEO TOOLS 10-078 1/2 3/8 i 1/4 cala 233 element w
Google	"TCL 85T7B 85"" QLED 4K Google TV Dolby Atmos Vison"
Fundacja Braterska	PISTACJE PRA?ONE SOLONE DU?E Opakowanie 2x500g - 1kg - FUNDACJA BRATERSKA
Aflofarm	"Desmoxan 1,5 mg 100 tabletek"
Abrams	"PI?A ?A?CUCHOWA AKUMULATOROWA ELEKTRYCZNA GA??ZI WKA PILARKA 8"" 2 X AKU 21V"
Dam	LAYALI ESSENCE AL-ZAHRA PERFUMY ARABSKIE DAMSKIE ORIENTALNE NUTY ORYGINALNE
Toolsen	Piano KLEJ DO STYROPIANU EPS XPS Piana WYDAJNY Pianka Pianoklej Szary
Michelin	1x Michelin Alpin 7 235/50/19 235/50R19 235/50 R19 Zima Opony Zimowe
Sonos	Sonos Arc Ultra (Czarny)
Salvitis	"Kolagen do picia, kuracja na 2 miesi?ce, zestaw Salvitis, 30 ml x 60 szt."
Gp	WIDEOREJESTRATOR 4K ULTRA HD KAMERA SAMOCHODOWA GPS WIFI KAMERA COFANIA
S&G Home	? ?ko tapicerowane 120x200 VINCENT + pojemnik + stela? podnoszony !!
USP Zdrowie	"PUERIA DUO, ci??a od 13. tyg. + karmienie piersi?"
Rafi	Wk?ady do zniczy Parafinowe Znicz Bio4 17 cm do 4 dni x 20szt+zapalarka
Bosch	Suszarka do ubra? Bosch WQG1417GPL 9kg Serie 6 Pompa ciep?a AutoDry Bia?a
bez marki	"Strap On be?owy - przyjemno?? dla dwojga, dildo na zewn?trz i w ?rodku"
Realme	Smartfon realme 12+ 5G 12 GB / 512 GB 5G be?owy
Kormoran	4x205/55R16 91H zimowe opony TAURUS WINTER grupa Michelin Z RANTEM
Verda	PODNO?NIK SAMOCHODOWY HYDRAULICZNY ?ABA 3T LEWAREK 3 T 3 TONY MOCNY SOLIDNY
Urbogym	BIE?NIA ELEKTRYCZNA V720S 20KM/H AUTO K?T 15 POZIOM W SK?ADANA MOCNA
Mebel Elite	FOTEL MASUJ?CY   WYPOCZYNKOWY   BR?ZOWY   Z PODN ?KIEM   RELAX   VX MAX
Ruhhy	"Ruhhy 26497 Osuszacz powietrza WiFi 200 W, 2000 ml, bia?y"
Makita	Wi?zarka do zbrojenia MakitaDTR180ZJ akumulatorowa BODY BEZ WALIZKI MAKPAC!
Apple	FABRYCZNY KOMPLET APPLE IPHONE 13 128GB BLUE BATERIA 100% PREMIUM+ GRATIS
Ausom	AUSOM L2 Dual Sk?adany pojazdy elektryczne 800W*2 55 km/h 70KM NFC IP54
La Millou	La Millou Poduszka do spania bawe?na Ballerine L dzieci?ca
Kratki	kominek piec wolnostoj?cy stalowy KOZA ROLLO fi 150 8 kW ZESTAW EKOPROJEKT
Webski	NAJLEPSZY PREZENT DLA KIEROWCY UCHWYT DO TELEFONU TABLETA NA SZYB? KOKPIT
Zehnder	CZUJNIK CZADU DETEKTOR TLENKU W?GLA WYKRYWACZ 3 LATA PRACY 85db NA BATERIE
Opalescence	Opalescence Cool Mint wybielaj?ca pasta do z?b w 100ml
Shell	SHELL HELIX ULTRA 5W30 - 4L
Verda	ODKURZACZ DO POPIOLOW KOMINKA PIECA 1650W FILTR HEPA TELESKOP VERDA
Blue Orca Coffee	Kawa ziarnista 1kg x2 -Bossa Nova+De Boa 100% Arabica ?WIE?O PALONA +GRATIS
No brand on Allegro	THERMOLIT styrobeton lekki GRANULAT S300 pod?ogowy EPS styropian WOREK 60L
Yanosik	YANBOX Yanosik GTR ASYSTENT+TRYB MOTOCYKLOWY I SAMOCHODOWY+3 LATA
Hummer	Hummer ADULT Sucha Karma Mix Smak w Dla Ps w Aktywnych 20 kg
Polpharma	Tadalafil Maxigra 10 mg lek tabletki na erekcj? potencj? 4 tabletki
Amica	PRALKA AUTOMATYCZNA AMICA WA0S610DO
Basiclab	"BASICLAB Serum Peptydowe 30ml - Wyg?adzenie, Regeneracja, Uj?drnienie Sk ry"
Apple	Smartfon Apple iPhone 15 6 GB / 256 GB 5G r ?owy
Laktowit	Laktowit 1 LAKTOFERYNA+MFGM mleko pocz?tkowe od urodzenia 400 g
Norsa Pharma	Norsa Pharma Hepaset Pro (60kaps)
Meglio	P?yn odt?uszczaj?cy MEGLIO Sgrassatore Lemon 5L
No brand on Allegro	Zalando Karta Podarunkowa 200 z?
Playstation	PlayStation 300 z? Karta podarunkowa PSN Kod PS5 PS4 PS3
Vebiot	Vebiot Hepaxan 60 tabletek
Finish	Finish Ultimate 0% Kapsu?ki do Zmywarki Ekologiczne ECO 200 sztuk
Hortmasz	MOCNA GLEBOGRYZARKA HORTMASZ HGS X620N 7KM KO?A XL
Beko	Suszarka kondensacyjna Beko b100 BM1T38239W Slim 47cm 8kg 64 dB Bia?y
Kinderkraft	KINDERKRAFT JUNIOR FIX2 FOTELIK SAMOCHODOWY ISOFIX DLA DZIECKA 15-36 KG
Bambo Nature	"Bambo Eko Pieluszki Nature 4 Maxi 7-14kg, 48 szt."
Dreame	Robot sprz?taj?cy DREAME Mova P10 Pro Ultra
NAC	BIE?NIA ELEKTRYCZNA DOMOWA TRENINGOWA NACHYLENIE APLIKACJA AMORTYZACJA RUN
Blue Orca Coffee	Kawa ziarnista KARIBU CREMA 1kg Farmers Limited Edition Blue Orca Coffee
Tagred	"PROFESJONALNY KOMPRESOR BEZOLEJOWY PIONOWY, STOJ?CY 10 BAR 100L R2 MOCNY"
Blue Orca Coffee	Kawa ziarnista 1KG OLOMEGA ARABICA 100% ?wie?o Palona Blue Orca + GRATIS
Simon	GNIAZDKO PODW JNE z uziemieniem GNIAZDO KONTAKT SIMON 10 z bolcem do ramek
Philips	Golarka Philips XP9404/46 i9000 Prestige Ultra SkinIQ Pro na sucho i mokro
Genius	GENIUS G-BAT 300 GBAT - Zestaw do 6m 4 Piloty Lampa LED Odb j dwyskrzyd?owa
Prevital	MOKRA KARMA DLA KOTA MIX SMAK W PUSZKA 415G X 24 SZT PREVITAL WIT. A E D3
Redats	Prasa Hydrauliczna 30T z Podw jn? Pomp? + Pryzmy Redats H-380
Mr. Ziggi	Mr. Ziggi proszek do prania i dezynfekcji hipoalergiczny do koloru 70pr 5kg
Philips	EKSPRES AUTOMATYCZNY DO KAWY PHILIPS EP4346/71 LatteGo Series 4300 1500W
Apple	Oryginalny Smartfon Apple iPhone 13 MINI 256GB 5G
Nokian Tyres	1x NOKIAN Snowproof 1 195/65R15 91T
Yankee Caffee	Kawa ziarnista do mleka 1kg ARABICA ?WIE?O PALONA Crema Mleczne zapomnienie
DAMIX	RURA DO OGRZEWANIA POD?OGOWEGO POD?OG WKI INSTALACJI 16x2mm KRAG 600m DAMIX
Samsung	Smartfon Samsung Galaxy S25 Ultra 12 GB / 1 TB 5G szary
Cedrus	GLEBOGRYZARKA SPALINOWA CEDRUS GLX540 SKRZYNIA 3 BIEGI DZIK PRO XXL
Metal-Plast Wa?brzych	OSTRZA?KA DO NO?Y I NO?YCZEK - PRODUCENT
Cloud	320522 CLOUDBOX PROJEKTOR MUZYCZNY Z BAJKAMI CHMURKA + GRATIS MASKOTKA
Ogniwo	Piec Ogniwo Classic DS 10 kW kocio? w?glowy zasypowy 5 klasy
Deye	Falownik DEYE SUN-10K-SG05LP3-EU-SM2 Inwerter Hybrydowy nowy model 10kW
Samsung	Smartfon Samsung Galaxy Z Flip7 12/256GB Granatowy
Roto	FOTEL GAMINGOWY ALPHA BIUROWY KRZES?O GRACZA OBROTOWY KUBE?KOWY CZARNY
Angelcare	Wk?ady do Pojemnika na Pieluchy Worki Angelcare
ZDZ	Lutownica transformatorowa ZDZ LT 125W
Divinus	DIVINUS Cat Complete karma sucha dla kot w doros?ych witaminy 20 kg
bez marki	KidLupe Mikroskop dzieci?cy - pastelowy r ?
Magnat	MAGNAT Ceramic 10L Farba ceramiczna do ?cian i sufit w BIA?A C45
DuoLife	DUOLIFE Collagen Suplement Diety Kolagen 750 ml
Goodram	Dysk GOODRAM PX500 G3 512GB SSD
Kowal Polska	PROFESJONALNY 12Bar KOMPRESOR 50L olejowy t?okowy spr??arka pompa powietrza
Wafi	Karma Mokra Dla Kota Wafi Kawa?ki Mi?sa w Sosie 24x415G Puszka
Liqui Moly	Liqui Moly Top Tec 4600 5W30 2316 5L
Pampers	Pampers Active Baby Rozmiar 3 2x208 szt. Pieluszki Miesi?czny zapas
click4TOYS	"PIASEK KINETYCZNY POJAZDY BUDOWLANE XXL WALIZKA D?WIG KOPARKA FOREMKI 1,5KG"
Higher	"Drabina Higher 7,1 m aluminium 3 x 27 do 150 kg"
Samsung	Samsung QE75QN80FA TV Qled Neo Qled 4K Smart TV Tizen DVB-T2
Z?biec	Z?biec Wenus Eco 16 kW kocio? piec uniwersalny tradycyjny 5 klasa Ecodesign
Castrol	CASTROL OLEJ CASTROL 5W30 4L EDGE LL TITANIUM
Factoryherbs	NIE BYLE BADYLE DLA KR LIKA FACTORYHERBS 1kg zi ?
Defro	Defro Calori 15 kW kocio? pelletowy najnowsza wersja + internet + lista ZUM
Tefal	Zestaw garnk w i patelni TEFAL Emotion 8 el pow?oka stalowa - Indukcja
Fenix	Fenix Mini Vaporizer Waporyzator do suszu zi ? CBD
Thunder	Bie?nia Elektryczna Domowa Sk?adana Nachylenie Pasa + Amortyzacja THUNDER
Vetfood	Vetfood - Flora Balance 60 kapsu?ek
Glimmerstone	Uniwersalny P?yn do ch?odnic G12 Czerwony 20L - Antifreeze -35 C Aluminium
DJI	Dron DJI Matrice 4T + Care Plus 1 rok
Trec	Trec CM3 360 kaps SILNY JAB?CZAN KREATYNY KREATYNA W KAPSU?KACH MOCNY T-C-M
Dreame	Robot sprz?taj?cy Dreame L40 Ultra AE Mopowanie Stacja oczyszczaj?ca
WaterWipes	"Chusteczki nawil?ane WaterWipes BIO 24 x 60 99,9% wody Miesi?czny Zapas"
VOKSAR	Bezprzewodowy Odkurzacz Pionowy R?czny VOKSAR V11 5w1 LED 600W MOCNY HEPA
Lavazza	Kapsu?ki Z Kaw? Do Nespresso Lavazza Espresso Qualita Rossa 80 szt
Oculus	Gogle VR Oculus Meta Quest 3S 256GB
Norsan	NORSAN OMEGA-3 TOTAL smak neutralny p?yn OLEJ RYBI WITAMINA D 200 ml
Yanosik	ANTYRADAR YANOSIK RS Z DO?YWOTNIM ABONAMENTEM UCHWYT HOLDER + AKCESORIA
Thank'Q	THANK'Q
Goodride	OPONA Goodride SW608 Snowmaster 245/45/18 100V NOWA 1 szt
Yanosik	ANTYRADAR YANOSIK RS Z DO?YWOTNIM ABONAMENTEM UCHWYT HOLDER + AKCESORIA
Vess	ZEGAREK SMARTWATCH M?SKI 360x360 ROZMOWY MENU PL WODOODPORNY
Yoer	Grill elektryczny Opiekacz do panini Yoer 2000W + Programator czasu i temp.
Philips	PHI12972VPC2 ZES.ZAR. H7 12V 55W VISIONPLUS +60%
Green Touch	ZESTAW PREZENTOWY kosz s?odycze herbata migda?y syrop mi d konfitura box
Force	Irygator do z?b w bezprzewodowy dentystyczny jamy ustnej DentalForce MOCNY
VelvetCARE	VELVET ZZ R?CZNIKI PAPIEROWE SK?ADANE CELULOZA 2W DO PODAJNIKA
Baulich	Drabina aluminiowa 3x9 wielofunkcyjna uniwersalna 150 kg BAULICH hak GRATIS
AbarQs	Bie?nia Domowa Elektryczna treningowa pod ? ?ko 100kg 1-10km/h PREZENT
Kowal Polska	"PROFESJONALNY AGREGAT PR?DOTW RCZY 5,2kW EL-START AVR+ MIED? STOJAN KowaL"
Dexter	Sucha karma dla psa Dexter Balance Du?e Rasy Owczarek Labrador 20kg
Klarta	PRZYSMAK DLA PSA - Mi?kki filet z piersi kaczki BEZZBO?OWY MERSJO 500g
Aliness	Aliness LIVER REGENERATION complex DETOX W?TROBY
Microsoft	NAJLEPSZA KONSOLA XBOX ONE S 1000GB/1TB 2xPAD +4xGRA
iRobot	Robot sprz?taj?cy IROBOT Roomba Plus 505 Autowash Czarny
Soflens	"Soczewki Miesi?czne SOFLENS 38 MOC: -4,00 / DIA 14mm / BC 8.7"
Wiejska Zagroda	Wiejska Zagroda LE?NE SMAKI Karma dla psa WO?OWINA DZIK Du?e rasy L 9kg
7mai	70mai SET A410 Kamera samochodowa 2.5K HDR + tylna RC21 + FORMULARZ KOLIZJI
bez marki	CHUSTECZKI NAWIL?ANE DLA DZIECI I NIEMOWL?T DELIKATNE 800SZT ZESTAW 10x80
D?bica	4x opony zimowe 185/60R15 D?BICA FRIGO 2 84T
Belini	Szafa przesuwna z lustrem 235 cm  CLAT Mirror Line Garderoba Pojemna
Shell	SHELL OLEJ SHELL 5W-30 HELIX ULTRA ECT C3 4L
Apple	Zielony / Teal Apple iPhone 16 256 GB
Sense7	Fotel Obrotowy Materia?owy Krzes?o biurowe Obrotowe Regulowany Sense7 Tone
GALAXIA	D?UGOPIS 3D Dla Dzieci DRUKARKA 3 D R ?OWY Zestaw WK?AD 110 METR W PREZENT
Brit	Brit Mokra Karma dla Psa Care Mono Protein Kr lik 6szt*400g
bez marki	R?cznik Papierowy ZZ do podajnika BIA?Y R?czniki CELULOZA 2w A20 M 3000szt
Mova	Robot sprz?taj?cy Mova V50 Ultra Complete czarny Mop 24 000 Pa EPA
Little Live Pets	Little Live Pets INTERAKTYWNY FLAMING D?W?KI 26222
Bluebox	Akumulator ?elowy AGM-100 12 V 100 Ah
Goodride	Goodride SW608 215/60R17 96 H 3PMSF opona zimowa
Sanytol	SANYTOL DEZYNFEKUJ?CY DODATEK DO PRANIA 1L
Mediderm	MEDIDERM 1 kg krem
Krause	"Drabina aluminiowa 3x12 KRAUSE MONTO TRIBILO Profesjonalna + Trigon 9,30m"
Pure Chemical	ZIMOWY P?YN DO SPRYSKIWACZY -22 ZAPACHOWY 3x5L 15l
Enbio	"KOMPAKTOWY AUTOKLAW ENBIO 4BEAUTY 2,7L KLASA B FILTR Z?OTY CERTYFIKAT TUV"
Steam	PAROWNICA DO UBRA? STEAMER ?ELAZKO PAROWE R?CZNE REGULACJA PARY 45G / MIN
Higher	"Drabina aluminiowa wielofunkcyjna z opcj? na schody 3x8 HIGHER 4,70m 150kg"
Nutridrink	Nutridrink o smaku owoc w le?nych 4x 125 ml
Immergas	IMMERGAS STEROWNIK PROGRAMATOR RADIOWY BEZPRZEWODOWY TYBOX 137+
Jacobs	Kawa ziarnista Jacobs Kronung 4x 1kg
Cybex	Cybex Solution S2 i-Fix Moon Black
Cybex	CYBEX FOTELIK SAMOCHODOWY SOLUTION S2 DLA DZIECKA 15-50 KG ISOFIX
WaterWipes	"Zestaw WaterWipes Chusteczki nawil?ane 8x60szt (480) 99,9% wody delikatne"
Adelid	ROZDZIELNICA BUDOWLANA ZABEZPIECZONA R ?NIC WKA
Makita	Wi?zarka do zbroje? 18V 1x5Ah LXT Makita DTR181RT1J
Tefal	Garnek Tefal Duetto+G7196455 28 cm Stal nierdzewna Indukcja 10 l
Autel	"AUTEL MaxiDAS DS900BT Wersja Na Europ? NEW MODEL25/26 8""POLSKI DEALER AUTEL"
Lelka	BALETKI DO TA?CA TRADYCYJNE BALET RYTMIKA PUDROWY R ? DZIECI?CE ROZMIAR 28
LG	LG OLED48C51LA 48 Smart TV 4K webOS 25
KingSmith	Bie?nia elektryczna KINGSMITH WalkingPad R1 Pro
Wuber	"PODNO?NIK SAMOCHODOWY HYDRAULICZNY LEWAR ?ABA NISKOPROFILOWY 2,5T 80-375 mm"
Jura	Tabletki czyszcz?ce do ekspresu Jura 25045 (blister 25szt.)
KFD	KFD PREMIUM COLLAGEN+ kolagen MSM kwas hialuronowy STAWY truskawka 400 g
Eurotec	POMPA DO SZAMBA I BRUDNEJ WODY SZLAMOWA EUROTEC
OlsiFood	"""DRIED MANGO"" MANGO SUSZONEBez Dodatku Cukru OlsiFood 1000 g"
Nestl 	Mleko NAN OPTIPRO HA3 800g
No brand on Allegro	?adowarka sieciowa USB-C 20W Power Delivery 3.0 do iPhone
No brand on Allegro	Szybka ?adowarka Sieciowa do Apple z kablem Lightning z MFI dla IPHONE IPAD
Bayer	"Roundup 360 SL PLUS 2x5L BAYER RANDAP glifosat, na wszystkie chwasty, perz"
Kendamil	Kendamil Premium 2 Mleko nast?pne dla dzieci od 6 do 12 miesi?ca ?ycia 600g
Roto	FOTEL OBROTOWY GAMINGOWY DLA GRACZA BIUROWY KRZES?O NIEBIESKI new 2026
SFD	SFD OMEGA 3 STRONG 90 KAPSU?EK 330 EPA + 220 DHA + WITAMINA E WZROK SERCE
KFD	KFD Premium Citrulline 400 g cola z limonk?
AutoXscan	PROFESJONALNY TESTER DIAGNOSTYCZNY RS300PRO J?zyk Polski WSZYSTKIE AUTA
Art-Trans	Girlanda Jod?a JASNA zielona 100% PE wygl?d bardzo naturalny 110 cm g?sta
Philips	SZCZOTECZKA SONICZNA DO Z?B W PHILIPS SONICARE PROTECTIVE CLEAN CZARNA
D-Lux	"D-LUX P?yn do Ple?ni 2x500 ml - Zestaw 2 butelek na ?ciany, sufity, okna"
Blossom	Odkurzacz pionowy VC-550 akumulatorowy 550W z filtrem HEPA
D?bica	4x D?bica 225/50R17 98V Frigo HP2 FR XL
Wuber	M?OTOWIERTARKA UDAROWA 4000BPM 4J WIERTARKA 2500W 230V SDS+SAMOZACISK WUBER
Eludril	"ELUDRIL CARE, P?yn przeciwbakteryjny do p?ukania ust, 2 x 500 ml"
Bausch&Lomb	P?yn do soczewek ReNu MultiPlus 3 x 360ml Bausch
Clementoni	Globus Clementoni fizyczno-polityczny ?r. 30 cm
No brand on Allegro	MEGA ZESTAW DO ROBIENIA ?WIEC WYROBU ?WIECZEK SOJOWYCH PREZENT DIY 45w1 XXL
Sherman	P ?AUTOMAT SPAWALNICZY SHERMAN 200A MMA TIG 4T 3W1
Heisberg	Materac 140x200 DARK exclusive H3 pocket stref MASUJ?CY kokos 24cm HEISBERG
Nokian Tyres	1x opona zimowa 235/55R18 Nokian Snowproof 2 SUV
Belini	Szafa przesuwna PREMIUM z lustrem 200 cm SZUFLADY VERONA Modern Garderoba
Opus	Kordonek MAXIMUM Opus - kolor 001 Bia?y 4 sztuki
Persil	Persil Power Caps Kapsu?ki do Prania Zestaw MIX 120 szt. + Gratis
Bosch	Zmywarka do zabudowy Bosch SMV4HVX03E 60 cm 14 kpl Home Connect 3 szuflada
Woseba	Woseba Mocca Fix Gold - kawa mielona 500g
adidas	Pi?ka no?na adidas Pi?ka adidas UCL League Box JP1548 r. 5
E-Pack	FOLIA STRETCH CZARNA DU?O FOLI KRYJ?CA MOCNA
Energizer	?adowarka ENERGIZER Maxi R6 R3 + 4x Akumulatorki AA 2000mAh + AAA 700mAh
Apple	APPLE IPHONE 13 256GB
Continental	1x Opona zimowa Continental WINTERCONTACT TS 870 P 215/60R18 98H
Fundacja Braterska	PISTACJE PRA?ONE SOLONE DU?E- FUNDACJA BRATERSKA - PISTACJA 2 X 500G - 1KG
Toyota OE	OLEJ 0W20 TOYOTA AFE 5 L
Capricare	Capri CARE 2 Zestaw 6x 400g mleko kozie
PRO X	Alkomat elektrochemiczny AlcoFind Pro X-5 Plus SKALIBROWANY
Kol-pol	NASIONA CHIA 1kg Sza?wia hiszpa?ska nasiona naturalne wysoka jako?? Kol-Pol
Piper	Piper karma sucha jagni?cina 12 kg
Ecoflow	Przeno?na stacja zasilania do kampera lub przyczepy RIVER Pro 720 EcoFlow
FDM	Dop?ata do ? ?ka: materac HOME PLUS 90x200
bez marki	KO?DRA 160x200 CA?OROCZNA POLSKA ANTYALERGICZNA MI?KKA
Betatex	Podk?ady ch?onne PREMIUM SAP 90x60 higieniczne BETAtex+ by ZARYS 25 szt.
Minexo	CZUJNIK CZADU TLENKU W?GLA CZUJKA DYMU DETEKTOR CERTYFIKOWANY BEZPRZEWODOWY
Scheppach	ORYGINALNA Spalinowa Zag?szczarka Gruntu HP2000 25kN 102KG + MATA + OLEJ 1L
IdeaMeb	Stolik i krzese?ko z szuflad? R ?ne kolory
Kumho	2 x Kumho WinterCraft WP52+ 235/55R18 104 V XL EV 3PMSF opona zimowa
AJKmeble	? ?ko 120x200 stela? metalowy podnoszony PANAMA M
bez marki	Zestaw 3x Nootri Kawa Grzybowa Ashwaganda Lion's Mane Cordyceps Chaga MCT
Bloom	WALIZKA BLOOM XXL   28   97L DU?A MOCNA TWARDA ABS PREMIUM 5 KOLOR W
Concept 2	Wio?larz powietrzny Concept 2
Persil	?EL DO PRANIA KOLOR W PERSIL 120 PRA? 6L P?YN DO PRANIA
GSC Game World	Gra PS5 PLAION S.T.A.L.K.E.R. 2 Serce Czarnobyla Day One Edition
Homatics	Android SMART TV Homatics Dongle G 4K Android 11 Bluetooth 5 WiFi
Yato	MOCNY M?OT UDAROWY DO KUCIA WYBURZENIOWY + 2 D?UTA HEX30 70J 1600W
Lenovo	Laptop Lenovo Legion Pro 5 16IAX10 Ultra 7 255HX 32 GB 1 TB RTX 5060 165 Hz
NOLLI	PODUSZKA ELEKTRYCZNA ROZGRZEWAJACA TERMOFOR BOLACE STAWY MIESNIE 9 TEMP
Fairy	Fairy Original Kapsu?ki do zmywarki All In One Cytryna 6x 22szt. = 132 szt.
bez marki	"Zestaw Kosmetyk w w Walizce: B?yszczyki, Szminki i P?dzle"
Kol-pol	PESTKI DYNI 1kg ?uskane naturalne ?wie?e Dynia ?uskana jako?? Kol-Pol
Volt Polska	ZASILANIE UPS AWARYJNE 800W + AKUMULATOR 100Ah
Force	ZESTAW FORCE 800 4xPILOT WiFi 5xLISTWA FOTO NAP?D DO BRAMY PRZESUWNEJ 800KG
Baseus	Baseus EnerFill FP41 30000mAh 22.5W z kablem Baseus Simple USB-A - USB-C
Green Touch	Herbata matcha japo?ska 100 g Ujicha codzienna Green Touch Uji Kyoto
No brand on Allegro	REGA? METALOWY MAGAZYNOWY 200x300x40 5 p ?ek do gara?u piwnicy biura czarny
Koliber	ROBOT KUCHENNY PLANETARNY MIKSER KOLIBER X-3200-W 6.2L 7w1 WIELOFUNKCYJNY
Gillette	"Gillette ProGlide Wk?ady do maszynki do golenia dla m??czyzn, 14 sztuk"
Bebilon	Bebilon 2 mleko modyfikowane ZESTAW 3x800g
Sony	KONSOLA PLAYSTATION 4 PS4 PRO 1TB + 2x ORYGINALNY PAD 4K Najmocniejsza
Pan Mi?sko	Pan Mi?sko Wieprzowina z Dzikiem 20kg XL
Apple	Apple iPhone 14 Pro 256GB Srebrny
Josera	Josera Culinesse karma dla kota z ?ososiem 10 kg
Neo	KLOCKI MAGNETYCZNE 3D MAGNETIC EDUKACYJNE NEODYMOWE PANELE DLA DZIECI
4FIZJO	MASA?ER DO ST P N G ELEKTRYCZNY PODGRZEWANIE WIELOFUNKCYJNY SHIATSU PREMIUM
Intel	ROBOT DO OKIEN SZYB LUSTER MYJKA DO OKIEN Inteligentny Myj?cy Okna ZESTAW
Ventika	REKUPERATOR ?CIENNY 100 mm POKOJOWY Z PILOTEM CICHY VENTS VENTIKA SOLO+
Asus	Laptop Asus Vivobook 15 Intel Core i5-13420H/16GB/512GB/W11 niebieski
Mebel Elite	Fotel Rozk?adany Wypoczynkowy Tapicerowany Do Spania Salonu Szary DANNY 2
Delphi tools	"M?OTOWIERTARKA WIERTARKA z udarem M?OT UDAROWY MOCNA SDS+ 2600W +kabel 2,8m"
Yankee Caffee	Kawa ziarnista 1kg ?WIE?O PALONA 100% ROBUSTA Z Palarni Crema Do ekspresu
Kamikaze	Hulajnoga elektryczna 1000W moc Peak Kamikaze K1 2025 48V 15Ah zasi?g 60km
Candy	Pralka Candy RapidO Pro RP 496BWMBCB/1-S 9kg 1400 obr/min 76 dB Czarna
Xiaomi	Smartfon Xiaomi 15 Ultra 16 GB / 1 TB 5G srebrny
Kangur	2W1 DZIECI KONTRA RODZICE MAGIA ?WI?T + GRA ZR?CZNO?CIOWA PIGGY POP
Bebilon	Bebilon Profutura Duobiotik 5 Formu?a na bazie mleka dla przedszkolaka 800g
Tefal	Szybkowar TEFAL Secure Trendy Pressure 8L INDUKCJA
Millers Oils	Olej silnikowy syntetyczny Millers Oils EE PERFORMANCE C3 5W30 5l
Pampers	PAMPERS Active Baby Pieluszki Rozmiar 4 132szt 9-14kg
Pampers	"Pampers Premium Care Pants Pieluchomajtki, rozmiar 6, 42 szt, 13-19kg"
bez marki	MIKROSKOP KIESZONKOWY DLA DZIECI EDUKACYJNY PREZENT NA URODZINY I ?WI?TA
Paysafecard	Paysafecard 20 z? Karta KOD PIN
Blue Orca Coffee	Kawa ziarnista 1kg x2 Paradiso+ Amaro 100% Arabica ?WIE?O PALONA BLUE ORCA
bez marki	KOMPUTER dla dzieci ZABAWKOWY edukacyjny PREZENT dla ch?opaka NIEBIESKI
Apple	"Tablet Apple iPad Air 7th Gen 11"" 8GB 128GB WIFI BLUE niebieski MC9X4HC/A"
SPI 55	LAMPKI ZEWN?TRZNE SOPLE 500 LED 24M ?WIATE?KA ?WI?TECZNE KURTYNA IP44 FLASH
Samsung	"Telewizor Samsung UE55U8092F 55"" LED 4K Tizen TV DVB-T2"
Samsung	Suszarka SAMSUNG AI DV90DG6845LKU4 z pomp? ciep?a bia?a 60 cm 9 kg
Sendi	Maszynka do p?ytek przecinarka gresu Sendi 1200 mm 120cm PROCUTTER PRO
Maped	Creativ Airbrush Maker Zabawka Roku Nagroda dzieci 2025
Gorenje	Suszarka kondensacyjna GORENJE DHNE82/PL
Sendi	Przecinarka r?czna do glazury SENDI PRO CUTTER ULTRA 1200 do ci?cia p?ytek
DMF	Olej hydrauliczny HL 46 / L-HL 46 / 20L / VG 46
Medisept	Velox Spray sprawdzona dezynfekcja powierzchni 4 x 5l tea tonic Medisept
bez marki	R?CZNIK PAPIEROWY ZZ DO PODAJNIKA GRUBY WYDAJNY 1500 LISTK W 21X22CM
Trizand	ELEKTRYCZNE PODGRZEWANE SKARPETY GETRY ZIMOWE OGRZEWACZE DO ST P TERMICZNE
Microsoft	SUPER KONSOLA XBOX ONE S 500GB 2xPAD + KINECT + 12xGRA
Microsoft	KONSOLA GRA MICROSOFT XBOX ONE S 500gb + 2 PADY + OKABLOWANIE - KOMPLET
Epee	Cyfrowe Kreacje   Tablet kreatywny z drukark? dla dzieci
Riwall	Rozdrabniacz elektryczny Riwall RES3044 do ga??zi r?bak frezowy ?bik mocny
GALAXIA	PROJEKTOR RZUTNIK MINI PRZENO?NY ANDROID LED WIFI FULL HD SMART TV HY300
Samsung	Smartfon Samsung Galaxy S25+ 12 GB / 256 GB 5G czarny
Lewer	DRUKARKA D?UGOPIS 3D PEN Dla Dzieci Zestaw wk?ad FILAMENT 109 MATA SZABLONY
Oral-B	4x Ko?c wki do szczoteczki elektrycznej Oral-B iO Ultimate Clean White
Gymtek	PLATFORMA WIBRACYJNA WIBRUJ?CA TRENINGOWA MASA?ER Z PILOTEM XP500 GYMTEK
Global Food	ORZECHY W?OSKIE ?USKANE 1kg (1000g) NATURALNE
Triangle	1x Opona zimowa Triangle WINTERX TW401 225/50R17 98V
Koliber	ROBOT KUCHENNY PLANETARNY MIKSER KOLIBER X-3200-W 6.2L 7w1 WIELOFUNKCYJNY
D?bica	2x Opony zimowe 195/55R16 87H Frigo HP2 D?BICA 2025
Katarek	KATAREK PLUS aspirator kataru dla dzieci do odkurzacza z rozbieran? komor?
Smartled	10x Oprawa hermetyczna 120 +20x ?wietl wka LED 40W
MIGOgroup	MIGDA?Y KALIFORNIJSKIE ca?e 1kg - MIGOgroup
NM Revolution	40x MOCNA BATERIA R6 NM REVOLUTION ALKALINE LR6 PALUSZKI AA ALKAICZNE XL
Foresto	Elanco Obro?a Foresto na pch?y i kleszcze dla psa i kota poni?ej 8kg
Luca	TERMOPLASTYCZNY DWUSTRONNY Materac spr??ynowy KIESZONKOWY 160X200 24c KOKOS
Babuszka Agafia	BABUSZKA Myd?o do cia?a i w?os w czarne naturalne syberyjskie 500 ml Zestaw
Wavin	RURA WAVIN KAMELEON PE-RT/EVOH/PE-RT 16x2MM 600 M DO OGRZEWANIA POD?OGOWEGO
Grubber	PODNO?NIK NO?YCOWY SAMOCHODOWY 3.5 t WYSOKI 1.2 m MOBILNY GRUBBER MT350EXL
Vizir	"VIZIR Proszek do Prania bia?ego 7,15 kg AlpinFresh"
Barum	1x Opona zimowa Barum POLARIS 6 205/60R16 92H
Woolite	P?yn do prania WOOLITE Kolor 4500 ml
NAC	Od?nie?arka SPALINOWA z nap?dem NAC LONCIN 212 cm3 66 cm ROZRUCH 230V Mocna
Kinderplay	KINDERPLAY DU?A KOLEJKA DREWNIANA TOR WAGONY POCI?G NA BATERIE POLICJA
Edaxe	SAMOCH D ZDALNIE STEROWANY DU?E AUTO RC METAL TERENOWY 4X4 + 2 AKUMULATORY
Funfit	BIA?A TOALETKA KOSMETYCZNA Z LUSTREM 12xLED SZUFLADY
Austone	1x OPONA CA?OROCZNA 205/60R16 Austone SP401 96V
Bridgestone	1 opona zimowa 215/60R17 100V BRIDGESTONE Blizzak 6
Kormoran	Kormoran Snow 215/65R17 99 H 3PMSF opona zimowa
GALAXIA	DRUKU? APARAT NATYCHMIASTOWY DLA DZIECI MINI DRUKARKA TERMICZNA i 13 ROLEK
Kaminer	Odkurzacz Przemys?owy Bezworkowy do Kominka Popio?u Pieca ?aroodporny 20l
Brit	BRIT CARE PUPPY LAMB RICE KARMA DLA SZCZENI?T 12kg
Nestl 	Nestle NAN Optipro 3 mleko po 1. roku 650g
Walkingpad	BIE?NIA ELEKTRYCZNA G-RUNNER 460 SK?ADANA POD ? ?KO WALKINGPAD -2w1 12km/h
No brand on Allegro	Foto-kalendarz Fotokalendarz 10x A3 Pion 13 kart
Goodride	1x OPONA ZIMOWA 195/65R15 Goodride SW608 91H
Gymtek	BIE?NIA ELEKTRYCZNA DOMOWA SK?ADANA MAGNETYCZNA DO BIEGANIA XT900 GYMTEK
Bartimex	NAGRZEWNICA OLEJOWA 8KW BARTIMEX TSD-2 OGRZEWANIE POSTOJOWE 230V 12V
Sony	Konsola PLAYSTATION PS5 Slim 1TB z nap?dem + NBA 2K26
Per La Vita	Szafa CALIFORNIA dwudrzwiowa 80 CM BIA?O CZARNY garderoba przedpok j matowa
Zarys	R?kawiczki nitrylowe M EASY CARE Nitrile PINK r ?owe 100 szt.
D?bica	2x Opona zimowa D?bica FRIGO HP 2 215/55R16 97H XL
FIT-NET	BIE?NIA ELEKTRYCZNA G-RUNNER 400 DOMOWA WZNIOS G?O?NIKI SK?ADANA DO 120kg
Pan Mi?sko	PAN MI?SKO Ciel?cina z indykiem XL sucha karma dla psa 9kg
Posnet	*** Kasa Fiskalna Posnet ERGO ONLINE z modu?em Wifi ***
Tchibo	Kawa Mielona Tchibo Family zestaw 4x500g
Goodride	1x OPONA ZIMOWA 225/50R17 Goodride SW608 98H
Majster Polska	WIERTNICA SPALINOWA glebowa ?wider HEXAGON + 3 x wiert?o GRYZZLY PRO 10/20/
Higher	"Drabina aluminiowa wielofunkcyjna z opcj? na schody 3x7 HIGHER 4,25m 150kg"
Dooc	Rega? magazynowy metalowy 3w1 CZARNY 5x175 kg. 180x90x30 DOOC
Freshtek	Freshtek One Shot Neutralizator zapach w Od?wie?acz powietrza Kashmir 2 szt
Kinder	Jajka Kinder Joy Minecraft 24 x 20 g
Aliness	ALINESS MA?LAN SODU 720 mg KWAS MAS?OWY TRAWIENIE JELITA ZDROWIE 100 kaps
Thule	AUTOBOX THULE MOTION 3 L CZARNY PO?YSK 450L BOX DACHOWY
Philips	Depilator laserowy PHILIPS Lumea IPL 7000 Series Advanced BRI923 + TRYMER
Grupa Inco	FLOROVIT JESIENNY NAW Z DO TRAW TRAWNIK W 25KG+FE CHRONI PRZED PRZYMROZKAMI
Austone	4x 195/55R16 Austone All Season Fixclime SP-401
Intel	"Laptop HP 250 G10 15,6"" Intel Core i3 8 GB / 512 GB szary"
Xiaomi	Hulajnoga Xiaomi Electric Scooter Elite EU
iNaturalni	Orzechy W?oskie ?uskane 1 kg 1000g ?wie?e Du?e Pe?ne Witamin 100% Naturalne
Nuno	Kawa Ziarnista NUNO Special Blend 1kg ?wie?o palona 80% Arabica/20% Robusta
GoPro	"Kamera GoPro HERO 13 Black 5,3K + podw jna ?adowarka + 2x akumulator"
M ller's	M ller's GOLD TRAN Norweski Cytrynowy 2 x 250ml wit D3 2000 IU Moller's
Launch	LAUNCH X431 PRO TT V5.0 8 cali BT 24 msc update Dealer Launch J.Polski
Calitti	CALITTI Strong Unscented 5L ?wirek bezzapachowy
Vgate	INTERFEJS RENAULT ICAR2 BT ELM327 PyREN PyClip
INDEX BHP	R?kawice robocze r?kawiczki OCIEPLANE ZIMOWE drago WINTER r?kawiczki zimowe
Dam	SMARTWATCH ZEGAREK DAMSKI POLSKIE MENU PL ROZMOWY POWIADOMIENIA DLA KOBIETY
Goodride	1x Goodride Z507 XL 235/55R19
Samsung	Samsung Galaxy Z Fold 7 512GB Ciemnoniebieski
No brand on Allegro	SZACHY drewniane WE WK?ADCE 31x31 - PRODUCENT
Baukrane	Ta?ma bentonitowa Water&Stop 20x25mm 30 metr w.
Ceramikker	LIQUID GLASS Samochodowy Wosk do Lakieru Auta Karoserii Syntetyczny Czarny
ALPHA	Masa?er BEZPRZEWODOWY do Plec w Szyi Karku - Efekt Jak Ludzkie D?onie Alpha
Rafi	Wk?ady do zniczy parafinowe Ligero3 do 3 dni 20szt Ca?oroczne + Zapalniczka
Dany Meble	"MEBLE KUCHENNE KUCHNIA ZESTAW SZAFKI MODU?OWE BLAT JOLA 2,6M D?B WOTAN"
Mebel Elite	Krzes?o Szare Welurowe Pikowane Tapicerowane Do Salonu Jadalni RICK
Castrol	OLEJ SILNIKOWY CASTROL EDGE TURBO DIESEL 5W40 5L
bez marki	ROLETA PLISOWANA Rolety Plisowane Plisy KONFIGURATOR NA WYMIAR ?aluzje
Lavazza	Kapsu?ki do NESPRESSO LAVAZZA ESPRESSO 100 sztuk
Yokohama	1x OPONA ZIMOWA 235/50R19 Yokohama V905 103V
Blue Orca Coffee	Kawa ziarnista 1kg SANTAMARTA 100% Arabica ?WIE?O PALONA BLUE ORCA +GRATIS
D-Lux	D-LUX Pow?oka Hydrofobowa do kuchni lub ?azienki. 250 ml. Efekt ?lizgawki
Kormoran	1x opona zimowa 235/55R19 Kormoran SUV SNOW
Jana	? ?ko tapicerowane 160 200 z pojemnikiem i zag? wkiem Mika szare 028-45
Maltec	MYJKA PAROWA CZY?CIK CI?NIENIOWY DO OKIEN TAPICERKI FUG PAROWNICA PLUSKWY
Ludwik	Tabletki eko do zmywarki LUDWIK Ekologiczne All in One Biodegradowalne 50
MBG Line	Mocny Rozrusznik Jump Starter Booster 47.36Wh Powerbank 12800mAh QC3.0 LED
D?bica	4x OPONY ZIMOWE 215/60R16 D?bica Frigo HP2 99H XL
Vonmie	ELEKTROSTYMULATOR MI??NI BRZUCHA EMS VONMIE S21 PAS WYSZCZUPLAJ?CY GRZANIE
Bob Snail	KALENDARZ ADWENTOWY BOB SNAIL z przek?skami owocowymi zabawkami i magnesami
bez marki	KAMIZELKA CYWILNA WKLADY BALISTYCZNE UHMW-PE NIJ IIIA +test
Ocean BNT	"Zmi?kczacz wody - 30L, s l, test, wk?ady"
WD	Choinka Sztuczna Na Pniu Franklin Pe Jak Prawdziwa 180cm
WD	Choinka Sztuczna Na Pniu Franklin Pe Jak Prawdziwa 180cm
Zipro	Bie?nia elektryczna Domowa Sk?adana Treningowa Zipro Jogger do 120 kg
Panini	GRILL ELEKTRYCZNY GOFROWNICA OPIEKACZ TOSTER PANINI + GOFRY DU?Y MOC 2200W
Verco	PREGNA PLUS 30 kaps. witaminy dla kobiet w ci??y
Verco	PREGNA PLUS 30 kaps. witaminy dla kobiet w ci??y
OverTrade	50x PU?APKA NA MYSZY SZCZURY MYSZO?APKA SILNY KLEJ MOCNA ?APKA LEP AROMAT
Urbogym	BIE?NIA ELEKTRYCZNA V450 DOMOWA REGULACJA NACHYLENIA SK?ADANA AMORTYZACJA
Goodride	Goodride 225/60R17 Z507 103V XL opona ZIMOWA
Rafi	Mokra karma dla psa RAFI mix smak w zestaw 12x800g bezzbo?owa
Kochmanski	KOCHMANSKI portfel damski sk rzany du?y super pojemny czerwony sk ra rfid
Gymtek	BIE?NIA ELEKTRYCZNA DOMOWA SK?ADANA REGULACJA NACHYLENIA XT550 GYMTEK
Vichy	"VICHY DERCOS Szampon ?upie? T?USTE REFILL, 500ml"
Jacobs	Jacobs Cappuccino Milka Choco kawa rozpuszczalna 400g DE
GENBLU	"Agregat pr?dotw rczy inwertorowy generator pr?du GENBLU GN3300i 3,3kw CICHY"
Nukido	FOTELIK SAMOCHODOWY 15-36KG ISOFIX NUKIDO LOUIS I-SIZE PODSTAWKA
Ceramikker	R?cznik Do Osuszania Auta Szybkoschn?cy z Mikrofibry Du?y do Samochodu 4szt
Oleofarm	Oleofarm Sok Imbir z kurkum? i cytryn? 980 ml
Ceramikker	P?yn Hydrofobowy Quick Detailer Nab?yszczacz do Lakieru Liquid Glass po?ysk
Motul	MOTUL 8100 X-CLEAN EFE 5W30 MB229.52 LL-04 5L
No brand on Allegro	P?YN DO ROBOT W MOPUJ?CYCH SPRZ?TAJ?CYCH BIONICZNYCH 2x 250ml SmartVAC
GALAXIA	D?UGOPIS 3D Dla Dzieci DRUKARKA 3 D PEN Zestaw i WK?ADY PLA 110 METR W
Tassimo	Kapsu?ki TASSIMO Zestaw Morning Crema XL 100 kaps
Bartex	"W?giel groszek BARTEX Gold 27-29 MJ worki 25kg, cena za 1t"
Marek	Kolorowe Dzwonki CHROMATYCZNE CYMBA?KI 27 Tonowe METALOWE P?ytki + Pa?eczki
Mova	Odkurzacz pionowy bezprzewodowy mopuj?cy Mova X4 Pro
Baulich	Drabina aluminiowa 3x11 wielofunkcyjna uniwersalna 150kg BAULICH hak GRATIS
Cleo	CLEO mix Karma sucha dla kot w doros?ych MI?SO WITAMINY 10kg
Kross	"Rower MTB MS Kross Black Edition 3 ko?a 29 cali rama 19"""
Roborock	Oryginalny p?yn czyszcz?cy Roborock do odkurzaczy Roborock 1L 4 szt.
NORIMPEX	Zestaw bokserski elektryczny maszyna do boksowania elektryczna
Bagia	WALIZKA DU?A PODR ?NA K ?KA BAGA? MOCNA EXCLUSIVE XXXL 15 KOLOR W
Nokian Tyres	4x opony zimowe 215/55R17 Nokian Snowproof 2
Allpowers	MAGAZYN PR?DU STACJA ?ADOWANIA ENERGII POWERBANK UPS ALLPOWERS R2500 2500W
Red Bull	RED BULL Nap j Energetyczny Energy Drink 24x250ml ZESTAW
Samsung	SMARTFON SAMSUNG GALAXY S23 ULTRA 512 GB - R ?OWY
Nivel System	NIWELATOR LASEROWY CZERWONA WI?ZKA NL320R DIGITAL NIVEL SYSTEM ZESTAW
Motul	OLEJ MOTUL 8100 ECO-NERGY 5W30 5L
Lumiled	Wysokiej Jako?ci Oprawa O?wietleniowa Sufitowa Natynkowa 36 W G13 126cm
Rafi	Rafi Cat sucha karma dla KOTA ?oso? (2x7kg) 14kg
We Care About You	TIMELESS GENTLEMAN M?SKIE PERFUMY ORYGINALNE
Dam	Bransoletka srebrna damska Koniczynka z cyrkoniami Serce Srebro pr by 925
Hill's	"Sucha Karma Hill's PD z/d Mini Food Sensitivities, dla ps w z alergi?, 1 kg"
Hill's	Hill's Z/D Dog Food Sensitivities Mini 1 kg
Gorenje	Lod wka side by side Gorenje NRR9185ESBXL 566l NoFrost DYSTRYBUCJA PL
Bebiko	Bebiko 1 mleko pocz?tkowe dla niemowl?t od urodzenia 2 x 600g
Mebelbos	DU?A KOMODA Mebelbos Evo 183 cm do Salonu Kaszmir 3 szuflady 2 drzwi
Google	TELEWIZOR QLED TCL 75T7B 4K Google TV Game Master 3.0
Heisberg	Materac 160x200 kieszeniowy 7 stref pocket HOUSE MAX kokos - H3/H4 HEISBERG
Calvin Klein	PERFUMY M?SKIE CALVIN KLEIN CK IN2U EDT 150 ML. ORYGINA? - FOLIA
Qbrick system	SKRZYNKA Narz?dziowa Du?y Zestaw TWO 6in1 QBRICK #
Rauch	System kominowy RAUCH 8m komin fi 200+2 wentylacje OCIEPLONY systemowy
Roto	ELEKTRYCZNA SZCZOTKA OBROTOWA BEZPRZEWODOWA MOP DO CZYSZCZENIA MYCIA 9w1
Bridgestone	4x Opony ca?oroczne 205/55R16 91H Turanza All Season 6 BRIDGESTONE 2025
LEGO	LEGO SPEED CHAMPIONS - FAST AND FURIOUS HONDA S2000 NR 77241
Sephora	SEPHORA FAVORITES 2025 Kalendarz Adwentowy 24 Niespodzianki Prezent
Maltec	PIECYK NA GAZ PROMIENNIK GRZEJNIK GAZOWY UCHWYT NA BUTLE S?ONECZKO 4500W
Apple	IPHONE AIR 256GB Z?OTY NOWY ZAPLOMBOWANY SKLEP WARSZAWA + Szybka ?adowarka
Wiejska Zagroda	Wiejska Zagroda Karma sucha dla psa INDYK G?? WARZYWA ?rednie rasy M 9kg
51 Feed	KARMA DLA PTAK W 20kg PTASI PRZYSMAK DROBNE ZIARNO ZE S?ONECZNIKIEM PLAKAT
Kraft&Dele	Kompresor olejowy Kraft&Dele KD400 24 l 8 bar
Ruhhy	Mata- koc elektryczny 180x130cm Ruhhy 26202
reMarkable	reMarkable Paper Pro + Type Folio Etui z klawiatur? + Marker Plus (z gumk?)
IMOUM	"MINI PI?A ?A?CUCHOWA AKUMULATOROWA PILARKA 8"" DWA AKUMULATORY ZESTAW IMOUM"
JBL	JBL Flip 6 Kolor: czarny
Portal Games	Kamienie Magnetyczne Szachy Strategiczna Magnetyczna Gra Planszowa 20 Sztuk
Portal Games	KAMIENIE MAGNETYCZNE DO GRY GRA SZACHY 20 KULEK MAGNETYCZNYCH MAGNETIC
Portal Games	GRA MAGNETYCZNE KAMIENIE MAGNETYCZNA PLANSZOWA STRATEGICZNA
Tokachi	SZLIFIERKA ?YRAFA DO GIPSU G?ADZI TYNKU ?CIAN TYNK W 220cm LED + PAPIER x35
De'Longhi	Ekspres ci?nieniowy DeLonghi Dinamica Plus [ECAM380.85.SB](http://ECAM380.85.SB)
Kleber	2 x Kleber Krisalp HP3 205/55R16 91 H 3PMSF opona zimowa
Apple	"iPhone 14 Pro 512 GB z?oty - Odnowiony,"
Olight	Mikroskop Delta Optical Biolight 100 Bia?y
Psomar	CHOINKA SZTUCZNA PREMIUM PE+PVC ?WIERK JAK ?YWA 3D 270 cm !
Ceramizator	CERAMIZATOR DIESEL - DO SILNIK W DIESLA
Nowoczesne Materace	Materac 140x200 piankowy masuj?cy 20 cm ?redniotwardy ECO COMPLEX
Asus	ASUS TUF Gaming F16 FX607V Core 5-210H 16''144Hz 16GB 512GB W11 RTX4050
K nner & S hnen	"Agregat pr?dotw rczy benzynowo-gazowy ""K nner & S hnen"" KS 9000E G 6500 W"
DeWalt	DCF900P1 DEWALT 18V XR KLUCZ UDAROWY 1/2 1355Nm 1X5Ah Tstak
Olimar	Czerwone worki na ?mieci 120l na odpady medyczne
Cobi	MI? COBI? PACJENT
Task	P?YN DO SPRYSKIWACZY ZIMOWY -20 C 4x5L ZAPACHOWY POPIS 20L
Podkowa	"2x Podkowa Kolagen NatiCol + Kwas Hialuronowy, Chondroityna + Wit C 100 tab"
4FIZJO	Mata piankowa 4FIZJO 180cm x 120cm czarna MATA PUZZLE 6SZT OCHRONNA POD?OGA
Maltec	NAGRZEWNICA GAZOWA NA BUTL? DMUCHAWA W?? REDUKTOR DU?A MOC 25kW
Trex Sport	Rowerek treningowy magnetyczny sk?adany rower do ?wicze? 120kg Trex Sport
Riwall	Traktorek Ogrodowy Kosiarka Spalinowa Do Koszenia Trawy Kosz do Trawy
Xiaomi	Smartfon Xiaomi 15T Pro 12 GB / 1 TB 5G szary
LG	Soundbar LG S90TY 5.1.3 570 W czarny
Kormoran	1x KORMORAN 225/55R17 101V Snow XL FR zimowe 2025 r
Lenovo	Lenovo Legion Pro 5 Gen 10 Ultra 9 275HX 165Hz 32GB 1000SSD RTX5070 DLSS 4
NAC	KOMPAKTOWA SK?ADANA Bie?nia Domyos MOCNA do 16 km/h REGULOWANE NACHYLENIE
Philips	Automatyczny ekspres ci?nieniowy Philips EP1200/00 1500 W czarny
Ceat	1x Opona Zimowa 195/65R15 Ceat WINTER DRIVE 91H Nowa 2025
Ceramikker	Interior Cleaner Spray do Czyszczenia Plastik w Preparat P?yn Regeneracja
Levoit	Oczyszczacz powietrza Levoit Core 300S HEPA CADR 240 m3/h cichy smart
Overlord	Overlord R?kawice Bokserskie Legend Z?ote 10 oz
Medivon	Mata Masuj?ca SHIATSU Masa? Masa?er Plecy Powietrzny MEDIVON AIR PRO
AZS-ENGINEERING	Sauna ogrodowa QUADRO 340 ?m 3QL zestaw do samodzielnego monta?u
K rcher	Odkurzacz WD 3 Karcher V-17/4/20 przemys?owy 1000W + worki (4 szt.)
Sony	Konsola Sony PlayStation 5 Digital
Zarys	EasyCare Nitrile r?kawice nitrylowe nieja?owe bezpudrowe rozmiar S 100 szt
K-SPORT	Stojaki pod sztang? treningowe regulowane asekuracja stojak do ?wicze? 2szt
Bagia	WALIZKA PODR ?NA DU?A ?REDNIA MA?A KUFEREK K ?KA BAGA? TORBA PREMIUM
Util-Pasz	Karma dla kur Nioska z pokrzyw? i mi?t? 25 kg Util-Pasz
Materazzi	"Materac spr??ynowy kieszeniowy Materazzi 160 x 200 x 24cm H2, H3"
Bella Baby Happy	PIELUSZKI DLA DZIECI BELLA HAPPY 4 MAXI 8-14KG 62 SZT.
HauMiau	29x0.9KG Karma dla psa baton Royal Food Hau Miau Mix Smak w 95% mi?sa
Gorenje	"LOD WKA DO ZABUDOWY GORENJE NRKI418EP1 NoFrost 177,2cm DYSTRYBUCJA PL"
FIT-NET	BIE?NIA ELEKTRYCZNA G-RUNNER 400 MASA?ER DOMOWA WZNIOS AUX SK?ADANA
Yato	SZAFKA WARSZTATOWA W ZEK NARZ?DZIOWY 177 NARZ?DZI
ANCEL	GENERATOR DYMU TESTER SZCZELNO?CI ZADYMIARKA + pompka + zatyczki + MANOMETR
Liqui Moly	LIQUI MOLY DIESEL SPULUNG ?RODEK DO CZYSZCZENIA WTRYSKIWACZY 500ml 2666
Liqui Moly	LIQUI MOLY 2666 DIESEL SPULUNG CZY?CI WTRYSKI 0.5L
Liqui Moly	?rodek do czyszczenia wtryskiwaczy Oryginalny Liqui Moly Diesel Spulung 500
LG	Poch?aniacz wilgoci do auta Ceramikker osuszacz powietrza ANTYPARA
Ikonka	DREWNIANY DOMEK DLA LALEK DZIECI DU?Y LED MEBELKI MEBLE AKCESORIA R ?OWY
Tefal	Zestaw Patelni TEFAL Intuition 20/26/28 indukcja gaz stal TYTANOWA 3el.
Thunder	Atlas wielofunkcyjny domowy do ?wicze? prasa do n g wyci?g modlitewnik stos
Doktor O'grodnik	OBORNIK GRANULOWANY BYDL?CY 40L 25KG NAW Z NATURALNY EKOLOGICZNY
TCL	Pralka TCL FF0610WB0PL 6 kg Inwerter Para Dok?adanie prania
Matador	4x Matador MP93 Nordicca 205/55R16 91T
VitaFarm	S l gorzka Epsom 5 kg rzymska siarczan magnezu do k?pieli relaks detoks
Pampers	2X PIELUCHOMAJTKI DLA DZIECI ELASTYCZNE Pampers Pants Rozmiar 8 32 szt.
Materazzi	Materac 140x200 MASUJ?CY kieszeniowy KOKOS H3 24cm MAX 7 stref BLACK
Dolina Noteci	RAFI PREMIUM Mix smak w 30x800g
Elf	OLEJ SILNIKOWY ELF EVOLUTION 900 SXR 5W30 5L
Robusto	Podno?nik dwukolumnowy 230V Automatyczny 4T ROBUSTO SP4.0T
SFD	SFD DZIKIE BIA?KO 3000g NATURALNY PROTEIN WPC MI??NIE MASA REGENERACJA SI?A
Global Food	M?KA MIGDA?OWA 1kg (1000g) Migda?y mielone BEZ SK RKI
Total	OLEJ 0W-30 TOTAL QUARTZ INEO FIRST 4L
Sony	KONSOLA SONY PS5 PlayStation 5 SLIM 30th Anniversary LE
Roto	Hoker Tapicerowany Obrotowy Welurowy Krzes?o Barowe Obrotowe Loft Czarne
Yoer	Odkurzacz bezprzewodowy pionowy myj?cy 6w1 Yoer 400m2 +HEPA12 +60 min pracy
Apple	iPhone 15 256GB Niebieski
Apple	Apple iPhone 15 256GB niebieski
Samsung	Telewizor Neo QLED Samsung QE75QN92FATXXH 75 cali 4K UHD
Pasieka Sienkiewicz	MI D LIPOWY Z WARMII 700G ?WIE?Y I AROMATYCZNY
Tokachi	LASER POZIOMICA LASEROWA KRZY?OWA TOKACHI PRO 4D 360 ZESTAW 16 LINII 2xAKU
bez marki	R?cznik Papierowy ZZ BIA?Y Gruby do podajnika Sk?adane CELULOZA 2w A20 M
Paysafecard	PAYSAFECARD 30 z?
Nokian Tyres	2x Nokian Seasonproof 2 215/55R17 98W XL
Google	"Telewizor TCL 55P79K 55"" QLED 4K Google TV Dolby Atmos Dolby Vision"
Zipro	BIE?NIA Treningowa Amortyzacja Nachylenie Pasa iConsole Kinomap BT - ZIPRO
Nikon	Nikon Coolpix P1100 - w magazynie
Allpowers	ALLPOWERS R1500 Lite Magazyn Energii Pr?d Powerbank UPS 1600W 1056Wh
Goodride	1x 185/65R15 SW608 Goodride 88H zimowe nowe ROK 2025
Kidde	CERTYFIKOWANY Dualny czujnik dymu i tlenku w?gla K10SCO - 10LAT
Dolina Noteci	Dolina Noteci Premium JUNIOR Mix Smak w 12x400g
Love Iris	Bielizna Erotyczna Bodystocking Sex Rajstopy Kombinezon Seksowny Str j
Long4Lashes	LONG4LASHES SERUM PRZYSPIESZAJ?CE WZROST RZ?S 3 ML
Flipper Zero	FLIPPER ZERO multitool radiohacking RF RFID IR BT
Polskie Rafinerie	OLEJ HYDRAULICZNY HL 46 200L 20L x 10szt LHL46 L-HL46 VG46 HL46
Springos	CHOINKA SZTUCZNA JOD?A ZIELONA G?STA 150cm STOJAK ?WIERK SOSNA ?YWA GRATIS
Olini	2x Olej Omega-3 dla dzieci Jagodowo-malinowy z witaminami 100 ml DHA i EPA
Brita	BRITA Glass szklany dzbanek szary z filtrem MAXTRA PRO Pure Performance
Toolme	INWERTOROWY AGREGAT PR?DOTW RCZY GENERATOR Miedziany AVR inverter 4200W
bez marki	TOALETKA DLA DZIEWCZYNKI DREWNIANA Z O?WIETLENIEM LED TABORETEM AKCESORIAMI
Bambo Nature	Bambo Nature Pieluchy 5 Junior 12-18kg 44szt Oddychaj?ce Pieluszki Premium
We Care About You	Thermo Burn Rider X SPALACZ T?USZCZU
DJI	Dron DJI Avata 2 Fly More Combo z 3 bateriami (CP.FP.00000151.05)
Urbogym	BIE?NIA ELEKTRYCZNA V850S 20km/h LCD DU?Y PAS 58
Nokian Tyres	1x OPONA ZIMOWA 205/55R16 Nokian Tyres Snowproof 1
Dam	Sztyblety damskie 042 br?z r.36
Eliton	Bie?nia elektryczna VIGO 20 km/h 150 kg masa?er
Tw j Cel To	"BIOTYNA 4x 2,5mg NA W?OSY SK R? PAZNOKCIE WITAMINY Tw j cel to 400 TAB"
Anker	Przeno?na stacja zasilania Anker Solix C1000X 1056Wh 1800W UPS
Philips	Depilator Philips BRI953/02 4000mA SenseIQ SkinAI
Samsung	Smartfon Samsung Galaxy S25 FE 8 GB / 128 GB 5G niebieski
Cuba	CUBA GOLD FOR MEN 100ml + 100ml + 35ml + 200ml
Shell	SHELL HELIX HX8 ECT 5W30 SN VW 504.00 / 507.00 C3 5L
AutoXscan	TESTER DIAGNOSTYCZNY + PROGRAMATOR TPMS AUTOXSCAN RS950 PRO TS POLSKI
Oral-B	2X SZCZOTECZKA ELEKTRYCZNA ORAL-B VITALITY PRO D103 DUO + DODATKI
Moomin Baby	MOOMIN BABY pieluszki ekologiczne dla dzieci 6 junior 12-24 kg 51 pieluszek
Viessmann	Stacja Uzdatniania Wody Zmi?kczacz Uzdatniacz VIESSMANN AQUASTILLA 25
Durex	Prezerwatywy klasyczne DUREX CLASSIC nawil?ane dopasowane 2x 24 szt.
Hisense	Pompa Ciep?a Monoblok 8kW A+++ sterowanie aplikacj? Hisense CWU CO GRZANIE
Hipp	Mleko HiPP 1 BIO COMBIOTIK mleko POCZ?TKOWE dla niemowl?t od urodzenia 550g
Oleo-Mac	OLEO MAC OM-LINE RDR60 ROZDRABNIACZ SPALINOWY ROZDRABNIARKA REBAK DO GA??ZI
Klasek	WYRZUTNIA FAJERWERK W 200 STRZA? W NAJLEPSZA NA WESELE ?LUB SYLWESTRA 20mm
La Brasiliana	Kawa ziarnista La Brasiliana Marfisa 2x1kg
Innotec	Suchy wosk do podwozia 2szt
Junkers	JUNKERS BOSCH CERAPUR GC2200W 25C KOCIO? GAZOWY KONDENSACYJNY DWUFUNKCYJNY
Aromase	PEELING DO SK RY G?OWY AROMASE JUNIPER TRYCHOLOGICZNY OCZYSZCZAJ?CY 260 ml
Genius	Zestaw nap?d GENIUS G-Bat 400 4xPilot Lampa Led
Liqui Moly	LIQUI MOLY PRO-LINE REGENERATOR WTRYSK W DIESEL
Rode	CERAMIZATOR CS-B ?rodek piel?gnacyjny do silnik w benzynowych 10 ml
Dolina Noteci	Dolina Noteci Premium Mix 10x800g
Urbogym	BIE?NIA ELEKTRYCZNA V680MS MASA?ER AUTO K?T 15 SK?ADANA MOCNA DO 120KG
NAC	W?DZARNIA DREWNIANA NAJWI?KSZA PIEC 4XL OGRODOWA NAJNOWSZA IMPREGNACJA x2
Castrol	Castrol GTX 5W30 RN17 5L
Motul	OLEJ SILNIKOWY MOTUL X-CLEAN EFE 5W30 4L + ZAWIESZKA SERWISOWA GRATIS
Bros	MICROBEC ULTRA BAKTERIE DO SZAMBA CYTRYNOWY 1kg
Mazda OE	ORYGINALNY OLEJ MAZDA 0W20 SUPRA-X 5L
Fanola	Fanola Szampon do W?os w Suchych z Keratyn? Keraterm Przeciw Puszeniu 1L
No brand on Allegro	METAL GUARD ENGINE 1L Ci?gnik kombajn diesel dodatek do silnika oleju
Ozonmed	Profesjonalny Generator Ozonu Ozonator Powietrza Domowy Samochodowy PRO-10M
Floxer	Biopaliwo 20L FLOXER Bioetanol Bezwonny bio etanol 99.9% do komink w ATEST
ALPHA	Pistolet do Masa?u Alpha Massage Gun Ultra - Masa?er do Plec w i Cia?a 8w1
Coconaut	Coconaut Woda kokosowa z m?odego kokosa ZESTAW 24 x 320ml
Eura-Tech	Czujnik czadu i gazu ziemnego 2w1Eura CGD-50A2
Redats	Klucz pneumatyczny udarowy 1/2 1900Nm Redats P-180 Twin Hammer MOCNY
Bebilon	BEBILON 4 Advance Pronutra 1000g // Data przydatno?ci 02.05.2027
bez marki	Karma Mokra dla Kota 20 szt. 400g puszka pakiet ekonomiczny mix smak w 8kg
Rutus	Rutus Versa cewka elipsa 24DD cz?stotliwo?? multi wodoszczelny detektor
Rutus	"Detektor Rutus Versa 28,5DD 11""DD 4-40kHz elipsa wodoszczelny bez s?uchawek"
Berlinger	Tarka do ziemniak w 4w1
Berlinger	Tarka do ziemniak w 4w1
ADBL	ADBL PROFESJONALNY ZESTAW KOSMETYK W XXL DO SAMOCHODU AUTA PREZENT TORBA
Apple	SMARTFON APPLE IPHONE 15 PRO MAX 256GB
Equazen	Equazen EYE Q 400 kapsu?ek
Autel	AUTEL DS808BT 2-LATA AKTUALIZACJI + ADAPTERY OFICJALNA DYSTR. AUTEL POLSKA
NARWAL	Robot sprz?taj?cy NARWAL Flow
Cormak	SOLIDNA ?UPARKA DO DREWNA 8T 230V + KLIN max 52cm 8 TON CORMAK POLSKA
Eveline Cosmetics	ZESTAW PREZENTOWY KOSMETYKI DLA KOBIET PREZENT + GRATIS TORBA WOREK
Blue Orca Coffee	"Kawa ziarnista 1kg x2, Tayrona+32 R.Label 100% Arabica ?wie?o Palona+GRATIS"
Sicao	"NAJLEPSZA Czekolada MLECZNA 1 KG do fontann fondue Sicao 32,1% kakao"
Airrex	NAGRZEWNICA OLEJOWA NA PODCZERWIE? AIRREX AH-800i KOMPLET 22kW PILOT Wi-fi
Rafi	Aparat Cyfrowy Dla Dzieci Natychmiastowy Fotograficzny Z Drukark? + WK?ADY
Tommy Cafe	Kawa ziarnista 1kg x2 BRAZYLIA Santos 100% Arabica ?wie?o palona Tommy Cafe
Rafi	Wk?ady do Zniczy Parafinowe Znicze Ligero 4 Dni Uniwersalny Rozmiar 20szt
eurovac	EuroVac folia do zgrzewarki pr ?niowej 7 rolek
MIGOgroup	?LIWKI SUSZONE 1KG BEZ PESTEK ?LIWKA - MIGOgroup
Cece of Sweden	Ce-Ce LAKIER KERATIN COMLEX EXTRA STRONG CeCe 750ml
Ferroli	PIEC NA PELLET Ferroli BRETA PELLET PRO 8 kW
Cafe Sati	Kawa mielona Cafe Sati waniliowa 250 g
PRIMABIOTIC	Kwas Hialuronowy PRIMABIOTIC HYALURON Koenzym Q10 250 mg 30szt 30ml
Blue Orca Coffee	Kawa ziarnista 1kg x2 ?wie?o Palona Arabica 100% Blue Orca + GRATIS
Acne-Derm	"Acne-Derm, krem przeciwtr?dzikowy i wybielaj?cy, 20 g"
Makita	Frezarka MAKITA PJ7000J lamelownica Makita 701W Sieciowa W WALIZCE MAKPAC
Rafi	TABLET GRAFICZNY C&M - DESKA KRE?LARSKA A4 LED - PREZENT NA ?WI?TA
IKEA	Serwis obiadowy Ikea 48 szt talerze talerzyki miski miseczki komplet
LEGO	LEGO Classic 11038 Kreatywne pude?ko z kolorowymi klockami
Tagred	Agregat pr?dotw rczy TAGRED TA2800GH 2800W AVR LCD + olej gratis
Blue Orca Coffee	Kawa ziarnista 1kg Lumiba Limited Edition 100% Arabica Blue Orca Coffee
DeWalt	Wkr?tarka akumulatorowa DeWalt - zasilanie akumulatorowe 18 V DCD85MP2T-QW
Nutrition Health Institute	TENfertil ON 120 kaps P?ODNO?? U M??CZYZN
Otostick	Otostick korektory estetyczne uszu odstaj?ce uszy + GRATIS
Triangle	Triangle WinterX TW401 205/55R16 94 V 3PMSF opona zimowa
Total	TOTAL QUARTZ INEO RCP 5W30 - 5L
Bebilon	Bebilon 5 Pronutra Advance Junior Mleko 1000 g
PTF	SZKLARNIA OGRODOWA z POLIW?GLANU 2x4 TUNEL PL
Neno	Niania elektroniczna NENO Vera
Kontrast	KRZES?O SK?ADANE OGRODOWE DOMOWE TABORET METALOWE LEON SZARE
Metz	"Telewizor LED Metz 60MUF7000Z 60"" 4K UHD czarny"
Nintendo	Nintendo NS2 Joy-Con 2 Pair jasnoniebieski/jasnoczerwony (N2P101)
Herz Medical Instruments	"PISTOLET DO MASA?U Massage GUN Herz Medical Masa?er do Plec w, St p i Cia?a"
Bridgestone	4 x Bridgestone Blizzak 6 235/50R19 103 V XL ENLITEN 3PMSF opona zimowa
Dolina Noteci	Dolina Noteci Premium KOT MIX 20x400g
DeWalt	DEWALT NARZ?DZIE WIELOFUNKCYJNE OSCYLACYJNE MULTI-TOOL 18V TSTAK DCS356NT
Maltec	ODKURZACZ BEZPRZEWODOWY 350W 30KPA 45MIN ELEKTROSZCZOTKA LED 3W1 600ML
Tuluszka	Hu?tawka kube?kowa WYGODNA DLA DZIECI 31 x 140 x 33 cm SIEDZISKO WISZ?CE
Marinex	BIOMARINE 1140 Tran OLEJ Z W?TROBY REKINA OMEGA-3
No brand on Allegro	Obornik Granulowany Bydl?cy 40L 25kg EKO
No brand on Allegro	OBORNIK GRANULOWANY WIOSENNY 40L NAW Z NATURALNY ORGANICZNY U?Y?NIAJ?CY
ZOONEST	?WIREK DREWNIANY PELLET DLA KOTA KR LIKA ?WINKI ZOONEST 15KG JASNY
KrafTWele	"AGREGAT GENERATOR PR?DOTW RCZY 9,8 KW 3F WYCISZONY"
3M	"Telewizor QLED CHiQ U43M10V 43"" 4K UHD czarny"
Tytan	"TYTAN WINS FOLIA P?YNNA ZEWN?TRZNA SZCZELNY MONTA? OKNA BIA?A 2,4L"
John Cotton	Ko?dra 160x200 cm   400gsm - CA?OROCZNA - ANTYALERGICZNA POLSKA pranie 60 C
Sonel	SONEL MPI-535 Wielofunkcyjny miernik parametr w instalacji elektrycznych
No brand on Allegro	Kalendarz informator Polski Traker 2026
Ei system	Drukarka 3D 210x210x210mm Wy?wietlacz Podgrzewany St ? Prezent Edukacyjny
Drukant	16x Etykiety nalepki na BIMBER w dk? Duch Puszczy
Climative	Osuszacz powietrza Climative DH-20S UV Silent WiFi
Pampers	"Ninjamas Statki kosmiczne pieluchomajtki, 60 szt, 4-7 lat, 17-30 kg Pampers"
Paclan	Worki na ?mieci 35l 150 szt PACLAN EXPERT Zawi?zywane Mocne Nie P?kaj?ce
Asaka	"PODNO?NIK PNEUMATYCZNY BA?WANEK PODUSZKA 3,5T LEWAREK samochodowy ?aba Gum?"
Liqui Moly	LIQUI MOLY STOP WYCIEKOM OLEJU SILNIKOWEGO LM2671
Solidarno??	Cukierki ?liwka na??czowska 1kg Solidarno?? 1000 g
Goliat	Girlanda CHOINKOWA ?WI?TECZNA G?STA JAK ?YWA DEKORACJA ?A?CUCH choinkowy
Gorenje	Suszarka Gorenje DHNA82/PL/DHLE80D Bia?a 15 Program w
E-Sezon	SANKI DZIECI?CE Z OPARCIEM I MATERACYKIEM+PODN ?KI GRANATOWY ?NIEG ZIMA
Woseba	Kawa ziarnista Woseba Cafe Brasil 1kg
Realme	"Telefon Realme GT 8 Pro 5G 16/512 GB, dwie karty SIM, kolor niebieski"
TENA	Majtki ch?onne TENA Pants Normal L pieluchomajtki pieluchy dla doros?ych
Mazda OE	MAZDA Original Oil Ultra 5W30 5L - oryginalny olej silnikowy OEM
RoofLite+	Drewniane 3 szybowe okno dachowe RoofLITE+ TRIO PINE 78x118 + ko?nierz
iiyama	"Monitor 34"" iiyama G-Master GCB3486WQSCP-B1 UWQHD VA LED 240Hz 0.4ms HDR"
Daewoo	Agregat pr?dotw rczy gaz/benzyna Generator DAEWOO GDA3500DFE 3.2kW 230V AVR
Pharmaceris	Pharmaceris H Sensitonin szampon koj?cy 250ml szampon nawil?aj?cy
Valvoline	VALVOLINE SYNPOWER 5W30 XTREME C3 XL-III 4L
Kumho	1x OPONA ZIMOWA 215/55R17 Kumho Wintercraft WP52
Asus	"ASUS TUF Gaming A16 FA607 R5 7535HS 16""144Hz 16GB 512SSD RTX4050 W11P"
LG	Osuszacz powietrza poch?aniacz wilgoci FERSK TORR 20 Wh 20 l 40m  HEPA WiFi
LG	Osuszacz powietrza poch?aniacz wilgoci FERSK TORR 20 Wh 20 l 40m  HEPA WiFi
Sena	Szafa na bro? ARSENA? 1253 elektroniczny Sejf S1 na 10 szt. broni + GRATISY
Valeant	4FLEX Kolagen nowej generacji 30 sasz. na stawy
Sublix	PODUSZKA ?WI?TECZNA PREZENT MIKO?AJKI ?WI?TA BO?E NARODZENIE 002
ForMeds	ForMeds BICAPS WITAMINA B COMPLEX 120 kapsu?ek metylokobalamina KOMPLEKS
WEBTEX-1	Materac OPK5 180x200 MASUJ?CY pocket 7 stref KOKOS pianka HR profil 26 cm
Astra	Kawa Astra ?agodna Crema ziarnista 1kg
Walther	4 x Gaz pieprzowy policyjny obronny Walther POLIZEI 40ml Cone
Qbrick system	Zestaw skrzynek narz?dziowych QBRICK System Two Promo 7in1
Calvin Klein	Perfumy CALVIN KLEIN Obsession Night EDT 125ml * woda toaletowa m?ska
HP	"Laptop HP Pavilion 16-ag0054nw 16 "" AMD Ryzen 5 16 GB / 512 GB srebrny"
Apple	"Smartfony Apple iPhone 16 Pro Max 6,9&quot; 512"
Urbogym	BIE?NIA ELEKTRYCZNA DOMOWA V660S AUTO K?T 15 POZIOM W AMORTYZACJA SOLIDNA
Playstation	KARTA PODARUNKOWA PLAYSTATION 50 z?
TM Toys	"GRA PLANSZOWA MILIONERZY nowa wersja, nowe pytania, gra dla ca?ej rodziny"
Apple	Apple iPad Air 13 M3 128GB Wi-Fi Space Gray
Borniak	W?dzarnia domowa elektryczna stalowa Borniak Timer UWDT-150 v1.4
JBL	ORYGINALNE S?UCHAWKI BEZPRZEWODOWE JBL WAVE 300TWS
JBL	S?UCHAWKI BEZPRZEWODOWE DOUSZNE JBL by HARMAN WAVE300 TWS BT5.2 IPX2 BLACK
Somat	Kapsu?ki do zmywarki SOMAT Excellence 4w1 - 75 szt
To-ma	"To-ma - Wanienka Sk?adana Blue - Niebieski + Stojak, Termometr."
Nokian Tyres	1x OPONA 225/60R17 Nokian Tyres Seasonproof 2
Laktowit	4 x Mleko Laktowit 3 LAKTOFERYNA + MFGM powy?ej 1. roku 400 g
Dreame	Robot sprz?taj?cy Dreame Aqua10 Ultra Track Complete Bia?y 25000Pa Mopuj?cy
German	TOALETKA kosmetyczna BIA?A z lustrem LED 12 wiza?
German	TOALETKA kosmetyczna BIA?A z lustrem 12 LED wiza? BETI7
Rafi	"Grafitowy Sejf na bro? Arsena? 1253-K. Klasa S1, Skrytka, 3 p ?ki. Kluczowy"
Forte	"UNS INOZYTOL FORTE Myo & D-chiro 90 vege kaps. PCOS, NA STRES, TARCZYCA"
Lenovo	"Laptop 15,6"" Lenovo ThinkBook 16 Ultra 7255H/32GB/1TB/Win11P"
Pedigree	Karma sucha szczeni?t PEDIGREE Junior ?rednie i Du?e Rasy Dr b 12kg
Sony	KONSOLA PLAYSTATION 4 PS4 SLIM 1TB 1000GB NOWY MODEL + 2x PAD
Kraft&Dele	W zek Szafka Warsztatowa Narz?dziowa 501 Element w Z Wyposa?eniem KD1062
Synology	Serwer plik w Synology DS225+ 2x HDD DDR4 10GB RAM
PPG Sigma Coatings	Farba do BETONU ?ywica epoksydowa posadzki gara? Sigmafast 205 RAL 7001 20L
Kodak	Kodak Fun Saver Aparat Jednorazowy ISO 800 39x 39 Zdj?? + LAMPA FLASH
Browin	W?DZARNIA ELEKTRYCZNA DRAGON E101 Z GENERATOREM DYMU 70l BROWIN 330345
Archoil	ARCHOIL AR6900-D MAX 1L 1000ml DODATEK DO DIESLA
Purina	Purina Dog Chow Adult Lamb Karma Dla Psa 16.5kg
Samsung	"Telewizor TV LED Samsung 50"" 4K UHD czarny 3.840 x 2.160 px"
Climative	Panel grzewczy na podczerwie? promiennik elektryczny WarmUp 770W WiFi LED
ManLife	TESTOSTERON tabletki
Kormoran	1x OPONA ZIMOWA 235/55R18 Kormoran SUV Snow 104H
Nutridrink	"Protifar, produkt wysokobia?kowy, proszek o smaku neutralnym, 225 g"
Tivo	SPECJA? KR LIKA 1000g TIVO Tegoroczny zbi r
Ariel	Proszek do Prania Ariel Professional - Profesjonalna Formu?a 10 kg - kolor
Swiffer	Swiffer Wet mokre chusteczki wk?ady do mopa 2x40szt.
Gisam	"1800NM bezszczotkowy klucz udarowy 1/2"" klucz wiertarka 2 x akumulator"
Opharm	CHUSTECZKI NAWIL?ANE WOD? 98% Z KLIPSEM 10 x 80SZT FIFI WIPES
Green Touch	ZESTAW PREZENTOWY HERBATA MI D KONFITURA MALINOWA CZEKOLADA BATON MIODOWY
Pampers	Pieluszki Pampers Active Baby Rozmiar 5 111 szt. miesi?czny zapas
BSG	"Komputer Gamingowy Ryzen 5 4,1GHz"
ForMeds	Witamina B Complex Energia Uk?ad Nerwowy BICAPS ForMeds 120 kaps
Fluorecare	"TEST COMBO 4w1 COVID-19, Grypa AB, RSV FLUORECARE wa?no?? - 2028 rok - 1szt"
Zamel	Czujnik czadu tlenku w?gla i gazu 2w1 230V 90dB detektor CO LPG Zamel
Electo	LAMPKI SOPLE 300 LED ZEWN?TRZNE BIA?E ZIMNE 15m GIRLANDA IP44 EFEKT FLASH
Oppo	Smartfon Oppo Find X9 Pro 16 GB / 512 GB 5G bia?y
Bia?y Jele?	Bia?y Jele? Hipoalergiczny ?el do prania Kolor 5l
Keto Centrum	Kolagen wo?owy Keto Centrum
Bebilon	"Bebilon 2 Advance Pronutra, mleko nast?pne po 6. miesi?cu, p?yn, 200 ml"
Polynor	POLYNOR PRO izolacje piana natryskowa pianka pur OCIEPLENIE GARA?U + GRATIS
Polynor	POLYNOR izolacje piana natryskowa pur pianka pur OCIEPLENIE PODDASZA GARAZU
Intel	Laptop gamingowy Victus HP 15 Intel i5 32GB SSD 1TB RTX 3050 FHD 144Hz W11
Airrex	NAGRZEWNICA OLEJOWA NA PODCZERWIE? AIRREX AH-200i KOMPLET 13kW PILOT Wi-fi
NAC	"Pi?a ?a?cuchowa spalinowa NAC CST61-50AC 3,8KM 50"
Dolina Noteci	Dolina Noteci Premium saszetka MIX SMAK W 30x150g
Forte	MA?LAN SODU -FORTE- 1000 mg kapsu?ki WOLNO UWALNIANE MIKROPELETKI - 2 opak.
Bazzara	Kawa ziarnista Bazzara Dodicigrancru 1kg + 250g
Austone	4x 215/50R17 Austone All Season Fixclime SP-401
Venom	MOCNA KOSIARKA SPALINOWA VENOM 41CM NAP?D STALOWA OBUDOWA LEKKA SUPER
AB	MAGNETYCZNA GRA 40 KULEK KAMIENIE MAGNETYCZNE STRATEGICZNA PLANSZOWA SZACHY
Ezviz	"WIDEODOMOFON DOMFON WIFI EZVIZ HP5 ekran 7"" 2-?Y?OWY 2 x karta zbli?eniowa"
bez marki	SANKI BASIC z OPARCIEM +GRUBY MATERAC z PASAMI +PODN ?KI
Levoit	Odkurzacz bezprzewodowy pionowy Levoit LVAC-300 Plus elektroszczotka LED
Sony	Kontroler Sony DualSense bezprzewodowy bia?o-z?oty Ghost of Yotei Gold
7mai	70mai Kamera samochodowa A810S 4k HDR + tylna RC24 + modu? kit OBD
Brit	BRIT Sensitive LAMB & RICE 8kg Jagni?cina z Ry?em
Jacobs	Jacobs Kronung Cafe Crema kawa ziarnista 1 kg
Moza	STOJAK POD CHOINK? CHOINKOWY SAMOZACISKOWY DU?Y DO ?YWEJ CHOINKI DO 2 M
Volkswagen OE	Oryginalny Olej VW Longlife 0W30 504.00/507.00 VW OE
Nintendo	POKEMON LEGENDS Z-A + FIGURKA / GRA NINTENDO SWITCH NA KARTRID?U
Esperanza	NIANIA ELEKTRONICZNA WIDEO KAMERA MONITOR LCD OBRAZ NA ?YWO TRYB NOCNY
Berhard	DMUCHAWA SPALINOWA ODKURZACZ DO LI?CI BERHARD
Dolina Noteci	Mokra Karma Dla Psa DOLINA NOTECI Premium MIX SMAK W 10x400g BEZZBO?OWA
Kraft&Dele	SZAFA SZAFKA WARSZTATOWA W ZEK NARZ?DZIOWY JUMBO 12 SZUFLAD 479EL KRAFTDELE
Mlekovita	MLEKOVITA SBA In
BetterMe	"Kolagen Rybi Collagen - do picia w proszku na stawy, w?osy sk ra- hialuron"
Bosch	BOSCH WAN2425FPL Pralka 8kg 1200 obr/min EcoSilence SpeedPerfect
Germann	"AGREGAT PR?DOTW RCZY A8 5,2kW MIED? pr?du AVR + ELEKTRYCZNY ROZRUCH GERMAN"
Oppo	Smartfon Oppo Reno13 Pro 5G 12 GB / 512 GB Szary Graphite Grey
Woodcarver	SOLIDNE SANKI DREWNIANE DLA DZIECI Z OPARCIEM I SZNURKIEM TRADYCYJNE
Kormoran	1 opona zimowa 225/65R17 102H KORMORAN Snow
INTERBEDS	? ?ko 160x200 Tapicerowane Hilton Materac Amber stela? metalowy podnoszony
Festool	Uko?nica przesuwna Festool KAPEX KS 120 REB 575302
Dahua	Zestaw Monitoringu IPC-HDW1639T-A-IL-0280B BLACK 6Mpx Dual Light Zewn?trzny
Klasek	MEGA D?UGA Bateria 100 strz. w 20 mm Atrakcyjne Fajerwerki na Imprez? Pokaz
No brand on Allegro	P?yn Do Spryskiwaczy Zimowy -20 C 20L Na Zim? Na Mr z Gotowy 4x5L
Tajfun	?RODEK DO CZYSZCZENIA KOMINA PIECA PROSZEK DO USUWANIA SADZY SMO?Y TAJFUN
Tajfun	?RODEK DO CZYSZCZENIA KOMINA PIECA USUWANIA SADZY SMO?Y TAJFUN 2 KG
TCL	"Telewizor TCL 85Q6C 85"" 4K UHD"
Motul	Olej silnikowy MOTUL 8100 X-CLEAN EFE 5W30 4L
Apple	IPHONE 17 PRO MAX 1TB A3526 SILVER ?ADOWARKA 20W!
bez marki	TOALETKA KOSMETYCZNA Z LUSTREM I O?WIETLENIEM 12X LED + TABORET
Liqui Moly	Liqui Moly Regenerator Wtrysk w Benzyna Benzin System Reiniger 500ml 20453
NAC	"GENACTIV Colostrum kapsu?ki 200mg, 120 kaps. - bioaktywny liofilizat 2h"
LG	Telewizor 43 cale LED LG 43UR781C Smart TV 4K UHD czarny
Arion	ARION Friends Bravo Croc 24/10 20kg
Izoxis	Projektor Gwiazd Planerarium Rzutnik Nieba Lampka Nocna do Pokoju LED
Aliness	Aliness Magnez Chelatowany 560mg + WIT B6 100 caps
Cedrus	"ODKURZACZ SPALINOWY DO LI?CI OGRODOWY CEDRUS LV58S LONCIN 159CM3 5,5KM 150L"
Gerlach	Gerlach Flames NK 03 Zestaw sztu?c w 68 el walizka
Yoer	"Blender kielichowy szklany 4w1 Yoer 2,4L 1800W +stal INOX +M?ynek +2 Bidony"
Now foods	NOW Extra Strength Ubiquinol 200mg 60c KOENZYM Q10 WYSOKO PRZYSWAJALNY
Bridgestone	4 x Bridgestone Blizzak 6 215/65R17 103 V XL ENLITEN 3PMSF opona zimowa
Google	Karta Google Play 50z? Kod Prepaid Klucz Android
Materazzi	Materac 160x200 GRUBY KOKOS kieszeniowy H5 twardy pocket CARBON MAX
DMF	GL-4 80W90/20L
No brand on Allegro	KONSOLA RETRO 30000 GIER HDMI 64G TF PS1 BEZPRZEWODOWE PADY 2 GRACZY
Green Touch	BOX ZESTAW PREZENTOWY prezent kawa mi d syrop czekolada baton migda?y KRAFT
Redats	"Automatyczna Wywa?arka do K ? Opon Redats W-220 230V 10-24"" Wulkanizacja"
Ceresit	Ceresit Whiteteq Quattro Piana pistoletowa 750ML
Makita	Klucz udarowy 1/2' 1000Nm 18V LXT Makita DTW1002Z
Ziaja	ZIAJA ZESTAW KOSMETYK W DO CIA?A KORZENNY PIERNIK dla Pani
Weldman	Spawarka Z PODWOZIEM inwertorowa MIGOMAT MIG MAG MMA 200A 60% 230V Zestaw
Matador	4x opony zimowe Matador MP93 Nordicca 195/65R15 91T 2025
Immortal Nutrition	BIA?KO WPC IMMORTAL WHEY PROTEIN PLUS 2000G CIASTKO Z KREMEM COOKIE +GRATIS
Carousel Coffee	Carousel Daily Cup Classic kawa ziarnista mieszana 1 kg
Milever	Milever Winter-Max A1 MW255 205/55R16 91 H 3PMSF opona zimowa
Launch	LAUNCH X431 ProS V5.0 CanFD DoiP + KABLE 2026 NOWY MODEL 2026 J.POLSKI
Total	TOTAL QUARTZ INEO ECS 5W30 4L
Pan Mi?sko	PAN MI?SKO Mokra karma dla kota KAWA?KI W SOSIE saszetki 12x85g
Lenor	Lenor Spring Awakening Pere?ki zapachowe do prania 495g
Wuber	SPALINOWA DMUCHAWA PLECAKOWA 330 km/h DO LI?CI TRAWY OGRODOWA MOCNA 720m3/h
ARSA GO	SOPLE LAMPKI CHOINKOWE 500 LED 22.5M ZEWN?TRZNE ?WIATE?KA ?WI?TECZNE +FLASH
Verotech	NISZCZARKA DO PAPIERU DOKUMENT W ?CINKOWA P-4 VEROTECH VS-1008CC
Wuber	POLERKA SAMOCHODOWA 2300W REGULACJA REGULACJA + G?BKI + PASTY MENZERNA
Autel	AUTEL DS900TS PROGRAMATOR TPMS model na EUROP? 2025r POLSKI DEALER
Kleber	1x opona ca?oroczna 195/65R15 Kleber QUADRAXER 3
Sonel	Zestaw Miernik MPI-540-PV Start Solar Oprogramowanie PE6 Tester P-5 Sonel
Waterpik	Irygator stacjonarny Waterpik Aquarius WP-672EU - czarny
Sony	Kontroler SONY bezprzewodowy DualSense Edycja limitowana Astro Bot Joyful
Versele-Laga	VERSELE-LAGA Karma dla kota Classic cat variety 10 kg
Nan	ZESTAW LANOLIN P?YN DO PRANIA WE?NY KASZMIR MERINO Z NANOSREBREM 2x1L
Apple	Apple Watch Series 11 LTE 42mm Tytan Z?oty S/M
Hipp	Hipp 2 Combiotik zestaw 3x 550 g
Gymtek	WIO?LARZ MAGNETYCZNY DO ?WICZE? DOMOWY SK?ADANY ERGOMETR WIO?LARSKI GYMTEK
Nestl 	Mleko nast?pne Nestle NAN Optipro 2 3x650 g
No brand on Allegro	ZNICZ SOLARNY LED EKSKLUZYWNY LAMPION NA GR B METALOWY P?OMIE? R ?A Z?OTY
Skrzat	? ?ECZKO SOSNOWE Z SZUFLAD? KRZY? BIA?E -DOSTAWKA
Skrzat	? ?ECZKO/TAPCZANIK DZIECI?CE OLA BIA?A Z SZUFLAD? + P?OTEK 120x60 cm
Bambu Lab	Drukarka 3D Bambu Lab X1 Carbon
Lenovo	"Laptop Lenovo ThinkPad P15 Gen 1 T1000 15,6 "" Intel Core i7 32 GB /1TB"
Lego	LEGO 60467 City W z holowniczy z d?wigiem
Excellence	Zestaw prezentowy PROZDROWOTNY malina p?dy sosny aronia mniszek jarz?bina
Smartled	Profil aluminiowy SMART-LED PG1-2 do GK srebrny anodowany 2m KOMPLET
ACTi	? ?ko Szpitalne Rehabilitacyjne Elektryczne Na K ?kach Pilot Wysi?gnik Acti
Sony	Tamron 17-70mm f/2.8 Sony E APS-C B070S Czarny 67mm Stabilizacja
Arion	ARION Premium Lamb & Rice 10+2kg +GRATIS
Stapar	P?yn do spryskiwaczy zimowy 5L -22C Cytrusowy
LG	MATERAC 180x200 KONIEC Z B LEM PLEC W BESTSELLER ULGA DLA KR?GOS?UPA POLSKA
Strotex	Folia Membrana dachowa STROTEX NEXTREME 200g 4W
Bagia	WALIZKA ?REDNIA PODR ?NA K ?KA BAGA? EXCLUSIVE XL 15 KOLOR W PREMIUM
LG	TELEWIZOR LG OLED55G54LW 4K UHD 120Hz DOLBY VISION 55G54 WEBOS
Command	Command przezroczyste haczyki do wieszania ozd b 40 szt + 48 mini pask w
Command	Command przezroczyste haczyki do wieszania ozd b 40 szt + 48 mini pask w
Voliotis Family	Extra virgin oliwa z oliwek 5l niefiltrowana Voliotis
Trex Sport	Rower stacjonarny magnetyczny rowerek treningowy domowy fitness Trex Sport
OstroVit	KWASY T?USZCZOWE EPA DHA OSTROVIT OMEGA 3 150+30 CAPS
Kinder	PACZKA S?ODYCZY Na Miko?aja Na Prezent Na ?wi?ta KINDER MILKA
Kinder	Paczka S?odyczy Na Walentynki KINDER MILKA na Prezent PREMIUM XXL DLA NIEJ
Spreest	R36S KONSOLA DO GIER PRZENO?NA RETRO 21000 GIER Z LINUX OPEN SOURCE 128+32G
Bedee	R36S KONSOLA DO GIER RETRO 20000 GRY 64GB FIOLETOWA
Bedee	PRZENOSNA KONSO?A GIER R36S Z 3500MAH BATERIA 8 GODZIN GRANIA NA BATERII
Alpen Camping	Kartusze Alpen Camping 400 ml wk?ad gazowy do palnik w i kuchenek x28 sztuk
Siarkopol	Naw z jesienny do trawnika OGR D 2001 Siarkopol 25kg
bez marki	KO?DRA 140x200 CA?OROCZNA POLSKA ANTYALERGICZNA
WABROTECH	Agregat Malarski Hydrodynamiczny Airless WT20i 1100W Dysza Pistolet W??
Blow	PROSTOWNIK ?ADOWARKA DO AKUMULATORA LCD 12V 10A FUNKCJA NAPRAWY AUTOMAT
Elite	W?DZARNIA DREWNIANA NAJWI?KSZA W?DZARNIA OGRODOWA NOWA ELITE 3.0 XXXL
LG	Ci??arki klejone do felg Edgy 12x5g 100szt ocyn kanciaste stalowe do k ?
Bridgestone	1x BRIDGESTONE Blizzak 6 225/45R17 94V XL FR 2024 r
Total	Total Quartz INEO ECS 5W30 5L
Lemberg	Kawior czerwony z ikry dzikiego ?ososia gorbusza 500gLEMBERG ?WIE?A DOSTAWA
Thank'Q	THANK'Q
ESAB	ESAB SWARM A20 przy?bica spawalnicza automatyczna DIN 9 13 ADF CE 1/1/1/2
STR-CUT	PRZECINARKA GILOTYNA MASZYNA DO CI?CIA STYROPIANU STYRODURU STR CUT A-105
Defro	Kocio? Defro Evopell piec na pellet 12 kW ECODESIGN lista ZUM
Glibert	S l fizjologiczna GILBERT ampu?ka 100 szt. x 5 ml
Olczyk	"Pellet Pelet Olczyk 6mm certyfikat A1 paleta 990kg, worek 15kg, certyfikat"
Dreame	Robot sprz?taj?cy DREAME X50 Ultra Complete Czarny
Dam	Komoda 120cm szafka z szufladami Biala Aga do salonu duza bezuchwytowa rtv
Makita	Akumulatorowy Zestaw Combo Makita DLX6068PF 18V 3X3AH lxt
Mafell	PILARKO-ZAG??BIARKA ELEKTRYCZNA MAFELL MT 55 CC MIDIMAX 162MM WALIZKA SZYNA
Pezal	"AGREGAT PR?DOTW RCZY PEZAL PGG3100X 3,3kW AVR"
Goodride	2x GOODRIDE SW 608 SNOWMASTER 245/45R19 102 V
Evolution	Wielozadaniowa pi?a sto?owa Evolution R255TBL+ 255mm/28z WERSJA PLUS
Goodride	Opona zimowa Trazano SW608 205/55R16 91 H (3PMSF) 2023r Goodride
Goodride	2x Goodride Z-507 215/55R17 98V
ALPHA	Elektrostymulator ALPHA Combo R-C101G
?pijZdrowo	Dop?ata do materaca MARS 160x80
BESTEN	BESTEN Klucz Udarowy Akumulatorowy Bezszczotkowy Nasadki 2XAku Mocny 800Nm
Shell	Shell Helix Ultra 5W40 olej silnikowy 5L
Fogo	Agregat pr?dotw rczy Fogo 33399 3500 W F4001ISE
Defro	KOCIO? NA PELLET 11 kW DEFRO CALORI AUTOMATYCZNY ZAP?ON SAMOCZYSZCZ?CY
Cata	"Pi?a ?a?cuchowa Cata 900 W / 1,3 KM"
NIVEA Men	NIVEA MEN ?el pod prysznic 3w1 m?ski - P?yn do mycia cia?a w?os w 500ml x 5
Bella Baby Happy	PIELUSZKI BELLA HAPPY 3 MIDI 5-9KG 70 SZT.
Elmex	elmex SENSITIVE i elmex SENSITIVE Whitening zestaw past do z?b w
Kowal Polska	PROFESJONALNY 12 Bar KOMPRESOR 100L olejowy t?okowy spr??arka powietrza
Golden Tools	DMUCHAWA SPALINOWA DO LI?CI ?NIEGU PIACHU GT
?pijZdrowo	? ?ko 160x200 TAPICEROWANE sypialniane ma??e?skie Z MATERACEM POJEMNIKIEM
Dell	Laptop 2w1 Dell Inspiron 7445 AMD Ryzen 5 8640HS 16GB 512SSD DOTYK Win11
Bridgestone	1 Opona zimowa Bridgestone BLIZZAK 6 225/55R18 102V XL 2024
Samsung	Lod wka Samsung Multidoor RF65DG9H0EB1 Family Hub + View Inside + AI Vision
PetBiom	"PAKIET 3 OP.PETBIOM (21G) PROBIOTYK DLA PSA, KOTA"
Nokian Tyres	1x Nokian Tyres Snowproof 2 215/60R16 99H
Dafi	5 SZTUK WK?AD FILTRUJ?CY DAFI
Defro	KOCIO? DEFRO FIREWOOD DUO 19 KW
Came	"PILOT CAME SPACE SP2 do BRAMY 433,92Mhz zielona dioda + instrukcja"
bez marki	"Dicopeg Junior Free, proszek, 30 saszetek"
3M	Rusztowanie Przegubowe aluminiowe jezdne LERO wys. robocza 3m + por?cz
Roto	P?YTA OGRZEWANIA POD?OGOWEGO EUROTOP WYPUSTKI POD?OG WKA 1450x850x20mm N-PS
SIATPOL	SIATKA ogrodzeniowa LE?NA L 150/10/30 + skoble 50m
Defro	Defro Evopell 8 kW z nadstawk? kocio? peletowy z podajnikiem
Royal Canin	Royal Canin Hypoallergenic DR21 12 x 400g puszka
Apple	Apple Watch Series 10 46mm Czarny (Czarny Pasek Nylonowy)
Apple	Apple iPhone 16 Plus 128GB r ?owy
Avalon Hill	TALISMAN MAGIA I MIECZ 5 EDYCJA + DODATEK SOJUSZE - WEZWANIE LOSU
Krause	"Drabina aluminiowa 3x9 KRAUSE CORDA wys. rob. 6,2m"
Kimbo	Kawa ziarnista Kimbo Caff  Crema Classico 1kg
NAC	FOLIA DO LAMINOWANIA DO LAMINACJI A4 80 MIC ARGO ANTYSTATYCZNA 100 SZT
Bryza	Bryza kapsu?ki do prania kolorowych ubra? kolor ochrona koloru 4w1 60 sztuk
Kraft&Dele	SZAFA SZAFKA WARSZTATOWA W ZEK NARZ?DZIOWY JUMBO 12 SZUFLAD 541EL KRAFTDELE
DeWalt	DEWALT WKR?TARKA DO P?YT KARTON-GIPS DCF620NTK 18V + MAGAZYNEK DCF6202
Bebilon	BEBILON PEPTI 2 SYNEO 400g z DHA HIPOALERGICZNY MLEKOZAST?PCZY PREPARAT
Koanni	MOCNE RACZKI 38-45 NAK?ADKI NA BUTY KOLCE ?A?CUCHY Koanni
Samsung	Smartfon Samsung Galaxy S25 Ultra 12 GB / 256 GB 5G zielony
Kospel	Bojler w??ownica spiralna 200L KOSPEL wymiennik CWU zbiornik emalia SW-200
Dada	CHUSTECZKI NAWIL?ANE DADA EVERYDAY ZESTAW 1008szt 14x72szt
HP	Drukarka wielofunkcyjna atramentowa HP Deskjet seria 2723 + tusze 305XL
Hortmasz	Glebogryzarka Hortmasz 62cm 7KM BARDZO MOCNA HGS X520 HGSX520 212CC+4xOLEJ
Goodride	Opona zimowa 225 55 R18 Goodride Zuper snow z-507 xl 102V 55R18
Ekototu	Parazytek P?yn 100ml
Venom	TRAKTOREK OGRODOWY VENOM BY STIGA 432CC 84 CM 450 MULCZOWANIE PRZYCZEPKA
bez marki	Calperos 1000 400 mg JONY WAPNIA OSTEOPOROZA 100
XMaster	BEZSZCZOTKOWA SZLIFIERKA AKUMULATOROWA K?TOWA K?T WKA DIAX 2xAKU 3AH TARCZE
RGL	BIA?A G?STA SZTUCZNA NAPRUSZANA CHOINKA PE 220 cm O?NIE?ONA szron ?nieg
LG	Poch?aniacz wilgoci 24l/24h osuszacz powietrza Nexi UV ION WiFi HEPA 50m 
Philips	Szczoteczka Soniczna PHILIPS Sonicare do Z?b w
Gorenje	LOD WKA NoFrost GORENJE NRK6192ABK4 302l 185cm FastFreeze AdaptTech 38dB
Lanvigator	2 x Opona LANVIGATOR Snowpower 195/65R15 Zima
Kormoran	4x Kormoran SNOW 225/45R18 95V
Dafi	Zestaw dzbanek filtruj?cy Dafi OMEGA stalowy 4 l manualny 2 filtry Unimax
Pan Mi?sko	Pan Mi?sko z ZIO?AMI Wo?owina z Kr likiem 20kg M
No brand on Allegro	REGA? METALOWY MAGAZYNOWY 200x120x40 5 p ?ek do gara?u piwnicy biura czarny
ANBERNIC	PRZENO?NA KONSOLA 7 CALI 2700 GIER FC GBA NES SFC 16GB ROZSZERZENIE 32GB
Walkingpad	Bie?nia elektryczna domowa sk?adana Walkingpad Runner 12kmh CICHA!! RAX9003
IBO	FURIAT IBO 1500 POMPA DO SZAMBA BRUDNEJ CZYSTEJ WODY Z ROZDRABNIACZEM MOCNA
Zipro	Bie?nia Treningowa Elektryczna Regulacja K?ta Nachylenia - Dream Zipro
Realme	realme GT 8 Pro 16/512GB 5G OLED NFC Dual SIM Bia?y Pami?tnik Bia?y
Fisher-Price	FISHER PRICE KOLOROWY JE? zabawka sensoryczna
ARSA GO	SOPLE LED 500 LAMPKI CIEP?E WISZ?CE 24M ZEWN?TRZNE WEWN?TRZNE EFEKT FLASH
NIVEA Men	NIVEA Men mix ?eli pod prysznic 5 x 500 ml + skarpetki
LEGO	LEGO DUPLO Ci??ar wka i koparka g?sienicowa 10931
Epee	Naklejkomat 3D EP60175
EBERG	Grzejnik elektryczny szklany EVI PRO 2400W energooszcz?dny konwektor + WiFi
Verotech	"Cicha, mocna niszczarka zgodna z RODO, Cross-Cut 5x28mm Du?y Kosz 18L DVD"
Coccolino	Coccolino Care ?el do prania kolorowych tkanin 2.72 l (68 pra?)
Coccolino	"Coccolino ?el do prania Color do kolor w 2,72 l (68 pra?)"
Michelin	MYJKA CI?NIENIOWA SAMOZASYSAJ?CA 285ewBAR Michelin 2500W MODEL 2026
Uniroyal	2x Uniroyal WinterExpert 195/65R15 91T
Magnum	PODGRZEWACZ INDUKCYJNY MAGNUM POWER HEATER XL 3KW
Gp	Opona rolnicza Kabat 14.9-28 SGP-03 8PR
Forte	4x Essentiale Forte Na w?trob? 300 mg 50 kapsu?ek
Wiejska Zagroda	Wiejska Zagroda Karma sucha dla psa INDYK z JAGNI?CIN? Ma?e rasy S 2kg
Realme	Smartfon REALME 14 12GB /256 GB 5G srebrny Mecha Silver NOWY
Mebel Elite	Komoda Du?a z Lamelami Drewniana Do Salonu Sypialni Loft D?bowa BECK 200 cm
T?ocznia Szymanowice	Sok Jab?kowy S?odki Naturalny T?oczony na Zimno T?ocznia Szymanowice 5l
Goodride	1x GOODRIDE SW608 SNOWMASTER 215/60R16 99 H
Regulus	ZAW R TERMOSTATYCZNY SCH??DZAJ?CY DBV1 IZOLACJ? 3/4 DO PIECA KOT?A REGULUS
Oppo	"Smartfon OPPO Find X9 Pro 5G 16/512 6.78"" 120Hz Br?zowy"
Pampers	Pieluszki Pampers rozmiar 8 Active Baby Dry 52 sztuki
Oral-B	Braun ORAL B PRECISION CLEAN / 4szt.
Gorenje	Zamra?arka Gorenje FN617EEW5 240L 172cm NoFrost FastFreeze
Afriso	AFRISO Grupa pompowa na 2 obiegi z mieszaczem pompa WILO Para SC 25/6
SportRecord	Stadiopasta ma?? na kontuzje urazy siniaki b l 300g DU?E OPAKOWANIE +GRATIS
ALLNOEL	KLOCKI MAGNETYCZNE 501 EL SZE?CIANY DLA DZIECI + 6 FIGUREK PIKSELE ZESTAW
Kochmanski	KOCHMANSKI portfel m?ski sk rzany rozbudowany czarny z czerwonym RFID sk ra
GoDan	KOTYLION NARODOWY Bia?o Czerwony POLSKA 11 LISTOPADA 3 MAJA ?WI?TO FLAGA
Force	Karta graficzna MSI GeForce RTX 5090 Gaming Trio OC 32GB GDDR7
cafe paradise	Kawa ziarnista Arabica cafe paradise Brazylia CafeParadise 1000 g
Elektrobim	Zestaw nap?d automat do bramy dwuskrzyd?owej 600kg ETM-01 Fortis + 4 piloty
Ribes	St ? okr?g?y 90 rozk?adany do 190 cm LOFT metalowe nogi gruby blat 5 cm
Arpon	?WIREK DREWNIANY PELLET JASNY XXL DLA KOTA ?WINKI KR LIKA ZWIERZ?T 20KG
DIATOMIT	DIATOMIT NATURALNA ZIEMIA OKRZEMKOWA WSPARCIE DLA KUR 19/20KG / 40L
Majster Polska	Spawarka do ALUMINIUM Synergia 255A inwerterowa Majster PRO migomat MP0117
Abtei	Abtei ?elatyna Gelatine + Witamina C 400 g
Redats	Zestaw wulkanizacyjny REDATS wywa?arka W-220 monta?ownica M-221 Automaty
Nokian Tyres	NOKIAN 185/65 R15 SNOWPROOF 2 88T opona ZIMOWA
Eludril	"Eludril classic, p?yn p?ukanie jamy ustnej, 500 ml"
No brand on Allegro	Muzyczna Maszyna Do Boksu Rhythm Wall Target ?ciana Bokserska Flare +Gratis
No brand on Allegro	MUSIC BOXING MACHINE BLUETOOTH W TRENINGOWY ?CIANA BOKSERSKA USB Z R?KAWICE
No brand on Allegro	Muzyczna Maszyna Do Boksu Music Boxing Machine ?ciana Boks Flare +Gratis
Biobakt	Bio tabletki bakterie do oczyszczalni szamba zapas na rok mocny preparat
WowPaw	?WIREK BENTONITOWY BEZZAPACHOWY DLA KOTA 25L ZBRYLAJ?CY NATURALNY BEZPY?OWY
Farma Bia?ka	Bia?ka Jaj w P?ynie Farma Bia?ka p?ynne 6 x 1000 g
Decortrend	MATA PODK?ADKA Ochronna PVC na BIURKO BLAT ST ? 180x120 Mi?kkie SZK?O
Pampers	PAMPERS Premium Care rozmiar 2 Pieluszki 68szt
doppelherz	Minoxidil Doppelherz Dla M??czyzn na odrost w?os w hamuje ich wypadanie 60g
Hizero	HIZERO F500 - Bioniczny mop
Forte	Forte Air Intake & Valve Cleaner 500 ml
D-Lux	P?yn do czyszczenia fug bez szorowania D-LUX 1L rozpuszcza brud w 30 sekund
Mlekovita	Mlekovita Bia?ko Od?ywka Bia?kowa WPC Koncentrat Bia?ka Czekoladowe 700g
Dro-masz	"Zag?szczarka Dro-Masz 155 kg, sil.Loncin, rewers,mata+w zek+przegl?d zerowy"
Boxer	M?ot wyburzeniowy o du?ej moc 3950W 70J HEX OLEJOWY
VOKSAR	Frytkownica Bezt?uszczowa Dwukomorowa VOKSAR G11 AirFryer 2400W +PRZEPISY
NutroPharma	Femaltiker Plus smak karmelowy 12 saszetek
Bebiko	Bebiko PRO+ 1 Mleko Pocz?tkowe 700g od Urodzenia Nutricia
Cleo	Norsa Pharma LACTOFERIN NUCLEO 30kaps LAKTOFERYNA
NutroPharma	PRENATAL LAKTO ?elazo laktoferyna DHA luteina dla kobiet karmi?cych 60 kaps
Makita	Makita DGA513RTJ Szlifierka Katowa z regulacj? LXT 125MM 18V 2x 5ah
Mozano	Maszynka do mi?sa MOZANO Smash master 2000
Ecogene	Bio 7 Max 2 kg Bakterie do Oczyszczalni ?ciek w i Szamb + kapsu?ki
Ecomill	Kapsu?ki do prania Eco Mill Uniwersalne Zielona Herbata 70szt + Gratis
memogames	Memo Games - Gra karciana Mi?dzy nami: Kids
Nokian Tyres	1x 225/55R19 Nokian Tyres Snowproof 2 SUV 103V NOWE ZIMA
FenixKS	FenixKS DPF Scan F331 FAP control monitor filtra cz?stek sta?ych VW VAG
Z?biec	Kocio? Z?BIEC WENUS ECO 21 kW 5 Klasa Ecodesign
bez marki	Fajerwerki Zestaw Fajerwerk w 96 Strza? w 6 Element w Na Sylwestra Urodziny
Matrix	"Matrix Food For Soft: szampon, od?ywka, olejek do w?os w suchych + GRATIS"
Pampers	Pampers Night Pants pieluszki jednorazowe na noc rozmiar 5 12-17 kg 22 szt.
Psomar	CHOINKA SZTUCZNA PREMIUM ?WIERK PE+PVC JAK ?YWA 3D 250 cm !
Apple	"iTunes 100 $ / USD App Store , USA Apple, iPhone"
Green Touch	KOSZ PREZENTOWY ZESTAW HERBATA KAWA UPOMINEK CZEKOLADA PREZENT NA WIELKANOC
Atlas	Atlas domowy do ?wicze? wyci?g prasa do n g modlitewnik wielofunkcyjny
Galmet	Zbiornik buforowy do ogrzewania centralnego GALMET 500L
Jacobs	Kawa rozpuszczalna Jacobs Kronung 200 g 10.2026
LG	"TELEWIZOR LG OLED83C51LA 4K UHD WEBOS VRR 144Hz DOLBY VISION 83C51 OLED 83"""
Fenix	WAPORYZATOR FENIX MINI + X HERO LIMITED EDITION VAPORISER DO SUSZU CBD THC
Mobil	Mobilna ?adowarka Zencar 11kW 6-16A Volvo XC40
Lovege	Sante Lovege Nap j Owsiany Mleko Owsiane Barista Bez Cukru 1L do kawy
Perlux	PERLUX 90 szt Kapsu?ki do prania uniwersalne ?el + proszek w jednym
No brand on Allegro	W?DZARNIA METALOWA OGRODOWA STALOWA DOMOWA W?DZOK WIELKA PODW JNA PALENISKO
Mobil	OLEJ 5W-30 MOBIL SYNT S SPECIAL V - 3000XE 4L
Mlekovita	BIA?KO KONCENTRAT SERWATKOWE WPC NATURAL 700g
Higher	Betoniarka Mieszarka Budowlana ?eliwny Wieniec 160L Pojemno?ci 1300W 230V
Vebiot	Nefroloxan 60 tabletek psy i koty wspomaga prace nerek Vebiot
VELACO	OGRZEWACZ TARASOWY PARASOL GRZEWCZY GAZOWY SOLE ZESTAW POKROWIEC REDUKTOR
Archon Studio	Heroes of Might and Magic III: Gra planszowa
Fuchs	FUCHS AGRIFARM MOT 15W40 op.20l
Papito	Karma Mokra dla Psa Ps w Baton Mi?sny PAPITO 83% Mi?sa Uniwersalna + Gratis
QuickPC	Komputer do gier KING RYZEN 7 8700 /RAM DDR5! /1TB /RTX 5060 Ti 16GB / WiFi
Calvin Klein	CALVIN KLEIN IN2U WODA TOALETOWA 100ML
Norsan	Norsan Omega-3 Arktis TRAN OLEJ RYBI Z DORSZA Omega ODPORNO?? 120kaps
Apple	"iPhone 14 Pro 256 GB z?oty - Odnowiony,"
Apple	Mac Studio M4 Max(16cpu+40gpu) 64GB 1TB Silver
Hipp	"HiPP 3 JUNIOR COMBIOTIK dla dzieci po 1. roku, 550 g"
Redats	Podno?nik dwukolumnowy Redats L-205 4.2T 400V Si?a P ?automat + Olej Gratis
Kochmanski	Portfel m?ski SK RZANY ochrona kart RFID SK RA NATURALNA CZARNY elegancki
FAKRO	Schody strychowe wy?az FAKRO LWK PLUS 70x120 / 280 ORYGINA?
Prinz	PODK?AD POD PANELE na OGRZEWANIE POD?OGOWE MATA KWARCOWA 2mm PRINZ 1m2
Austone	4 opony wielosezonowe 175/65R14 AUSTONE SP-401
Kimbo	Kawa Ziarnista Kimbo Espresso Vending Audace 1kg
Pampers	"Pampers Premium Care Pieluszki jednorazowe dla niemowl?t rozmiar 1, 26 szt."
51 Feed	KARMA DLA PTAK W 20kg PTASI PRZYSMAK DROBNE ZIARNO IDEALNE DO KARMNIKA
Nokian Tyres	4x OPONY 235/50R19 Nokian Tyres Seasonproof 2
Iodica	IODICA Jod w p?ynie koncentrat 100ml
Wiejska Zagroda	Wiejska Zagroda LE?NE SMAKI Karma dla psa CIEL?CINA PSTR?G Chrupki M 20kg
Tech	ZMI?KCZACZ WODY WATER TECHNIC 20 SMART PACK UP-FLOW MONO STACJA UZDATNIANIA
Tech	Zmi?kczacz wody WATER TECHNIC 20 START PACK Up-flow Mono Stacja Uzdatniania
Qmed	Qmed poduszka ortopedyczna do spania PODW JNIE profilowana PREMIUM szwedzka
Qmed	WYGODNA PODUSZKA POD KARK ortopedyczna do spania pianka profilowana zdrowa
Besen	"?adowarka, Wallbox NEW BESEN 22kW - POLSKIE MENU EKRANU, regulacja 5-22kW"
Virpol	Jod?a Hiszpa?ska 220 cm PVC - sztuczna choinka
Philips	?ar wka LED E27 PHILIPS 13W = 100W 1521lm 2700K BARWA CIEP?A PREMIUM 6 szt.
Pokochaj Meble	? ?ko Tapczan Tutu? 80x200 Bonell PRODUCENT
Kormoran	4XNOWA OPONA ZIMOWA KORMORAN 205/55R17V 95V XL RANT SNOW / 2025R /
Tw j Cel To	2 x COLLAGEN BEAUTY GLOW VERISOL-KOLAGEN DO PICIA - W P?YNIE - NIE PROSZEK
Ferroli	FERROLI KOCIO? PIEC NA PELLET 24kW BIOPELLET PRO 24 ze zbiornikiem na PELET
Olimp	"Olimp Whey Protein Complex bia?ko 2,27kg Wanilia"
No brand on Allegro	POMPA DO WODY BRUDNEJ CZYSTEJ SZAMBA Z ROZDRABNIACZEM 3200 MOCNA + 3 KR ?CE
Mlekovita	WPC 80 SBA koncentrat bia?ka Mlekovita proszek 700 g .truskawka 19.03.2027
Mlekovita	MLEKOVITA SBA WPC 80 700G TRUSKAWKA KONCENTRAT BIA?EK SERWATKOWYCH BIA?KO
Umarex	Rewolwer na kule gumowe do samoobrony RAM Umarex T4E TR 50 Gen 2 HDR50 -13J
Apple	## ORYGINALNY APPLE IPHONE 15 512GB # BLACK# CZARNY ## UNIKAT A3090 ##
Beckers	Farba lateksowa Beckers Designer White 10L bia?a
Persil	"Persil proszek do prania Professional COLOR+Uniwersal XXXL 7,8KG 2x130pra?"
Stihl	"STIHL TS 420 PRZECINARKA PI?A SPALINOWA DO BETONU 4,4KM NA BUDOWE"
Klasek	Bateria 90 strza? w w 20 mm Atrakcyjne fajerwerki na imprez? pokaz C9020X
Philips Avent	Philips Avent Niania elektroniczna video SenseIQ Full HD SCD971/26
Dell	"Laptop 15,6"" Dell G15 5530 i5 13450HX/16GB/512+512/Win11 RTX3050 120Hz"
Trec	"FOLIA STRETCH CZARNA 2,8KG netto MAX FOLII 3KG KRYJ?CA MOCNA STRECZ x 6 szt"
NEO TOOLS	Zestaw Narz?dzi Uniwersalny 60 el. Klucze Nasadowe Bity M?otek Walizka NEO
Nestl 	NAN OPTIPRO PLUS 1 HM-O MLEKO POCZ?TKOWE 800G
Makita	Drut do wi?zarki do zbroje? Makita DTR180 199137-9 0.8mm - 50szt
Fiskars	FISKARS ZESTAW KOMPLET NO?Y 6x N ? KUCHENNY SZEFA KUCHNI CHLEBA ESSENTIAL
Xtrexo	Bie?nia elektryczna XTREXO Walking Pad W100 czarna 131x58x17 cm 1-6 KM/H
Moderno Meble	REGULOWANE ZAG? WKI nowoczesny naro?nik Avesta
Framire	Szafa przesuwna Norvio I 250 cm z lustrem
LG	TELEWIZOR LG OLED77C54LA 4K UHD 120Hz WEBOS 25 DOLBY VISION VRR THINQ 77C54
Jacobs	Kawa rozpuszczalna JACOBS Velvet 200g
Kimbo	"Kawa ziarnista Kimbo Barista Espresso Napoli 1kg, Arabica + Robusta"
Moje Auto	PLYN DO SPRYSKIWACZA MOJE-AUTO -20 5L ZIMOWY
NKT	"Przew d P?aski elektryczny, instalacyjny YDYp NKT 3 x 2,5 750V 100m"
Titanium	LAMELE ?CIENNE D?B WOTAN NA FILCU CZA 510x2750mm
Blue Cap	Blue cap krem egzema ?uszczyca ?ojotok ?upie? AZS 50 g
[RENA.PL](http://RENA.PL)	Rolety Thermo w kasecie Termo Zaciemniaj?ce 100%
Manta	"Telewizor LED Manta 50LUV125E 50"" 4K UHD czarny"
bez marki	WELUROWY P?ASZCZ STR J MIKO?AJA VIP BURGUND a? 15el ETOLA POKROWIEC L-3XL
bez marki	WELUROWY STR J MIKO?AJA GWIAZDORA BURGUND L-3XL CERTYFIKAT GRZECZNO?CI 15el
WARMWOOD	EKO PODPA?KA 5KG WARMWOOD NATURALNA DO KOMINKA GRILLA PIECA OGNISKA
FIT-NET	BIE?NIA ELEKTRYCZNA DOMOWA G-RUNNER 500 ANDROID USB MASA?ER AUTOWZNIOS WIFI
Gorenje	Suszarka kondensacyjna GORENJE DPNE92GNLWIFI/PL 9kg pompa ciep?a
Blue Orca Coffee	Kawa ziarnista 1kg BRAZYLIA ALTA MOGIANA ?wie?o Palona ARABICA 100% +GRATIS
Crys-X	Crys-X 180g Z PASKAMI KLEJ?CYMI - membrana dachowa WYTRZYMA?O?? A? 320/200N
Eko-Higiena	R?cznik fryzjerski Papierowy GRUBY EXTRA ROLKA 95m
Pet Republic	Pet Republic MEGA PACK mokra karma dla kota 4 smaki saszetki 40x100g
No brand on Allegro	MOCNA LAMPA LED 120cm 200W PANEL NATYNKOWY 72W ?WIETL WKA ALUMINIOWA GARA?
Springos	"LAMPKI ZEWN?TRZNE SOPLE 500LED 22,5m FLASH CIEP?Y BIA?Y ?WI?TECZNE KURTYNA"
Tagred	Koby?ki samochodowe 3T Stabilne Podstawki Mocne Podpory z Blokad? Gum? Pin
Yokohama	4x Yokohama BluEarth*Winter V906 235/55R19 105V
Rafi	Wk?ady do Zniczy Parafinowe Znicze 72h 3dni 20szt
Roto	Fotel Biurowy Obrotowy Krzes?o Biurowe Obrotowe do Biurka + Podn ?ek Czarny
BD	R?kawiczki nitrylowe CZARNE L bezpudrowe ZARYS R?kawice Jednorazowe 100 szt
ALLDEYNN	ALLDEYNN COLLAROSE FISH MALINA-POZIOMKA 300G KOLAGEN RYBI W?OSY SK RA CERA
Restilo	RESTILO Zas?ona 90% zaciemniaj?ca 140x270 blackout [j.be](http://j.be)? na ta?mie wave
Bebilon	Bebilon 1 Pronutra Advance mleko pocz?tkowe od urodzenia 1000 g
Wonder Lashes	Klej do rz?s bondingowych BOND & SEAL 8ml
Smily Play	Komputerek Edukacyjny dla Dzieci 3+ 98 Gier PL/ANG Nauka i Zabawa laptop
We Care About You	GetMen POTENCJA EREKCJA LIBIDO PO??DANIE POZIOM TESTOSTERONU
Kormoran	1x KORMORAN 215/60R16 99H Snow Zimowa 2025 r
Bridgestone	1x OPONA ZIMOWA 225/40R18 Bridgestone Blizzak 6
Goodride	2x GOODRIDE SW608 SNOWMASTER 235/45R18 98 V
Joie	JOIE FOTELIK SAMOCHODOWY DLA DZIECKA 15-36 KG I-TRILLO I-SIZE ISOFIX ADAC 4
Alpi Meble	St ? rozk?adany EVO 100/200 okr?g?y Z MASKOWNIC?
?pijZdrowo	Materac 160x200 pocket kieszeniowy dwustronny ?rednio twardy BLANC
Hammer	LATARKA CZO?OWA LED AKUMULATOROWA CZO? WKA USB-C HAMMER 750LM PRO VAYOX
Ledroom	Lampka schodowa LED 230V BIA?A Oprawa na schody O?wietlenie schod w ZIMNA
OnePlus	"Smartfon OnePlus 13 16/512GB 6,82"" 120Hz 50Mpix Niebieski"
Videx	Oprawa O?wietleniowa Sufitowa Natynkowa Videx 72W LED 120 cm Czarny
Liqui Moly	LIQUI MOLY 1971 REINIGER CZY?CI WTRYSKI BENZYNY
Prevital	Karma mokra dla kota PreVital saszetki mix smak w sos megabox 40 szt x 100g
North Bayou	Regulowany Uchwyt Biurkowy na Dwa Monitory 22'-32'
Kospel	KOSPEL ELEKTRYCZNY PRZEP?YWOWY PODGRZEWACZ WODY PPE4.M MEDIUM-17/18/21/24
Esperanza	KUCHENKA INDUKCYJNA P?YTA DWUPALNIKOWA ELEKTRYCZNA INDUKCJA 2 POLA GRZEWCZE
Senus	Folia stretch XXL mix czarna transparent 3kg 6szt
SuperButelki	"50SZT BUTELKI MONOPOLOWE NA BIMBER NALEWKI SOKI WINO CYDR W DK? 500 ML 0,5L"
K-SPORT	?awka treningowa do cwiczen ?aweczka regulowana sk?adana sko?na pod SZTANG?
Kernel	Lampa UVB Kernel KN-4003 do leczenia chor b sk ry
Verco	Pregna 250 DHA dla kobiet w ci??y i karmi?cych piersi? 30kaps
Redats	"Wywa?arka do k ? opon osobowych dostawczych REDATS W-200 10-24"" Warsztatowa"
Tech Sterowniki	STEROWNIK REGULATOR INSTALACJI C.O. OPENTHERM I-2 PLUS OBS?UGA 2 SI?OWNIK W
INDEX BHP	R?KAWICE ROBOCZE R?kawiczki sk rzane spawalnicze do spawania DRIVER
Pirelli	4x Opony ca?oroczne 205/55R16 94V XL Cinturato All Season SF 3 PIRELLI 2025
No brand on Allegro	2 szt Majtki Figi Bielizna menstruacyjna Stroje K?pielowe Menstruacyjne S
Brit	BRIT Premium By Nature Senior Small Medium S+M Chicken 15 kg
Demon	Dmuchawa spalinowa plecakowa do li?ci DEMON M88180
Wiejska Zagroda	Wiejska Zagroda Jagni?cina SZPINAK 9kg
Cliver	delikatny r?cznik papierowy zz ellis 3000szt 2837
KFD	Suplement diety KFD Vitamin D3+K2 kapsu?ki
Cell Fusion C	CELL FUSION C INTENSIVE CREAM Krem nawil?aj?cy do twarzy dzie? i noc 100ml
FIT-NET	BIE?NIA ELEKTRYCZNA G-RUNNER 420 MASA?ER HANTLE USB G?O?NIKI SK?ADANA TWIST
Materazzi	Materac 120x200 kieszeniowy ?REDNIO TWARDY pocket MAX 21 cm ALOE VERA KOKOS
Aurovitas	Lipiforma Plus Cholesterol Monakolina 30 kaps.
Epson	Urz?dzenie wielofunkcyjne EPSON L14150 A3+ 4 IN 1
Sony	Sony PSN Uzupe?nienie funduszy w portfelu 500 z?
Herz Medical Instruments	Lampa na podczerwie? Solux Herz Medical
Hasco-Lek	Mensil tabletki na POTENCJ? Erekcj? Wzw d 25 mg 8 szt. Syldenafil
Hisense	Telewizor 50 cali QLED Hisense 50E7NQ 4K UHD hdr Smart WIFI DVB-T2 HEVC
Frosch	FROSCH ekologiczne EKO tabletki sodowe do zmywarki zmywarek 30 SZT ALL-IN-1
Kormoran	4x Kormoran SNOW 205/60R16 96H
Logitech	Kierownica LOGITECH G923 + Shifter Bundle (Xbox One/Xbox Series X/S)
IDEAL	PROSTOWNIK 230V do ?adowania Akumulator w 6/12V IDEAL SPRINT 20 2A 10A 20A
Tassimo	"Zestaw kapsu?ki Tassimo Latte mix classico, smakowe 5+1 opakowanie GRATIS!"
bez marki	ZESTAW SZARA PIANKA NISKOPR??NA Pistoletowa Ca?oroczna TOOLSEN
Lenovo	Laptop Lenovo LOQ 15IRX10 i5-13450HX / 16 GB / 512 GB / RTX 5060 / 144 Hz
Forte	DEBUTIR FORTE 300 mg 60 kapsu?ek IBS Zesp ? jelita dra?liwego Ma?lan sodu
Realme	"Smartfon REALME 14 5G 12/256GB 6.67"" 120Hz Br?zowy"
Majster Pro	Spawarka inwertorowa SYNERGY MIGOMAT MIG Co2 MMA TIG 220A PRO MP0121
No brand on Allegro	Zalando Karta Podarunkowa 350 z?
DeWalt	Gwo?dziarka DeWALT akumulatorowa DCN930NT 18V 33  64-90mm 0xAh 2-BIEGOWA
COBBO Robotics	Robot do mycia okien COBBO Q6
De'Longhi	Automatyczny ekspres ci?nieniowy De'Longhi EXAM440.55.B 1450 W czarny
Pasieka Kaszubska	"MI D LIPOWY - 1,2KG - PASIEKA KASZUBSKA - ?WIE?Y - 2025"
Bakaliowa Dolina	ORZECHY W?OSKIE ?USKANE 1kg (1000g) NATURALNE PO? WKA
Aflofarm	"Dezamigren 12,5 mg, 6 tabletek na ostre napady migerny z aur? oraz bez aury"
SPI 55	LAMPKI ZEWN?TRZNE SOPLE 300 LED 14M ?WIATE?KA ?WI?TECZNE KURTYNA IP44 FLASH
Lazur	? ?KO turystyczne SK?ADANE HOTELOWE 200 X 90
Xtrexo	Zestaw hantli regulowanych XTREXO 2x10kg multicolor 20kg DO ?WICZE? SOLIDNE
Rafi	KOMODA SZAFKA ZESTAW DU?A POJEMNA SZUFLADY GRAFIT D?B WOTAN NATALIA 200 cm
Falken	4 x Falken EuroWinter HS02 PRO 225/55R19 103 V XL 3PMSF opona zimowa
Woopie	DINOZAURY KLOCKI KONSTRUKCYJNE DO SKR?CANIA WKR?TARKA WYRZUTNIA STRZA?EK
Powermat	AGREGAT MALARSKI PISTOLET 1200W 220BAR + PRZED?U?KA + DYSZE POWERMAT
Electrolux	ZESTAW ELECTROLUX HOB2HOOD P?YTA INDUKCYJNA CIT61443 + OKAP MEBLOWY LFG716R
Nestl 	Mleko Nan EXPERT PRO HA 2 800g
Valberg	Sejf S1 antyw?amaniowy domowy na bro? d?ug? 1253 czarny skarbczyk
Asus	Asus VivoBook 14 FHD i3-1315U 6 RDZENI 16GB 512SSD W11
Steam	Karta podarunkowa STEAM WALLET Kod Do?adowanie Steam 30 EUR 30 
Nanny	NANNY Medyczny monitor oddechu dla dzieci BM-02
Beko	Suszarka do ubra? Beko BM3T3820W
Bridgestone	Bridgestone Blizzak 6 245/45R18 100 V XL FR ENLITEN 3PMSF opona zimowa
Scheppach	Mocna Zag?szczarka Spalinowa Ubijak 60KG 15kN 15000N + Mata + Olej1L HP1200
Barum	1x Opona zimowa Barum POLARIS 6 195/65R15 91T
Delphi tools	PI?A ?A?CUCHOWA AKUMULATOROWA Z WYSI?GNIKIEM BEZSZCZOTKOWA 6  2xAKU 21V
Valentis	Flexus Shots P?yn doustny 20 fiolek po 10ml
Lenor	"Lenor P?yn do p?ukania tkanin, 6 x 71 pra?, Sensitive"
Continental	4x CONTINENTAL WINTERCONTACT TS 870 245/50R20 105
Trex Sport	Dr??ek do podci?gania ?cienny do ?wicze? uchwyt na worek 250kg Trex Sport
Oral-B	Szczoteczka elektryczna magnetyczna Oral-B iO9 Black Onyx z etui ?aduj?cym
Lennylamb	Noside?ko niemowl?ce LennyLamb - LennyLight JODE?KA almond
Dumel	TRAKTOR FARMER. DUMEL
Verda	"PODNO?NIK SAMOCHODOWY LEWAREK ?ABA LEWAR 2,5T KOBY?KI 3T PODPORY PODSTAWKI"
Verotech	LAMINARKA A4 Verotech laminator GRATISOWE FOLIE
Polpharma	Maxigra Max tabletki na POTENCJ? Erekcj? Sildenafil 50 mg 8 x 4szt.
ALPHA	Profesjonalna Maszynka Do Strzy?enia Ps w - Cichy Trymer Dla Psa 9w1 Alpha
Goodride	1x 215/65R16 Goodride SW608 98H
Samsung	"Telewizor QLED Samsung QE85Q80D 85"" 4K UHD srebrny"
Active Hobby	DU?A MATA EDUKACYJNA 4W1 MI?KKA Z PODUSZK? MINKY + 20 PI?EK INTERAKTYWNA
Sena	"Sejf na 10 szt. broni Arsena? 1253-E Elektronik. Sejf S1. 3 p ?ki, skrytka."
LG	"Telewizor OLED LG OLED55B56LA 55"" 4K 120Hz webOS Color Czarny"
Mova	Automatyczny Robot Sprz?taj?cy MOVA Z60 Ultra Roller Complete
Moovkee.	POLSKIE SANKI metalowe z oparciem materacem z ODBLASKIEM MOOVKEE pasek
Stanley	Kompresor bezolejowy
Microsoft	SOFT MICROSOFT OFFICE HOME BUSINESS 2024 EP2-06675
Ceramizer	Ceramizer CS do regeneracji silnika
D?bica	1x D?BICA Frigo 2 185/65R15 88T 2024 r
bez marki	CHOINKA DU?A ZEWN?TRZNA XL 230 cm 370 LED TIMER KEMA OGRODOWA MULTIKOLOR
Roko	PROSZEK DO CZYSZCZENIA PROTEZ MULTICLEAN 5x5g
Vetfood	Vetfood Amylactiv Digest 120 kaps. Wsparcie trawienia psa i kota
Boboq	BUBBLE TEA - ZESTAW na PREZENT KUBKI S?OMKI na 6x700ml 2x KULKI + 2x SYROPY
Michelin	1x Opona zimowa Michelin ALPIN 7 195/65R15 91T
Rode	Mugga ?rodek na komary kleszcze czerwona STRONG spray 75ml DEET 2030r
Dometic	Wspomaganie steroci?gu hydraulicznego SeaStar PA1200-2
Pampers	"Pampers Premium Care Rozmiar 7, 80 szt. Pieluchomajtki Miesi?czny zapas"
Apple	Smartfon Apple iPhone 13 Pro Max 256 GB Szary - IDEALNY
Shell	Shell Helix Ultra Professional AF 5w30 4L
Apple	IPHONE 13 MINI 4GB 128GB pe?ny zestaw
Saeco	Ekspres do kawy ci?nieniowy automatyczny Saeco GranAroma czarny SM6580/00
Trex Sport	Bie?nia Elektryczna Sk?adana Domowa Treningowa Amortyzacja PULSO TREX SPORT
Stella Green	GEOKRATA Kratka Drogowa Parkingowa MOCNA CERTYFIKOWANA 50 x50 Czarna
Dam	ZEGAREK SMARTWATCH DAMSKI ROZMOWY KROKI CI?NIENIE PULS SMART WATCH
Make It Real	Prezent Dla Dziewczynki DO TWORZENIA BRELOCZK W MAKE IT REAL Puchate Kotki
SHOW	Talerzyki Papierowe Kapibara Birthday 18cm Zestaw Dekoracja Urodziny 10 szt
Rems	Zaciskarka elektryczna REMS Power-Press SE do 108 mm (plastik) 572111
Biocodex	ALFLOREX 30 kapsu?ek
BMW OE	OLEJ 100% ORYGINALNY BMW 5W30 5L LL-04 SILNIKOWY TWIN POWER TURBO
Teo&Gigi	SANKI dzieci?ce FULL z oparciem pchaczem ciep?y ?piworek pchacz BEZPIECZNE
Smartled	Lampa Sufitowa LED Do Gara?u IP65 60W 120cm Warsztatu Oprawa Hermetyczna
CHiQ	"Monitor LED ChiQ 22F650 22 "" 1920 x 1080 px VA"
Londa	LONDA ROZJA?NIACZ w proszku Blondoran 2x500 g
Orlen Oil	Olej Hydrauliczno Przek?adniowy Orlen AGRO BASIC UTTO 10W30 20L
D?bica	4x D?bica Frigo HP2 215/50R17 95V
GALAXIA	Lampki choinkowe ?wiate?ka ?wi?teczne Bia?y ciep?y bia?y zimny OZDOBNE
Krause	Drabina wielofunkcyjna Krause Corda 3x11 szczebli
Coccolino	?EL DO PRANIA COCCOLINO WONDER WASH SPEED CLEAN 37 PRA?
BioFeed	Pasza dla kur niosek Nioska kruszonka Biofeed 25kg
Syntron	Plafon Natynkowy Bia?y 120cm X 30cm 60W barwa neutralna
Busajna	OLEJEK BUSAJNA 500ML UJ?DRNIA NAWIL?A NA SK R? SUCH? ROZCI?GNI?T? + POMPKA
ForMeds	ForMeds PRENACAPS MULTI 1 +DHA EPA witaminy CI??A
Adamed	MAMADHA PREMIUM + 60 kaps. Dla mam i kobiet w ci??y
Michelin	1x Michelin CROSSCLIMATE 3 SPORT 225/40R18 92Y
FIDIA	Zestaw Itami plastry lecznicze 2 op. x 10 sztuk na b l
ForMeds	"Prenacaps OVI mio-inozytol, D-chiro-inozytol w proszku Formeds - 30 porcji"
Samsung	ORYGINALNA SZYBKA ?adowarka SAMSUNG Super Fast 25W USB-C + KABEL USB Typ C
Hot Wheels	Hot Wheels Rajdowa kraksa Tor wy?cigowy The Hot Ones 3+ JFD11
AJKmeble	? ?ko lewituj?ce PERU 140x200 stela? metalowy podnoszony
Green Touch	Zestaw herbat OWOCOWYCH 6 szt w pude?ku prezent upominek herbaty naturalne
HP	HP ProBook 450 G10 15.6'' FHD/i5-1334U/16GB/512GB SSD/Win11Home 3Y onsite
Kumho	1x 215/60R17 Kumho Wintercraft WP52 100V NOWE ZIMA
Nan	Szachy drewniane wykonane z Mahoniu i Jawora - Producent + GRATIS WARCABY
bez marki	Souplessil AZ ?el na Stawy100 mlx2 +gratis
AutoXscan	TESTER DIAGNOSTYCZNY OBD2 UNIWERSALNY DO SAMOCHOD W PL RS830 PRO 1 marka
M ller's	Tran norweski MOLLERS owocowy 250ml
Lipid Systems	Suplement diety Lipid Systems Ascolip witamina C saszetki 30 szt.
3M	LANSINOH ZESTAW BUTELEK 2 x 240 ml + SMOCZKI 3m+
Kerch	ODKURZACZ PRZEMYS?OWY BEZWORKOWY MULTI 2200W DMUCHAWA POPIO?U KOMINKA
Olimp	Omega D3+K2 Sport Edition ZDROWE T?USZCZE D3 K2 KWASY T?USZCZOWE
Venom	PROFESJONALNA SPALINOWA NAGRZEWNICA OLEJOWA 20kW VENOM DMUCHAWA WY?WIETLACZ
IDEAL	Akumulator do wspomagania rozruchu IDEAL BOOSTER 4400 ROZRUCH 4400A 12/24V
4FIZJO	ERGO mata XL do akupresury z Poduszk? Ortopedyczn? 110x42cm 4FIZJO ORYGINA?
Fairy	Kapsu?ki do zmywarki all in one (wszystko w jednym) Fairy 115 szt.
Paysafecard	PAYSAFECARD 120 z? ( 100 z? + 20 z?) KOD PIN PSC
Km Express	"ROZPA?KA PODPA?KA 5,8kg 2400 szt kostek DU?A do Pieca Kominka Grilla GRATIS"
TAVO	Frytkownica Bezt?uszczowa Air Fryer 4L Frytownica Programy Piekarnik Mocna
Dilmah	Dilmah Pick'n'Mix herbata 240 kopert
Realme	SMARTFON REALME GT 7 PRO 12 GB / 512 GB 5G POMARA?CZOWY
No brand on Allegro	R?kawice Nitrylowe Jednorazowe Bezpudrowe Medisterill Czarne M - 100 Szt.
Kormoran	4x Kormoran SUV SNOW 215/65R16 102H
Riwall Pro	WALIZKA NARZ?DZIOWA ZESTAW NARZ?DZI KLUCZY 750 ELEMENT W SUPER ZESTAW
Xiaomi Tv	Telewizor Xiaomi TV A Pro 2025 75''
Riwall Pro	ODKURZACZ R?CZNY SAMOCHODOWY BEZPRZEWODOWY AKUMULATOROWY MOC RIWALL RMW-01
Aptel	TOALETKA KOSMETYCZNA 85cm Z LUSTREM I O?WIETLENIEM ?CIEMNIANYM LED WINDY
ADBL	ADBL zestaw kosmetyk w do piel?gnacji tworzyw i kokpitu auta z akcesoriami
Capricare	Mleko CAPRICARE 1 kozie 400 g pocz?tkowe
Gorenje	"Lod wka Gorenje NRM8182MX French Multi Door NoFrost Twist 181,6cm 427L"
Bosch	Zmywarka do zabudowy Bosch SMV4EVX11E automatyczne otwieranie!
Apple	Apple iPhone 13 PRO 256GB
Bagia	WALIZKA MA?A PODR ?NA TORBA K LKA BAGA? EXCLUSIVE 55X37X20 PREMIUM
Esperanza	MASZYNKA ELEKTRYCZNA DO MI?SA Z SZATKOWNIC? EKM033 ESPERANZA 2200W
Lenovo	"Tablet Lenovo IdeaTab 11"" Wi-Fi 8 GB / 256 GB szary"
Seni	SENI ACTIVE NORMAL XL MAJTKI CH?ONNE WCI?GANE DLA DOROS?YCH 30 SZT.
BabySense	Babysense 8 medyczny monitor oddechu dla niemowl?t ? ?eczka & dostawki
Teo&Gigi	Sanki z oparciem we?na ALL SEASONS k ?ka MUFKA 505
Tefal	Odkurzacz pionowy bezprzewodowy TEFAL X-Force Flex 14.60 AQUA TY99C0 3w1
Bambu Lab	Bambu Lab Drukarka 3D A1 Mini Combo z AMS
Super Benek	?wirek dla kota Benek COMFORT Lawenda 20L Zbrylaj?cy Bentonitowy Lawendowy
No brand on Allegro	Pistolet hukowy STALKER M906 BAS kal .22 L Blank (6 mm) czarny
iRobot	Robot sprz?taj?cy iRobot Roomba Plus 405 Combo Mopowanie Tworzenie mapy
Philips	Oryginalne ko?c wki PHILIPS Sonicare ?rednio mi?kkie w? kna 8 szt.
Lovense	Lovense LUSH 4 wibruj?ce jajeczko sterowane telefonem aplikacja
GIANTS Software	FARMING SIMULATOR 25 PL PS5 + BONUS MACDON PACK
Evimax Vega	Sufrin 60 kapsu?ek
Kendamil	Mleko Kozie Kendamil 2 Nast?pne 2x 800g Bez Oleju Rybiego i Palmowego DHA
Bioderma	Bioderma Sensibio H2O 2x500ml p?yn micelarny
Vivo	Smartfon Vivo X300 Pro 16 GB / 512 GB 5G br?zowy
Klasek	DU?Y POKAZ FAJERWERK W A? 200 strza? w NA SYLWESTRA WESELE ?LUB URODZINY
LEGO	LEGO CREATOR ZESTAW 3 W 1 DZIKIE ZWIERZ?TA TROPIKALNY TUKAN MOTYL RYBKA
Qpharma	EQUAZEN p?yn cytrusowy 200ml
Invex Remedies	KRZEM Z BOREM I JODEM SILOR+B+J 1L INVEX REMEDIES SUPLEMENT DIETY
Frosch	Tabletki Kapsu?ki Do Zmywarki Zmywarek Frosch Limonka 70 szt Niemieckie
Riwall	KOSIARKA SPALINOWA Z NAP?DEM RIWALL 51CM 9w1 Z NAP?DEM 5190PL Z 2 NO?AMI\
Riwall	Kosiarka Spalinowa z Nap?dem 5190 MOCNA Z 2 NO?AMI + OLEJ 51CM 9w1 RIWALL
Biopol	KUDZU ROOT kanadyjskie ekstrakt 500mg NA?OGI 90t
Royal Canin	KARMA ROYAL CANIN Maxi Puppy 20 kg JUNIOR dla psa do 15 miesi?ca
Lex	ZESTAW NARZ?DZI KLUCZY NASADKI BIT WALIZKA NARZ?DZIOWA SUPER DU?Y ZESTAW XL
Aliness	Aliness Avitale Witamina K2 z D3 4000 FORTE 30ml Witaminy w kroplach
Zelmer	Robot planetarny ZELMER ZKR1355 Czarny
TCL	PRALKA TCL FF1024WA0PL 10kg 1400obr BIA?A kl. A inwerter PARA
Bros	BROS Trutka Granulatna Myszy i Szczury 1kg
North Bayou	"Regulowany Uchwyt Biurkowy do Monitora LCD 22""-40"" Solidny Certyfikowany"
Forest Vitamin	OMEGA 3 STRONG MOCNE KWASY T?USZCZOWE 100 MOCNE 500 EPA 250 DHA
SUNONE	Lampa LED+UV SUNONE SUN1 48 W bia?y
NIVEA	NIVEA MEN 3w1 ?el pod prysznic m?ski zestaw - P?yn do mycia 500ml x5
BJC	?ADOWARKA AKUMULATORA PROSTOWNIK BJC INWERTEROWY Z ROZRUCHEM 600A 12V 24V
Higher	Drabina aluminiowa przegubowa sk?adana wielofunkcyjna 4x3 HIGHER mocna
Nufarm	"Stabilan 750SL 20l regulator wzrostu, antywylegacz"
Parkside	Szlifierka k?towa Parkside PWSAP 20-Li F6 20 V PERFORMANCE BOSZKA MOCNA XL
Verotech	Niszczarka Verotech VS-120AF z podajnikiem automatyczna praca ci?g?a
USP Zdrowie	Reme Kolagenowa formu?a pi?kna smak pomara?cza 150g
USP Zdrowie	"Reme Kolagenowa, Formu?a Pi?kna Pomara?cza   Marakuja, 150 g"
Syntron	Panel LED 60W NATYNKOWY Kwadratowy 60x60cm Plafon
Heelly	"PROJEKTOR RZUTNIK 30000LM WIFI ANDROID SMART TV FULL HD 4K AUTOFOCUS 300"""
Auto Gamma	Lampa LED HEXAGON Panel O?wietlenie Warsztat Gara? Dom 297 x 515 5500-6000K
Laksol	"NAFTA uniwersalna do PIECYKA lamp O?WIETLENIOWA do czyszczenia 5L ""Laksol"""
Laksol	NAFTA UNIWERSALNA O?WIETLENIOWA 5L ANTYKOROZYJNA
Huggies	HUGGIES Pieluchomajtki Little Movers Pants 5 (12-17 kg) Jumbo Pack 3x34szt
Venom	POT??NA MYJKA CI?NIENIOWA VENOM POMPA ALUM-MOSI??NA ZWIJACZ ZESTAW 10w1
Sapphire	ORBI-TREK treningowy stacjonarny fitness do domu TRENA?ER cichy ELEKTROMGN
Velvet	KRZES?O TAPICEROWANE WELUROWE VELVET DO SALONU KUCHNI JADALNI LUMINES SZARE
Majster Pro	DMUCHAWA SPALINOWA OGRODOWA ODKURZACZ z ROZDRABNIACZEM LI?CI + OLEJ MP0078
G tze & Jensen	Gofrownica G TZE & JENSEN DW900 1600W LCD
Verda	REDUKTOR REDUKCJA DO PALNIKA GAZOWEGO PALNIK GAZOWY BUTLI PROPAN BUTAN
Sense7	Stela? Elektryczny do Biurka Nogi SENSE7 Rama Biurka elektrycznego czarna
Wafi	Karma Mokra Dla Psa Wafi Kawa?ki Mi?sa w Sosie 24x415G Puszka Owczarek
Mareani	Deska Sedesowa WC Wolnoopadaj?ca Uniwersalna do KO?O ROCA CERSANIT
Daewoo	Agregat pr?dotw rczy Generator DAEWOO GDA 8500E 7.5kW 18KM 230V E-start AVR
Bosch	Pralka BOSCH WAN2827FPL 9 kg 1400 obr Para EcoSilence Drive SpeedPerfect
No brand on Allegro	Panele Winylowe Samoprzylepne 5 m  JASNY BR?Z Deski PARKIET Wodoodporne
Gillette	"Gillette Fusion5 Wk?ady do maszynki do golenia dla m??czyzn, 24 sztuki"
Pampers	"Pampers Active Baby, pieluchy rozmiar 6, 13-18 kg, 96 sztuk"
Bankietowo	ST ? OGRODOWY SK?ADANY ROZK?ADANY CATERINGOWY BANKIETOWY 200x90cm walizka
Swederm	3x Krem do r?k Hud Salva hipoalergiczny 100 ml Swederm Hudsalva Sensitive
bez marki	TABORET PRYSZNICOWY KRZES?O PRYSZNICOWE POD PRYSZNIC STO?EK DO WANNY MOCNE
Clavier	Frezarka Clavier FX 830 65W Czarna
Autel	TESTER DIAGNOSTYCZNY AUTEL MK906S PRO TS MaxiCOM CZUJNIKI TPMS Dealer 2024r
XMaster	BEZSZCZOTKOWY KLUCZ UDAROWY NASADKOWY AKUMULATOROWY 1/2 DO K ? ZESTAW
Ironpack	ETYKIETY TERMICZNE BIA?E 100X150 500SZT ZEBRA PERFORACJA KARTON 24rolki
Meaco	Hybrydowy osuszacz i oczyszczacz powietrza Meaco Arete Two 25L Wi_Fi
Philips	BEZPRZEWODOWA ELEKTRYCZNA MASZYNKA DO GOLENIA GOLARKA PHILIPS DO ZAROSTU
Gillette	Gillette Mach 3 ostrza wk?ady no?yki zestaw z maszynk? do golenia 12 sztuk
Medica Herbs	"Ostropest Karczoch Mniszek, Medica Herbs 3x60kap Trawienie Wsparcie w?troby"
Foxy	Chusteczki higieniczne bezzapachowe Foxy Mega 2 warst. 200 szt.
Foxy	Chusteczki higieniczne w pude?ku 200 bezzapachowe Foxy Mega 2 warstwy 16szt
Foxy	Chusteczki Higieniczne Kosmetyczne Foxy Mega Kartonik 8x200szt (1600szt.)
Rhino	PIANKA NISKOPR??NA Pistoletowa 750ml CA?OROCZNA PIANA MONTA?OWA Zestaw
Nokian Tyres	4x opony ca?oroczne 195/65R15 Nokian SEASONPROOF 2
Samsung	"Telewizor QLED Samsung QE65QN92F 65"" 4K UHD czarny"
Krause	Drabina aluminiowa 3x14 KRAUSE PROFESSIONAL+TRIGON
Golden Pharm	Glistnik G rski Ekstrakt Mocny ?urzajki Brodawki Modzele W? kniaki 10ml
Hikmicro	Monokular Termowizyjny Kamera Termowizyjna Termowizor Hikmicro Lynx LE10S
Nestl 	Mleko modyfikowane Nestle NAN Optipro Plus 4 - 800 g data wa?no?ci 04.2027
Tracmax	"195/65R15 Tracmax X-privilo S130, nowe zimowe"
No brand on Allegro	"Autoklaw medyczny kosmetyczny stomatologiczny 8L SUN z drukark?, klasa B"
Apple	MacBook Pro14 M4 Pro(14+20) 48GB/1TB -Czarny
Faq	FAQ 202 i Etui podr ?ne FAQ 200 Pakiet
Bio Herbs	MAGNEZ z B6 3 FORMY CYTRYNIAN MLECZAN JAB?CZAN 100
Kinderplay	INTERAKTYWNA DU?A LALKA BOBAS ?PIEWA I M WI PO POLSKU 45CM SMOCZEK
Mebel Elite	Krzes?o Tapicerowane Welurowe Kuchenne Do Jadalni Salonu Loft Szare PERU
K2	Wk?ady do zniczy OLEJOWE znicze do 72h ECO K2 20sz
Yanosik	YANOSIK GTR ULTRA + 3 lata abonamentu + kubek
Hager	HAGER RCCB Wy??cznik r ?nicowopr?dowy 1P+N 40A 30mA 6kA Typ A CDA240J
Pereko	PEREKO QM PELL EVO 18 kW KOCIO? PIEC NA PELLET Z ZASOBNIKIEM 5. KLASA
Stanley	Ta?ma Pomiarowa
D?bica	4x D?BICA 215/60R17 96H Frigo SUV 2 zimowe 2025 r
MIGOgroup	Pieprz Czarny ZIARNO - 1kg - MIGogroup
Rode	Biobakt Tabletki Preparat ?rodek do szmba oczyszczalni Szamb Sanidenn 52szt
Etika	ODKURZACZ BEZPRZEWODOWY PIONOWY R?CZNY 3w1 BEZWORKOWY ELEKTROSZCZOTKA LED
Victoria Vynn	PHARM FOOT onyPLASMA PREPARAT NA ONYCHOLIZ? Z COLOSTRUM 15ml
Sutricon	"Sutricon, ?el silikonowy na blizny, 15ml"
No brand on Allegro	SANKI METALOWE Z OPARCIEM Z MATERACYKIEM DLA DZIECI PODN ?KI - GRANATOWY
Kumho	4 x Kumho WinterCraft WP52+ 185/65R15 88 T EV 3PMSF opona zimowa
Sony	KONSOLA SONY PS5 SLIM BLURAY 1TB ASTRO BOT
PPG Sigma Coatings	ZYWICA EPOKSYDOWA Farba na beton ZESTAW 120m KOLOR
Nutrena	Karma dla kur niosek Nutrena KURKA NATURKA kruszonka 25kg
3M	"PODK?AD POD PANELE NA OGRZEWANIE POD?OGOWE MATA KWARCOWA 3mm PRINZ 5,5m2"
D?bica	1x D?bica Frigo HP2. 205/55R17 95V
Apple	"Apple iPad 10,9"" , 10.gen. , 256GB , WiFi"
Kormoran	1x 245/45R18 Kormoran Snow 100V NOWE ZIMA
Cleo	Norsa Pharma Nucleoplex (45kaps)
Lumenix	10x Panel LED Oprawa Rastrowa 60x60cm 595x595mm 50W Kaseton CCD Sufitowy
Evolution	Pilarka sto?owa Evolution R255TBL+ 255mm 1800W + stojak st ?
Inspirum	Sztukateria ?cienna poliuretanowa bia?a SL03
Baseus	S?uchawki bezprzewodowe Baseus Inspire XH1 Sound by Bose ANC Dolby Audio
Aga	Toaletka kosmetyczna z lustrem i o?wietleniem + taboret Bia?y mat AGA
Brother	BROTHER DCP-T420W 3w1 WiFi A4 TUSZE InkBenefit+
Wuber	WIERTARKO-WKR?TARKA AKUMULATOROWA BEZSZCZOTKOWA 2xBATERIA ?ADOWARKA ZESTAW
Katrin	R?cznik ZZ w sk?adce H3 KATRIN 35298 4000 listk w
Katrin	R?cznik papierowy 2 warstwy KATRIN sk?adany ZZ 4000 listk w
Corega	3x Corega Super Mocny Klej mocuj?cy do protez z?bowych smak Mi?towy
Lovela	Zestaw Lovela P?yn hipoalergiczny do p?ukania tkanin dla dzieci 2 x 2 l
Lovela	Lovela P?yn do p?ukania tkanin hipoalergiczny dla dzieci 2 x 2 L
Global Food	ORZECHY NERKOWCA 1kg (1000g) PO? WKI NERKOWCE Naturalne
Metabo	SFD Berberyna HCL METABOLIZM ODCHUDZANIE BERBERINE 90 tabletek
Fanfaro	FANFARO Dexos2 5W30 5L - OLEJ OPEL CHEVROLET GM
Kerch	CZY?CIK WIELOFUNKCYJNY MOP PAROWY MYJKA KERCH PRESTO BLACK 3000W 4BAR
NAC	BIE?NIA ELEKTRYCZNA SK?ADANA POD ? ?KO WEEP REGULOWANY K?T NACHYL. 12km/h
Allnutrition	ALLNUTRITION ALLNATURE ERYTRYTOL 1 KG ERYTROL S?ODZIK ZAMIENNIK CUKRU
Pampers	Pieluchy PAMPERS Premium Care Rozmiar 1 (72 szt.)
MGA	KAMPER CAMPER ZABAWKOWY DU?Y LOL Surprise Glam N' Go Camper 50+ SUPRISES 3+
Martius	KLOCKI MAGNETYCZNE DLA DZIEWCZYNKI 213 SZE?CIANY KONSTRUKCYJNE ZAMEK PIXELE
Clavier	Clavier Frezarka do paznokci FX 600 Rose Gold 65W
Aflofarm	"Delicol, enzym laktaza, krople dla niemowl?t na kolk?, 15 ml"
Health Labs Care	Health Labs FeMe Complex wysokoprzyswajalne ?elazo Laktoferyna 60 kapsu?ek
Z.P.H. JAN	SIATKA OGRODZENIOWA wys 150cm le?na 50MB 150/10/30 L pola sady lasy budowa
Sanofi	Essentiale Max 600mg 30 kapsu?ek na w?trob?
bez marki	NAJMOCNIEJSZA Przecinarka do Styropianu styroduru gilotyna MINOVA PRO 260W
No brand on Allegro	1000 ROBUX
E-Sezon	SANKI METALOWE Z OPARCIEM MATERACYKIEM PODNOZKI PAS BEZPIECZENSTWA S7
Tech Sterowniki	STEROWNIK REGULATOR LISTWA STERUJ?CA OGRZEWANIEM 4 SEKCJE STREFY L-4X WiFi
Stanley	ZESTAW 4 ELEKTRONARZ?DZI
Klasek	SUPER WYRZUTNIA FAJERWERK W NA WESELE SYLWESTRA ?LUB 130 STRZA? W
Samsung	Samsung Galaxy S21 Ultra 5G 12/256GB Phantom Black
SodaStream	SATURATOR SODASTREAM TERRA BLACK Z 2 BUTELKAMI + PEPSI + PEPSI ZERO + 7UP
Seni	Pianka myj?co-piel?gnuj?ca SENI CARE 2 szt.
click4TOYS	KLOCKI MAGNETYCZNE KONSTRUKCYJNE DU?E PANELE 3D 106 el MAGNETIC
Philips	Philips H7 X-TREME VISION PRO150 +150% WI?CEJ ?WIAT?A SUPER MOCNE + GRATIS
JBL	JBL Tune 245NC S?uchawki Bezprzewodowe dokana?owe douszne Bluetooth
SILVER SHARKY	POKROWIEC MATA ANTYSZRONOWA NA PRZEDNI? SZYB? MAGNETYCZNA + GRATIS
KitchenAid	"Robot kuchenny planetarny KitchenAid Artisan 5KSM125EER czerwony misa 4,8 L"
Gigabyte	Laptop Gamingowy Gigabyte Gaming A16 i7-13620H 16 GB 1 TB RTX 5060 165 Hz
Patriot Memory	Pami?? RAM PATRIOT DDR5 32GB (2x16GB) 6000MHz CL30 Viper Venom RGB
DeWalt	DEWALT DCS355N MULTI-TOOL NARZ?DZIE WIELOFUNKCYJNE AKU BEZSZCZOTKOWE 18V
Holzstar	PI?A UKO?NICA Z POSUWEM 2000W KGZ 305 E I HOLZSTAR 5702306
Bedee	KONSOLA DO GIER RETRO 2 PADY GAME STICK 20000 GIER KONTROLER BEZPRZEWODOWY
No brand on Allegro	Zestaw Olejek Duszek 20ml i Balsam Krakacz 50ml niezb?dnik
Scheppach	Pi?a uko?nica Scheppach HM140L 2000 W 305 mm
Cedrus	TRAKTOREK OGRODOWY KOSIARKA SAMOJEZDNA RIDER CEDRUS C-TRAC 65MC 224CM3 7KM
Walter	"Kompresor t?okowy WALTER GK 880 -5,5/270 270L"
Kormoran	Opona zimowa 225/65R16 C KORMORAN Vanpro Winter 2025
No brand on Allegro	Str j Miko?aja Miko?aj Kostium ?wi?tego Miko?aja 3XL
Apple	SMARTFON APPLE IPHONE 13 256GB WYB R KOLOR W
AAVALABS	"Omega 3 + witamina E   serce, m zg, kwasy EPA DHA 120 kaps"
WD	Statuetka odlew r?ce D?ONIE podzi?kowanie wdzi?czno?? 23cmOPIS
INDEX BHP	KURTKA ROBOCZA OCIEPLANA zimowa ODBLASKOWA kaptur SCALA PROCERA
Bridgestone	2 x Bridgestone Blizzak 6 235/60R18 107 V XL ENLITEN 3PMSF opona zimowa
Craftman	GITARA KLASYCZNA AKUSTYCZNA 3/4 DLA POCZ?TKUJ?CYCH 34
Kimbo	Kawa ziarnista KIMBO ESPRESSO CLASSICO 1 kg + gratis VIDEOBOOK
Ceat	4x Opony zimowe 205/55R16 91H WinterDrive CEAT
TENA	Wk?adki urologiczne dla m??czyzn na nietrzymanie moczu TENA Men Level 1
Lefrosch	CAPITIS DUO Szampon 110 ml
Swanson	Swanson Olej z oregano Ekstrakt Odporno?? 120 kaps Antyoksydant Biegunki
Hill's	Hill's PD Thyroid Care y/d Sucha karma dla kota nadczynno?? tarczycy 3kg
Sandezia	"Sandezia 10kg   sucha dezynfekcja kurnika, obory i chlewni, wirusy bakterie"
Thunder	Piec na pellet wolnostoj?cy 15kW piecyk kominek termostat zestaw Thunder
Rebel	Hantel ?eliwny regulowany gumowany obci??enie 24 kg hantle ?eliwne Rebel
Dromader	SEKRETY ELEKTRONIKI Du?y ZESTAW 500 Eksperyment w DO?WIADCZE? ELEKTRONIK
Knott	ORYGINALNE SZCZ?KI OK?ADZINY KNOTT B?BEN 200X50 VGB10 VGB13 VGB15 KK6282S
Motul	OLEJ MOTUL 8100 X-CLEAN EFE 5W-30 6L
Clavier	Lampa do paznokci dual LED UV hybrydy ?ele Clavier Q100 lustrzane dno 48W
Adamed	Tadalafil Maxon 10 mg 4 tabletki
Scheppach	Traktor Ogrodowy Spalinowy Kosiarka Samojezdna SCHEPPACH Traktorek MR230-61
Panasonic	40x NAJMOCNIESZE baterie alkaliczne PANASONIC POWER LR6 AA d?uga wa?no??
Marinex	BioMarine Medical Immuno & Neuro Lipids (?spm) 200ml Marinex omega-3
Zelmer	Maszynka do mielenia mi?sa Zelmer ZMM1535B 1500 W bia?a
Nothing	Smartfon CMF by Nothing Phone 2 Pro 5G 8/128GB Black 120Hz
Mountain Goat	TERMOS TURYSTYCZNY NA HERBAT? KAW? PR ?NIOWY SZCZELNY STAL NIERDZEWNA 1L
Xiaomi	Xiaomi 15T 5G 12/256GB R ?owo z?oty - Rose Gold
Health Labs Care	HEALTH LABS OmegaMe Omega 3 EPA i DHA 60 szt
D?bica	1x OPONA ZIMOWA 175/65R15 D?bica Frigo 2 84T
Electo	LAMPKI CHOINKOWE 1000 LED BIA?E CIEP?E 70m WEWN?TRZNE ?WI?TECZNE 8 TRYB W
Epee	Malowanka Epee Pracownia z pod?wietlan? tablic? dla dziewczynek 6 lat +
?pijZdrowo	Materac 140x200 kokos NATURAL MAX exclusive 24 cm
AGP	WIERTNICA AGP DM52D 1800 MIKROUDAR Przed?u?ka Wiert?o Korona 62mm
Moderno Meble	Wygodny naro?nik z funkcj? spania Bjorn w welurze
Ekspand	Toaletka z lustrem kosmetyczna BIURKO 12 LED do makija?u TL08/BL808 BIA?A
GoodMajster	?UPARKA DO DREWNA Hydrauliczna indukcyjna STOJAK R?BAK GoodMajster HLS760
Cleverclixx	CLEVERCLIXX - KLOCKI MAGNETYCZNE LARGE RACE TRACK PASTEL - 80 EL.
Oppo	Smartfon OPPO Find X9 12/512 GB Tytanowy
Huawei	Huawei Watch D2 Z?oty (Witte Pasek)
Koszyk-Zdrowia	BOX PREZENTOWY Z HERBAT? i dodatkami zestaw upominkowy z czekolad?
Wavin	Wavin rura wielowarstwowa PE-RT/AL/PE-RT Tigris 16x2mm (600M)
Deenzy	KLOCKI MAGNETYCZNE XXL DU?Y ZESTAW 3D DLA DZIECI 109 SZT SAMOCHODY + TORBA
ZeeTech	APARAT NATYCHMIASTOWY CYFROWY DLA DZIECI Z DRUKARK? + KARTA 32GB + 14 ROLEK
Zilner	ZESTAW GARNK W INDUKCJA / GAZ GARNKI MARMUROWE KOMPLET GARNK W MARMURKOWYCH
AJKmeble	? ?ko lewituj?ce PERU 160x200 stela? metalowy podnoszony
Epee	EPEE Counter Ball   Interaktywna Licz?ca Pi?ka do Kapkowania i Treningu
Garett	Smartwatch GARETT Kids Essa 4G R ?owy
Koanni	MOCNE RACZKI rozm. L 41-45 NAK?ADKI NA BUTY KOLCE ?A?CUCHY - 19 Z?B W -
Frosch	Frosch Sodowe Tabletki do Zmywarek All in 1 50szt
Malatec	Masa?er do St p z Podgrzewaniem MALATEC Shiatsu do Masa?u N g Wibracyjny
Maltec	GRZEJNIK ELEKTRYCZNY KONWEKTOROWY SZKLANY ECO LED WIFI TERMOSTAT KONWEKTOR
Konighoffer	SUSZARKA Balkonowa na Pranie STALOWA SOLIDNA Konighoffer Spring 174x61x108
Cedrus	Kosiarka spalinowa Traktorek Tylny wyrzut Kosz 18KM CEDRUS C-TRAC 103HC
KUDDA	ZESTAW 4 GUMY DO ?WICZE? POWER BAND guma mocna ta?ma oporowa fitness KUDDA
Yoer	Nawil?acz powietrza automatyczny Yoer 5w1 Oczyszcza Jonizator +Aromaterapia
Michelin	4x Michelin 205/55 R16 CROSSCLIMATE 3 H 91H opona WIELOSEZONOWA
Lehmann	SZLIFIERKA DO GIPSU ?YRAFA G?ADZI TYNK W LED Z ODSYSEM PAPIER WALIZKA WOREK
bez marki	Wk?ady do zniczy ca?oroczne Szafir 4 17cm
Vanish	Vanish Multi Action Pink&White Odplamiacz w p?ynie do kolor w+bieli 2x3L
Honda	Agregat Pr?dotw rczy Honda EU32i Jednofazowy Cichy 2.6kW Olej + Przegl?d
No brand on Allegro	Olej do ?a?cuch w prowadnic 5L EKO-PIL do pilarek pi? oryginalny
Philips	Philips Sonicare Prestige 9900 szczoteczka soniczna granatowa A3 HX9992/42
Pampers	"Zestaw Pampers Pants Pieluchomajtki, 17kg+, rozmiar 8, 3 x 32 sztuki"
Sony	Gamepad Sony DualSense Chroma Teal do PS5 bezprzewodowy zielony
No brand on Allegro	19x1kg Karma dla psa baton PREMIUM HASAN 90% mi?sa mokra wo?owa + GRATIS
Posciel-Hurt	Komplet po?cieli 160x200 gruba Polska bawe?na 100% du?o wzor w - certyfikat
Barum	4x Opona zimowa Barum POLARIS 6 205/55R16 91H
Lotos	Olej silnikowy mineralny Lotos Turdus 20l 15W-40
Beko	P?YTA GAZOWA DO ZABUDOWY BEKO HIBG64120SB
ARSA GO	KUBEK TERMICZNY DU?Y TERMOS Z USTNIKIEM 420ML LCD DO PICIA STALOWY
Tagred	MEBLE GARA?OWE PROFESJONALNY REGA? SZAFKA NARZ?DZIOWA 19 SZUFLAD + GRATIS
Impor	Krzes?o Krzes?a Sk?adane Czarne
LauroCann	Ma?? laurowa konopna 20% na b le 250ml laurowo-konopna mocna
Gre-Max	Prze?cierad?o JERSEY z gumk? 180x200 POLSKIE GRUBE
No brand on Allegro	Synteza Lechia Spray 500 ml lakier do w?os w
Orlen Oil	TURDUS SHPD 15W40 20L ORLEN
GoodMajster	"ZAG?SZCZARKA GoodMajster 130kg 7HP REWERS W ZEK RATO + OLEJ + MATA, UBIJAK"
Gigabyte	Laptop Gigabyte GAMING A16 Ryzen 7 260 32GB 1TB SSD Win11 RTX5060 165Hz
Gigabyte	Laptop Gigabyte GAMING A16 i7-13620H 32GB 1TB SSD M.2 Win11 RTX5060 165Hz
Mebel Elite	Fotel masuj?cy - Visita Max (czarny)
Reeg	Kompresor samochodowy pompka elektryczna spr??arka REEG Air pump PRO
Pakova	TA?MA pakowa BR?ZOWA 48/100y Ta?ma klej?ca PAKOVA Zestaw 36 szt
Nokian Tyres	1x opona zimowa 235/55R19 Nokian Snowproof 2 SUV
Colostrum Polska	COLOSTRUM JUNIOR Z PROBIOTYKIEM CUKIERKI DLA DZIECI 80 szt.
Cronen	PUFA SAKO OXFORD XXXXL + GRATIS MEGA WOREK FOTEL WODOODPORNY PUFY SIEDZISKO
NAC	"Symphar NaCl 0,9%, 50 ampu?ek po 5 ml"
TM Toys	Gra planszowa Milionerzy Eko Wyzwanie Doro?li vs Dzieci TM Toys
Vredestein	4x OPONY ZIMOWE 245/50R20 Vredestein Wintrac Pro+
NAC	Bie?nia elektryczna sk?adana pod ? ?ko 1-15 km/h nachylenie aplikacja 120kg
Milwaukee	Milwaukee ONEFHIWF34 -0X Klucz Udarowy 2034NM Nasadki adaptery MOCNY
KREOleo	MOCNA LATARKA TAKTYCZNA LED AKUMULATOROWA ZOOM SURVIVALOWA NA PREZENT USB C
Sony	PLAYSTATION 4 PS4 1TB/1000GB HDR + PAD GRA GTA V
Monin	Syrop do kawy MONIN GINGERBREAD - piernikowy 700 ml jesienno-zimowy
Davidoff	Kawa rozpuszczalna Davidoff Rich Aroma 100g - 100% Arabica
Simpsons Premium	"Simpsons Premium Sensitive karma dla ps w wra?liwych, jagni?cina 2x 12kg"
Kowal Polska	"AGREGAT PR?DOTW RCZY 10,3kW el-start licznik godzin mied? stojan KowaL AVR+"
Ironpack	FOLIOPAKI KURIERSKIE XL Mocne FOLIOPAK 500x600 50szt
Eko-Higiena	3x R?CZNIK FRYZJERSKI BARBERSKI CELULOZOWY EXTRA GRUBY ROLKA 27cm 70gm2
LEK-AM	Zestaw Biosteron 25 mg 2 op. x 60 tabletek 120 tabletek
Google	Telewizor CHiQ 32 cale LF32FT Smart TV Full HD HDR10 Google TV Dolby Audio
No brand on Allegro	MAGNETYCZNA GRA W SZACHY KAMIENIE MAGNETYCZNE GRA EDUKACYJNE ZESTAW 60Kulek
De Heus	Nioska kruszonka Pasza karma dla kur niosek kruszonka 25kg
Todomi	TODOMI SZCZOTECZKA SONICZNA DO ZEBOW ELEKTRYCZNA 8 KONCOWEK WIELE TRYBOW
Motohobby	DYWANIKI KORYTKOWE DOPASOWANE KOMPLET GUMA PREMIUM
Aliness	Aliness WITAMINA C Plus Z CYNKIEM cynk RUTYNA
S?odkie Zdrowie	SPIRULINA i CHLORELLA 2000 tabletek 500g zestaw
Lenovo	"Laptop 2w1 Lenovo Yoga 7 14"" Ryzen AI 7 350 Touch 32GB 512SSD W11 rysik"
Tytan	TYTAN 60 SEKUND PIANO KLEJ UNIWERSALNY SZYBKI 750ml PIANA PIANKA
Heckmann	Podno?nik jednokolumnowy blacharsko lakierniczy
K-SPORT	Drabinka gimnastyczna+dr??ek do podci?gania/por?cz dla dzieci i doros?ych
No-Pest	BOMBA NA PLUSKWY KARALUCHY PAJ?KI FOGGER NO PEST 400ML GRANAT ULTRA MOCNA
Klasek	WSPANIA?A WYRZUTNIA FAJERWERK W 100strz 20mm SUPER NA IMPREZ? ?LUB SYLWESTR
Heisberg	MATERAC 140x200 BIS pocket stref SUPER TWARDY 3X KOKOS H4/H5 23 cm HEISBERG
bez marki	Boss Energy Power 2 tabletki na potencj? erekcj? erekcyjnedla m??czyzn
Apple	ORYGINALNA ?ADOWARKA SZYBKA DO APPLE IPHONE 20W+KABEL USB-C LIGHTNING 1M
Toolme	PODNO?NIK PNEUMATYCZNY Samochodowy BA?WANEK 3.5T 3500kg ?aba Toolme TM004
Microsoft	Sensor ruchu KINECT 2.0 + ORYGINALNY ADAPTER Microsoft XBOX ONE S / X PC
RUCKEN	Materac 160x80 do ? ?eczka piankowy dzieci?cy twardy 80x160 cm dla dziecka
Epee	ZAB EPEE Sekretki Sekretna Pracownia Zawieszek
Sherman	Spawarka MIG 200 SMART z w zkiem SHERMAN 3w1 MIG/MAG MMA TIG
Nivel System	Laser krzy?owy niebieski cl4b laser 360 NIVEL poziomica laserowa zestaw
Higher	Taczka OGRODOWA budowlana spawana stalowa HIGHER 120L 210kg metalowa
bez marki	Bia?a Listwa Przypod?ogowa Poliuretanowa LPI-10 Twarda Wodoodporna
Kimbo	Kawa ziarnista Kimbo Espresso Bar Extra Cream 1kg
Mova	2X Suszarka do w?os w Mova Flip 10 1600W bia?a
Butcher's	"Karma mokra dla kota, zestaw na miesi?c Butchers Delicious Dinners 30x400g"
Yato	SZAFKA W ZEK WARSZTATOWY NARZ?DZIOWY YATO YT-55307 185 EL NA K ?KACH
GALAXIA	MINI DRUKARKA DRUKU? TERMICZNA APARAT NATYCHMIASTOWY DLA DZIECI i 13 ROLEK
SunWood	Panel ?cienny na P?ycie 275x46 Lamele Dekoracyjne PREMIUM D?B R ?ne Kolory
Kormoran	1x Kormoran SNOW 225/40R18 92V
Mova	Robot Sprz?taj?cy MOVA V50 Ultra Complete Akcesoria Worki 24000 Pa Kamera
Steam	Karta podarunkowa Steam - 70 z?
Nokian Tyres	4 x Nokian Snowproof 2 225/55R17 97 H 3PMSF opona zimowa
Dreame	Robot sprz?taj?cy Dreame L40S Pro Ultra 5200mAh LDS do 170min bia?y
AA Wings of Color	AA WINGS OF COLOR Star Secrets Paleta do konturowania
Grafen	Piana monta?owa Grafen PISTOLETOWA ca?oroczna -10 C izolacyjna 750 ml
Spacecase	UCHWYT DO SAMOCHODU NA TELEFON KRATK? NAWIEWU SAMOCHODOWY DO KRATKI MOCNY
Venom	MOCNA KOSIARKA SPALINOWA VENOM 51CM STALOWA OBUDOWA NAP?D 200CC MULCZOWANIE
Alcolife	Alkomat ALCOLIFE F8 POLICYJNY bezustnikowy elektrochemiczny kalibracja 12m
Grzybek	MIX BOROWIK+PODGRZYBEK GASTRO 500g ZBI R 2025 PL Atest grzyby suszone
Roto	Proton Labs NAC 250 g W PROSZKU 99.52% czysta N-ACETYLO-L-CYSTEINA Detoks
Solstro	Okno dachowe 3 szybowe AAY 78x140 + ko?nierz falisty TFX lub p?aski LSX
Gigabyte	Karta graficzna Gigabyte Radeon RX 9070 XT GAMING 16GB GDDR6 256bit FSR
Kol-pol	MIGDA?Y 1kg Ca?e orzechy Kalifornijskie naturalne ?wie?e jako?? Kol-Pol
Chovery	Robot sprz?taj?cy Chovery CL1 bia?y
Pan Mi?sko	Pan Mi?sko Wo?owina z Kozin? 20kg M
Kan-therm	Rura Kan-Therm BLUE FLOOR EVOH 16x2 mm - 600MB
Atota	"Gra Imprezowa Spierdolada 18+, na prezent"
Lenovo	LENOVO Yoga Slim 6-14 i5-13500H/16GB/512GB/14'' OLED/W11
Ampere Point	?adowarka do EV Typ 2
Zilner	KOMPLET GARNK W MARMUROWYCH GARNKI MARMURKOWE ZESTAW INDUKCJA/GAZ
PSG	W ZEK W ZKI ROLKI DO BRAMY PRZESUWNEJ 80x80 ZESTAW DO SZYNY 80 ROLKA UCHWYT
Termoplaza	Promiennik podczerwieni z termostatem 950W do 25m2 energooszcz?dny grzejnik
PPG	Lakier bezbarwny PPG Deltron D800 + utwardzacz D802
Koanni	MOCNE RACZKI rozm. M 36-40 NAK?ADKI NA BUTY KOLCE ?A?CUCHY - 19 Z?B W -
Wertec	R?CZNA PRZECINARKA DO GLAZURY CERAMIKI TurCut 1200mm WT-TUR12 WERTEC
Rafi	Aparat Cyfrowy Dla Dzieci Natychmiastowy Fotograficzny Z Drukark? + WK?ADY
Apple	SMARTFON APPLE IPHONE 15 PRO 8GB / 512GB
Samsung	Odkurzacz pionowy Samsung VS20C954FTB/GE czarny
Toolme	INWERTOROWY AGREGAT PR?DOTW RCZY GENERATOR Miedziany AVR inverter 2500W
bez marki	CHOINKA SZTUCZNA JAK ?YWA ?WIERK KAUKASKI PREMIUM 250 CM G?STA + STOJAK
Mannol	MANNOL CERAMIC 7720 5W30 olej silnikowy 5L
Higher	"Drabina aluminiowa wielofunkcyjna z opcj? na schody 3x9 HIGHER 5,06m 150kg"
PanKornik	W?DZARNIA DREWNIANA OGRODOWA Z PALENISKIEM 2XL KOMPLETNY ZESTAW W?DZARNICZY
No brand on Allegro	REGA? METALOWY czarny magazynowy 200x400x50 do gara?u piwnicy biura DODAS
Smartled	Halogen Na?wietlacz LED 50W 4500K Reflektor Zewn?trzny Ogrodowy Wodoodporny
Ausom	Ausom L1 Pojazd Elektryczny 1100W Moc szczytowa 15.6Ah 70km 45 km/h NFC
Himalaya	"Himalaya Sparkly White Wybielaj?cy P?yn do P?ukania Jamy Ustnej, 450 ml"
MUFART	St ? z Krzes?ami Nowoczesny Styl Do Kuchni Jadalni Salonu 4 krzes?a ATTE
Allbag	ETYKIETY TERMICZNE BIA?E 100x150 mm 65GSM SAMOPRZYLEPNE PERFORACJA 24 ROLKI
Mebel Elite	St ? Do Kuchni Jadalni Salonu Okr?g?y Rozk?adany Kuchenny Rustykalny LUKAS
Science in Sport	SIS ?EL ENERGETYCZNY MIX SMAK W Variety
Green Touch	Podzi?kowania dla GO?CI KOMUNIA chrzest s?odycze
Muduko	WIRUS rodzinna familijna imprezowa gra karciana
Tagred	SZAFA WARSZTATOWA SOLIDNY DU?Y PRO W ZEK NARZ?DZIOWY JUMBO 12 SZUFLAD 541el
Granitan	Zlewozmywak granitowy DWUKOMOROWY TWIN Zestaw zlew bateria syfon GRATIS
Siarkopol	Naw z Siarkopol Ogr d 2001 uniwersalny jesienny 25 kg
Kormoran	1x Kormoran ALL SEASON 205/55R16 91V
Stanley	Agregat pr?dotw rczy przeno?ny tr jfazowy generator
bez marki	R?cznik do r?k ZZ V-Fold do dozownika 10 sztuk. bia?y 100% celuloza
Yokohama	YOKOHAMA 245/45 R18 BLUEARTH'WINTER V906 100V RG opona ZIMOWA
Strefa Spania	PODUSZKA 70x80 2-PACK CLASSIC ANTYALERGICZNA + ZAMEK REGULACJA WYSOKO?CI PL
LG	Ci??arki Czarne Klejone do Felg ALU 100 pask w 5g Fivestars
Tefal	Zestaw garnk w Tefal Ingenio Emotion L8964S44 stal nierdzewna 4 el.
Tagred	SPR??ARKA KOMPRESOR BEZOLEJOWY MOCNY WYDAJNY 9L 1100W DWA T?OKI R2
Velvet	? ?ko 120x200 tapicerowane z zag? wkiem i stela?em MONTREAL VELVET szare
Lenovo	Lenovo Ideapad Slim 3-15 Ryzen 5 7533HS 24GB 512GB Pod?w. klaw. Win11Home S
Continental	1x opona ca?oroczna 215/60R18 Continental AllSeasonContact 2
Springos	CHOINKA JOD?A ZIELONA G?STA SZTUCZNA 220cm STOJAK PREMIUM JAK ?YWA + GRATIS
Bebilon	Bebilon Prosyneo HA 3 mleko modyfik pow. 1r?. 400g
ZeeTech	APARAT NATYCHMIASTOWY CYFROWY DLA DZIECI Z DRUKARK? + KARTA 32GB + 14 ROLEK
Lehmann	ODKURZACZ PRZEMYS?OWY BEZWORKOWY GNIAZDO Z OTRZ?SACZEM PY?U GIPSU 3500W 30L
Natu Care	Kwas Mas?owy Ma?lan Sodu 1200 mg Jelita 90 Szt Kapsu?ek Na Jelita Trawienie
Kendamil	"Kendamil Premium Box 3 HMO+, 600 g"
ZEIT	"PRZEW D P?ASKI KABEL YDYp 3x2,5 750V 100m"
Apple	Smartfon Apple iPhone 13 256GB R ?owy
Hisense	"Telewizor HISENSE 55E79Q Pro 55"" QLED 4K 144Hz VIDAA LED"
Whirlpool	Pralka WHIRLPOOL FFB 9258 SV PL 9kg 1200obr. 6.Zmys? FreshCare+
SEYSSO	Irygator do z?b w SEYSSO Edge Nova White bezprzewodowy bia?y
Brit	BRIT Mono Protein Mokra karma dla psa MIX smak w 12x400g BEZ BATAT W
Trec	TREC TESTOXXX 60 KAPS BOOSTER TESTOSERON
Tagred	Meble gara?owe warsztatowe rega? szafka narz?dziowa warsztatu blat inox 3D
Zielana	"KOMPLEX ZIO?OWY 50ml ZIELANA kompleks zio?owy, pio?un orzech"
bez marki	Prze?cierad?o FROTTE z gumk? 160x200 PREMIUM GRUBE POLSKIE
KFD	KFD od?ywka bia?kowa WPC 80 proszek 750 g podw jna czekolada regular
Nutrisslim	Detoks Belly Burn z Chlorell? & Ostropestem Plamistym  Nature s Finest 125g
bez marki	Znicz Solarny PARIS LED Fotowoltaiczny Srebrny 23cm Efekt ?ywego P?omienia
Amway Home	"Odplamiacz przed praniem spray Amway Home 0,4 l -2szt"
No brand on Allegro	Koncentrat p?ynu do spryskiwaczy zimowy -80C GUMA BALONOWA 5L.
Aliness	ALINESS Taurynian magnezu 100 mg + B6 100 kaps
Yankee Caffee	Kawa ziarnista Do ekspresu 1kg 100% Arabica Arabika ?wie?o palona Brazylia
Liqui Moly	LIQUI MOLY 21838 AdBlue Ad Blue DEF Anti Cristal Dodatek do paliwa ADBLUE
Argo	"Ok?adki Express 4,5mm oprawa dokument w NIEBIESKIE"
Kospel	BOJLER DWUP?ASZCZOWY 140L KOSPEL WP-140 ZBIORNIK CIEP?A WODA WYMIENNIK WP
Castelo	GITARA KLASYCZNA AKUSTYCZNA 4/4 DLA POCZ?TKUJ?CYCH AKCESORIA GRATISY KOSTKI
Rode	Pufas Spray preparat ple?niob jczy 1l niemiecki ?rodek na grzyby 1000 ml
Dragon	S l drogowa 20 kg CHLOREK SODU dragon
Smartled	Halogen LED Statyw Budowlany Na?wietlacz 3x 100W 33000lm Lampa Na Stojaku
Philips	Philips One Blade maszynka do golenia
Materazzi	Materac 140x200 BARDZO TWARDY kieszeniowy H5 pocket 7 stref
Oppo	Smartfon Oppo Reno 14 FS 5G 12/512GB NFC Dual SIM AI Niebieski Opal Blue
Flama	Kominek kaflowy piec wk?ad kominkowy wolnostoj?cy koza ELDUR cappuccino
Watermarket	"ZMI?KCZACZ WODY HYDRO PREMIUM 32 MONOSFERYCZNY, SUCHY ZBIORNIK, LEWATIT"
Nokian Tyres	Nokian Snowproof 2 215/55R17 94 H 3PMSF opona zimowa
Smith&Brown	LOD WKA SFBF-532-BE3 NO FROST 175cm CZARNA W?SKA 48 cm Smith&Brown
Elica	P?yta indukcyjna z okapem ELICA NIKOLATESLA FIT BL/A/72 PRF0167054
Yankee Caffee	Kawa ziarnista Do ekspresu 1kg ?WIE?O PALONA 100% Arabica smakowa WANILIOWA
Kendamil	Mleko Kendamil 3 Organiczne Nature 2x 800g Bez Oleju Rybiego i Palmowego
NAC	WaterWipes Chusteczki nawil?ane dla Dzieci do piel?gnacji 6 x 60szt
Black	"PODNO?NIK PNEUMATYCZNY Samochodowy BA?WANEK PODUSZKOWY 3,5t GUMA WEEKEND ON"
Aboca	Melilax Adult Mikrowlewka doodbytnicza z promelaxin 6 sztuk
Ecoflow	EcoFlow River 2 Pro 768 Wh
Philips	SZCZOTECZKA SONICZNA HX 3641/11 PHILIPS SONICARE 1100 SERIES SMART TIMER
Norsan	KAPSU?KI NORSAN OMEGA-3 NATURALNY OLEJ RYBI 120 KAPS WZMACNIA ODPORNO??
Trizand	Zestaw Survivalowy Wojskowy Survival Niezb?dnik do Prze?ycia 32w1 Multitool
Dr. Mercola	Dr. Mercola Witamina C Liposomalna 180k Oryginalna
Gp	Robot kosz?cy SEGWAY NAVIMOW i108E GPS Kosiarka RTK Bez kabla do 800m2
Movino	Hulajnoga miejska MOVINO INFINITY neochrome dla dzieci sk?adana du?a
Strefa Spania	Ko?dra Aloe Vera Ca?oroczna Ciep?a Puszysta 220x200 Polska Antyalergiczna
Moraj	KOCOBLUZA Moraj PDD3500-007 BASIA bia?y/czarny
Mardom	ROLETY DZIE? NOC WEWEN?TRZNE ROLETA W KASECIE Z PROWADNICAMI NA WYMIAR
Moderno Meble	Rozk?adany naro?nik AVESTA ruchome zag? wki
Opharm	Chusteczki nawil?ane dla dzieci - wodne 99 % FIFI AQUA- 800 szt
Yanosik	Urz?dzenie ostrzegaj?ce Yanosik GTm + roczny abonament
Afriso	AFRISO Grupa pompowa z mieszaczem PrimoTherm K 180-2 DN25 pompa APH
Sanofi	"Pharmaton Geriavit Zestaw, na witalno?? i uk?ad odporno?ciowy 100 + 30 tab."
Dolina Noteci	Dolina Noteci Premium MIX SMAK W BEZ RYB 30x800g
Demon	DMUCHAWA SPALINOWA OGRODOWA ODKURZACZ z ROZDRABNIACZEM do LI?CI DEMON
Calvin Klein	Calvin Klein Euphoria EDP 160 ml
Lenovo	Laptop LENOVO LOQ-15 Ryzen 5-7235HS 16GB 512 RTX3050 144Hz
Goodride	1x OPONA 185/65R15 Z-401 92H XL GOODRIDE CA?OROCZNA NOWA ROK 2025
Castrol	CASTROL EDGE 5W30 LL 20L TITANIUM BMW LL-04 MB 229.31/229.51 + ZAWIESZKA
No brand on Allegro	Zestaw p?yn w Alcon Opti-Free Express 2 x 355 ml
Teka	Zamra?arka wolnostoj?ca TEKA RSF 75640 SS No Frost 185x60cm
Vizir	"Vizir + Fairy Effect PODS kapsu?ki do prania, 50 pra?"
Garett	SMARTWATCH GARETT KIDS ESSA 4G CZARNY
No brand on Allegro	Prze?cierad?o FROTTE z gumk? 220x200 PREMIUM GRUBE POLSKIE
Clementoni	NAUKOWA ZABAWA. SUPER MIKROSKOP
EVI	KURTYNA ?WIETLNA LED 3x3 LAMPKI 300 ?wi?teczne Choinkowe GIRLANDA CIEP?E XL
Cubot	"TABLET CUBOT TAB 70 10,95"" 16/128GB LTE 4G GPS WIFI ANDROID 8200 mAh + ETUI"
bez marki	CHOINKA SZTUCZNA JOD?A KAUKASKA 180 CM PI?KNA G?STA POLSKA PRODUKCJA
Majster Pro	PILARKA PI?A STO?OWA KRAJZEGA PRZECINARKA DO DREWNA 3400W SOFT START MP0001
No brand on Allegro	REGA? METALOWY czarny magazynowy 200x300x50 do gara?u piwnicy biura DODAS
Medica Herbs	Medica Herbs Kolagen Morski (60kaps)
INTERBEDS	? ?ko 120x200 Tapicerowane Hilton Materac Amber stela? metalowy podnoszony
Steam	"STEAM 25 USD $ - Karta podarunkowa, Gift Card"
Noris	SIMBA GRA W STATKI OKR?TY W WALIZCE ?WIAT?O D?WI?K
No brand on Allegro	Rega? METALOWY MAGAZYNOWY 5 P ?EK 180x90x40 875kg (F020)
Google	"Telewizor 65"" TCL QLED 65P7K 4K UHD Google TV HDMI 2.1 DYSTRYBUCJA PL"
Tefal	Komplet garnk w Duetto patelnia pokrywki 10el
HP	Laptop HP 255R G10 RYZEN 5 7535U 16GB SSD512 FHD IPS Win11
Trada	? ?KO kontynentalne BOND 160x200 Be?owe ? ?KO DOST?PNE OD R?KI
Bryza	"Bryza 4w1 Proszek do prania Kolor do kolorowych tkanin 13,65 kg 210 pra?"
Higher	"Drabina Higher 5,6 m aluminium 1 x 16 do 150 kg"
Launch	LAUNCH X431 Pro3S ELITE SMARTLINK C 10 cali PASS THRU CanFD DoiP + KABLE
No brand on Allegro	FRYTKOWNICA BEZT?USZCZOWA 2800W AIR FRYER 11L DU?A XXL
TODOMI	Efektowna Kurtyna ?WIETLNA SOPLE 501-1000 Lampek ?wi?teczne Ozdobne LED
Nan	KUBU? Owocowy Mus 100% Banan Jab?ko 100 g x 12 sztuk DLA DZIECI
Savo	Savo na ple?? spray przciw ple?ni p?yn 500 ml
Savo	Savo Spray ?rodek na ple?? grzyby Mocny Preparat P?yn przeciw ple?ni 500ml
Premium Light	Wk?ady do zniczy OLEJOWE znicze do 96h ECO K3 20sz
Bazar Zdrowia	Mas?o Klarowane GHEE 750g 900ml do sma?enia JAKO??
John Cotton	Ko?dra 200x220 cm   400gsm - CA?OROCZNA - ANTYALERGICZNA POLSKA pranie 60 C
bez marki	Masa?er do karku SKG G7 Pro Fold Pulsacyjny Relaksacyjny Shiatsu
Fasmax	Materac piankowy FASMAX 140x200 PREMIUM MASSAGE
Biomed	"Provag, infekcje intymne 40 kapsu?ek"
ALLboards	Tablica magnetyczna bia?a sucho?cieralna 90x60 rama aluminiowa + gratisy
Triangle	Triangle WinterX TW401 215/55R17 98 V 3PMSF opona zimowa
Aliness	Aliness Rhodiola Rosea enzymy trawienne kapsu?ki 500MG 60szt.
Tagred	KLUCZE P?ASKO OCZKOWE Z GUMOWYM UCHWYTEM ZESTAW 30 SZTUK NA P?ACHCIE TA1261
Kan-therm	KAN-THERM RURA WIELOWARSTWOWA FI 16x2 600 mb PE-RT/AL/PE-RT OGRZEWANIE
Taste of the Wild	"TASTE OF THE WILD Sierra Mountain 12,2kg"
Delecta	Fajny pisak XXL mix kolor w Delecta do dekoracji ciast pierniczk w 7x30g
bez marki	"CZARNA M?SKA KOSZULA DO TA?CA, M?SKA BLUZKA DO LATINO"
Goodram	Pami?? RAM DDR5 Goodram 2x32GB KIT 6000MHz CL30 SR DIMM
DentiPro	Skaler Ultrad?wi?kowy Dentystyczny Do Z?b w - 4 tryby do usuwania kamienia
Nokian Tyres	4 x Nokian Seasonproof 2 225/55R19 99 V ARAMID 3PMSF opona ca?oroczna
WD	WODA DEMINERALIZOWANA GLIMMERSTONE 4 x 5L = 20L SPRAWDZONA WYSOKA JAKO??
Bosch	Robot planetarny Bosch MUM58258 1000W 2 misy 7 pr?dko?ci Maszynka do mi?sa
Swanson	Swanson Ashwagandha 450mg 100kaps. ?e?-sze? indyjski Odporno?? na stres
Beko	SUSZARKA DO UBRA? BEKO BM3T37239WAR
Redats	Wywa?arka do k ? Automat Redats W-230 Laser Wulkanizacja Automatyczna 230V
Kumho	Kumho WinterCraft WP52+ 245/45R18 100 V XL EV 3PMSF opona zimowa
Tommy Cafe	Kawa ziarnista 1kg KOLUMBIA 100% Arabica ?wie?o Palona EXCELSO - Tommy Cafe
Iodica	IODICA 240ml JOD szk?o NATURALNY KONCENTRAT JODU
Cafe Sati	Sati Waniliowa 250g kawa mielona Torba
Paysafecard	PAYSAFECARD 50 z? KOD PIN PSC
Bosch	"Suszarka kondensacyjna Bosch Serie 6 WQG1417EPL 61,3cm 9kg 63 dB"
Total	Olej Total Quartz Ineo Long Life 5W30 5L
Karty Grabowskiego	Karty Grabowskiego Tabliczka mno?enia 11 gier
Barum	1x opona zimowa 235/55R18 Barum POLARIS 6
NM Revolution	40x MOCNA BATERIA NM REVOLUTION ALKALINE LR03 PALUSZKI AAA ALKAICZNE XL
ASUS	Konsola przeno?na ASUS ROG Xbox Ally
Velvet	Fotel rozk?adany elektryczny USB NEPTUN velvet granat bluvel 86
Nan	Bujaczek elektryczny MoMi KENANI ciemny - le?aczek melodie bluetooth pilot
GoodMajster	ROZDRABNIACZ DO GA??ZI R?BAK SPALINOWY 9KM 212ccm RATO MOCNY DOUBLE SAFETY
Wuber	PI?A STO?OWA KRAJZEGA PILARKA TARCZOWA DO CI?CIA DREWNA CYRKULARKA + TARCZA
SmartGrove	ZEGAREK SMARTWATCH M?SKI ROZMOWY WODOODPORNY CI?NIENIE SPORT SMART WATCH
Brogaz	Hel do balon w butla z helem Du?a na 90 balon w XXL Urodziny Komunia Hit
Aromatly	Aromatly DYFUZOR ZAPACHOWY Flame NAWIL?ACZ POWIETRZA KOMINEK AROMATERAPIA
SunWood	LAMELE ?CIENNE NA FILCU 46x275 AKUSTYCZNE D?B NATURALNY WOTAN SONOMA CRAFT
Goodram	"Pami?? GOODRAM IRDM 16GB 5600MHz CL36 SR DIMM 1,35V"
Aliness	ALINESS CYNK ORGANICZNY TRIO 15 mg 100 tabl ODPORNO?? TESTOSTERON PAZNOKCIE
Orlen	S l w tabletkach do zmi?kczaczy wody Solino Orlen 25 kg Solaqua
Heckmann	ZE WSPOMAGANIEM I HAMULCEM 120x55cm 2.5t W ZEK PALETOWY POLSKI PALECIAK
Galmet	WYMIENNIK BOJLER 300L Z W??OWNIC? GALMET STOJ?CY
Promienie S?o?ca	Orzechy Nerkowca 1 kg PO? WKI NERKOWCE NATURALNE
Kinderplay	KUCHNIA DLA DZIECI DREWNIANA INTERAKTYWNA KINDERPLAY AKCESORIA ?WIAT?O
Prime	Komputer Gamingowy FusionX Ryzen 7 5800X RTX 5060 32GB 1000GB Do Gier Wi-Fi
NAVITEL	Wideorejestrator samochodowy Navitel RS990 GPS Night Vision PRO 4K
Dell	"DELL Inspiron 3530 - i5-1334U 15,6"" 16GB 1TB Win11 Czarny"
Klar	"PROSZEK DO PRANIA KLAR WASCH 10,07KG BIEL OPAKOWANIE XXL"
bez marki	GRUBE SANKI SPORTLINE FAST +OPARCIE +MATERAC 150kg
Tagred	PROFESJONALNY KOMPRESOR BEZOLEJOWY DWUT?OKOWY WYDAJNY 10 BAR 50L R2 MOCNY
bez marki	LAMPA NATYNKOWA LED DO GARA?U 6500 K - BIA?Y ZIMNY 120 cm / 36 w 3000 lm
4Step	"Schody Strychowe NORDIC 0,44W/m2K 87mm 120x70 Druga Uszczelka Wkr?ty GRATIS"
Bosch	Pralka Bosch Serie 6 WGG254ZGPL 10kg ActiveWater Plus SpeedPerfect
Mar-Pol	NAGRZEWNICA OLEJOWA 16kW PIEC OGRZEWANIE NA PODCZERWIE? POMPKA
Kormoran	4x Kormoran ALL SEASON 205/55R16 94V
Framire	Szafa przesuwna Rivano VI 150 cm z lustrem
Apple	Apple iPhone 16 Plus 128GB White
Dutch Therapy	Olejek Green Out
Urbogym	BIE?NIA ELEKTRYCZNA DOMOWA V650 AMORTYZACJA WZNIOS PULS SK?ADANA
Kospel	ELEKTRYCZNY PODGRZEW.WODY KOSPEL PPE4-M 10/11/12/15 kW
Apiarium	Py?ek PSZCZELI kwiatowy 1 kg NATURALNY PY?EK KWIATOWY 1KG
Whirlpool	Pralka Whirlpool TDLR 6040L PL/N 6kg 1000obr. ?adowana od g ry
RUCKEN	Materac 160x80 Piankowy HR50 do ? ?eczka 4w1 FIZJOMOMMY Wentylowany H2/H3
Kukirin	"2026 KuKirin S1 Max City Sk?adany elektryczny 500W 36V 10.4Ah 25 km/h 40km 8""PL"
Bosch	Maszynka do mielenia mi?sa Bosch MFW3X13W bia?y 500 W
Haier	POMPA CIEP?A POWIETRZE-WODA MONOBLOK 5 kW STEROWNIK YR-E27 HAIER 230V
Colon	Colon C Suplement diety 200 g
Kenwood	Robot Kuchenny planetarny gotuj?cy Kenwood Cooking Chef XL KCL95.424SI (P)
Dreame	Odkurzacz pionowy Dreame Z30 Station
Kingspan	ZBIORNIK DO NA DIESLA ON 2500 LITR W FUELMASTER
Tagred	Meble gara?owe Warsztatowe Rega? Szafka Narz?dziowa do warsztatu 260cm LED
Trex Sport	Bie?nia Elektryczna Domowa Sk?adana Szeroko?? 51 cm VEGA 16 KM/H TREX SPORT
6PAK Nutrition	Od?ywka Bia?kowa WHEY Protein WPC 100% 908G Bia?ko Serwatkowe BCAA In
Skrzydlate	Optibrix 5 kg Dziobak wap? witaminy dla kur niosek kanibalizm kur
xhair	DREWNIANA Szczotka do czesania w?os w Masa?u W?OS DZIKA DZIK antystatyczna
SPORT BLAST	ZESTAW na domow? si?owni? 76kg SZTANGA obci??enia Z GRYFAMI NAK?AD hantle
Tytan	Podpa?ka do grilla kominka rozpa?ka bia?a Tytan 480szt PROMO
Continental	2 x Continental AllSeasonContact 2 235/45R18 98 Y XL FR EV 3PMSF opona
Electo	LAMPKI SOPLE 300 LED ZEWN?TRZNE BIA?E CIEP?E 15m GIRLANDA IP44 EFEKT FLASH
Philips Avent	"Philips Avent Natural Response, smoczek responsywny 3m+"
Goodram	Pami?? RAM DDR5 GOODRAM 32GB (2x16GB) 5600 CL36 IRDM
Swanson	SWANSON WITAMINA C 1000 Z DZIK? R ?? 250 KAPS Odporno?? Kwas L-Askorbinowy
Dreame	Bezprzewodowy Odkurzacz Pionowy Mopuj?cy Myj?cy Dreame H15 Pro 21 000 Pa
Dermedic	Krem Nawil?aj?cy Dermedic Hydrain 3 Dzie? i Noc 50ml Sk ra Sucha
Blue Orca Coffee	Kawa ziarnista 1kg x2 DIAMANTINA + TITICACA 100% ARABICA Blue Orca + GRATIS
NAC	Reumatek ?el 200ml Zywokost Czarci Pazur Piel?gnacja Sk ry Kolano Plecy 4x
Nice	Zbiornik bojler podgrzewacz pompa ciep?a CUBION 300L 2 w??ownice HPH
VelvetCARE	Papier toaletowy JUMBO BIA?Y CELULOZA 12 ROLEK X 100m
VelvetCARE	Papier toaletowy VelvetCARE JUMBO BIA?Y 12szt 100m
Xbox	SUBSKRYPCJA XBOX GAME PASS ULTIMATE 30 DNI 1 MIESI?C + BONUSOWA GRA
Peterson	Plecak baga? podr?czny podr ?ny do samolotu turystyczny 40x20x25 PETERSON
Aba?ury-Krystyna	Aba?ur stylowy - do lamp pod?ogowych. Polecam!!!
Yato	KLUCZ UDAROWY BEZSZCZOTKOWY AKU 18V 4AH 3/4'' 2000NM ADAPTER 1/2'' YATO
BSG	"Komputer Gamingowy Ryzen 5 4,1GHz"
Apple	"IPHONE 13 PRO MAX 6GB 128GB Folia fabryczna, pe?ny zestaw"
Rafi	Mokra karma dla kota RAFI mix 4 smak w 40x100g
Kumho	1x OPONA ZIMOWA 225/45R17 Kumho Wintercraft WP52 +
No brand on Allegro	Karta Podarunkowa Dla Biznesu - 100 z?
Olimp	Olimp Collagen 240g ananas
Frischer	ODKAMIENIACZ DO EKSPRESU UNIWERSALNY W P?YNIE 1000 ml
Smartled	Lampa LED 36W 120cm Oprawa Sufitowa Natynkowa do Gara?u Warsztatu Panel
DEDAKJ	Koncentrator tlenu przeno?ny DEDAKJ DA-1A +MASKA Do Oddychania+FILTR-ZESTAW
Energizer	40x MOCNA BATERIA ALKALICZNA MA?E BATERYJKI ENERGIZER INDUSTRIAL AAA R3 LR3
Majster Pro	DMUCHAWA SPALINOWA OGRODOWA DO LI?CI ?NIEGU TRAWY OD?NIE?ACZ + OLEJ MP0079
Med plus	Ba?ki szklane bezogniowe pr ?niowe 12 szt. Med Plus
LFP	ELEKTRONICZNA POMPA OBIEGOWA C.O. LFP LESZNO POLSKA EPCO 25 / 40-70 180
Ruhhy	Ko?dra obci??eniowa Ruhhy 150 cm x odcienie szaro?ci PREZENT RELAKS PO?CIEL
Samsung	Telewizor 75 Samsung 75Q7FA
Kormoran	1x Kormoran SNOW 235/45R18 98V
Pampers	"Pieluchy Pampers Pants Pieluchomajtki, rozmiar 3, 128 szt, 6kg-11kg"
PLAYIO	Samoch d Czo?g zdalnie sterowany DU?Y STRZELAJ?CY rzutkami auto PLAYIO
Hisense	Pompa ciep?a split Hisense 8 kW AHM-080HCDSA A+++ suepr cena
Schleich	Schleich 99092 Kalendarz Adwentowy Horse Club 2024
NeoAir	Nagrzewnica wodna NeoAir EVO35 - 35kw + konsola monta?owa
Forte	Dodatek do oleju silnikowego Forte Seal Conditioner 125 ml
Kormoran	KORMORAN 215/50R18 Snow 92V FR 3PMSF opona Zimowa
Michelin	1x Michelin ALPIN 7 235/55R19 105V
Nutridrink	NUTRIDRINK PROTEIN ZESTAW 12X125 MIX SMAK W
W&M	1x 205/55R16 Opona zimowa 1 SZT 91T Master MS 790 W&M ZIMA
Hankook	4x OPONY 215/55R17 Hankook Winter i*cept RS3 W462
Fisher-Price	FISHER PRICE LAMA RO?NIJ ZE MN? zabawka sensoryczna 4w1 dla maluszka +0m-cy
Sunwide	2 x Sunwide Snowide 205/55R16 91 H 3PMSF opona zimowa
Panini	PANINI FIFA 365 2026 Pude?ko BOX 50 saszetek 300 kart pi?karskich
LEDSOURCE	Stojak Statyw 100W Na?wietlacz Lampa Robocza Halogen Budowlany Z Wtyczk?
Google	"Telewizor TCL 98P89K 98"" QLED 4K 120Hz Google TV Dolby Atmos"
Galmet	GALMET TOWER BIWAL 300 L PODW JNA W??OWNICA
FIT-NET	BIE?NIA ELEKTRYCZNA DOMOWA G-RUNNER 690 WZNIOS USB SK?ADANA MOCNA DO 140kg
Aluthermo	Aluthermo Quattro sprzeda? w rolkach 30m2
Klighten	"LAMPA LED DO GARA?U, WARSZTATU MOCNA 120cm 80W"
Klighten	"ZESTAW 6X LAMPA LED DO GARA?U, WARSZTATU MOCNA 120cm 6SZTUK"
Smartled	Oprawa Halogenowa Sufitowa Tuba LED GU10 Ruchoma Spot Lampa Natynk Czarna
Samsung	Samsung QE55QN70F 144 Hz Mini Led TV Qled 4K Smart TV Tizen DVB-T2
Green Cell	Green Cell Habu SE Mobilna ?adowarka EV Type 2 11kW 7m szybkie ?adowanie
Sterillhand	Sterillhand P?YN DO DEZYNFEKCJI R?K I SK RY KANISTER ZAPAS ALPINUS 5L
Redats	Monta?ownica do opon REDATS M-111 p ?automatyczna 400v do k ? osobowych
Kol-pol	KOLAGEN RYBI 500g Naturalny 100% czysty w proszku wysoka jako?? Kol-Pol
Kol-pol	KOLAGEN WO?OWY 500g Naturalny 100% czysty w proszku wysoka jako?? Kol-Pol
Castrol	OLEJ CASTROL 5W-30 C3 EDGE TITANIUM 5L
Sol de Janeiro	SOL DE JANEIRO CHEIROSA & CHEER MIST SET ZESTAW 3 MGIE?EK 62 40 48 3X 30ML
DESEO	PASTA PISTACJOWA 100% DESEO 1 KG PASTA Z PISTACJI PISTACJE 100%
Ninja	"Air Fryer Ninja AF300EU 2400 W 7,6 l 2 Komory 6 program w"
Gymtek	Orbi-trek Trena?er Eliptyczny Magnetyczny XCF6000 Gymtek
Apple	Apple iPhone 16 Plus 256 GB
Powermat	Odkurzacz PRZEMYS?OWY Separator Kominkowy Do Kominka Popio?u Grilla 2000W
Kruger&Matz	"TABLET DLA DZIECI DOTYKOWY WY?WIETLACZ 10,1 CALI ANDROID13 4/64GB LTE WiFi"
Tagred	MEBLE GARA?OWE WARSZTATOWE Rega? Szafka Do Warsztatu Gara?u
Moza	RO8 FILTR DO WODY OSMOZA JONIZATOR STRUKTURYZATOR AQUA VITA REDOX MINERA?Y
Angelcare	LILNAP WK?AD DO KOSZA NA PIELUCH ANGELCARE 8-PAK
Defro	Defro Gamma 15 kW samoczyszcz?cy palnik i wymiennik + pogod wka + lista ZUM
Misioo	Suchy Basen z Pi?kami 90x30 dla Dzieci Jasny R ?owy Sztruks 200pi?ek MISIOO
Apple	Zestaw Fabryczny Komplet iPhone 13 Mini 128GB Blue Bateria 100% A+
Firestone	4 x Firestone Winterhawk 4 225/55R19 99 V 3PMSF opona zimowa
Kinder	PREZENT NA ZAKO?CZENIE ROKU SZKOLNEGO ZESTAW S?ODYCZY KINDER R G RO?EK
Sch lke	Chusteczki do dezynfekcji powierzchni Mikrozid 100
IdeaMeb	Stolik i dwa krzese?ka z szuflad? R ?ne motywy i kolory
Fuchs	FUCHS Olej AGRIFARM UTTO MP 20L
Yato	YATO - 36128 - NITOWNICA R?CZNA DO NITONAKR?TEK M3-M12 - WALIZKA 7 EL.
Polpharma	Maxigra Go 25 mg 8 tabletek
Austone	4x OPONY ZIMOWE 175/65R14 Austone SP901 86T XL
Lego	LEGO Ideas 21358 Maszyna z minifigurkami
Redats	"Tablica narz?dziowa metalowa REDATS 119x89,5cm ?cianka warsztatowa 52 el"
Playstation	BEZPRZEWODOWY KONTROLER PAD DO PS4 Zamiennik DOUBLESHOCK PLAYSTATION
USP Zdrowie	Naturell Omega-3 1000 120 kapsu?ek
Ostrovit	OstroVit OMEGA 3-6-9 kwasy t?uszczowe TRAN witamina E 180 kapsu?ek
Venom	MOCNA KOSIARKA SPALINOWA Z NAP?DEM 53 CM SILNIK 200CC ODPALANIE NA PRZYCISK
Hop-Sport	Zestaw bilard kompletny bile kije st ? do bilarda sp?ywowy 8 FT wytrzyma?y
Apple	Apple iPhone 16 Plus 128GB Ultramaryna
Dell	Everdell (edycja polska) podstawka
Babystart	FERTILMAN PLUS 120 tab. Poprawia jako?? nasienia
Aliness	Aliness Omega 3-6-9 270/200/195mg 90kaps SERCE KR??ENIE M ZG
Iwetta	MI?SO MRO?ONE DLA PSA WO?OWE BEZ KO?CI 10KG BARF SUROWE ?WIE?E KARMA WO?OWA
Kistenberg	W ZEK SKRZYNKA NARZ?DZIOWA NARZ?DZIA K ?KACH 3w1
Nokian Tyres	1x opona ca?oroczna 235/55R19 Nokian SEASONPROOF 2
Garmin	"Garmin Venu 4 3,05 cm (1.2"") AMOLED 41 mm Cyfrowy 390 x 390 px Ekran d..."
Kodak	Papier ksero Kodak Office A4 80 g/m2 500 arkuszy *
Asus	Laptop ASUS ROG Flow Z13 GZ302EA Ryzen AI MAX+ 395 64GB 1TB WQXGA Dotyk W11
Rafi	Dolina Noteci Rafi mix smak w 24x800g
Rafi	Karma mokra dla psa Dolina Noteci Rafi MIX SMAK W 48x400g
Mr. Ziggi	ZIGGI proszek do prania 2 x 5 kg DEZYNFEKCJA 100 % hipoalergiczny
TENA	"Tena Men Pants Plus, bielizna ch?onna, rozmiar L/XL, 30 sztuk"
Ratimor	TRUTKA PASTA NA MYSZY I SZCZURY RATIMOR NIEBIESKI 1 KG + R?KAWICZKI GRATIS
Ninja	48 kart +1 karta XXL - MULTIPACK LEGO NINJAGO CRYSTALIZED
Frischer	P?YN DO ROBOT W MOPUJ?CYCH SPRZ?TAJ?CYCH DO ODKURZACZY MYJ?CYCH 1000ml
Castrol	Castrol Magnatec A5 5W30 4L
Blue Orca Coffee	Kawa ziarnista 1kg FAZENDA VERDE Fusion Premium Edition Blue Orca + GRATIS
Clementoni	Bramka Interaktywna Clementoni Baby Edukacyjna 50926
Kormoran	1x opona zimowa 215/50R17 Kormoran SNOW
Blue Orca Coffee	Kawa ziarnista 2kg WINTER BLEND 100% Arabica ?WIE?O PALONA Blue Orca
Pasieka Rodzinna	Naturalny Mi d Pszczeli Wielokwiatowy Polski RODZINNEJ PASIEKI ?wie?y 2025
VDO	Czytnik kart i tachograf w oryginalny VDO DLK Key S 4.1
Castrol	OLEJ SILNIKOWY FORD CASTROL MAGNATEC PROFESSIONAL 5W20 151A95 WSS-M2C948 5L
Redats	Podno?nik Samochodowy Dwukolumnowy Automat z Ram? 4 Tony Redats L-220R
Continental	4 x Continental AllSeasonContact 2 205/55R16 91 H EV 3PMSF opona ca?oroczna
Hello Case	ZESTAW
Roborock	Robot sprz?taj?cy Roborock Saros Z70 czarny
Heisberg	Materac 160x200 ?rednio twardy KOKOS kieszeniowy pocket 7 stref GREEN MAX
Oppo	OPPO Reno14 5G 12GB/512GB Zielony
Solgar	"Solgar Skin, Nails and Hair suplement diety 120 tabletek"
Carruzzo	STOL DO AIR HOCKEY CARRUZZO 85X42CM ZASILANIE BATERIE KOMPAKTOWY
Faac	Nap?d do bram przesuwnych Faac 740 Zestaw naprawczy ZN-0
Roborock	Robot sprz?taj?cy Roborock Qrevo 5AE 5200 mAh 12000 Pa Mopowanie Bia?y
Vasagle	Toaletka lustro LED o?wietlenie regulowana bia?a nowoczesna
Electo	"LAMPKI SOPLE 600 LED ZEWN?TRZNE BIA?E ZIMNE 28,5m GIRLANDA IP44 EFEKT FLASH"
Fuchs	FUCHS Agrifarm Stou MC 10W-40 Olej wielofunkcyjny 20L
Rotex	Kulka silikonowa Wk?ad do poduszki Wype?nienie do Poduszek Maskotek 3KG
Karex	POLSKIE SANKI + OPARCIE + PODN ?KI + PCHACZ + ?PIW R
Ariel	PROSZEK DO PRANIA ARIEL 7KG KOLOR
NAC	3x Husaria BARDZO MOCNY Gaz pieprzowy w ?elu 50ml obronny ?EL Znacznik UV
Atemi	Rakietka tenis sto?owy ATEMI 5000 BALSA - CARBON
Ziaja	3 x Ziaja Zestaw Prezentowy Kozie Mleko ?agodne dzia?anie na sk r? Witaminy
Blue Orca Coffee	Kawa ziarnista BRAZYLIA - DECAF - 1KG 100% ARABICA BLUE ORCA
JSM FITNESS	"SZTANGIELKA REGULOWANA 41.5KG skok co 1.5kg, 26w1 HANTLA REGULOWANA JSMp"
NAC	BIE?NIA ELEKTRYCZNA DOMOWA SK?ADANA NA P?ASKO 15 KM/H REGULACJA NACHYLENIA
WD	MILK SHAKE DIRECT COLOUR OD?YWKA 200ML Powder
Thule	Baga?nik Box Boks dachowy baga?owy kufer trumna Thule MOTION 3 XL czarny
Catan	"CATAN Osadnicy z Catanu - Gra planszowa, GALAKTA"
Sena	Sejf na bro? kr tk? do domu biura S1 Arsena? 25 domowy dokumenty szyfr
SuperThings	Figurka Magicbox SuperThings Wild Tigerbot
Lisap	Lisap Ultimate 3 Spray Termoochronny 250 ml
Tommy Cafe	Zestaw prezentowy kawa mielona smakowa 5x150g ?wie?o Palona -Tommy Cafe
Yato	Najazdy podjazdy rampy samochodowe z podno?nikiem 3T Yato Polskie 125cm d?
Nutridrink	Nutridrink Protein o smaku neutralnym 4x125ml
Lewer	NAP?D ZEWN?TRZNY CD-R DVD USB Nagrywarka Do Laptopa PC Odtwarzacz Przeno?ny
Wiejska Zagroda	Wiejska Zagroda LE?NE SMAKI Karma dla psa WIEPRZOWINA JELE? Ma?e rasy S 9kg
Polion	Przetwornica samochodowa 12V/230V Polion 1200W czysty sinus
Gorvita	GORVITA COLAFIT KOLAGEN NATURALNY LIOFILIZOWANY STAWY 60 KOSTEK
Kinder	Zestaw S?odyczy Paczka Kinder Prezent Wielkanoc ?wi?ta dla dzieci kr lik
Yato	PATELNIA ZE STALI NIERDZEWNEJ INOX 28cm na Indukcj? GAZ YATO na Prezent
Sony	Sony PlayStation 5 Slim - Call of Duty: Black Ops 6 Bundle 1 TB Wi-Fi ...
Majster Pro	AGREGAT pr?dotw rczy Budowalny do Domu Czysty Sinus Majster Pro mp0662
DeWalt	DEWALT AKUMULATOROWA DMUCHAWA 200KM/H DCMBL562N
Normet	Podno?nik No?ycowy Mobilny PX-2800 + Olej NORMET
Berhard	M?OTOWIERTARKA WIERTARKA M?OT UDAROWY SDS+ MOCNY
Persil	"Persil Color Gel Deep Clean ?el do prania kolor w 88 pra? 3,96l"
Mozano	ROBOT KUCHENNY PLANETARNY MASZYNKA DO MI?SA MIKSER BLENDER 6w1 MOCNY
Hager	HAGER ROZDZIELNICA MODU?OWA PODTYNKOWA VOLTA 5X12
Venom	MOCNA GLEBOGRYZARKA SPALINOWA 120CM SILNIK DIESEL 296CC DZIK KULTYWATOR PRO
KFD	KFD PREMIUM CREATINE kreatyna proszek smak truskawka poziomka 500 g
Synoptis Pharma	"Silderos Max 50mg, 4 tabletki D.W. 01,2027 r S.N. SID23100"
Siver City	Hulajnoga Elektryczna 700W Siver 10 Lite 2025 z Kierunkowskazy Amortyzacja
Coccine	SUPERMOCNY IMPREGNAT DO SK R ZAMSZU NUBUKU COCCINE
Mercedes-Benz OE	MERCEDES MB 229.51 ENGINE OIL 5W-30 5L ORIGINAL
Valvoline	VALVOLINE VR1 RACING 5W50 4L ORYGINA? NOWY
Google	"Telewizor TCL 50P7K QLED, Google TV Dolby Vision Dolby Atmos"
Dolfos	Witaminy Ekologiczne dla kur niosek DOLMIX DN RE 25kg bez barwnika
bez marki	"Piec stalowy kominek wolnostoj?cy BLIST Ekonomik Lux / BERNA LUX 8,5 kW be?"
Vileda	?ciereczka okienna Vileda Actifibre du?a 36x32 do szyb i okien 4 szt LUSTER
Philips	Telewizor 75 cali QLED Philips 75PUS8510/12 4K Ultra HD czarny
Launch	LAUNCH CRP 129 HD CI??AROWE HD MASZYNY BUDOWLANE TIR LAUNCH POLSKA
Hisense	"Telewizor LED Hisense 55U8Q 55"" 4K UHD"
Dolina Noteci	Dolina Noteci Rafi Classic mix smak w 20x1240g
Head & Shoulders	head & shoulders CLASSIC CLEAN 2w1 szampon POMPKA 800ml
Defro	Kocio? DEFRO GAMMA 10kW na pellet AUTOMATYCZNE CZYSZCZENIE
Triangle	Triangle WinterX TW401 195/65R15 95 H 3PMSF opona zimowa
MIGOgroup	Pieprz Czarny ZIARNO - 500g - MIGogroup
Alpi Meble	St ? rozk?adany 200/300 CLASSIC
draVires	Translator draVires t?umacz j?zyk polski dzia?a bez Internetu offline wifi
Motul	Motul 8100 X-Clean EFE C2/C3 5W30 5L
Glimmerstone	Bia?y Papier Toaletowy FluFFy 3 Warstwy 40 Rolek Ultra Mi?kki 4800 Listk w
Glimmerstone	Bia?y Papier Toaletowy FluFFy 3 Warstwy 40 Rolek Ultra Mi?kki 4800 Listk w
Glimmerstone	Bia?y Papier Toaletowy FluFFy 3 Warstwy 40 Rolek Ultra Mi?kki 4800 Listk w
Klaudyna Hebda Nature	Balsam Lekki Oddech 3 szt Dla Dzieci Doros?ych Z Olejkami Eterycznymi Hebda
Pierre Fabre	"Pierre Fabre, Alopexy 0,05g/ml roztw r na porost w?os w, ?ysienie 3 x 60 ml"
DekoracjeNaTort	BARWNIKI SPO?YWCZE W P?YNIE KOLOROWE DO CIAST TORT W KREMU MASY WYDAJNE
Calvin Klein	CALVIN KLEIN ETERNITY EDP 100ML ORYGINA?
Yato	"YATO ELEKTRYCZNE WOZID?O TACZKA 500kg SILNIK 48V 32AH, 1000W WYWROTKA"
Dexter	Karma Sucha Dexter Complete Dla Psa Z Witaminami Du?e Rasy Owczarek 20kg
NAC	"Elektryczna bie?nia domowa 2 w 1, pr?dko?? 10 km / h, regulowany k?t nachylenia 7%"
IDEAL	Prostownik Transformatorowy SPRINT 400 230V 12-24V IDEAL 45A rozruch 300A
NutroPharma	Femaltiker Plus smak czekoladowy LAKTACJA KARMIENIE Nutropharma 14 saszetek
Vileda	Vileda suszarka na pranie Mixer 4 wie?owa stoj?ca
Spalsadz	SPALSADZ KATALIZATOR WYPALANIA SADZY W KOMINIE 5KG
Liqui Moly	LIQUI MOLY ENGINE FLUSH P?UKANKA - 2640 - 300 ML
Aquafilter	FILTR WODY NA CA?Y DOM OD?ELAZIACZ ZMI?KCZACZ 3/4 - Przep?ywowy do Domu
Aquafilter	FILTR WODY NA CA?Y DOM OD?ELAZIACZ ZMI?KCZACZ 3/4 - Przep?ywowy do Domu
Aquafilter	FILTR WODY NA CA?Y DOM OD?ELAZIACZ ZMI?KCZACZ 3/4 - Przep?ywowy do Domu
Daewoo	Agregat pr?dotw rczy przeno?ny tr jfazowy Daewoo 6500 W benzyna
Mercedes-Benz OE	OLEJ SILNIKOWY MERCEDES MB 229.52 5W-30 5L A0009898207
Imatrix	ZAAWANSOWANA LICZARKA DO BANKNOT W TESTER FORTUNE 2026 POLSKA
Michelin	4x opony zimowe Michelin ALPIN 7 235/60R18 107H XL 2025
Roto	FOTEL OBROTOWY BIUROWY ERGONOMICZNE KRZES?O BIUROWE OBROTOWE REGULOWANE
Blue Orca Coffee	Kawa ziarnista 1kg x2 Amaro & El Suno ?wie?o Palona 100% ARABICA + GRATIS
4FIZJO	KO?DRA OBCI??ENIOWA KOC SENSORYCZNY DLA DZIECI I DOROS?YCH 150x200 CM 9 KG
Samsung	Samsung Galaxy Z Fold 7 512GB Srebrny
Rafi	DRUKU? DRUKARKA APARAT NATYCHMIASTOWY FOTOGRAFICZNY + 8 ROLKI GRATIS
Electrolux	PIEKARNIK ELEKTRYCZNY DO ZABUDOWY ELECTROLUX EOE5C71Z CZARNY DYSTRYBUCJA PL
Renew Force	PLATFORMA WIBRACYJNA Wyszczuplaj?ca Wibruj?ca Masa?er BLUETOOTH G?o?niki XL
Apple	Smartfon iPhone 14 Pro 128GB Srebrny
MEMFLOW	PROFESJONALNY STR J ?WI?TEGO MIKO?AJA KOSTIUM PLUSZOWY ZESTAW PREMIUM 13EL
M?yn Suwa?ki	M?ka orkiszowa jasna TYP 630 5kg
Kraft	Nawiewnik okienny monta? BEZ FREZOWANIA New Air Comfort box airbox do okna
Yodeyma	Yodeyma Valia 100ml
Kormoran	4x Kormoran ALL SEASON 225/50R17 98V
Elf	OLEJ ELF 10W/40 EVOLUTION 700 STI 4L
Freshtek	NEUTRALIZATOR ZAPACH W OD?WIE?ACZ ONE SHOT BAWE?NA
INTERBEDS	? ?ko Hermes rozk?adane + Materace 80x200+szuflady
Mobil	MOBIL SUPER 3000 XE 5W30 - 5L
Seni	Pieluchomajtki pampersy dla doros?ych SENI SUPER PLUS L 30 sztuk
Apple	APPLE IPHONE 12 MINI 256GB FIOLETOWY
Oral-B	Szczoteczka magnetyczna Oral-B iO White Clean czarna
Viessmann	VIESSMANN ZMI?KCZACZ STACJA UZDATNIANIA WODY AQUASTILLA DUO USUWA CHLOR
Thule	Box dachowy THULE Motion 3 XXL black glossy 600L
Black	OGROMNY ZESTAW NARZ?DZI AKU 2 X 4AH 21V 4w1 M?OT SZLIFIERKA WKR?TARKA 2xAKU
Allnutrition	ALLNUTRITION FRULOVE CHERRY IN JELLY 1KG D?EM BEZ CUKRU FRU?ELINA WI?NIE
Dafi	"Saturator do wody Dafi PushAir (bia?y) + 2x butelka 0,7L + nab j CO2"
No brand on Allegro	KAMIENIE MAGNETYCZNE SZACHY MAGNETYCZNE MEGA ZESTAW 2 ZESTAWY 60 KAMIENI
Apple	SMARTFON APPLE IPHONE 13 256GB WYB R KOLOR W
Electrolux	Piekarnik do zabudowy ELECTROLUX EOD6F77WZ Termosonda PARA Kataliza Grill
Hoegert Technik	Szafka W zek z narz?dziami 252 elementy HT7G058
Hatsan	"Wiatr wka spr??ynowa Hatsan AirTact GEN-2 4,5 mm 4,5mm Mocna"
Google	Smartfon Google Pixel 10 Pro 16 GB / 128 GB 5G czarny
Santoemma	SANTOEMMA Przystawka do modelu Sabrina NS270N-M
Pampers	"Pampers Premium Care pieluszki pieluchy jednorazowe roz. 2, 88 szt, 4kg-8kg"
WOW! Stuff	Maskotka WOW Disney Stitch Chatty du?y 30cm
Kol-pol	?LIWKI SUSZONE 1kg ?liwka bez pestek wysoka jako??
Gama	Kapsu?ki uniwersalne do prania Gama Smart Choice 4w1 60szt. DE
Salvitis	"Kolagen do picia, kuracja 2 miesi?ce, Salvitis Collagen Flex 12000, 30mlx60"
Activeshop	FREZARKA DO PAZNOKCI EXO EKO CX3 40 W
ARSA GO	KURTYNA ?WIETLNA LED GWIAZDKI Lampki ?wi?teczne Choinkowe Girlanda Na Okno
Cedrus	CEDRUS SB71-E OD?NIE?ARKA SPALINOWA P?UG DO ?NIEGU ?NIE?NY OD?NIE?ARKI 10KM
Bebiko	Bebiko 1 Nutriflor Expert mleko pocz?tkowe dla niemowl?t od 1 dnia 05.2027
Warmi?ska Manufaktura	Olej lniany 500ml Warmi?ska Manufaktura
bez marki	R?cznik ZZ bia?y celuloza 2 warstwy Ch?onny Wytrzyma?y 150listk w 1zgrzewka
NAC	KONIK NA BIEGUNACH JE?DZIK 2W1 PCHACZ R?Y I GALOPUJE BUJAK MIEKKIE KO?A
LG	Poch?aniacz wilgoci K&M / wk?ady do poch?aniacza wilgoci 6x 280g
ARSA GO	LAMPKI SOPLE 300 LED 13.5M BIALE CIEPLE KURTYNA IP44 FLASH ZEWNETRZNE
Lenovo	"Lenovo Yoga Slim 7 14AKP10 Ryzen AI 5 340 14"" WUXGA OLED 16GB 512SSD W11"
Lenovo	"Lenovo Legion Pro 5-16 Ryzen 9 8945HX 16.0""-WQXGA 32GB 1TB Win11Pro RTX5070"
Owolovo	Owolovo Mix mus w owocowych Mega Zestaw 40 x 200 g
Yato	Maszynka Wilk do mielenia mi?sa Yato YG-03215
Nice	ZESTAW DO WIERCENIA P?YTEK OTWORNICE FREZ 20-68mm M14 SENDI 01961204611
Philips	Stacja parowa PHILIPS PerfectCare PROFESJONALNY GENERATOR PARY ?ELAZKO MOC
Browin	W?DZARNIA ELEKTRYCZNA CYFROWA DREWNIANA GENERATOR DYMU TERMOOBIEG ZR?BKI
Microsoft	KONSOLA XBOX 360 RGH LT 3.0 + 250GB + Kinect + 2xPAD + SPA + GRY
GC Tooth Mousse	GC TOOTH MOUSSE PASTA DO Z?B W BEZ FLUORU SMAK TUTTI FRUTTI 35 ml
Apple	"Apple Watch SE (2.gen) 40mm GPS , Starlight - ksi??ycowa po?wiata"
Luca	Materac 90x200 Kokos DAKOTA GOLD Premium - 24 cm
Candy	W?ska Pralka 43cm Candy CS41262DE/1-S 6kg 1200obr wy?wietlacz 16prog. Smart
Sante	Sante Erytrytol 1kg s?odzik naturalny 0 kalorii
Nokian Tyres	1x opona ca?oroczna 235/45R18 Nokian SEASONPROOF 2
Hipp	HiPP 2 Mleko nast?pne z mleka koziego Bio po 6 miesi?cu 400g
Nestl 	"Mleko Nestl  NAN OPTIpro Plus 5, 800 g"
Venom	GLEBOGRYZARKA SPALINOWA 60CM MOCNY SILNIK LONCIN 166CC NAP?D TALERZE STABIL
Intel	Laptop MSI Modern 14 i5-1235U 16GB 512 Windows 11 Intel Iris Xe Graphics
Kerch	ODKURZACZ BEZPRZEWODOWY PIONOWY AKUMULATOROWY BEZWORKOWY SANTI PRO 600W
Defro	Kocio? DEFRO Evopell piec na pellet 12 kW z nadstawk? pogod wka lista ZUM
Apple	MacBook Pro14 M4 Pro(14+20) 24GB/1TB - Czarny
Max-Tech	Mata masuj?ca wibracyjna Materac masuj?cy do masa?u na ? ?ko 16 silnik w
Pure Chemical	P?YN DO SPRYSKIWACZY ZIMOWY - DLA WSZYSTKICH - 15L
Neno	Neno Nariz bezprzewodowy odci?gacz aspirator do nosa
INTERBEDS	? ?ko pi?trowe Kubu? 190x80 z materacem i szuflad?
Intex	Materac dmuchany dwuosobowy 203x152x46 Intex 64428 z pompk? wbudowan?
Tagred	AGREGAT PR?DOTW RCZY PR?DU TAGRED 5600W AVR MOCNY NA K ?KACH
Innvigo	CEZARO 574SC 1L miot?a zbo?owa przytulia chwasty
Sensei	"ZESTAW 4 GUM DO ?WICZE? POWER BAND, Ta?my Oporowe do Treningu, Podci?gania"
Austone	4x OPONY CA?OROCZNE 185/65R15 Austone SP401 88H
Narum	"Narum Narine Matsun Lactobacterium Mazuni, 30 kaps"
Pakova	TA?MA PAKOWA BEZBARWNA 48/132y klej?ca transparent mocna PAKOVA 36 szt
No brand on Allegro	REGA? MAGAZYNOWY METALOWY LEGGER - CZARNY - UD?WIG 1000 KG - 180x90x40 CM
MTA	Tablica magnetyczna sucho?cieralna 120x90 bia?a na ?cian? pisanie + GRATISY
AutoXscan	STARTER AUTOXSCAN JS3000PRO 24000mAh PowerBank FULL 12V 30000 AMPER ROZRUCH
SZERIDAN	P ?ka na Samochodziki Autka Pojazdy Gara? Parking Winda Z Imieniem
SafeMed	R?kawiczki nitrylowe M czarne Effect PF Black SafeMed 100 szt.
No brand on Allegro	CZARNY CZOSNEK Fermentowany 500 g- POLSKI Harna? producent Ferment Garlic
Mannol	MANNOL Classic 10w40 5L - Olej silnikowy
Rapeks	OGRZEWACZ DO R?K I CIA?A CHEMICZNE
Strotex	FOLIA PAROIZOLACYJNA ALUMINIOWA STROTEX AL 90 75m2
Tivo	ZESTAW TIVO SIANKO DLA NIEJADK W 2 x 1 KG
Kol-pol	PIEPRZ CZARNY ZIARNISTY 200g Aromatyczny naturalny ziarno jako?? Kol-Pol
No brand on Allegro	Wio?larz magnetyczny mechaniczny Crane KOMPUTER LCD
Pakova	TA?MA PAKOWA TRANSPARENT 48/100y Klej?ca Bezbarwna Mocna Pakova 36szt
K-SPORT	?awka treningowa ?aweczka do ?wicze? regulowana sk?adana sko?na pod SZTANG?
Nestl 	Nestl  NAN OPTIPRO 1 Mleko pocz?tkowe zestaw 4x650g
Goodride	1 x 215/55R16 Goodride SW608 97H XL zimowe
MG Home	KOMPLET MAGDA GESSLER SERWIS OBIADOWY PORCELANA TALERZE 18el 6 OS B SZARY
Stada	Zestaw Nizoral szampon leczniczy 4 op. x 100 ml
Dreame	Robot Sprz?taj?cy Dreame L40 Ultra AE Czarny 19000Pa Mopowanie Stacja
Ceramizer	CERAMIZER ONE-SHOT ! EDYCJA LIMITOWANA !
Hisense	"Telewizor Hisense 85E7NQ 85"" QLED 4K VIDAA DVB-T2 HDR Bluetooth Smart TV"
Optima Natura	OLEJEK Z?ODZIEI PRZEZI?BIENIE ROZTOCZA WIRUSY 30ml
Hankook	1x 235/50R19 Hankook Winter i*cept evo3 X W330A
Meike	KEYBOARD z MIKROFONEM + Stojak pod Keyboard PULPIT DO NUT + Naklejki GRATIS
Lincoln Electric	"Spawarka Lincoln Electric QUICKMIG 300 MIG/MAG, MMA, Synergia"
Hortmasz	Kosiarka spalinowa HONDA nap?d 53 cm
Insport Nutrition	KREATYNA Monohydrat 500g MIKRONIZOWANA Creatine Monohydrate
Tech Sterowniki	Regulator Sterownik pok. dwu
Rafi	KARMA RAFI SASZETKA MIX SMAK W 20x300G DLA PSA
Philips	Philips 55OLED820/12 TV Oled 4K Ambilight Smart TV Google DVB-T2
Gorenje	"Lod wka Gorenje NRKI519E41 No Frost 193,2 cm Cicha CrispZone AdaptTech LED"
Braun	BRAUN IS7286BK STACJA PAROWA GENERATOR PARY ?ELAZKO PAROWE 2700 W 8 BAR
Goliat	ZIELONA CHOINKA SZTUCZNA Anna 120cm klasyczna tradycyjna Polski Producent
Nescafe	Kapsu?ki kawa Nescafe Dolce Gusto MEGA ZESTAW 96 szt 4+2
Michelin	1x OPONA ZIMOWA 205/60R16 Michelin Alpin 7 96H XL
Roto	PODW JNA KAMERA WIFI SMART ZEWN?TRZNA OBROTOWA 10MPX ULTRAHD APLIKACJA ZOOM
Ankon	SZAFA PRZESUWNA Lungo III 120cm z lustrem GARDEROBA - z?ote dodatki
KIMKE PROFFESIONAL	Lampa SOLARNA 3000W uliczna CZUJNIK RUCHU ZMIERZCHU Mocna UCHWYT MONTA?
NutroPharma	Prenatal DUO II i III Trymestr ci??y
GoodMajster Machinery	AGREGAT PR?DOTW RCZY INWERTOROWY Cichy Mied? AVR GMM-IG2000iS 2000W RATO
Heelly	PROJEKTOR RZUTNIK ANDROID SMART TV WIFI FULL HD 6000LM 4K LED BLUETOOTH
Pampers	PAMPERS Pants 7 Pieluchomajtki 15+ kg 74 sztuki NOWA WERSJA
TM	Gaz pieprzowy obronny obezw?adniaj?cy Policyjny 50 ml 2 szt. ZESTAW KABURA
Coca-Cola	"Nap j gazowany Coca-Cola Original Taste butelka 9x 1,5l"
Coca-Cola	"Coca Cola Original 1,5l 9szt"
Weninger	Podk?ad Pod?ogowy KWARCOWY Ogrzewanie Pod?ogowe Weninger Ideal Profi 2mm
Aigostar	FRYTKOWNICA BEZT?USZCZOWA XXL AIR FRYER 7L FRYTOWNICA 1900W LCD KOSZ CZARNA
Green Touch	KOSZ PREZENTOWY ZESTAW KOSZYK NA PREZENT HERBATA KAWA MI D SYROP KARMELOWY
Toshiba	"Dysk twardy Toshiba Surveillance S300 4TB HDWT840UZSVA SATA3 5400RPM 3.5"""
No brand on Allegro	Woda demineralizowana woda najwy?sza czysto?? 20L premium 4x5l do ?elazek
Davidoff	"Zestaw prezentowy Davidoff Fine Aroma - kawa mielona, kawa in"
Bitmat	Mata wyg?uszaj?ca panel na ?cian? do kuchni absorber echo pog?os dekoracja
Eko-Higiena	"P?ATKI WACIKI KOSMETYCZNE Bawe?niane 0,5kg 1200szt"
Ludwik	Tabletki do zmywarek __ Ludwik Classic __ lemon _ 100szt. __ Klasyczna si?a
Reelu	Wibrator Damski Masa?er ?echtaczki 2w1 Magic Wand Sex Maszyna Gad?ety REELU
Oleofarm	"Oleofarm Collaflex 120 kaps   Zdrowe stawy, regeneracja, ruch"
HELPA	"HELPAka - zestaw 6 kaszek bestsellerowych HELPA, eko, bez dodatku cukru"
Goodride	Goodride Z507 215/55R18 99 V XL FR 3PMSF opona zimowa
Numatic	"ODKURZACZ PIOR?CY Numatic George GVE370, 2L Novatep, 1L Bue Star, g?bki"
Pharmaceris	Pharmaceris Puri-Ichtilium 250ml ?el do mycia
Orlen Oil	Olej silnikowy mineralny ORLEN Turdus 5 l 15W-40
Ero-Bull	Feromony m?skie Ero-Bull Night Wolf 50 ml
Grzybek	PODGRZYBEK KAPELUSZE 500g NOWY ZBI R 2025 Polski Atest grzyby suszone le?ne
?pijZdrowo	MATERAC pocket strefowy SUPER TWARDY 3X KOKOS H4/H5 160x200 23 cm
Apple	Tablet Apple iPad Pro 11'' M4 Wi-Fi 256GB 2024 SPACE BLACK NOWY
DeWalt	M?ot wierc?co-kuj?cy SDS-MAX DeWalt D25773K 1700W
CATLINK	Catlink Automatyczna Kuweta Samoczyszcz?ca Do Kot w Scooper Young
Pampers	"Pampers Active Baby Pants Rozmiar 6, 13kg-19kg, 44 szt. Pieluchomajtki"
Premiorri	4x 205/55R16 OPONY ZIMOWE NOWE 2025
Festool	Przek?adniowa szlifierka mimo?rodowa ROTEX RO150 FEQ-Plus Festool Systainer
HUMBERG	OSUSZACZ POWIETRZA PRZEMYS?OWY HM-482 BUDOWLANY POCH?ANIACZ WILGOCI 70L/24H
No brand on Allegro	BMW 5 E60 E61 07-10 REFLEKTORY H7/H7+LED KPL NOWE
PASEBIKE	"PASEBIKE C29 Pojazd elektryczny 1000W 21AH 55KM/h 120KM Hamulec olejowy APP 29""*2.1"
Bio Herbs	OMEGA 3 1000mg EPA/DHA WITAMINA E 60 kapsu?ek
Swarey	"SWAREY Stacja zasilania 222 Wh z panelem s?onecznym 100 W,wyj?cie AC 300 W, USB-C 65 W"
Champion	19kg S?onecznik czarny nie ?uskany ziarno na zim? karmnik dla ptak w Champi
Kiano	Grzejnik elektryczny Kiano Heater 20 MOCNY 2000 W
bez marki	Po?ciel Bawe?niana dla niemowl?t do ? ?eczka Poszewki Komplet 120x90 Betiko
Clovin	Clovin II Septon proszek do dezynfekcji i do prania 15kg
Gp	Ga?nica proszkowa GP-1 BC z wieszakiem
SPI 55	LAMPKI CHOINKOWE 500 LED BIA?E CIEP?E 35m WEWN?TRZNE ?WI?TECZNE 8 TRYB W
Pierzynki	KO?DRA PUCHOWA 160x200 5kg PUCH+PIERZE ZIMOWA 2KOLORY+Z?OTA BIZA DOOKO?A
Smartled	Halogen LED Statyw Budowlany Na?wietlacz 3x 50W 16500lm Lampa Na Stojaku
Redats	Zestaw maszyn do wulkanizacji REDATS Monta?ownica M201 Wywa?arka W-200 230V
No brand on Allegro	CHOINKA SZTUCZNA JOD?A ZIELONA Z BIA?YMI KO?CAMI 180 cm G?STA + STOJAK
Ostrovit	Witaminy kapsu?ki OstroVit Omega 3 Extreme kwasy omega-3 117 g 90 szt.
Gymtek	WIO?LARZ DO ?WICZE? MAGNETYCZNY DOMOWY SK?ADANY ERGOMETR WIO?LARSKI XR800
Poljet	Papier ksero A4 Poljet 90g CIE 166 - 250 arkuszy
VIAKEN	MASZYNA STACJA DO NAPE?NIANIA SERWIS KLIMATYZACJI SAMOCHODOWEJ VIAKEN R134A
INDEX BHP	KURTKA ROBOCZA OCIEPLANA zimowa ODBLASKOWA kaptur SCALA PROCERA
Mar-Pol	NAGRZEWNICA OLEJOWA 40 KW SPALINOWA DMUCHAWA + TERMOSTAT LCD GRZEJNIK PIEC
Cleo	NUCLEOZIN COMPLETE kompleks 5 nukleotyd cynk OPDORNO?? Norsa Pharma 60 kaps
HP	Laptop HP 17-cn NOWY MODEL PROCESORA Core 5 FHD 32GB RAM 1TB SSD W11 SILVER
Tefal	Frytkownica bezt?uszczowa TEFAL EY501D15 Grill 2w1 Air Fryer
Daewoo	DAEWOO GENERATOR AGREGAT PR?DOTW RCZY GDA 9500DPE-3 8000KW 230 / 400V AVR
Anthyllis	"Szampon przeciw?upie?owy, bardzo delikatny EKO BIO"
Springos	SANKI DREWNIANE SOLIDNE POLSKIE Z OPARCIEM DLA DZIECI PODN ?KI producent
Natulim	Eko tabletki do zmywarki 6w1 Natulim   60 szt.
Nice	ORYGINALNY ZESTAW NICE WINGO 2024 KOMPLET 2 PILOTY
LG	"Telewizor OLED LG 65C45LA 65"" 4K UHD"
Stihl	"STIHL MS 182 PILARKA SPALINOWA 3/8 1,3 35cm"
Tunap	TUNAP 987 aktywny dodatek SCR 250 ml
Kormoran	1x Kormoran SNOW 195/65R15 91H
Swanson	SWANSON NAC N-Acetyl Cysteine 600mg 100k ANTYOKSYDANT PREKURSOR GLUTATIONU
TCL	PRALKA TCL FF0612SB1PL 6kg 1200obr SREBRNA kl. B inwerter PARA
Michelin	4x MICHELIN 225/40R18 92V Pilot Alpin 5 XL FR zimowe 2025 r
bez marki	S?ONECZNIK ?USKANY II GAT 5KG KARMA DO KARMNIKA DLA DZIKICH PTAK W+GRATIS
Tactix	"Skrzynka narz?dziowa modu?owa, systemowa na ko?ach ZESTAW TACTIX"
Autoled24	"Jednocz??ciowy, bezpo?rednio pod??czany reflektor LED z wentylatorem,"
Italform	TOALETKA KOSMETYCZNA Z LUSTREM LED BIA?A
OnePlus	Smartfon OnePlus Nord 5 Europa 12 GB / 512 GB 5G Szary
Graco	Graco 20B476 PISTOLET ULTRA QUICKSHOT CEE 20B476
Sony	Sony KD-65X85L
Yato	Agregat pr?dotw rczy stacjonarny tr jfazowy Yato 5500 W benzyna
Dallmayr	Dallmayr Kawa ziarnista mieszana Home Barista Espresso Intenso 1000g
Oscar Cook	NADZIEWARKA do KIE?BAS 3l PIONOWA szpryca maszynka do KIE?BASY w?dlin 3kg
Epson	Drukarka fotograficzna A3 Epson EcoTank L18050 WiFi do zdj?? TUSZE 6x KOLOR
Sandezia	SANDEZIA sucha dezynfekcja 2x10 kg wirusy bakterie
AllBoards	Tablica magnetyczna bia?a 120x90 cm rama aluminiowa PREMIUM EXPO + GRATIS
Complex-Partner	"Gwo?dzie do gwo?dziarki ??czone papierem 3,1x90mm 34  2000szt Pier?cieniowe"
Krause	"SOLIDNA DRABINA KRAUSE 7,65m 3x10 SZCZEBLI ALUMINIUM WYTRZYMA?A DO 150 KG"
Smartled	Lampa LED Oprawa Sufitowa 72W 120cm 8640 lm Natynkowa Do Gara?u Warsztatu
Bridgestone	1x BRIDGESTONE Blizzak 6 235/55R19 105W XL 2025 r
CottonMoose	Cottonmoose ?piworek combi 3w1 do w zka / Black
Owolovo	Mix mus w OWOLOVO 16 smak w dla dzieci i doros?ych 48 x 200g
LG	Czekolada BELGIJSKA mleczna do fontanny do fontann 1kg Boswena
Dreame	Robot sprz?taj?cy mopuj?cy Dreame Matrix10 Ultra bia?y 30000Pa 6400mAh HEPA
Care Life	TOALETKA KOSMETYCZNA z LUSTREM LED BIA?A + TABORET
Ariston	Ariston Akros R X 1020 piecyk gazowy podgrzewacz wody do ?azienki 4332007
Gp	W zek narz?dziowy SATA czarny 7 szuflad z wyposa?eniem 368 el. ST95113GPRO
Kormoran	1x Kormoran SUV SNOW 225/55R18 102V
Skydd	DODATEK DO DIESLA SKYDD DEPRESATOR BLACK ARROW 1L
Cortina	ZNICZ ELEKTRYCZNY RICO P?OMIE? XL EFEKT ?YWEGO OGNIA +BATERIE
Manta	"Telewizor Manta Smart TV 32LHA123E 32"" LED HD Android 11 DVB-T/T2 HEVC"
Fundacja Braterska	ORZECHY NERKOWCA CA?E 500g FUNDACJA BRATERSKA
HUMBERG	"PODNO?NIK PNEUMATYCZNY SAMOCHODOWY BA?WANEK PODUSZKA 3,5T Humberg"
TSP	50x PU?APKA NA MYSZY SZCZURY MYSZO?APKA SILNY KLEJ LEP AROMAT MOCNA ?APKA
Majster Pro	SPAWARKA INWERTOROWA INWERTEROWA MMA TIG 315A Majster Polska MP0102 2025r
D?bica	1x Opona zimowa D?bica FRIGO 2 165/70R14 81T
Omega Pharma	Xylorin udro?nia nos aerozol spray do nosa 18 ml
Farmapol	"FARMAPOL Cremobaza 10% Krem z mocznikiem p ?t?usty, 30 g"
Roto	SUPER MOCNY UCHWYT do TELEWIZORA WIESZAK TV ?CIENNY OBROTOWY LCD 32-70 CALI
Vizir	Kapsu?ki do prania VIZIR All In 1 Pods Alpejska ?wie?o?? - 50 szt.
Cztery ?apy	Karma dla psa JAKO?? Cztery ?apy wo?owina 20 kg
Grubber	Monta?ownica do opon k ? automatyczna z RunFlat GRUBBER GR922 400V NOWO??
Sopro	Folia w P?ynie Hydroizolacja Zaprawa Uszczelniaj?ca SOPRO DSF 523 20 kg
Starlink	Starlink
bez marki	BIE?NIA TRENINGOWA N2PRO AMORTYZACJA APLIKACJA FitShow BLUETOOTH POD ? ?KO
CleanTEC	CleanTEC Czyszczenie EGR katalizatora sondy lambda turbospr??arki 106
Kol-pol	DAKTYLE SUSZONE 1kg Bez pestek naturalne ?wie?e mi?kkie jako?? Kol-Pol
Seni	SENI LADY PLUS Wk?adki urologiczne 30szt.
Ostrovit	Omega 3 OstroVit 180 kaps ZDROWE T?USZCZE KWASY Olej Rybi 1000 mg
K2	K2 ZESTAW KOSMETYKI ?RODKI DO CZYSZCZENIA PIEL?GNACJI SAMOCHODOWE AUTA XXL
AZS-ENGINEERING	Sauna ogrodowa QUADRO 185 ?m 1QL zestaw z piecem na drewno
Riwall Pro Home	PROFESJONALNA BIE?NIA DOMOWA SK?ADANA LED BT G?O?NIK 10KM/H 130KG PAS 100CM
Nokian Tyres	1x OPONA 225/55R18 Nokian Tyres Snowproof 2 SUV
Millers Oils	Millers Oils EE Performance C3 5W40 5L
SF	Mini konsola przeno?na do gier retro x7 polskie menu aparat 1000 gier
Bodymax	BODYMAX + ?E? SZE? LECYTYNA WITAMINY MINERA? 200 TABLETEK
Vileda	Deska do prasowania Vileda Diamond S
Dolina Noteci	DOLINA NOTECI PREMIUM KOT MIX SMAK W 400G x 24
Eurotel	? ?ko pi?trowe 190x80 szuflada + materace JACEK
Bausch&Lomb	P?yn Bausch&Lomb ReNu MultiPlus 360 ml bardzo skuteczny zwi?ksza komfort
Verotech	Laminator A4 Verotech VL-640 laminarka trymer
Philips	Golarka Maszynka Elektryczna Philips Series 1000 S1151/00
Amica	Pralka Amica WA5S714ALiSH 7kg 1400obr 15program w Slim inwerter
Yato	YATO Pilarka Pi?a UKO?NICA 1800W z posuwem LASEREM 255mm YT-82173
Modebelle	Namiot dla Dzieci TIPI do Pokoju domu Domek Wigwam Be?owy Mi? do zabawy
Rode	HIZERO ?rodek czyszcz?cy p?yn do mycia pod? g 1L - zapach kwiat w
No brand on Allegro	2x Foto-kalendarz A3 TWOJE ZDJ?CIA kalendarze PREZENT
Kol-pol	HIBISKUS SUSZONY 1kg Kwiat hibiskusa naturalny malwa herbata jako?? Kol-Pol
Apple	Niebieski / Ultramarine Apple iPhone 16 256 GB
Laksol	ZMYWACZ DO HAMULC W 20L Cleaner Czyszczenia Tarcz Uniwersalny Odt?uszczacz
Bob Snail	Zestaw Owocowych Rolls w BOB SNAIL zdrowa przek?ska MIX 4 smaki 36x30g--2
Ceramizator	CERAMIZATOR ANTYKOKS DPF AN-AD
Delphi tools	"PI?A ?A?CUCHOWA AKUMULATOROWA PRO 8"" BEZSZCZOTKOWA PILARKA 3x ?A?CUCH"
Aflofarm	Diohespan Max diosmina diosminum 1000 mg 60 tabletek AFLOFAMR
Tracmax	2x TRACMAX A/S TRAC SAVER 205/55R16 91 V
Perfecto	R?cznik sk?adany ZZ 2W PERFECTO EasyOpen CELULOZA Gruby Ch?onny 150 szt.
Delphi tools	PRZYSSAWKA WIBRUJ?CA DO P?YTEK WIBRATOR DO POZIOMOWANIA 2xAKU + NAKOLANNIKI
Sena	Sejf antyw?amaniowy VALBERG Arsena? 30 El
Yato	"Agregat Malarski Hydrodynamiczny 480W 2,1l/min przed?u?ka w?? 15m Yato"
Samsung	Pralka SAMSUNG WW80CGC04DAE EcoBubble 8 kg 1400 obr
Lescolton	Depilator Laserowy IPL Dwie Lampy Odm?adzanie Nogi Bikini Lescolton T009i
LEDLUX	?ar wka LED E27 10W =100W SMD 4000K neutralna Premium nie mruga ZESTAW
Accu-Chek	ACCU-CHEK IN
Kinder	Zestaw Paczka S?odyczy Kinder Prezent dla Dzieci S?odycze ?wi?ta Wielkanoc
Nanolash	Everett Cosmetics Nanolash Od?ywka Przyspieszaj?ca Wrost Rz?s 3ml
Kraft&Dele	Kraft&Dele URZ?DZENIE WIELOFUNKCYJNE/JUMP STARTER 800A POWERBANK KD5491
Swisso	Kawa ziarnista Arabica Swisso Kaffee Espresso 1000 g
Rebel	KLASK (edycja polska)
Lego	KLOCKI LEGO GABBY DOLLHOUSE 11205 ?AKOCIOWA G RA I KICIOWY OGR DEK
Persil	"Persil Color ?el do Prania Kolor 88pr 3,96L + Gratis x2"
Thunder	Bie?nia Elektryczna Sk?adana Domowa Pod ? ?ko 0.8-12 km/h IMPACT THUNDER
Volt Polska	AWARYJNE ZASILANIE PIECA CO POMPY UPS 2200W 12V E
Volt Polska	AWARYJNE ZASILANIE ZASILACZ AWARYJNY PRZETWONICA PIECA CO POMPY UPS 2200W
Vaspiatta	Kawa ziarnista VASPIATTA Crema Italiana 1 kg
No brand on Allegro	TABLICA POLSKA KOLEKCJONERSKA ALUMINIOWA / RAMKA GRATIS
Seni	SENI ACTIVE CLASSIC XL MAJTKI CH?ONNE DLA DOROS?YCH 30szt.
Abrams	Termowentylator Farelka Ceramiczny Grzejnik Elektryczny 2000W Cichy
FIT-NET	BIE?NIA ELEKTRYCZNA G-RUNNER 420 DOMOWA AMORTYZACJA USB SK?ADANA G?O?NIKI
Cedrus	RB03 CEDRUS Rozdrabniacz spalinowy 120mm Loncin G420 Mocny i sprawdzony
Gymtek	BIE?NIA ELEKTRYCZNA DOMOWA SK?ADANA DO CHODZENIA BIEGANIA XT560 GYMTEK
Gp	DRON Z KAMER? WIFI 5G GPS ZABAWKA ZDALNIE STEROWANY APLIKACJA ZASI?G 3000M
Zwieger	ZWIEGER KLASSIKER Szybkowar 7.0 L
bez marki	FOTEL MASUJ?CY DO MASA?U ROZK?ADANY DO SALONU WYPOCZYNKOWY POLSKIE MENU
No-Pest	TRUTKA NA SZCZURY I MYSZY GRANULAT BRODIFAKUM NO PEST 1KG BARDZO SILNA
Marioinex	Klocki Marioinex Mini Waffle Konstruktor 350 element w
Elektrostatyk	Fotel W?dkarski Turystyczny Sk?adany Regulowany bardzo mocny NA PREZENT
Maltec	NAGRZEWNICA GAZOWA DMUCHAWA Z TERMOSTATATEM NA BUTL? W?? REDUKTOR LCD 25KW
Dewalt	PILARKA PI?A TARCZOWA STO?OWA KRAJZEGA DEWALT DWE7492 + W ZEK DWE74911 KO?A
No brand on Allegro	MAGNETYCZNE KAMIENIE GRA 60szt STRATEGICZNA EDUKACYJNA GRA W SZACHY ZESTAW
Kaczory	PODK?AD PAPIEROWY PRZE?CIERAD?O NA KOZETK? 60x50 m
Gymtek	ROWER MAGNETYCZNY STACJONARNY TRENINGOWY DO ?WICZE? FITNESS XB4000 GYMTEK
Coccolino	"Coccolino Kapsu?ki 3w1 do prania kolorowych tkanin 449,8 g (26 pra?)"
Pakova	TA?MA PAKOWA TRANSPARENT 48/66y Klej?ca Bezbarwna PAKOVA 36szt
bez marki	Du?y Zestaw prezentowy Prezent herbata mi d konfitura na urodziny imieniny
Karama	KARAMA Perro - Adult - CIEL?CINA Z BATATAMI - 12KG
Higher	Betoniarka Mieszarka Budowlana ?eliwny Wieniec 1500W 230V 200L Pojemno?ci
Capricare	Mleko Kozie CAPRICARE 1 pocz?tkowe 2 x 800 g
Elf	APARAT NATYCHMIASTOWY DLA DZIECI 5w1 DRUKU? SELFIE 180  MP3 GRY + GRATISY
Hop-Sport	Zestaw obci??e? bitumicznych 69kg z ?awk? z stojakami prosta i sztanga
Purina ONE	"4x Purina One Sterilcat, Wo?owina Pszenica 1500g(6"
Wella	Wella SP Men Gradual Tone Odsiwiacz do W?os w Czarny Zestaw 60+30ml BLACK
REX	28 x kartusze gazowe kartusz gazowy REX GAS nab j do kuchenki i palnik w
Junkers	PODGRZEWACZ WODY WRD 9-4 KB 23 S5395 / WY?WIETLACZ LCD
Samsung	"Telewizor QLED Samsung QE85QN80F 85"" 4K UHD Smart"
TCL	Pralka TCL FF0924WA0PL BIA?A 9kg 1400obr kl. A inwerter PARA DYSTRYBUCJA PL
Ydolo	YDOLO karma p ?wilgotna dla psa wieprzowina Iberico 10 kg
Wilo	Rozdzielacz do pod?og wki ogrzewania pod?ogowego 8 obwody sekcje z pomp?
Bausch	ZINALFAT Krem koj?co-regeneruj?cy 50 ml
Aliness	Aliness MAGNEZ CHELATOWANY Diglicynian + B6 MI??NIE SKURCZE ENERGIA 100 kap
Monster	Terenowy Samoch d Zdalnie Sterowany Auto Pilota MONSTERTRUCK 4X4 Akumulator
Artsezon	Kalendarz tr jdzielny ?cienny 2026 ROK pasek z okienkiem 3 miesi?ce KAWA 5x
Goodride	1x 225/55R17 Z401 101W GOODRIDE ca?oroczne nowe XL ROK 2025
Welmax	R?cznik Papierowy SUPER BIA?Y ZZ GRUBY R?CZNIKI CELULOZA 2w 22x23cm 3000szt
Metabo	MA?LAN SODU BERBERYNA METABOLIZM ZDROWA SK RA W?TROBA JELITA ZESTAW
Kospel	KOSPEL BOJLER WYMIENNIK CWU WW-140 L 2X W??OWNICA
Rafi	Mokra karma Rafi classic dla psa 2 Smaki 12x1240 g
Al Wataniah	Al Wataniah Kayaan Classic EDP 100 ml Perfumy m?skie z Dubaju
Elite	W?DZARNIA OGRODOWA NAJWI?KSZA W?DZARNIA METALOWA ELITE PRO 3.0 GRATIS XXXL
No brand on Allegro	Domek Ogrodowy Narz?dziowy METALOWY Schowek na narz?dzia HUDSON 277x191cm
AJKmeble	? ?ko Panama 90x200 Skrzynia Pojemnik Stela? Metalowy Podnoszony D?B CRAFT
Yato	Wiertnica diamentowa 2200 W Yato YT-81980
Dolina Noteci	Dolina Noteci PREMIUM MIX Smak w saszetka 20x 500g
Eden	EDEN COUNTRY CUISINE KACZKA JAGNI?CINA KR LIK ML 12kg ?REDNIE/DU?E RASY
No brand in Allegro	"E proszek do prania kolor w 4,125 kg"
Fotobum	1x Foto-kalendarz A3+ TWOJE ZDJ?CIA kalendarze DU?Y FORMAT 13 kartek planer
Ludwik	Ludwik MAXX POWER PLUS ALL IN 1 kapsu?ki do zmywarek Lemon 95 szt.
Kowal Polska	PROFESJONALNY 12Bar KOMPRESOR 50L olejowy t?okowy spr??arka pompa powietrza
Weima	Glebogryzarka spalinowa Weima WMX620 X620 silnik 7KM + belka + 2 x obsypnik
TODOMI	Efektowna Kurtyna ?WIETLNA SOPLE 501-1000 Lampek ?wi?teczne Ozdobne LED
Global Food	?URAWINA SUSZONA Ci?ta 1kg (1000g) BEZ KONSERWANT W
Apple	MacBook Pro 14 M5 24GB/512GB - Czarny
Norsan	Norsan Omega-3 Vegan olej z alg 100 ml o smaku cytrynowym
Kol-pol	ORZECHY W?OSKIE 500g ?uskane orzech w?oski naturalne ?wie?e jako?? Kol-Pol
Amica	Zestaw AMICA ZAMIG36600TB P?YTA GAZOWA PIEKARNIK
Dolina Noteci	Dolina Noteci PREMIUM mix bez kurczaka 20x500g
DeWalt	SZLIFIERKA K?TOWA 125MM 18V 6BIEG W AKUMULATOROWA 6AH FLEXVOLT TSTAK DEWALT
Apple	APPLE IPHONE 15 PRO 512GB
Tefal	Garnki Cook&Clip pokrywki patelnie Intuition 20/24/26/28 stal indukcja19el
DMF	Olej silnikowy OIL ONE MultiTEC 5W-30 5L
uwolnij kolory	3x Fotokalendarz A3 prezent na dzie? babci dziadka 30x40
Soudal	SOUDAL PIANOKLEJ DO STYROPIANU XPS EPS SOUDATHERM 2 SZTUKI
Fasmax	Materac masuj?cy FASMAX 120x200 ulga na b l plec w
Hankook	1x OPONA 255/45R19 Hankook Winter i*cept ION
Nokian Tyres	1x opona ca?oroczna 185/65R15 Nokian SEASONPROOF 2
Klarwod	KLARWOD HELIX 25 STACJA UZDATNIANIA WODY AUTOMATYCZNY ZMI?KCZACZ
Agnex	Erytrol Erytrytol Agnex 1kg naturalny s?odzik 0 kalorii Zdrowy Substytut
Soppec	Farba Geodezyjna Soppec Fluo Track Marker Spray r ?owy 12szt.
Gymtek	BIE?NIA ELEKTRYCZNA DOMOWA SK?ADANA MAGNETYCZNA DO BIEGANIA XT850 GYMTEK
Castrol	OLEJ SILNIKOWY CASTROL 5W40 4L C3
Askato	GENIALNY DZIECIAK. SZYBKA LOGIKA
Stiga	"Traktorek spalinowy Stiga ESTATE 384 M 8,5 KM 414 cm  PRZECZEPKA AKCESORIA"
BFGoodrich	4 x BFGoodrich Advantage All-Season 205/55R16 91 H 3PMSF opona ca?oroczna
TENA	WIELOPAK 12x12szt Podpaski TENA LADY MAXI CH?ONNE wk?adki kobiet urologia
bez marki	Sportowa czapka do biegania MABUSIYI
Tsunami	DESKA SUP
Toolme	KLUCZ UDAROWY pneumatyczny KOMPOZYTOWY Z Udarem do K ? 1850Nm Toolme TM080
Jacobs	Kawa mielona Jacobs Kronung 4x 500g 100% arabica
Faworyt	Traktor kosiarka z koszem Faworyt TRT92H586V2 92cm 18KM V-TWIN traktorek 26
Tagred	DIESEL AGREGAT PR?DOTW RCZY MOCNY 7350W 230V TA7350D
Maltec	PIECYK NA GAZ PROMIENNIK GRZEJNIK GAZOWY STOJ?CY NAGRZEWNICA S?ONECZKO 4500
Topdon	Kamera termowizyjna USB-C Termowizja TOPDON TC001 IR256x192 Android JPOLSKI
Soyovo|diy	ZESTAW DO ROBIENIA ?WIEC DIY ZR BTO SAM FORMY DO ?WIEC R ?NE KSZTA?TY
Ocean	"Zmi?kczacz wody - 25L, s l, test, wk?ady"
Rollo	10 x Gilzy Rollo Micro Slim Blue 200 szt cienkie do cienkich papieros w
Fujifilm	Fujifilm Wk?ad natychmiastowy 8.6x10.8 cm (2119016)
TCL	Lod wka No Frost TCL RP318BXE2 Galaxy Inox 185cm 318l tryb wakacyjny
Creality	CREALITY ENDER 3 V3 KE 220*220*240 mm 500mm/s
Clavier	Frezarka Do Paznokci Manicure Pedicure Mocna 65W FX 620 - White
Fasmax	Materac 160x200cm piankowy masuj?cy 20cm FASMAX ECO komfortowy H3 H4
Reeg	Urz?dzenie rozruchowe Booster Kompresor REEG Jump Starter Air Pump 2in1
Castrol	Olej silnikowy Castrol Edge Titanium FST 4 l 5W-30
Ballistol Klever	Gaz Pieprzowy Gaz Obronny Sto?ek Chmury MOCNY Niemiecki Klever KO FOG 40 ml
Nebu-Dose	"NEBU-DOSE 0,9% hialuronic s l fizjologiczna x30"
bez marki	Prze?cierad?o FROTTE z gumk? 180x200 PREMIUM GRUBE POLSKIE
Oppo	Smartfon Oppo Reno 14 FS 5G 12/512GB NFC Dual SIM AI Zielony Luminous Green
AbarQs	Bie?nia Elektryczna Domowa pod ? ?ko 6 km/h 100kg SUPER PREZENT
Starbucks	Kawa ziarnista Arabica Starbucks Blonde Espresso 450 g
No brand on Allegro	"GILOTYNA, PRZECINARKA DO STYROPIANU, 103X30cm, 250W, CA?A METALOWA OCYNK"
CentrumNaklejek	NAKLEJKI ochronne na ca?y rower GRAVEL folia ORAGUARD 270 gruba ZESTAW XXL
No brand on Allegro	Pod?wietlana TABLICA Do RYSOWANIA LED PISANIA WIELOKROTNEGO U?YTKU ?WIETLNA
Armani	Giorgio Armani Si 100ml woda perfumowana dla kobiet
Trex Sport	Rower stacjonarny rowerek treningowy domowy do ?wicze? aplikacja Trex Sport
Verotech	Niszczarka Do Papieru Domowa Biurowa 1005cc P-4 13L Cicha ?cinkowa Olej
TENA	"Majtki ch?onne Pieluchomajtki Pieluchy dla doros?ych Tena Normal M, 30 szt."
Roblox	Karta podarunkowa Roblox 50 z?
Rotenso	Pompa ciep?a Rotenso windmi 8 kW Promocja
Tracmax	OPONY ZIMOWE TRACMAX X-PRIVILO S130 205/60/16 96H
Dedra	JUMP STARTER urz?dzenie ROZRUCHOWE powerbank DO SAMOCHODU buster 1600 A
Selectic	Polska marka liczarka do banknot w Selectic K-21
Goodride	Goodride SW608 225/40R18 92 V XL FR 3PMSF opona zimowa
7mai	70mai A410 Kamera samochodowa 2.5K HDR + 128GB + UP03 + PUDE?KO NA PREZENT
Ga?-Gum	2x 195/65R15 OPONY ZIMOWE zestaw 2 szt. OPONA ZIMOWA 195 65 15 3PMSF 2026
FLOXER	"Zmywacz do Hamulc w FLOXER 20L - Czyszczenie Tarcz i Klock w, Odt?uszczacz"
Frischer Professional	TABLETKI DO CZYSZCZENIA PRALKI ODKAMIENIAJ?CE NEUTRALIZUJ?CE ZAPACH 42szt
Qualitium	Qualitium Nano 5W/30 5L Syntetyczny Olej Silnikowy
Gold	"Drut spawalniczy GOLD G3Si1 (SG2) Szpula B300 15kg fi 1,0mm"
Fundacja Braterska	MANGO SUSZONE PLASTRY BEZ DODATKU CUKRU 500g - f_braterska
Akai	AKAI MPC ONE+ - Stacja robocza
MalPlay	KLOCKI MAGNETYCZNE 3D Uk?adanka Edukacyjna 106 element w
Aiwa	"Monitor gamingowy AIWA 24"" 1920x1080 100Hz HDMI bezramkowy zakrzywiony"
INDEX BHP	R?kawice robocze r?kawiczki OCIEPLANE ZIMOWE piank
Tech	Agregat Szpachlarski Malarski Hydrodynamiczny G?adzi 8.5 L WABROTECH WT85
Thunder	Piec na drewno wolnostoj?cy 7kW CERTYFIKAT kominek piecyk ?eliwny Thunder
MATERACE Z G R	H3 H4 MATERAC 160X200 TWARDY MASUJ?CY Z PIANKI HR KONTUROWY 7 STREFOWY 24CM
Redats	"Podno?nik Dwukolumnowy 4,2T REDATS L-205F 230V P ?automatyczny + Olej 10l"
Merz Pharmaceuticals	MERZ SPEZIAL SPECIAL SK RA W?OSY PAZNOKCIE 120szt
Beauty System	LAMPA WARSZTATOWA SONOBELLA BSL-01 LED 24W CLIP
Xbox	Kierownica z peda?ami MOZA R3 Bundle RS053 Xbox / PC
Motul	Olej silnikowy Motul 8100 X-CLEAN+ 5W30 10L
Gerlach	KOMPLET 68 SZTU?C W PO?YSK 12 OS B ZESTAW SZTU?CE PUDE?KO GERLACH MUZA
Gre-Max	PODUSZKA PUCHOWA 70x80 100% PUCH G?SI GRUBA MI?KKA WYGODNA
Umarex	PISTOLET KULE GUMOWE UMAREX TP 50 HDP 50 GEN 2 Kal .50 +100KUL +20 CO2 13 J
Dooc	REGA? METALOWY NITOWY GARA?OWY MAGAZYNOWY SOLIDNY 5X265 KG 180X90X40CM
Brubeck	M?ska bielizna termoaktywna komplet Brubeck Extreme Wool ciep?a merino L
Aurovitas Pharma	FLEXISTAV XTRA smak porzeczkowo ?urawinowy 30 saszetek
Austone	4x 195/65R15 Austone All Season Fixclime SP-401
Pampers	"Ninjamas Serduszka bielizna ch?onna na noc, 54szt 8-12lat 27kg-43kg Pampers"
Kol-pol	ANY? GWIAZDKI 100g Gwia?dzisty ca?y aromatyczny do herbaty jako?? Kol-Pol
Tytan	Tytan Piana Pistoletowa 65 o2 750ml
Now foods	NOW Foods ADAM Witaminy i Minera?y dla M??CZYZN Q10 Potencja 180 softgels
Bambo Nature	Pieluchomajtki dla dzieci Bambo Nature 5 11-17 kg
Apple	Smartfon Apple iPhone 15 Plus 256GB Czarny
SanDisk	Karta pami?ci SANDISK Extreme PRO SDXC 128GB
Sky-Watcher	Teleskop astronomiczny luneta obserwacyjna Sky-Watcher BK 1149 EQ2
Asert	BRAMKA OCHRONNA BARIERKA ZABEZPIECZAJ?CA 72-122 cm
Pampers	Pampers Pants 5 96 szt. 11-17 kg Pieluchomajtki
Pampers	"Pampers Pants Pieluchomajtki, Pieluszki rozmiar 5 48 szt. 11kg-17kg"
Dolina Noteci	DOLINA NOTECI PREMIUM Mokra karma dla psa MIX smak w 12x400g
Beckers	Beckers Perfect White Farba Antysmugowa Bia?a 9 L
Riwall	PROFESJONALNA GLEBOGRYZARKA SPALINOWA RIWALL RPT 8556r 85CM POT??NA 10KM
Autel	OTOFIX D1 MAX TESTER DIAGNOSTYCZNY by AUTEL KOMPUTER SKANER DIAGNOSKOP OBD2
Spichlerz Zdrowia	OLEJ Z CZARNUSZKI 500ML ZAWSZE ?WIE?Y CZARNUSZKA POLECA ZDROWA MARKA
Beon	BIELIZNA TERMOAKTYWNA M?SKA ODZIE? TERMICZNA KOMPLET ZESTAW NA ZIM? L
Tassimo	Kapsu?ki TASSIMO Jacobs Morning Cafe MILD XL 3x 21
Samsung	"Telewizor Neo QLED SAMSUNG QE85QN77FAT 85"" 4K 144Hz Tizen Quantum HDR Czarn"
RicoKids	KLOCKI MAGNETYCZNE EDUKACYJNE KONSTRUKCYJNE AUTO UK?ADANKA DLA DZIECI 3D
Redats	Prasa Warsztatowa 20T REDATS H-370 Hydrauliczna Podw jna pompa + Pryzmy
Liqui Moly	Liqui Moly MoS2 LEICHTLAUF OLEJ 10W40 2184 5L
Jokomisiada	Laptop edukacyjny polsko angielski 65funkcji ZA3321
Apple	Apple iPhone 14 256GB Fioletowy
XMaster	MOCNY DU?Y POKROWIEC WODOODPORNY PEVA PLANDEKA NA SAMOCH D ZIM? ZESTAW XL
No brand on Allegro	WYCI?GARKA wci?garka elektryczna linowa 800kg 230V
XBAY	Klocki Magnetyczne ZESTAW 168 sztuk Klock w Konstrukcyjnych dla dzieci
Dzidziu?	Dzidziu? ?el do mycia butelek i artyku? w dzieci?cych 2l Zapas
Normet	"PODNO?NIK NO?YCOWY MOBILNY 4,0T PX-4000XU WYSOKI 1.2m NORMET"
Boste	BOSTE MASA?ER DO KARKU SZYI PLEC W CIA?A Z FUNKCJ? GRZANIA BEZPRZEWODOWY
Samsung	"Telewizor QLED Samsung QE50LS03F 50"" 4K UHD czarny"
PAO Diod	Kapilar SUPLEMENT z bioflawonoid modrzewia syberyjskiego ARAM 200 tabl.
Parkside	Wiertarko-wkr?tarka PARKSIDE PABS X20V G8 20V Akumulator ?adowarka
Keto Centrum	"Kawa ""Czarny Owoc"" 1kg Keto Centrum"
LG	Soundbar 9.1.5 LG S95TR 810W
Eloderm	Eloderm balsam nawil?aj?cy do cia?a 400ml
SilverTools	W?? PNEUMATYCZNY DO KOMPRESORA GUMOWY ELASTYCZNY 10x17mm 10m 20 BAR
Samsung	TELEWIZOR SAMSUNG 55QN85D 2024 QUANTUM MINI LED 100HZ 120 hz 4K UHD DVB-T2
WD	Agregat Pr?dotw rczy Diesel Machtmann 11000WD ATS 400V 10.6 kVA Tr jfazowy
Linis	Rewelacyjne Wk?ady Do Zniczy Ca?oroczne Znicz Szafir 3 14cm x 20szt.
Hop-Sport	Zestaw obci??e? kompozytowych 105kg z ?awk? z wyci?giem sztanga hantle
Framire	Szafa przesuwna Rivano I 150 cm z lustrem
Xtrexo	Bie?nia elektryczna XTREXO TXO-X250-S SK?ADANA REGULACJA K?TA 1-16 km/h
Kowal Polska	"PROFESJONALNY AGREGAT PR?DOTW RCZY 5,2kW ELE-START AVR+ MIED? STOJAN KowaL"
No brand on Allegro	ODMRA?ACZ DO SZYB SAMOCHODOWYCH P?YN DO ODMRA?ANIA FRISCHER PROFESSIONAL
Mobil	MOBILNY ST ? WARSZTATOWY NARZ?DZIOWY SZAFKA REGA?
EVI	LAMPKI CHOINKOWE ZEWN?TRZNE 500 LED ?WI?TECZNE ?WIATE?KA NA CHOINK? 35m XXL
Arbiton	ARBITON MULTIPROTEC ACOUSTIC wyciszony 2mm 3W1 edycja 2025/2026
Eyfel	CZERWONY ANIO? EYFEL ZAPACHY DO DOMU PATYCZKI 120
Deccart	LISTWA ?CIENNA SZTUKATERIA Bia?a TWARDA 2m DP1
Naturalnie Zdrowi	Naturalnie Zdrowi Truskawkowe rollsy z witamin? D3 owocowa przek?ska 50 g
Blue Orca Coffee	KAWA ZIARNISTA - ?wie?o Palona ZESTAW TASTINGOWY 6x200g - BLUE ORCA +GRATIS
adidas	Buty adidas Handball Spezial IF6490 39 1/3
Riwall	Bezzapachowa Nagrzewnica olejowa Riwall 30 kW z odprowadzeniem spalin
Tefal	Zestaw garnki pokrywki ?y?ki Ingenio Emotion 31el.
Blow	DU?Y SEJF ELEKTRONICZNY XL NA KOD KLUCZ SZYFR KASETKA KASA PANCERNA MOCNA
Pampers	Pieluchy PAMPERS Premium Care roz 0 3 kg 3x 30 szt
Gigabyte	Karta graficzna Gigabyte GeForce RTX 5070 GAMING OC 12 GB
bez marki	R?cznik Papierowy w Roli 80 m Celuloza 6 szt. R?czniki Do R?k Bia?e
Glenmark	REVITANERW Junior prawid?owe funkcjonowanie m zgu 30 kapsu?ek
bez marki	Virkon S 10 kg Wysoko skuteczny preparat myj?co dezynfekuj?cy grzyby wirusy
Gp	SMARTWATCH M?SKI ZEGAREK MENU PL GPS WODOODPORNY SPORT ROZMOWY AMOLED
Bepanthen	Zestaw Bepanthen Baby Ma?? ochronna na odparzenia 2 x 200 g
Dam	Izolacja Grubowarstwowa Nexler 1KP Folia w P?ynie Fundament 270KG + Paleta
Clovin	Proszek do prania Signum Universal 10 kg worek
OrthoVisions	KRZES?O PRYSZNICOWE TABORET POD PRYSZNIC STO?EK 4x PRYSZNICOWY DO K?PIELI
Muduko	Gra towarzyska MUDUKO Wirus! Roll & Write 8+
Green Touch	ZESTAW PREZENTOWY KOSZ ZESTAW HERBATA KAWA PREZENT NA WIELKANOC WIELKANOCNY
Tech Sterowniki	Przewodowy regulator pokojowy doromakowy do listwy
Mobil	Mobil Mobilux EP1 18kg
JFC	Poid?o izolowane niezamarzaj?ce dwukomorowe 80 l
FloraZoo	KARMA POKARM ZIARNO S?ONECZNIK DO KARMNIK DLA DZIKICH PTAK W ZIMUJ?CYCH
Thule	Box dachowy THULE Motion 3 XL LOW black glossy 400L
Lucaffe	Kawa ziarnista LUCAFFE MR. EXCLUSIVE 1 kg + GRATIS videobook
Sayus	LAMPA SOLARNA LED LATARNIA ULICZNA OGRODOWA CZUJNIK RUCHU ZMIERZCHU PILOT
Nokta	"NOKTA The LEGEND 12"" LG30"
No brand on Allegro	XMAX V3 PRO PLUS ULTRA 2025 - Waporyzator (limited edition) - Zielony
bez marki	Klocki MIX magnetyczne SZE?CIANY BLOKI zestaw 168 Klock w Kartonik Figurki
RUCKEN	Materac RUCKEN ?rednio - twardy 120 x 60 x 11 cm
bez marki	ELEKTRYCZNA BA?KA CHI?SKA MASA?ER Bezprzewodowy Antycellulitowy
ProBioBed	?ci ?ka ProBioBED Classic paleta (18 szt.) 270 kg trociny odpylone dla koni
Aba group	Pilnik do Paznokci 100/180 ? dka P ?ksi??yc
No brand on Allegro	FOTEL BIUROWY MATERIA?OWY CABRO C506 CZARNY TKANINA
Tchibo	Kawa ziarnista Tchibo Barista Caffe Crema 2x1 kg
Gainward	Karta graficzna Gainward GeForce RTX 5080 Phoenix 16GB GDDR7 DLSS4
Makita	"MAKITA RP2303FC01 frezarka g rnowrzecionowa z regulacj? 2100W, 9000-22000 obr./min., c?g"
Hop-Sport	Zestaw obci??e? z ?awk? i wyci?giem 106kg ?eliwo regulowana modlitewnik
Sony	S?uchawki Sony WH-1000XM4 Czarne
Trada	? ?KO KONTYNENTALNE ROLO 140x200 SZARE MATERAC - ? ?KO DOST?PNE OD R?KI
Manta	"Telewizor Manta 55LUV125E 55"" LED 4K UHD VIDAA 60Hz HDR Bluetooth DVB-T2"
Ariel	"Ariel Allin1 PODS Kapsu?ki do prania kolor w Color Mountain Spring, 60 pra?"
FloraZoo	KARMA POKARM ZIARNO S?ONECZNIK DO KARMNIK DLA DZIKICH PTAK W ZIMUJ?CYCH
S?onik Jumbo	R?cznik papierowy S?onik Jumbo Max 300 list 2warstwowy 1szt.
Borygo	Boryszew Borygo R ?owe - Gotowy P?yn Do Ch?odnic 5L
Mattel	GRA RODZINNA BLOKUS SHUFFLE EDYCJA Z KARTAMI UNO GXV91 oryginalna
Brodli	ALKOMAT PROFESJONALNY ETUI KALIBRACJA 10 USTNIK W DOK?ADNO?? JAK POLICYJNY
Shell	SHELL HELIX ULTRA PROFESSIONAL AM-L 5W30 5L
Rode	?EL ?RODEK PREPARAT TRUTKA NA RYBIKI SREBRZYKI CYPERMETRYNA NO PEST SILNA
Amper	Designerska Lampa ?yrandol Plafon kwadratowy Amper 45 x 25 cm O?wietlenie
Philips	Golarka elektryczna Philips S3000 golenie na sucho i mokro g?owice 5D
Pakova	KARTONY PRZEPROWADZKOWE PAKOVA MOCNE Karton do Przeprowadzki 10szt
Tigo	TIGO TS4-A-O OPTYMALIZATOR MOCY PANEL PV 700Wp - Zestaw 12szt.
Edger	?opata Szufla Do ?niegu Aluminiowy Prosty Trzonek 135cm Aluminium CZARNA
Aboca	Melilax Pediatric 6 sztuk ABOCA mikrowlewka doodbytnicza dla dzieci
Goodride	Goodride SW612 215/65R16 109 R C 3PMSF opona zimowa
Beckers	BECKERS DESIGNER COLLECTION WHITE FARBA CERAMICZNA BIA?A 10L
No brand on Allegro	"MYJKA PAROWA MOP PAROWY CZY?CIK DO OKIEN FUG PARA R?CZNA 0,55L ZESTAW 1350W"
Hill's	"Hill's Prescription Diet i/d Low Fat Digestive Care, kurczak 12 kg"
MTM	Materac kieszeniowy z kokosem 140x200 PRESTIGE KOKOS profilowany exclusive
OneTeam	SK?ADANY ST ? DO PING PONGA DLA DZIECI TENIS STO?OWY OneTeam 180x102x76 cm
Thea	RESVEGA kwasy OMEGA luteina wzrok Thea 60 kaps.
PREVION	"Masturbator m?ski z 3 pompkami i 7 ruchami obrot, wibruj?cy i ss?cy PREVION"
Kram	Kubki papierowe kraft 250 ml 100 szt. ekologiczne do kawy i napoj w
Akuna	ALVEO Grape-winogronowe AKUNA suplement zio?owy
Scheppach	"Kosiarka Spalinowa z Nap?dem 5.2KM 200cm3 z Koszem, Olejem + No?e"
ACTi	? ?ko Rehabilitacyjne Szpitalne Elektryczne Medyczne Regulacja Wysoko?ci
Prima	Kawa ziarnista Prima Aroma Gold 2x 900g
bez marki	Ogrzewanie Postojowe 12V 24V 230V Nagrzewnica 12kW Pilot WEBASTO bluetooth
Piast	Pasza dla kur niosek Piast granulat 25kg Nioska G od 18 tyg. ?ycia
Artsport	DREWNIANA DRABINKA GIMNASTYCZNA REHABILITACYJNA TRENINGOWA DO ?WICZE?
Ydolo	YDOLO Wild Fish Karma p ?wilgotna dla psa - Ryby morskie 10 kg
Cetaphil	Zestaw Cetaphil EM Emulsja i PS Lipoaktywny krem
Defro	Kocio? DEFRO CALORI 20 kW PELLET-DOST?PNY OD R?KI!+POMPA DEFRO GRATIS !
Sony	SONY FX30 ILME-FX30 BODY
iRobot	Robot sprz?taj?cy IROBOT Roomba Plus 505 Autowash Bia?y
Perwoll	"Perwoll Renew Black P?yn do Prania Czerni 3,75l 75 pra?"
Yokohama	1x Opona zimowa Yokohama BLUEARTH*WINTER V906 225/55R18 102V XL
LEGO	LEGO ICONS 10370 Gwiazda Betlejemska na Wigili? Bo?e Narodzenie 608 Klocki
Kochmanski	KOCHMANSKI portfel m?ski sk rzany biznesowy rozbudowany PREMIUM SmartPay
Meike	Keyboard Pianino Organy MK-2102 STATYW 61k USB MP3 Du?y zestaw dla dzieci
HMS	Bie?nia Elektryczna Domowa Sk?adana Treningowa Regulowana Do 120 kg HMS
Stanley	KOMPRESOR BEZOLEJOWY
Asus	"ASUS ZenBook 14 OLED UX3405MA-PP287W Ultra 9 185H 14'' 2,8k 32GB 1TB W11 AI"
K nner & S hnen	KONNER & SOHNEN KS 4000IE S - AGREGAT PR?DOTW RCZY
Petronas	Olej Petronas Urania Daily TEK Plus 0W30 10L oryginalny do Iveco Daily
Emolium	EMOLIUM DERMOCARE Szampon nawil?aj?cy 400 ml
Bazyl	Bazyl Ekonomik 20L
Premiorri	"1x 195/65R15 OPONY CA?OROCZNE NOWE 15"" NOWY WZ R 3PMSF 2025/2026"
Green Touch	PUDE?KO PREZENTOWE ZESTAW HERBATA S?ODYCZE PREZENT NA WIELKANOC WIELKANOCNY
Oral-B	Szczoteczka rotacyjna ORAL-B Genius X Czarny Timer
Google	"TCL 85T8B 85"" QLED 4K 144 Hz Google TV Dolby Atmos"
No brand on Allegro	SERWIS OBIADOWY KOMPLET TALERZY ZASTAWA STO?OWA ZESTAW NA 12 OS B PORCELANA
Tableo	Tablica sucho?cieralna magnetyczna rama aluminiowa 90x60 cm 60x90 + GRATISY
Dada	Pieluchomajtki DADA PANTS EXTRA CARE 5 Junior 126 sztuk.
Defro	Kocio? Defro Firewood Duo 15 kW LEWY/PRAWY na drewno i na pellet lista ZUM
NAC	NACINARKA DO KARTON W NISZCZARKA WYPE?NIACZ PACZEK CA400 KARTONY ZU?YTE
Pirelli	Pirelli 205/55 R16 POWERGY ALL SEASON SF V XL FR 94V opona WIELOSEZON
WaterWipes	"WaterWipes BIO Chusteczki nawil?ane wodne, biodegradowalne 60 sztuk"
Pure Chemical	ZIMOWY P?YN DO SPRYSKIWACZY DLA WSZYSTKICH 20L
Beon	KIJE TREKKINGOWE SK?ADANE REGULOWANE KIJKI W G RY TURYSTYCZNE ALUMINIOWE
Brita	Dzbanek filtrujacy BRITA MARELLA XL 3.5L Na wk?ady MAXTRA (sam dzbanek)
Blue Orca Coffee	Kawa ziarnista 1kg Naluna Limited Edition 100% Arabica Blue Orca Coffee
Goodride	2x 215/65R16 Goodride All Season Elite Z401 98V
Samsung	Telewizor 55 cali QLED Samsung QE55QN85F 4K UHD Smart TV srebrny
Fairy	Fairy Platinum Plus All In One Tabletki do zmywarki Cytryna 71 szt.
Medica Herbs	Medica Herbs BERBERYNA HCL 500mg W?TROBA Cukier CHOLESTEROL Odchudzanie
Bio Herbs	JOD + SELEN ORGANICZNY
Makita	MOCNA DMUCHAWA AKUMULATOROWA MAKITA DUB362Z 2x18V
Thunder	Bie?nia domowa elektryczna sk?adana 12km/h pod biurko pilot aplikacja 130kg
Sonicare	16x Ko?c wki do szczoteczek Philips Sonicare mix 16szt
Volt Polska	ZASILACZ AWARYJNY UPS PIECA 1200W SINUS PRO 1200E PLUS LiFePO4 AGM ?EL
No brand on Allegro	DRUT WI?ZA?KOWY 0.8 mm do WI?ZARKI MAX RB398 zamiennik TW 898 50szt.
Roto	FOTEL BIUROWY GAMINGOWY OBROTOWY DLA GRACZA KRZES?O GAMINGOWE ERGONOMICZNY
Roto	FOTEL BIUROWY GAMINGOWY OBROTOWY DLA GRACZA KRZES?O GAMINGOWE ERGONOMICZNY
Xbox	Karta podarunkowa Xbox 200 z?
Hertz-Fitness	Bie?nia elektryczna Hertz-Fitness Run Master 8.0 do 150 kg
Nokian Tyres	1x Nokian Tyres Seasonproof 2 225/45R17 94W
Fresso	Perfumy do samochodu Fresso Gentleman 50 ml
Playstation	Kingdom Come: Deliverance II PL (PS5) PlayStation 5 (PS5) pude?kowa
Lehmann	OPIEKACZ DO ORZESZK W CIASTEK FORMA 24 SZT NIEPRZYWIERAJ?CA POW?OKA 1700W
bez marki	DU?Y zestaw do robienia myde?ek glicerynowych 50el
M ller's	MOLLERS TRAN NORWESKI CYTRYNOWY OMEGA-3 EPA DHA
Google	Kod podarunkowy Google Play 60 z?
Tytan	ODKURZACZ PRZEMYS?OWY BEZWORKOWY KERCH TYTAN 3800W POPI ? PY? GIPS MOKRO
DeWalt	Zestaw elektronarz?dzi 6elementowy (DCK2060D2TQW)
Majster Polska	UDAROWA Wiertarka Wkr?tarka AKUMULATOROWA WALIZKA 2xAKU 20V nasadki MP0424
Flex	SZLIFIERKA DO GIPSU ?YRAFA GE 6 R-EC ZESTAW ODKURZACZ FLEX VCE 33 L AC-SET
Xiaomi	Xiaomi 15T Pro Gray 12GB RAM 256 GB ROM
No brand on Allegro	APARAT NATYCHMIASTOWY DRUKU? MINI DRUKARKA TERMICZNA DLA DZIECI i 13 ROLEK
Toolme	Myjka Ci?nieniowa Akumulatorowa elektryczna ALUMINIOWA pompa toolme TM280
Apple	Smartfon Apple iPhone 15 Plus 6 GB / 128 GB 5G czarny
Thunder	"Piec na drewno wolnostoj?cy 4,5kW koza EKO piecyk ?eliwny ekoprojekt zestaw"
Dro-masz	"Stopa wibracyjna Dro-Masz, skoczek, ubijak, sil. Loncin168F+przegl?d zerowy"
Yato	ZIELONY LASER KRZY?OWY 16 LINIOWY 4D Z AKCESORIAMI 25M YATO YT-30415
Samsung	Odkurzacz pionowy Samsung VS20C8524TB/GE czarny
POCO	"POCO F7 PRO 6,67"" 12/512GB 5G AMOLED WQHD+ 120Hz WIFI7 BT5.4 NFC DOLBY ATMO"
Moni-Pol	BENZYNA EKSTRAKCYJNA 5L NAJWY?SZA JAKO?? MONI-POL!
Aga	Choinka sztuczna Jod?a LEA 180 cm zielona jak ?ywa g?sta pi?kna premium AGA
bez marki	"Zestaw Komputerowy Gamingowy 27""100Hz Ryzen 5 3600 32GB GDDR6 GTX 1660S 6GB"
DEKO	SZLIFIERKA MIMO?RODOWA OSCYLACYJNA ELEKTRYCZNA Z REGULACJ? KR??KI ?CIERNE
SFD	SFD Ashwagandha ?E?-SZE? INDYJSKI SPOK J STRES 90 tabletek
Corciano	WANNA WOLNOSTOJ?CA Pari 170 x 80 PRZY?CIENNA SYFON
Omna	Latarka akumulatorowa szperacz najmocniejszy LED bardzo mocna powerbank
Omna	?piw r turystyczny mumia dzieci?cy dla doros?ych pod namiot ciep?y ko?dra
Redats	Monta?ownica automatyczna do Opon REDATS M-221 400V rami? pomocnicze 3D-1
Gorenje	Pralko-suszarka Gorenje WD2PA964ADT/PL 9/6kg 1400 obr/min SteamTech Grafit
Samsung	Telefon Samsung Galaxy Z Flip 7 FE 5G F761 8/128GB Czarny
Epee	Projekt Plusz Fryzurki Zestaw Salon Pi?kno?ci Stylizacje Dla Dzieci
Gp	Lokalizator GPS 120 dni MAGNES ?LEDZENIE PODS?UCH
Aba group	Pilnik do Paznokci 150/180 ? dka P ?ksi??yc
Old Spice	Old Spice Original 3w1 zestaw na prezent MEN
Melitta	Kawa ziarnista Arabica Melitta Bella Crema Speciale 1000 g + GRATIS pr bka
Lelani	Zestaw do hybryd lampa LED UV 48W lakiery preparaty + gratisy
Amica	Zmywarka do zabudowy AMICA DIM61E5qD 13kpl 60 cm
Gigabyte	Karta graficzna Gigabyte Geforce RTX 5070 Ti Aero OC 16 GB
Sokarnia Podlaska	ZAKWAS Z BURAKA KISZONEGO Z CZOSNKIEM SOK 5L Naturalny Zdrowy Super Smak
Tech Sterowniki	STEROWNIK REGULATOR TERMOSTAT POKOJOWY PRZEWODOWY R-10S PLUS WG.11.0284
Kleber	1x opona zimowa 225/55R18 Kleber KRISALP HP3 SUV
Tec2	TEC2000 Diesel System Cleaner Usuwa wod? z baku
Shell	Olej Shell Helix Ultra ECT C3 5W-30 (4L)
Atlas	"ATLAS M-SYSTEM 3G M8/FI6,5 L150 BX"
CraftCleaners	R ?owa Piana do Usuwania Mocnych Zabrudze? - ?r?ca Landryna Craft Cleaners
Izoxis	Lampka Biurkowa LED na Biurko Szkolna Lampa Kre?larska do Biura Stoj?ca 2w1
Dreame	Bezprzewodowy odkurzacz pionowy mopuj?cy Dreame H12 Pro FlexReach 18000 Pa
Kerch	"ROBOT KUCHENNY PLANETARNY MIKSER Z MIS? KERCH MYCHEF 4000W RED 6,2L"
Piper	Medica Herbs CURCUMA i PIPERYNA Tumeric KURKUMA Odporno?? Kr??enie 60kaps.
Pampers	"Pampers Premium Care Pants Pieluchomajtki, rozmiar 7, 36 szt, 17kg+"
Pampers	PIELUSZKI PIELUCHY PAMPERSY BELLA BABY HAPPY NEWBORN 1 (2-5kg) 82szt.
Bartek	Bartek 8800556 trzewiki buty ocieplane we?n? dzieci?ce 28
Wuber	3 MOCNE SIEKIERY ROZ?UPUJ?CA DO DREWNA FIBERGLASS TOPOREK KLIN DO ?UPANIA
Bowers & Wilkins	S?uchawki nauszne Bowers & Wilkins Px7 S3 (Anthracite Black)
EVI	DRON FlyPro14 2 kamery RADAR PRZESZK D silniki BEZSZCZOTKOWE 75min ZABAWKA
K-Sport	Drabinka metalowa do ?wicze? gimnastyczna z dr??kiem dla dzieci i doros?ych
Mink	GRA ZR?CZNO?CIOWA PI?KARSKI SAMOCH D ZDALNIE STEROWANY AUTO POD?WIETLENIE
MRM Chemicals	GLIKOL ETYLENOWY KONCENTRAT p?yn solarny ch?odniczy instalacje -80 C 20L
Warmi?ska Manufaktura	Olej z wiesio?ka 250ml Warmi?ska Manufaktura
Tw j Cel To	2 X COLLAGEN YOU FLEXI 12 000mg KOLAGEN DO PICIA WSPIERAJ?CY KO?CI STAWY
Ekspand	W zek schodowy transportowy magazynowy sk?adany m?ynarka towarowy WM01
Valentis	CIGNON SHOTS 20 fiolek po 10 ml
Motul	Motul 8100 X-Clean EFE C2/C3 5W30 5L
Dam	Ard Al Zaafaran Jazzab Gold EDP woda perfumowana perfumy damskie 100ml
Excellent	100szt x PILNIK Pilniczek do paznokci ? dka 100/180
Goodride	2x Opony zimowe 205/55R17 95V XL Goodride Z-507 3PMSF
Oppo	"Smartfon OPPO Find X9 12/512GB AI 6,59"" 120Hz 50Mpix Czarny"
Fotobum	Fotokalendarz ?cienny A3 Pionowy 2026 FOTO-kalendarz z Twoimi zdj?ciami
Misioo	Suchy Basen z Kulkami 90x30 Basenik Piankowy Szary Sztruks 200 pi?ek MISIOO
Defro	Defro Gamma 20 kW samoczyszcz?cy palnik i wymiennik + pogod wka + lista ZUM
Moderno Meble	Nowoczesny naro?nik AVESTA ruchome zag? wki
John Cotton	KO?DRA ZIMOWA Teraz Ciep?o! 160x200 cm   bardzo ciep?a ZIMOWA KO?DRA GRUBA
Mova	Robot sprz?taj?cy Mova P50 Pro Ultra Funkcja mopowania Stacja oczyszczaj?ca
DeWalt	"BRZESZCZOT DEWALT DO ALIGATOR, 430MM POR KL20"
Elixir	ELIXIR BIA?E MUMIO - STAWY KO?CI NERWOB LE ?YLAKI
DARFOR	WANNA WOLNOSTOJ?CA BIA?A 160 ODLEW MINERALNY KONGLOMERAT POLSKA PRODUKCJA
Drewmart	BUDA DLA PSA R ?NE KOLORY OCIEPLANA L +GRATISY!!!
Songmics	Kosz na ?mieci POTR JNY 3 KOMORY 54L segregacja klapa CICHE ZAMYKANIE bia?y
Dell	Dell 5510
Google	Smartfon Google Pixel 9a 8/128GB
Goodride	2x 225/60R17 Goodride All Season Elite Z401 99V
Eukanuba	"Eukanuba Puppy Large & Giant Breed, jagni?cina i ry? 12kg"
Universal Nutrition	UNIVERSAL ANIMAL FLEX 44 sasz MOCNE Stawy
Carmax	PRASA HYDRAULICZNA 12T - WARSZTATOWA - MOCNA - DU?A + P?YTY Z 4 WYCI?CIAMI
Urbogym	BIE?NIA ELEKTRYCZNA DOMOWA 2W1 LIGHT SK?ADANA NA P?ASKO POD ? ?KO 12KM/H
Lenovo	Laptop biznesowy Lenovo ThinkBook 16 G7 ARP 16'' R7 7735HS 16GB 512GB WIN11
M ller's	"MOLLER'S TRAN NORWESKI NATURALNY 250 ML/ OMEGA-3/ WITAMINY A, D"
Balja	"Proszek do zmywarki 1,2 kg 60 my? bez PVA bez fosforan w BALJA"
Multigra	Gra edukacyjna MONTESSORI do nauki pisania czytania prezent dla 7 latka 7+
Skyn	SKYN Large 36 Prezerwatyw Nielateksowych Du?y Rozmiar Komfort XL Premium CE
SKYN	SKYN Large Nawil?ane Prezerwatywy bez lateksu Du?e XXL 36 szt. Nielateksowe
IDEAL	2x SZCZOTECZKA ELEKTRYCZNA SONICZNA DO Z?B W + ETUI + KO?C WKI ZESTAW
No brand on Allegro	Drukarka Etykiet Kurierskich Termiczna XPRINTER XP-410B USB LAN
Dahua	Zestaw Monitoringu Dahua 5 Kamer 4Mpx Dzie?/Noc Kolor Detekcja AI NVR 8CH
Sanct Bernhard	Omu?ek zielonowargowy 500 mg koncentrat z omu?ka Sanct Bernhard 300 kaps.
Goodride	2 x Goodride Z507 225/55R19 99 V FR 3PMSF opona zimowa
Flex	Szlifierka do ?cian i sufit w Giraffe Flex GE 6 R-EC ?yrafa do g?adzi tynku
Atlas	Atlas treningowy do ?wicze? TAG Fitness Nevada Pro 100kg si?ownia domowa
Delphi tools	SZLIFIERKA K?TOWA AKUMULATOROWA BEZSZCZOTKOWA GUM WKA K?T WKA 2xAKU 4.0 Ah
Nestl 	Nestle mleko NAN OPTIPRO 5 2x650g
Rode	Mikrofon Rode Wireless PRO
Wiejska Zagroda	Wiejska Zagroda Karma sucha dla psa RYBY ?OSO? WARZYWA ?rednie rasy M 9kg
Yankee Caffee	Kawa ziarnista 1kg ?WIE?O PALONA ARABICA ROBUSTA
bez marki	PODU RKA POD PLECY PODUSZKA NA KRZES?O FOTEL OPARCIE PODK?ADKA ORTOPEDYCZNA
NAC	Odkurzacz do li?ci elektryczny NAC VBE350-AS-DW
PPHU WOCHAL	SANKI DUO BLIZNIAKI Z PCHACZEM OCIEPLACZEM POLSKIE 120KG REGULOWANE
Forte	Zestaw Essentiale Forte 300 mg na w?trob? 5 op. x 90 kapsu?ek 450 kapsu?ek
Bosch	"Wiertarka wkr?tarka z udarem 18V 2x5,0Ah L-Boxx BOSCH GSB 18V-65"
Pan Mi?sko	Pan Mi?sko Karma sucha CIEL?CINA z PRZEPI RK? Ma?e rasy SZCZENIAK XS 9kg
Boll	BOLL ?rodek do konserwacji podwozia 4x1 Litr
Paysafecard	PAYSAFECARD 50 z? KOD PIN PSC
Jager German	kompresor spr??arka 100l 540lMin 230V jager german
Xtrexo	ZESTAW Hantli REGULOWANY ci??ar do ?wicze? XTREXO STALOWE ci??arki 2x5kg
Johnson & Johnson	Soczewki ACUVUE OASYS for ASTIGMATISM 6 szt.
M ller's	M ller's TRAN NORWESKi cytrynowy 500ml ODPORNO?? M ZG wit. D3 A E omega-3
Philips	Oczyszczacz powietrza inteligentny Philips Seria 3200 PureProtect AC3221/13
Red-Ice	Folia B?belkowa P?cherzykowa
Moza	FILTR DO WODY RO7 JONIZATOR ODWR CONA OSMOZA 75GPD FILTR DO WODY POD ZLEW
Calitti	CALITTI Micro Crystals
Electrolux	Suszarka z pomp? ciep?a ELECTROLUX EW6D285YP 8kg MixCare SensiCare
Attabo	?y?wy figurowe ATTABO FS bia?y 39 EU TRWA?E OSTRZE OCIEPLANE WN?TRZE
Delphi tools	"PODNO?NIK SAMOCHODOWY ?ABA HYDRAULICZNY LEWAREK NISKOPROFILOWY 2,5T GUMA"
Hankook	HANKOOK Z225/55 R18 WINTER I*CEPT EVO3 X W330A 102V XL
Weldman	Spoter do wyci?gania wgniece? Spotter 5500 Zgrzewarka WELDMAN 5500 400V Bl
Weldman	Spoter do wyci?gania wgniece? Spotter 5500 Zgrzewarka WELDMAN Quick puller
Bebilon	"Bebilon Advance Pronutra 1 Mleko pocz?tkowe od urodzenia, 800 g"
Hoernecke	Gaz Pieprzowy Gaz Obronny Mocny Niemiecki Hoernecke TW500 Chmura OC10% 40ml
Philips	Golarka Philips QP2834/20 Oneblade do brody cia?a
No brand on Allegro	25 G
Bio Herbs	WITAMINY B COMPLEX 120szt. B1 B2 B3 B5 B6 B9 B12
The Pokemon Company International	TCG Booster Mega Evolution - Fatal Flames j?zyk Niemiecki 1 paczka
Apple	"Apple iPad 10,9"" , 10.gen. , 64GB , WiFi"
Samsung	SAMSUNG USB-C POWER-BANK 25W FAST CHARGE 10000 mAh SZYBKIE ?ADOWANIE BE?OWY
Philips	Oczyszczacz nawil?acz powietrza 2w1 Philips PureProtect Water AC3420/10
Demoxoft	Demoxoft Clean chusteczki do powiek 20 sztuk
Demoxoft	"Demoxoft Plus Clean, chusteczki do higieny powiek i sk ry wok ? oczu, 20szt"
Rafi	"Olej z czarnuszki dla dzieci 250 ml Olini T?oczony na zimno , nierafinowany"
Pampers	Pieluchomajtki Pampers Pants Baby-Dry Rozmiar 9 40 szt.
FX Protect	FX Protect G-FINITY CNT GRAPHENE COATING 30ML
Yves Saint Laurent	Yves Saint Laurent Black Opium woda perfumowana dla kobiet 90 ml
YONELLE	Yonelle Infusion Liftinguj?cy infuzyjny N 1 dzie? noc
Kowal Polska	"PROFESJONALNY AGREGAT PR?DOTW RCZY 11,8kW ELSTART AVR MIED? STOJAN KowaL"
OstroVit	Suplement diety OstroVit Omega 3 Extreme 180 kapsu?ek
Motul	"MOTUL MOTUL 5100 10W40 4T 4L SM/SL/SJ/SH/SG, MA2"
Konighoffer	Suszarka balkonowa Konighoffer Vera Black i koszyk na klamerki
?pijZdrowo	Materac LUX EKO Pocket Strefowy MASUJ?CY HR 7 cm Profilowany 180x200 23 cm
AUTOXSCAN	AUTOXSCAN X558 PRO Dekarbonizator proszkiem orzechowym Odkurzacz do metalu
Vayox	LATARKA CZO?OWA LED ZOOM AKUMULATOROWA LEKKA CZO? WKA USB-C 800lm PRO VAYOX
HP	SMAR JCB SPECIAL HP GREASE 400G ORYGINA? KARTUSZ TUBA TOWOT
Goodride	2x 215/50R17 GOODRIDE Z507 95V XL nowe zimowe ROK 2025
PPHU WOCHAL	Sanki z materacykiem oparciem podn ?kami
Elektrokabel	"Przew d kabel p?aski drut YDYP 3x2,5 - 100m"
Warmi?ska Manufaktura	Olej lniany 1000ml Warmi?ska Manufaktura
Invital	INVITAL LED zestaw akwariowy 60 litr w z biofiltrem i grza?k?
Prosperplast	KOMPOSTOWNIK 800L DWUKOMOROWY POPRAWIONY MODEL NEW
Galaxia	POJEMNIKI NA PRZYPRAWY 24SZT S?oiczki S?oiki Przyprawnik Organizer NAKLEJKI
Electrolux	SUSZARKA KONDESACYJNA Z POMP? CIEP?A ELECTROLUX EW6D295GP 9 kg Sensi Care
Yokohama	4x 235/50R20 YOKOHAMA BLUEARTH*WINTER V906 SUV
Yankee Caffee	Kawa ziarnista 2kg ?WIE?O PALONA 100% ARABICA SWEET HARMONY (2x1kg)
ADBL	Programator ECU TCU Autotuner Master OBD BENCH BOOT ADBLUE DPF EGR
TENA	ZESTAW 6x20szt TENA LADY SLIM EXTRA podpaski wk?adki stop przeciekaniu
Yoer	Grzejnik olejowy Yoer 2500W 10 ?eberek +Timer +3 moce +Tryb energooszcz?dny
SOSTA	Polskie Mas?o Klarowane 700 ml SOSTA Naturalne do Sma?enia Bez Laktozy
Goodride	1x 185/60R15 Goodride All Season Elite Z401 88H XL rok 2025
Euro Craft	WYCI?GARKA ELEKTRYCZNA WCI?GARKA 800KG 2000W LINOWA SUWNICA HJ207 STEROWANA
Nokian Tyres	2x Nokian Seasonproof 2 225/50R17 98V XL
Joie	JOIE ELEVATE R129 FOTELIK SAMOCHODOWY 9-36KG I-SIZE 100-150CM
GDD	Korki Analne Zestaw 3 Sztuk z Kryszta?em Sex Gad?ety Erotyczne dla Par
Paysafecard	PAYSAFECARD 130 z? ( 100 z? + 30 z?) KOD PIN PSC
Liqui Moly	LIQUI MOLY LM7110 CATALYTIC SYSTEM CLEAN 300ML
No brand on Allegro	Rega? magazynowy metalowy 3w1 180x100x60cm 1000kg
Asato	Drukarka Termiczna Druku? 5.0 13 Rolek Aparat Natychmiastowy Na Prezent
Head & Shoulders	Head & Shoulders Szampon z Pompk? do W?os w Menthol Fresh 800ml
Almirall	GELACET PLUS PROSZEK Z BIOTYN? I CYNKIEM SK RA W?OSY PAZNOKCIE 21 SASZETEK
davines	FANOLA NO YELLOW SZAMPON 350 + DAVINES MLECZKO 135
Cormak	W zek paletowy paleciak widlak MASZTOWY 160cm 1t
Maverick	Aga Toaletka kosmetyczna z o?wietleniem i gniazdkiem elektrycznym + taboret
Anex	ANEX OZY wielofunkcyjne krzese?ko do karmienia 3w1 dla dziecka
Royal Canin	ROYAL CANIN Vet cat urinary karma dla kot w 9kg
INDEX BHP	R?kawice robocze Poliuretanowe Uniwersalne BLACK PU rozmiar 10 - XL 10 par
Redats	Szafka warsztatowa Redats 7 szuflad W zek narz?dziowy na k ?kach Mobilny
BESTEN	"Podno?nik samochodowy BESTEN 2,5T hydrauliczny niskoprofilowy BE0002880"
Castrol	Castrol EDGE 5W30 LL 5L olej silnikowy syntetyczny VW504/507 BMW LL04
Huggies	Huggies Pieluchomajtki Little Movers Pants 4 Jumbo Pack (9-14 kg) 36 szt.
4FIZJO	LAMPA DO TERAPII ?WIAT?EM czerwonym lampa na podczerwie? - 4FIZJO Sollux
Roto	Fotelik samochodowy ISOFIX 40-150cm Sesttino OKTAGON 0-36kg OBROTOWY DASZEK
Bebilon	"Bebilon Prosyneo HA 3 Mleko modyfikowane po 1. roku, 400 g"
Orsetto	KOJEC DZIECI?CY XL Z MAT? PIANKOW? 180x200 cm + 4 UCHWYTY 50 PI?EK
LaCreativa	Czytnik Kart Do Nauki ANGIELSKIEGO POLSKIEGO 1020+ S? W TRZY TRYBY J?ZYK W
Nan	KURTKA ROBOCZA OCHRONNA OCIEPLANA Z KAPTUREM odpinany CLASSWORK ZIMOWA
Kraft&Dele	K&D SZAFKA NARZ?DZIOWA SERWISOWA W ZEK WARSZTATOWY 7 SZUFLAD 258 el KD1067
Outtec	PI?KARZYKI CYMBERGAJ MINI BILARD ST ? 3W1 DO PI?KARZYK W GRY STO?OWE OUTTEC
Cronen	PUFA SAKO DLA M?ODZIE?Y + GRATIS
Kleber	4x Kleber KRISALP HP3 235/45R18 98V
New Home	4 KRZES?A TAPICEROWANE FADO EKOSK RA EKSKLUZYWNE KRZES?O FADO TAPICEROWANE
Ludwik	Proszek do zmywarek Ludwik 5-funkcyjny worek 3 kg
Apple	Mac Studio M3 Ultra(28cpu+60gpu) 96GB 1TB Silver
No brand on Allegro	D?ugo dzia?aj?cy naw z do trawy jesienny - Mr. Green Grass 20 kg
Kraft&Dele	"PI?A SPALINOWA GA??ZI WKA 3,9kM 25CM SOLIDNA"
ZeeTech	APARAT NATYCHMIASTOWY DLA DZIECI DRUKU? MINI DRUKARKA + 11 ROLEK + NAKLEJKI
Pepsi	"6x Nap j gazowany Pepsi Max bez cukru 2,25l"
Fome Flex	Pianka PUR do ocieple? izolacji + 48 dysz do natrysku 850ml Fome Flex x 24
Dedra	"Agregat pr?dotw rczy inwertorowy Dedra DEGA4000K 3,0/3,3kW generator 1 faza"
TextileCare	TextileCare BARWNIK FARBA UBRA? ZESTAW 4 SZT
Kubu?	Kubu? mus Zestaw mix owocowy 36sztuk
Hop-Sport	Rower Treningowy Elektromagnetyczny Poziomy Stacjonarny Rowerek Le??cy
Guillin	POJEMNIKI ALI25 NA CIASTO OPAKOWANIE CUKIERNICZE 50SZT 164 x148 x 82
Klasek	Fajerwerki Wyrzutnia BEST PRICE POWER CLUB 130 strza? w C13020BP Klasek
Goodram	Pami?? DDR5 GOODRAM 32GB 5600MHz CL46 DR DIMM
Samsung	"Telewizor SAMSUNG QE75Q8FA 75"" QLED 4K Tizen TV HDMI 2.1"
Raimondi	Przecinarka Do P?ytek Wielkoformatowych 336cm Raimondi Raizor MkII PLUS
Ozonmed	Ozonator Powietrza 30 000 mg/h Generator Ozonu PRO-30G
Magnum	SPAWARKA INWERTOROWA MIGOMAT MAGNUM MIG 212 ALU CU SYNERGIA 230V 200A 2T/4T
Kol-pol	MIESZANKA STUDENCKA 2kg Orzechy bakalie naturalna przek?ska jako?? Kol-Pol
Dany Meble	"MEBLE KUCHENNE KUCHNIA MODU?OWA ZESTAW SZAFKI BLAT JOLA 3,2M D?B SONOMA"
Toolme	PODNO?NIK SAMOCHODOWY HYDRAULICZNY ?ABA LEWAREK 2500KG 2.5T TOOLME TM006
Mapo Tea	ZESTAW ZIMOWY CYNAMON LASKA ANY? GO?DZIKI POMARA?CZE 350G DO GRZA?CA
Apple	"Apple MacBook Air 13"" M4 10-CPU/GPU 24GB 512GB SSD 2025 Ksi??ycowa po?wiata"
HP	Laptop HP 255R G10 Ryzen 7 7735U 32GB 2TB Pod?. Klaw. Win11 Alu klapa
DuoLife	Suplement diety DuoLife MY BLOOD MOJA KREW burak p?yn 750 ml 1 szt.
Delphi tools	PILARKA TARCZOWA KRAJZEGA PI?A DO DREWNA ELEKTRYCZNA R?CZNA Z LASEREM LASER
Pedigree	Karma sucha dla ps w du?ych ?rednich ras Adult Professional Dr b 12kg
Nestl 	"Nestle Nan Expertpro HA 1, mleko pocz?tkowe, dla niemowl?t od urodzenia,"
BaByliss	Suszarko lok wka BABYLISS AS6550E Air Wand 3w1 susz prostuj dodaj obj?to?ci
Dumel	FABRYKA RADO?CI - BALONY
Global Food	PESTKI DYNI ?USKANE ?USZCZONE 1kg (1000 g) NATURALNE
Samsung	"Telewizor OLED Samsung QE55S95D 55"" 4K UHD model 2025 Smart TV Tizen DVB-T2"
Xtrexo	Bie?nia elektryczna XTREXO X110 czarny OS REGULACJA K?TA DOMOWA SK?ADANA
No brand on Allegro	Podk?ady ch?onne higieniczne 40x60 50 szt
Mobil	Gimbal r?czny DJI Osmo Mobile SE
Kozlusan	"Kocio? piec na pellet Kozlusan LIDIA COMPACT MINI 10 kW, raty 0%, lista ZUM"
x-kom	G4M3R HERO i7-14700F 32GB 1TB RTX5060Ti
Hilding	Materac 140x200 Fandango HILDING bardzo twardy spr??ynowy
Ballistol Klever	Klever Gaz pieprzowy KO Spray Jet 40 ml
Green Cell	Zasilacz UPS GREEN CELL Micropower 2000VA
Ekopasz Hajn wka	Wys?odki buraczane suche niemelasowane dla konia
JG Smart	Smartwatch m?ski Realtek 8763E wodoodporny Bluetooth
Aristo	Minovivax 5% rozt r na sk r? ?YSIENIE 50 mg/ml 100 ml
Tchibo	SUPER ZESTAW SMAKOWY MIX 80 kapsu?ek do Cafissimo
Bella Baby Happy	ZESTAW PIELUSZKI PIELUCHY HAPPY 4+ MAXI PLUS 9-15 KG 56 SZT.
Tega Baby	WANIENKA DLA DZIECKA TEGA BABY WANNA DU?A SERIA KACZKA NIEBIESKA 102 cm
Dreame	Robot sprzataj?cy Dreame Aqua 10 Ultra Roller Complete Bia?y 30000Pa
Provag	"Provag Emulsja, 500ml"
Dafi	Szklany dzbanek filtruj?cy Dafi Crystal 2l z licznikiem LED + 6x Wk?ad
Yanosik	YANOSIK RS BT DO?YWOTNI ABONAMENT+ 3xUCHWYT+ KUBEK +KLIPS NA OKULARY Yanbox
Hans	HANS TRUCK W zek narz?dziowy 520 element w
Bestlift	Podno?nik Jednokolumnowy Mobilny Samochodowy BESTLIFT 130E AUTOMAT 3000KG
Orlen Oil	P?yn do Spryskiwaczy Zimowy Orlen Oil SYLEN Niebieski -20 C
Tech Sterowniki	STEROWNIK REGULATOR POKOJOWY PROGRAMATOR ST-297z v3 PRZEWODOWY 230V BIA?Y
HP	INWERTER FALOWNIK HYBRYDOWY 50kW DEYE SUN-50K-SG01HP3-EU-BM4 3-FAZOWY HV
OnePlus	"Smartfon OnePlus 15 12/256GB 6,78'' 165Hz 7300mAh Infinite Black Czarny"
Force	NAP?D DO BRAMY GARA?OWEJ FORCE BEST1000 ULTRA DO 15 m2
Nature's Sunshine	"Nature's Sunshine Tei-fu - Balsam do masa?u cia?a na b le stawowe, mi?"
Venom	POT??NA KOSA SPALINOWA PODKASZARKA SILNIK 3xG?OWICA 2xTARCZA 2x PRZEK?ADNIA
Forte	Xenico Bergamil Forte 90 kaps. Bergamota Zdrowe Serce Kr??enie Cholesterol
No brand on Allegro	Choinka Sztuczna ?wi?teczna 150 cm JAK ?YWA ?WIERK KAUKASKI MODNY ZIELONY
Ironpack	FOLIA B?BELKOWA 100cm Ochronna P?cherzykowa Mocna
Boll	BOLL ?RODEK DO KONSERWACJI PODWOZIA SPRAY 500ML
Tuf Tuf	MOKRA KARMA DLA KOTA 24x415g 75% MI?SA W SOSIE TUF TUF PUSZKI MIX Smak w
EVI	KOMINIARKA TERMOAKTYWNA KOMIN Balaclava BANDANA NA TWARZ ROWER Ocieplana
Forte	"SFD ma?lan sodu Forte, 180 tabletek"
Seni	"SENI SUPER L Pieluchomajtki dla doros?ych, nietrzymanie moczu, 30 sztuk"
No brand on Allegro	Better Skin Set
Asus	"Laptop Asus B1503CVA-S71320 15,6 "" Intel Core i5 16GB 512GB WIN11Pro"
Zelletten	Waciki Zelletten 12 WARSTW W ROLCE 1000 SZT bezpy?owe grube DWIE ROLKI
Gigabyte	Karta VGA Gigabyte AORUS GeForce RTX 5080 16GB GDDR7 PCIe5.0
EkaMedica	2 x EkaMedica Karczoch 1L Wsparcie trawienia Wsparcie w?troby Cynaryna
Calvin Klein	Calvin Klein In2U Men 100ml woda toaletowa m??czyzna EDT
ASG	"Wiatr wka Pistolet ASG CZ 75 P-07 Duty Blow-Back ZESTAW ?RUT + 10xCO2 4,5mm"
Bridgestone	4 x Bridgestone Turanza All Season 6 235/55R18 104 V XL FR ENLITEN 3PMSF
No brand on Allegro	COMPLIDERMOL 5ALFA 60KAPSU?EK
WattCycle	"AKUMULATOR LiFePO4 12V 100AH   LEPSZY NI? AGM/?ELOWY, ?YWOTNO?? 10 LAT, Z BMS"
bez marki	40 ROLEK 3 WARSTWY PAPIER TOALETOWY PRINTEK BIG
Philips	EKSPRES AUTOMATYCZNY CI?NIENIOWY PHILIPS EP4449/70 SERIES 4400 15 BAR W
GRAFJET	METALOWE D?UGOPISY COSMO z grawerem LOGO napisem REKLAMOWE
TODOMI	LAMPA SOLARNA ZEWN?TRZNA LED ULICZNA Z CZUJNIKIEM RUCHU I ZMIERZCHU 2200W
RoadX	1x Opona ca?oroczna RoadX RXMOTION 4S 205/55R16 94V XL
Coccolino	Kapsu?ki do prania COCCOLINO Care Black 40 szt.
Biolit	BIOLIT POPULIN PLUS
SuperLED	Lampa sufitowa Natynkowa Oprawa halogenowa 6x GU10 LED Szyna Tuba Spot
Kowal Polska	"AGREGAT PR?DOTW RCZY 5,2kW pr?du miedziany stojan KowaL Licznik GODZIN AVR+"
Apple	"IPHONE 11 4GB 128GB Folia fabryczna, pe?ny zestaw"
bez marki	St ? rozk?adany nowoczesny 80x80- 200 cm D?b CRAFT
bez marki	St ? rozk?adany nowoczesny 80x80- 200 cm D?b CRAFT
Palit	Palit Karta Graficzna RTX 5070 Ti GAMING PRO 16 GB GDDR7 256-bit DLSS 4
Pampers	Pieluchomajtki Pampers Pants Rozmiar 5 56 szt.
Apple	Rysik Apple Pencil GEN2 bia?y Oryginalny Pen iPad Pro iPad Mini (MU8F2AMA)
Lenovo	Lenovo ThinkPad X1 CARBON U7 258V 32GB 1TB 2880x1800 14 OLED W11P 0.98KG
Barbie	"LALKA BARBIE MALIBU STAJNIA zestaw z serialu ""Zagadki Barbie: Wielki po?cig"
To-ma	POLSKIE SANKI metalowe z oparciem pchaczem 3w1 materac z odblaskiem
K2	POFESJONALNY 12 Bar kompresor k22 bezolejowy 50L spr??arka powietrza cichy
Borniak	W?dzarnia Elektryczna Automatyczna na zr?bki UWD-70 CYFROWA v1.4 BORNIAK
Spotify	Karta podarunkowa Spotify Premium 24.00 PLN
TropiDog	TROPIDOG Beef 12kg Adult Medium Large Breeds
Gymtek	ROWER STACJONARNY MAGNETYCZNY ROWEREK TRENINGOWY FITNESS XB2000 GYMTEK
Lego	KLOCKI LEGO
Waterpik	IRYGATOR DO Z?B W WATERPIK WF-150 MOCNY 10 POZIOM W 6 DYSZ 3 LATA GWARANCJI
Hop-Sport	St ? do pi?karzyk w gra towarzyska zr?czno?ciowa uchwyty na napoje gratis
3M	Lampki Choinkowe 1000Led ?wi?teczne Zewn?trzne Wewn?trzne Ciep?y Bia?e 73m
Didibaby	Namiot TIPI WIGWAM mata 5 poduszeczek przytulanek
bez marki	Lusterko Stoj?ce do Makija?u z O?wietleniem LED w stylu Hollywood ?ukowe
Vetfood	L-Methiocid Suplement Diety Dla Psa I Kota Opakowanie 120 Kapsu?ek Vetfood
Sch lke	"Octenisept, 1000 ml"
Piast	5kg Pasza karma dla kr lika w tuczu KR LIK TUCZ (P852G) PIAST
Strotex	FOLIA MEMBRANA DACHOWA STROTEX MU
Nato Defense	GAZ PIEPRZOWY OBRONNY NATO 2 SZTUKI ?EL 50ml
Granum	Trawa Kwiatami Malowana Granum 250 m  5 kg mieszanka Kwietna ??ka
Motus	Hulajnoga elektryczna Motus Scooty 10 Gen 4 350W zasi?g 60 km bateria 15Ah
Mercator Medical	R?kawiczki Nitrylowe Mercator Nitrylex CLASSIC Niebieskie Medyczne 100szt L
Mercator Medical	Nitrylex Classic txt blue rozm. L - r?kawice nitrylowe bezpudrowe
Forte	Viruton FORTE 1L Koncentrat do Narz?dzi Chirurgicz
Paysafecard	PAYSAFECARD 50 z? KOD PIN PSC
No brand on Allegro	ORZECHY ZIEMNE 1kg Arachidowe pra?one Bez soli orzeszki jako?? Kol-Pol
Ravenol	Ravenol VMP 5W30 CleanSynto USVO 5L
No brand on Allegro	SZKLARNIA POLIW?GLAN TUNEL 12M2 300X400 PTF POLSKA ZIELONA
Higher	Taczka ogrodowa dwuko?owa koleba w zek paszowy JAPONKA spawana 350L HIGHER
Dewalt	SKRZYNIA NARZ?DZIOWA G??BOKA TSTAK VI DWST83346-1 DEWALT
Pirelli	4 x Pirelli Scorpion All Season SF3 265/50R20 111 Y XL FR 3PMSF opona
No brand on Allegro	Targroch M?ka migda?owa Dieta keto Omega 3 1 kg
Zipro	ROWEREK STACJONARNY TRENINGOWY FLAME WM ROWER Z KINOMAP ICONSOLE - ZIPRO
No brand on Allegro	APARAT NATYCHMIASTOWY CYFROWY DLA DZIECI Z DRUKARK? + KARTA 32GB + 14 ROLEK
No brand on Allegro	ZESTAW HALOGEN LED 3X50W STATYW ROBOCZY NASWIETLACZ 4500K REFLEKTOR
No brand on Allegro	PROFESJONALNY KOMPRESOR BEZOLEJOWY 10 BAR 100L 6T MOCNY CICHY
Apple	Apple Mac mini M4 24GB/256GB Srebrny
Venom	DMUCHAWA SPALINOWA DO LI?CI 9w1 OGRODOWA ODKURZACZ ROZDRABNIACZ WOREK 55L
Ikea	IKEA HEMNES ? ?ko rozk?adane BIA?E 2 materace
NAC	"PI?A PILARKA SPALINOWA NAC CST61-50AOW OREGON GA?NIK WALBRO 3,8KM"
No brand on Allegro	ZESTAW BIESIADNY PIWNY OGRODOWY BAROWY STALOWY SK?ADANY ST ? ?AWKI KOMPLET
No brand on Allegro	GRA MAGNETYCZNA 30 KAMIENI
No brand on Allegro	Czytnik Kart Do Nauki s? wek POLSKI ANGIELSKI 1020+ S? W TRZY TRYBY J?ZYK W
No brand on Allegro	DU?A DESKA DO PRASOWANIA 152 x 44 cm PROMIS LUXURY PRO do Stacji Parowych
No brand on Allegro	R?cznik Papierowy Maxi 100m Aro-Pack 6 Rolek 2w R?czniki Papierowe Celuloza
Soundcore	S?UCHAWKI BEZPRZEWODOWE DOUSZNE dokana?owe SOUNDCORE LIBERTY 4 PRO BT 5.3
Rafi	? ?ko 160x80 szuflada + materac + grafika LUKI
No brand on Allegro	Rekuperator Centrala wentylacyjna BSK NOTUS 400m3/h Nagrzewnica Bypass WiFi
No brand on Allegro	WEIDER KREATYNA ?ELKI 60 SZT. CREATINE GUMMIES MONOHYDRAT CREAPURE WI?NIA
Bridgestone	4 x Bridgestone Blizzak 6 225/45R18 95 V XL FR ENLITEN 3PMSF opona zimowa
Nokian	Nokian Tyres Seasonproof 2 185/60R15 88H opona osobowa ca?oroczna XL
Nokian	1x OPONA 195/65R15 Nokian Tyres Seasonproof 2
No brand on Allegro	Mumio Oczyszczone Shilajit a?tajskie Balsam g r tabletki 60x regeneracja
Candy	PRALKA KOMPAKTOWA CANDY CW50-BP12307-S
Aliness	Aliness Witamina K2 Menachinon MonoFORTE MK-7 200  g z Natto 60 kapsu?ek
Higher	"Rusztowanie aluminiowe drabinowe przegubowe jezdne HIGHER DR 2x5 4,0m 150kg"
No brand on Allegro	MOKATE czekolada g?sta gastronomiczna
No brand on Allegro	"Projektor DLP XGIMI Horizon Ultra, szary"
Meteor	STOJ?CA GRUSZKA BOKSERSKA REGULOWANA BOX TRENINGOWA ZESTAW METEOR 124-158
No brand on Allegro	"SOPLE 675LED KURTYNA LAMPKI ZEWN?TRZNE IP44 FLASH BIA?E+CIEP?E 2W1 31,5m"
Saeco	Automatyczny ekspres ci?nieniowy Saeco SM6680/00 1500 W czarny
Goodride	1x Goodride SW608 195/55R16 87H
Kaisai	KAISAI POMPA CIEP?A ARCTIC MONOBLOK 12 kW (KHC) 400V GRZA?KA 3/6/9 kW
No brand on Allegro	Farma Figurki Zwierz?t Stajnia Obora Kurnik 18el. WOOPIE GREEN MEGA ZESTAW
No brand on Allegro	PROMOCJA ?WI?TECZNA ! BIA?A XXL TOALETKA KOSMETYCZNA Z LUSTREM I TABORETE
Kross	"Rower gravel Kross esker 6.0 rama 19 cali ko?o 28 "" czarny"
No brand on Allegro	NUTRIDRINK
Pampers	"Pampers Harmonie Baby Pieluszki, rozmiar 4 (9kg-14kg), 174 sztuki"
Yokohama	4x OPONY 235/50R19 Yokohama Advan Winter V907
Yoer	Szklany Grzejnik na podczerwie? Promiennik Yoer 600W Energooszcz?dny +WiFi
Tommy Cafe	Kawa ziarnista 1kg ETIOPIA 100% Arabica ?WIE?O PALONA Tommy Cafe
No brand on Allegro	SKALER ULTRAD?WI?KOWY DO Z?B W 5 tryb w LED AKUMULATOR usuwanie kamienia
No brand on Allegro	DUMEL ZABAWKA KACZKA MONIKA Z MALUCHAMI MELODIE KO?YSANKI 6M+
No brand on Allegro	SOPLE 1000 LED 46.5M ZEWNETRZNE BIALE CIEPLE IP44 FLASH LAMPKI
No brand on Allegro	VISANTO KOLAGEN MSM + PLUS kompleks BOR niacyna
No brand on Allegro	OKTO ZESTAW ARTYSTYCZNY 3D Modelowanie Kwiaty Ramka PREZENT Wielkanocny
Grubber	Mocny PODNO?NIK no?ycowy NAPOSADZKOWY 3500kg 230V 185cm Grubber XL350N
No brand on Allegro	Z?OTA BRANSOLETKA SZNUREK KOMPAS 333
Sony	ODZIE? TERMOAKTYWNA KOMPLET Bielizna termiczna KALESONY KOSZULKA SPANDEX OC
No brand on Allegro	Mata dla Psa do Samochodu USZTYWNIANA Pokrowiec na Siedzenie Auta STABILNY
Apple	Apple iPhone 13 Mini 128GB
No brand on Allegro	Mata Masuj?ca Wibracyjna Podgrzewana Do Masa?u Masa?er Medivon Cosy Vibra
No brand on Allegro	BIE?NIA ELEKTRYCZNA DOMOWA V620M AMORTYZACJA MASA?ER WZNIOS MOCNA DO 140KG
SFD	SFD VITAMIN COMPLEX SPORT 120TAB WITAMINY MINERA?Y KONCENTRACJA ZDROWIE
Kleber	1x 215/55R18 Kleber Krisalp HP3 SUV 95H NOWE ZIMA
Dedra	Agregat pr?dotw rczy 8.3 kW Dedra DEGB9203K AVR 230V 400V rozruch el. DEDRA
EVI	LAMPKI ZEWN?TRZNE 500 LED SOPLE 24m GIRLANDA ?wi?teczna Kurtyna ?wietlna XL
Beko	Pralka Beko BM1WFU37225WPB 7 kg
No brand on Allegro	WIELKI GARA? TOR WY?CIGOWY Z P?TL? WYRZUTNI? 2 AUTKA STACJA PALIW WARSZTAT
No brand on Allegro	Bezdymna NAJLEPSZA Fontanna Sceniczna 2m 30s WEWN?TRZNA na Wesele Urodziny
Techlife	HULAJNOGA ELEKTRYCZNA 3000W BATERIA SAMSUNG 20AH TECHLIFE Q5 V3 2026 +PILOT
Makita	Zestaw narz?dzi Makita wiertarko-wkr?tarka DHP482RFX9 96 el. skrzynia
No brand on Allegro	Sidolux p?yn mycie pod? g Kwiat Japo?skiej wi?ni 5l
Samsung	Pami?? RAM Samsung SO-DIMM 32GB DDR5 2Rx8 5600MHz PC5-44800 M425R4GA3BB0
Metabo	SOOL Ocet Jab?kowy z Probiotykiem 60 ?elek Odchudzanie Metabolizm Trawienie
No brand on Allegro	Access Denied
Tefal	Odkurzacz pionowy bezprzewodowy TEFAL Flex AQUA 15.60 TY99G3 3w1 2 baterie
Nordic Naturals	"Nordic Naturals - Omega 3, 1560mg, Cytryna P?yn 473 ml"
Force	ZESTAW DO BRAMY SKRZYD?OWEJ FORCE V400 LS DO 8 M 400 KG Z KRA?C WKAMI
No brand on Allegro	ALLNUTRITION WHEY PROTEIN PREMIUM 700G CIASTKO WPC BIA?KO MI??NIE MASA SI?A
Castrol	OLEJ 0W-30 CASTROL MAGNATEC PROFESIONAL
Yato	YATO PILARKA PI?A TARCZOWA ELEKTRYCZNA KRAJZEGA DREWNA 185MM 1500W YT-82152
Samsung	Samsung QE75QN70F TV Qled 4K Mini Led 2025 Smart TV Tizen DVB-T2
No brand on Allegro	podk?ady ch?onne ps w maty
Klipsch	KLIPSCH R-820F REFERENCE KOLUMNY POD?OGOWE 150W G?O?NIKI DO KINA CZARNE
Robusto	PODNO?NIK Dwukolumnowy AUTOMAT 4000KG Ramiona 2 3 1895mm SP4.0T - ROBUSTO
No brand on Allegro	Agregat malarsko-szpachlarski Graco Mark VII
Goodride	1x OPONA ZIMOWA 225/50R18 Goodride Z507 99V
No brand on Allegro	POMPA DO WODY BRUDNEJ SZAMBA Z ROZDRABNIACZEM FAST FIX + KO?C WKI
No brand on Allegro	NEUTRALIZATOR ZAPACHU MOCZU PSA 500ml ISOKOR ANTI URINE CLEANER NATURALNY
No brand on Allegro	NEUTRALIZATOR POCH?ANIACZ ZAPACH W MOCZU PSA 1L ISOKOR ANTI URINE NATURALNY
NAC	BIE?NIA ELEKTRYCZNA G8000 DOMOWA REGULACJA NACHYLENIA SK?ADANA AMORTYZACJA
Force	NAJLEPSZA! MSI GeForce RTX 3090 Suprim X 24GB BOX doskona?y stan
No brand on Allegro	"Wyci?g z Propolisu, Ekstrakt, Propolis NAJMOCNIEJSZY 100ml BEZALKOHOLOWY"
Dewalt	LASER WIELOLINIOWY 3*360 ZIELONY 18V 1*2.0AH - DCLE34035 DEWALT
Intex	MATERAC DMUCHANY DWUOSOBOWY WELUROWY ? ?KO Z POMPK? 230V INTEX 64118ND
Urbogym	Bie?nia elektryczna UrboGym V550M OS
No brand on Allegro	ZATRZASKI NAPY ZAPINKI GUZIKI DO UBRA? SPODNI ZESTAW DO MONTA?U ZATRZASK W
Oral-B	Irygator Oral-B OxyJet Health Center MD20 Stacjonarny do Z?b w
Bomann	Lod wko-zamra?arka French Door Bomann KG 7361 IX (ciemny inox)
No brand on Allegro	ZNICZ SOLARNY LED WIECZNY DLA TATY NA CMENTARZ GR B lampka Ksi?ga 3D
No brand on Allegro	Dystrybutor wody z odwr con? osmoz? JIMMY R9 wody filtr 7 temperatury wody
Adata	Adata Pami?? XPG Lancer Blade DDR5 6000 64GB (2x32) CL30 RGB
Gre-Max	Komplet po?cieli 200x220 100% bawe?na gruba polska
No brand on Allegro	Szafa przesuwna PREMIUM z lustrem 200 cm SZUFLADY VERONA Modern Garderoba
No brand on Allegro	Piec piecyk kominek koza z p?aszczem wodnym kocio? CO BLIST PADOVA E
No brand on Allegro	Odmra?acz do Szyb Moje Auto -50 C Atomizer 650ml
No brand on Allegro	LATARKA LED MOCNA AKUMULATOROWA USB TAKTYCZNA SZPERACZ POWERBANK BIWAKOWA
No brand on Allegro	R?czniki papierowe ZZ 21x21cm 2 warstwy bia?e celulozowe   pakiet 3000 SZT
Tchibo	Kawa ziarnista Tchibo Caffe Crema Mild kawa mieszana arabica robusta 2x 1kg
Dewalt	Dewalt M?otowiertarka SDS-Plus 900W z dodatkowym u
Roto	PROTON LABS Colostrum 45% IG 1000mg Liofilizowane 60szt. siara
No brand on Allegro	Herbata SIR WILLIAMS Tea Bags (180 sztuk)
No brand on Allegro	SCHODY STRYCHOWE W?AZ NA STRYCH 60x80 80x60 TERMO
LG	SAMOCHODOWY POCH?ANIACZ WILGOCI - OSUSZACZ DO AUTA WIELORAZOWY SKUTECZNY
Ruhhy	Ko?dra Obci??eniowa RUHHY 6 kg 200x150cm Szara Antystresowa Koc Sensoryczny
Bebilon	Bebilon 4 Advance Pronutra mleko nast?pne po 2 roku ?ycia 3x800g
Yoer	Odkurzacz bezworkowy cyklonowy Yoer mocny 900W HEPA +Aromat 7 nasadek PILOT
No brand on Allegro	Kompresor BJC 350L spr??arka / 4 - t?okowa / do PIASKOWANIA / UDT / 12 bar
Gorenje	Lod wka dwudrzwiowa GORENJE NRK6202AC4 200cm NoFrost Jasny Be? FreshZone
Dedra	Przecinarka do glazury DEDRA DED7819
Olight	Zmywarka Bosch SMV25EX02E 60 cm 13 kpl 3 szuflada InfoLight AquaStop
No brand on Allegro	?awka treningowa du?a regulowana z modlitewnikiem stojakami rozpi?tkami
No brand on Allegro	Pasta monta?owa zimowa do opon DELTA niebieska 4kg ma?? wulkanizacyjna
No brand on Allegro	"Frezarka do paznokci FX 750 Clavier manicure, pedicure 65W, black czarna"
Lenor	ZESTAW LENOR PROFESSIONAL P?YN DO P?UKANIA APRILFRISCH 2 x 4 L / 400 PRA?
SFD	SFD PURE CREATINE 400 kaps MONOHYDRAT KREATYNY CZYSTA KREATYNA MASA SI?A
Agnex	ORZECHY NERKOWCA PO? WKI 1kg NERKOWCE NERKOWIEC
LG	LG ELECTRONICS Telewizor LED 32 cale 32LQ631C0ZA
No brand on Allegro	KOMPRESOR SPR??ARKA 500L 10 BAR 1400 l/min WALTER
No brand on Allegro	EKX X21 Max 6000W Motocykle elektryczne 60V30AH Bateria litowa 75Km/h +NFC
Salomon	Salomon Speedcross 6 417379 r. 42 2/3
Dewalt	DeWalt DCD776N wiertarko-wkr?tarka udarowa 18V XR uniwersalna
Tchibo	Kawa ziarnista Tchibo Exclusive Good Mood 6kg
No brand on Allegro	NASWIETLACZ LED 2X50W STATYW BUDOWLANY 100W HALOGEN ROBOCZY 6000K
Brit	BRIT PATE MEAT 24X400 LAMB z jagni?cin? zestaw
Philips	Philips H4/H19 Ultinon Access LED 6000K 20W 1500lm komplet 2 szt.
TCL	Craftcleaners Zestaw Kraftowy Wosk Ekstremalna Czer? Mikrofibry Aplikator
No brand on Allegro	NO.1 UJICHA JAPAN MATCHA Du?e Opakowanie 80g Japo?ska Herbata Wysoka Jako??
No brand on Allegro	Sylimaryna intense ostropest 120 kaps. W?troba detoks oczyszczanie moc
No brand on Allegro	"Nourkrin WOMAN, 60 tabletek"
Force	Irygator dentystyczny do z?b w jamy ustnej Dental Force 400ml 5 PROG 8 DYSZ
LG	Deco LAKIER akrylowy SPRAY FARBA DO FELG CZARNY SATYNA 500ml
No brand on Allegro	Namiot TIPI WIGWAM TEEPEE 3 poduszeczki+ GIRLANDA z gwiazdek produkt PL
No brand on Allegro	Zestaw PREZENTOWY na ?wi?ta BO?E NARODZENIE syrop piernikowy mini upominek
Heelly	IRYGATOR DO Z?B W BEZPRZEWODOWY DENTYSTYCZNY 5 TRYB W 400ML MOCNY ETUI
Apple	Trec Creatine Monohydrate 500 g GREEN APPLE Monohydrat Kreatyny 128 por
TCL	PRALKO-SUSZARKA TCL CP1012SA0PL 10/6KG 1200OBR/MIN INWERTER PARA
Vileda	VILEDA Professional Magiczna ?ciereczka do szyb r-MicronQuick zestaw 4 szt
No brand on Allegro	Biovital Pami?? p?yn 1000ml
Iiyama	Monitor iiyama ProLite XCB4594DQSN-B1 44.5? 5120 1440
Bridgestone	1x OPONA ZIMOWA 255/45R20 Bridgestone Blizzak 6
No brand on Allegro	"OTWORNICA DIAMENTOWA KORONKA DO GRESU M14 ZESTAW ? 6,8,10,35,68 mm ADAPTER"
Intex	Materac dmuchany z pompk? t?okow? i dwoma poduszkami INTEX 64765
Dedra	Nagrzewnica elektryczna 9kW 400V DEDRA 3-fazowa Termostat Regulacja Temp.
No brand on Allegro	Florenta Plus p?yn 200 ml
Goodride	4x 235/45R19 SW608 Goodride 99V XL zimowe nowe
Firestone	1x Firestone Winterhawk 4 235/50R19 103V XL
Samsung	Smartfon Samsung Galaxy Z Fold7 16GB/1TB Czarny
Viessmann	Zmi?kczacz Viessmann Aquahome 20 smart 20 l
No brand on Allegro	Groty stalowe Bull's Knurled Grip Points Black 35mm
No brand on Allegro	PROJEKTOR RZUTNIK OPTOMA HD28e + GRATIS UCHWYT I KABEL HDMI
Riwall	PILARKA SPALINOWA RIWALL PRO 5140PL 58CM3 7KM PROWADNICA 50CM LANCUCH
Google	"TCL 75P81K 75"" QLED 144 Hz 4K Google TV Dolby Atmos Vision"
Pokusa	POKUSA Olej z ?ososia Atlantic Salmon Oil 300ml
No brand on Allegro	"GRZEJNIK ALUMINIOWY KALORYFER ?EBERKOWY 10 ?EBEREK H-500 BIA?Y MOCNY 152,6W"
No brand on Allegro	? ?ko Kosmetyczne St ? Masa?u Przed?u?ania Rz?s Le?anka Aluminiowe Sk?adane
Eloderm	Eloderm 2w1 ?el do w?os w i cia?a 750 ml. AZS. Kwasy OMEGA 3 6 9.
Launch	TESTER DIAGNOSTYCZNY LAUNCH PRO129x FULL PL 25 od AUTORYZOWNEGO DEALERA
No brand on Allegro	?wirek dla kota Bentonitowy Benek Compact Naturalny Drobny Zbrylaj?cy 20L
Defro	Defro Evopell 8 kW wentylator wyci?gowy + internet + pogod wka + lista ZUM
No brand on Allegro	Pilnik Pilniczek Do Paznokci ? dka Manicure Pedicure 100/180 - 100 Szt.
Yokohama	4 x Yokohama Advan Winter V907 255/45R20 105 V XL FR 3PMSF opona zimowa
Kumho	1x 265/50R20 Kumho Wintercraft WS71 111V NOWE ZIMA
No brand on Allegro	Gra planszowa Epee Wisielec - gra familijna od Epee
Motul	MOTUL 8100 X-CESS 5W40 - 4L
Deeper	? dka zan?towa DEEPER QUEST Baitboat + Echosonda z GPS
Cedrus	?UPARKA DO DREWNA ELEKTRYCZNA 7 TON 2300W R?BAK HYDRAULICZNY CEDRUS LS02H
Cedrus	Ostrza?ka do ?a?cuch w Elektryczna Profesjonalna Cedrus OS01 230W 3000 obr.
No brand on Allegro	"Benzyna Ekstrakcyjna 20L FLOXER - Rozpuszczalnik, Zmywacz, Odt?uszczacz"
Royal Canin	Royal Canin Hypoallergenic Canine 2 kg - DR21
Cedrus	?UPARKA DO DREWNA PIONOWA CEDRUS LS07V CEDLS07V 8 TON 3500W 400V
No brand on Allegro	"NAJCIEPLEJSZE Schody Strychowe NORDIC 0,44 W/m2K 120x80 2 uszczelki WY?AZ"
No brand on Allegro	Karton Klapowy 200x120x80 100 szt MA?E PUDE?KO PACZKOMAT A
Castrol	Olej Silnikowy Castrol Magnatec 10W-40 A/B 4L
Goodride	4 x Goodride SW612 205/65R16 107/105 T C 3PMSF opona zimowa
Ironpack	FOLIA B?BELKOWA 30cm P?cherzykowa Ochronna Mocna ZESTAW 6szt
Fujifilm	20x WK?AD INSTAX MINI DO 8 9 11 12 FUJIFILM KLISZE ZDJ?CIA PAPIER 20 SZTUK
No brand on Allegro	Rodzinna gra planszowa - ?wi?teczna Misja - Zabawa dla dzieci i doros?ych
No brand on Allegro	LAMPKI SOPLE 500 LED 24M BIALE CIEPLE IP44 FLASH ZEWNETRZNE GIRLANDA
No brand on Allegro	PRZYSMAK DLA PSA - Kabanosy z kaczk? i ry?em SMACZKI PREMIUM MERSJO 500g
No brand on Allegro	"Artresan Efekt, kapsu?ki, 60 szt."
Mobil	MOBIL SUPER 2000 X1 5W30 - 5L
Dewalt	"m?ot udarowo-obrotowy 10,5J, SDS-Max, 1350W, DeWalt [D25614K-QS]"
Apple	## APPLE IPHONE 16 PRO 512GB # NATURAL # FIZYCZNA SIM ## UNIKAT ###
ASUS	"Laptop 17,3"" ASUS TUF Gaming A18 Ryzen 7-260/32GB/512/Win11X RTX5060"
No brand on Allegro	Znicz SOLARNY LED Ekskluzywny Znicz na Gr b Elegancki Srebrny Lampion Paris
Steam	DO?ADOWANIE CYFROWE STEAM 100 EUR
Wuber	SZLIFIERKA ?YRAFA DO GIPSU G?ADZI TYNKU LED DWIE G?OWICE PAPIER X24 WUBER
Redats	Zestaw Maszyn do Wulkanizacji Redats W-220 Redats M-250 3D2 2 Biegi Runflat
No brand on Allegro	KURTYNA ?WIETLNA 120LED GWIAZDKI LAMPKI CHOINKOWE GIRLANDA BIA?Y CIEP?Y
No brand on Allegro	Prezent dla faceta na dzie? ch?opaka 3x500ml m?ski ?el pod prysznic mix LaQ
No brand on Allegro	:) Kordonek MUZA 10 BIA?Y - 0400 Ariadna // HURT - 6 SZTUK //
No brand on Allegro	Double Eagle Zdalnie sterowany traktor Ursus C-360 RTR
No brand on Allegro	Lampka LED na Biurko Kre?larska MOCNA 20W Regulowana 3 Barwy Dotykowa
Gp	Mac Studio M4 Max(14cpu+32gpu) 36GB 512GB Silver
No brand on Allegro	Nutridrink Protein r ?ne smaki 24 szt. x 125 ml
Nokian	4 Opona zimowa Nokian SNOWPROOF 1 245/40R19 98V XL
Bosch	RADIO BUDOWLANE BLUETOOTH FM AUX 18V/230V 06014A4000 BOSCH GPB 18V-5 C
Heisberg	Materac 160x200 kieszeniowy HOUSE PREMIUM Aloevera kokos H3/H4 HEISBERG
Termet	Termet Minimax ECO 22/22 kocio? dwufunkcyjny z otwart? komor? spalania
Samsung	Suszarka SAMSUNG DV5000D DV90DG52A0AH z pomp? ciep?a bia?a 60 cm A+++
No brand on Allegro	FREZARKA DO PAZNOKCI EXO SILENT SX7 48 W
Seysso	Ko?c wka do szczoteczek SEYSSO Carbon PROFESSIOANAL 4 szt
Yokohama	4x Yokohama BluEarth*Winter V906 SUV 215/60R17 96H
No brand on Allegro	CHODZIK DREWNIANY PCHACZ KOSTKA EDUKACYJNA 6w1 SORTER LICZYD?O STOLIK EDU
No brand on Allegro	Mikrofon bezprzewodowy krawatowy Hollyland Lark M2 Combo 300m (2TX+3RX)
Minn Kota	Silnik dziobowy Minn Kota Powerdrive elektryczny 55 Lb d?g 54 cale (137 cm)
No brand on Allegro	LATARKA LED 20000 LUMEN W AKUMULATOROWA MOCNA SZPERACZ ZOOM USB WODOODPORNA
No brand on Allegro	Drewniane sanki z Pchaczem dla dzieci PRODUCENT San-Drew
No brand on Allegro	MATA TRENINGOWA NADMUCHIWANA PVC Air Track materac 300x100x10cm + pompka
Ryobi	Bezszczotkowy klucz udarowy RYOBI RIW18X-0 18V ONE+ HP Moment 900 Nm SOLO
Sonicare	KO?C WKI G? WKI WK?ADY zamienniki DO SZCZOTECZKI SONICZNEJ PHILIPS SONICARE
No brand on Allegro	KOCI DOMEK GABI GABBY'S DOLLHOUSE Clay World zestaw kreatywny z ciastolin?
Nintendo	Karta podarunkowa Nintendo eShop Card 120.00 PLN
No brand on Allegro	Podk?ad pod panele MULTIPROTEC LVT VINYL CLICK
No brand on Allegro	FOLIOPAKI KURIERSKIE A3 Mocne FOLIOPAK 310x420 500szt.
Ravenol	RAVENOL VST 5W40 CLEANSYNTO A3/B4 SN/CF 5L
WD	Luba 2 AWD 5000 X Mammotion 2025r. bez kabla GPS RTK
LG	MATERAC 160x200 KONIEC Z B LEM PLEC W BESTSELLER ULGA DLA KR?GOS?UPA POLSKA
No brand on Allegro	Little Live Pets Ptaszek Ptak ?piewaj?cy w klatce R ?owy Klatka Tiara
No brand on Allegro	ZESTAW CZARNA drabinka gimnastyczna do ?wicze? pok j dziecka
No brand on Allegro	Pomocnik kuchenny SOLIDNY regulowany Kitchen Helper MDF drewno +tablica
Ariel	"Ariel All-in-1 PODS Kapsu?ki do prania, 60 pra?"
No brand on Allegro	Kalendarz Adwentowy Herbaciany- 24 dni z herbat? Irving Magia Herbaty
No brand on Allegro	ZLEW KUCHENNY JEDNOKOMOROWY ZLEWOZMYWAK Z OCIEKACZEM STALOWY WIELOFUNKCYJNY
Goodram	Pami?? do laptopa SODIMM GOODRAM 16GB (1*16GB) 3200MHz DDR4 CL22
No brand on Allegro	Kubek termiczny Contigo Byron 2.0 590 ml turkusowy
LG	"Miernik, tester wilgotno?ci ziarna, zbo?a, nasion DRAMI?SKI TwistGrain pro"
No brand on Allegro	"ZIO?A SZWEDZKIE MARIA TREBEN 100% ORYGINALNE NATURALNE 90,2G WYSOKA JAKO??"
Wuber	Pi?a tarczowa Wuber 2400 W 20 mm
No brand on Allegro	"PODNO?NIK SAMOCHODOWY HYDRAULICZNY NISKOPROFILOWY ?ABA LEWAREK 2,5T + GUMA"
No brand on Allegro	"KLUCZ DYNAMOMETRYCZNY 1/2"" 28-210Nm CrMO W ETUI +4 NASADKI 14,17,19,24MM 4%"
No brand on Allegro	KWASEK CYTRYNOWY kwas spo?ywczy czysty 1kg
Rafi	TABLET GRAFICZNY DESKA KRESLARSKA LED 16W1 + 1500 SZABLON W
No brand on Allegro	KONCENTRAT DO CH?ODNIC CZERWONY G12 -70  C 20L p?yn ch?odniczy koncentrat
Philips	?ar wka LED Philips HUE GU10 4.2W RGB SMART White and Color Ambiance 3 szt.
No brand on Allegro	ZESTAW DO MALOWANIA DLA DZIECI Dziewczynek Artystyczny Plastyczny WALIZKA
No brand on Allegro	"STRZYKAWKA INSULINOWA 1 ML Z IG?? - 100 szt. 0,3 x 8 mm"
No brand on Allegro	R?czniki w? kninowe fryzjerskie 70x40 cm 100 sztuk SOFT G?ADKIE
No brand on Allegro	Kuschelweich P?yn do P?ukania Mix Zapach w 6L 228 Pra? + Gratis
Patriot	"Pami?? Patriot Viper Venom, DDR5, 64 GB, 6000MHz, CL36 (PVV564G600C36K)"
Makita	Akumulatorowa wiertarko-wkr?tarka udarowa Makita DHP490Z 18V 65Nm BODY
Tchibo	Kawa kapsu?ki Tchibo Fine Aroma 96 kapsu?ek
No brand on Allegro	BioMarine Medical Immuno Neuro Lipids 60 KAPSU?EK OLEJE RYBNE NA ODPORNO??
Brit	Brit Premium By Nature Adult Small 8kg
Walkingpad	Bie?nia elektryczna domowa sk?adana RAX9004 Walkingpad DU?YWY?WIETLACZ12kmh
Gigabyte	"Gigabyte Gaming A16 i7-13620H 16"" FHD+ 165Hz 32GB 1000SSD RTX5070 W11"
No brand on Allegro	REGA? MAGAZYNOWY METALOWY GARA?OWY 4 P ?KI WCISKANY 500KG 150x75x30cm 2W1
Cormak	TOKARKA UNIWERSALNA DO METALU CORMAK TORNADO 360X1000 2.4KW KONIK MT4
No brand on Allegro	Zestaw 2szt Rega? metalowy magazynowy 5 p ?ek gara?owy 180x90x40cm 750kg
No brand on Allegro	BENZYNA EKSTRAKCYJNA 5L BEZWONNA NISKOAROMATYCZNA MICHOR
No brand on Allegro	Naro?nik 120x200 z Funkcj? Spania Szary Uniwersalny Salon Sypialnia ALFIE
No brand on Allegro	"Przew d kabel p?aski drut YDYP 3x2,5 - 1m"
No brand on Allegro	ZESTAW TATUA?E BROKATOWE XXL 120 SZABLON W DIY
No brand on Allegro	"TOALETKA KOSMETYCZNA Z?OTA BIA?A DO MAKIJA?U 90 x 157,5 x 45cm model 2026"
No brand on Allegro	Osadzak gazowy do betonu SC40II RAWLPLUG + 2x Gaz + gwo?dzie 22 mm 1000 szt
No brand on Allegro	MOCNY TRANSPORTER DU?Y kojec box KLATKA dla KOTA KR LIKA - WIELE KOLOR W
Playstation	PlayStation Plus PREMIUM 12 miesi?cy PS5 PS4 PS3
Magnat	Magnat Ceramic 5L C48 Per?owy Dolomit
Tena	MAJKI CH?ONNE TENA Pants ProSkin Super Night M/30szt BIELIZNA DLA DOROS?YCH
Mobil	OLEJ SILNIKOWY SYNTETYCZNY MOBIL 1 ESP FORMULA 5W-30 5W30 5L
Roto	Fotel Biurowy Obrotowy Materia?owy Ergonomiczny Czarny Krzes?o do Biura
Austone	4x 215/55 R16 97H XL Austone SKADI SP-901 NOWE 2025r
Sony	Sony PSN Uzupe?nienie funduszy w portfelu 650 z?
No brand on Allegro	NA?WIETLACZ LED 100W HALOGEN z CZUJNIKIEM RUCHU Reflektor LAMPA 9000lm SLIM
No brand on Allegro	INTERFEJS DIAGNOSTYCZNY OBD2 TESTER POLSKIE MENU ULEPSZONY SKANER ELM327
Basiclab	BasicLab Dermatologiczna Emulsja Myj?ca do Sk ry Ultrawra?liwej 300 ml
No brand on Allegro	Fotelik Samochodowy Sesttino Armor Pro ISOFIX 100 - 150 cm I-Size 15 - 36kg
No brand on Allegro	"Old Spice Whitewater M?ski ?el pod prysznic, Szampon 3w1 4x1L"
Yoer	"Grill gazowy Ogrodowy ?ELIWNY nierdzewny 4+2 Yoer 21,15 kW +szafka na butl?"
No brand on Allegro	P?YN do DEZYNFEKCJI RAK ZAPACH - POZIOMKA - 80% 5L
No brand on Allegro	Masturbator M?ski Sztuczna Pochwa Sex Maszyna Posuwista Wibrator REELU
Pampers	Pampers Active Baby r. 3 6-10 kg pieluchy152 sztuk pieluszki zapas
No brand on Allegro	PIECYK TURYSTYCZNY GAZOWY NA KARTUSZ GAZOWY ALPEN CAMPING FARELKA OSUSZACZ
Acer	"Laptop biznesowy ACER TravelMate P2 16"" R7 PRO 7735U 16GB 512GB W11H + AV"
No brand on Allegro	Multiwitamina dla Dzieci Miodzi? Sadowscy Pasieki Sadowskich P?yn 500ml
Aliness	Aliness MASTIKA 60 Kaps. Pistacia lentiscus
No brand on Allegro	Krzes?o tapicerowane Fotel Welurowe do kuchni jadalni salonu
Pirelli	1x opona 245/45R18 PIRELLI WINTER SOTTOZERO 3 96V
No brand on Allegro	TEST COMBO 5w1 COVID-19/ GRYPA A + B /RSV + ADENOWIRUS DO SAMOKONTROLI
Uniroyal	1x Uniroyal WinterExpert 205/60R16 92H
No brand on Allegro	KO?DRA OBCI??ENIOWA antystresowa dla dzieci 4FIZJO 100 cm x 150 cm 4kg
No brand on Allegro	Zestaw Od?nie?arka akumulatorowa SBS40BL Stalco S-97730 3 Lata Gwarancji +
Gigabyte	Gigabyte GeForce RTX 5090 GAMING OC 32G 32GB GDDR7 512bit
No brand on Allegro	MATA NA PRZEDNI? SZYB? SAMOCHODU AUTA ANTYSZRONOWA PRZECIWSZRONOWA XL
No brand on Allegro	?urawina Suszona 1kg Ci?ta Naturalne Bez Konserwant w Wysoka Jako??
No brand on Allegro	lampion Lustrzany 3D kostka ASC25723
No brand on Allegro	Bujaczek elektryczny 2w1 Kidwell REVE Black/Gold
Roto	FOTELIK SAMOCHODOWY SIEDZISKO DLA DZIECKA OBROTOWY WYTRZYMA?Y BEZPIECZNY
Neno	NENO VENTO TWIN MUSZLOWY BEZPRZEWODOWY ELEKTRONICZNY LAKTATOR TR JFAZOWY
No brand on Allegro	Przecinarka Gilotyna Maszyna do ci?cia styropianu styroduru 102/26 pi?a
Energizer	"10x Akumulatorki ENERGIZER Extreme AAA R03 HR03 NH12 1,2V 800mAh"
D?bica	1x D?BICA FRIGO HP 2 205/50R17 93 V
Haier	Lod wka HAIER No Frost French Door HFKR7819DNGB Space Fit Czarny ZERO LED
No brand on Allegro	Drut do wi?zarki MAX TW1061T 30szt
No brand on Allegro	Pojemniki skrzynki na mi?so EURO2 600x400x200 NOWE
No brand on Allegro	Opiekacz Gofrownica Grill 3w1 Toster Regulacja Temperatury Adler AD 3089
No brand on Allegro	KOMINEK WK?AD KOMINKOWY NARO?NY LEWY SIMPLE MOC 8 KW ZESTAW OBUDOWA KRATKI
No brand on Allegro	"ZAW R TEMPERATUROWY OCHRONY POWROTU KOT?A ATV 335 DN25   1"" CAL 9 m /h 55 C"
No brand on Allegro	Czytnik kart kierowc w tachografu ACTIA D-BOX2 Tacho NAJNOWSZA WERSJA 6.07
No brand on Allegro	Zestaw prezentowy Richmont DUO z herbat?
No brand on Allegro	"Skrzynka na listy Pocztowa A4 z Napisem, ANTRACYT, CZARNY -kolory nadruk UV"
No brand on Allegro	Szczoteczka soniczna dla dzieci 6-12 lat SEAGO SG-2303 USB-C niebieska 8
Brit	BRIT Sucha karma dla psa Ryba & Dynia Du?e rasy Muscles & Joints 12kg
No brand on Allegro	Lalka Julka Smily Play Bobas M wi?cy Ubranka ?piewa Piosenki Interaktywna
No brand on Allegro	LONDA ROZJA?NIACZ w Proszku BLONDORAN Puder Rozja?niaj?cy 2x 500g
No brand on Allegro	Szybki Odmra?acz do Szyb Lusterek Zamk w -37C - ETANOL - Glimmerstone 5L
No brand on Allegro	OMNi-BiOTiC STRESS Repair 9 psychobiotyk - saszetki 28 x 3 g
Parkside	"Dmuchawa do li?ci Parkside akumulatorowa 750 W 210 km/h 1,50 kg"
Sony	"Telewizor OLED Sony K-55XR80 55"" 4K UHD czarny"
No brand on Allegro	"Rower g rski MTB FUJI RAKAN 29 1.7 full L 19"" 48cm"
No brand on Allegro	PALMOLIVE MEN ?el pod prysznic m?ski 3x750 ml
No brand on Allegro	"Profesjonalny agregat pr?dotw rczy Loncin GH3500 3,3kW Miedziana pr?dnica"
No brand on Allegro	Agregat pr?dotw rczy FOGO F 2001 iS 1850 W
Allpowers	Allpowers S2000 Pro Turystyczna Stacja Zasilania ?adowanie Z Zapalniczki
No brand on Allegro	TERMOMETR BEZDOTYKOWY LEKARSKI PODCZERWIE? ELEKTRONICZNY LASEROWY DO CIA?A
No brand on Allegro	Rura Karbowana Arot DVR Peszel do Ziemi z pilotem RDG 40 mm 50 m
No brand on Allegro	POLSKIE SANKI + OPARCIE + PODN ?KI + MATERAC + PASY
Hot Wheels	Hot Wheels Kaskaderski skok Tor wy?cigowy The Hot Ones JCX69
Syta Micha	Mokra karma dla psa Syta Micha CHEF Ko? z warzywami puszka 400g
No brand on Allegro	PILARKA TARCZOWA AKUMULATOROWA 18V 165MM DSS610Z
Valvoline	VALVOLINE 5W-40 ALL CLIMATE C3 5L
No brand on Allegro	Drabinka gimnastyczna Zestaw sportowy do ?wicze? dla dzieci doros?ych
Higher	?uparka hydrauliczna do drewna elektryczna pozioma HIGHER r?bak na drewno
No brand on Allegro	?ar wki LED D2S D2R Canbus Mocne 160W 25000LM 6000K 2 szt.
No brand on Allegro	Choinka Sztuczna na Pniu 180 cm G?sta O?NIE?ONA DIAMNETOWA JAK ?YWA MODNA
Milwaukee	MILWAUKEE Zaciskarka Hydrauliczna do Kabli M18 HCCT-201C 300mm2 prasa
No brand on Allegro	"Dro?d?e gorzelnicze Black Label 1 kg turbo 14-17,5% do alkoholu w domu"
Roto	FOTEL OBROTOWY BIUROWY KRZES?O DLA DZIECI DZIECKA DZIEWCZYNKI BIURKA TILT
No brand on Allegro	Taczka Baumr-Ag 100 l
No brand on Allegro	"PRO Baza Hybrydowa Grafen 11g - Trwa?o??, Elastyczno?? i ?atwo?? Aplikacji"
No brand on Allegro	Piana PUR natryskowa do ocieple? izolacji poddasza gara?u 850ml Fome Flex
No brand on Allegro	GM MOTOROEL SAE 10W40 5L / 93165216 Produkcji 11/2025
No brand on Allegro	ORYGINALNY OLEJ SILNIKOWY GM OPEL 10W40 5
Rafi	RAFI CLASSIC Karma mokra dla psa MIX 5 SMAK W zestaw 24x800g
Tassimo	"Kapsu?ki Tassimo MEGAPACK XXL kawy czarne, 5+1 opakowanie GRATIS! [116 kaw]"
Ecoflow	Przeno?na stacja zasilania EcoFlow River 2 Max 512Wh
Ecoflow	ECOFLOW RIVER 2 MAX 500W 512Wh
No brand on Allegro	DU?Y ZESTAW PREZENTOWY Na ?wi?ta Herbata Mi d Syrop Przetwory KRAFTOWY
Lego	LEGO - CREATOR 3w1- NOWOCZESNY DOM - 31153
Vortex	PRZECINARKA R?CZNA DO GLAZURY P?YTEK GRESU 120 CM MASZYNKA DO CI?CIA VORTEX
Saeco	Automatyczny ekspres ci?nieniowy Saeco SM6480/00 1500 W czarny
Sibionics	Sibionics GS1 System CGM - system ci?g?ego monitorowania glukozy 1 sztuka
Microsoft	Microsoft Office 365 Family 6 u?ytkownik w
Goodride	4x opony zimowe Goodride Zuper Snow Z-507 245/40R18 97V XL rant 2025
Rafi	Znicz parafinowy Ignis do 75h - PI?KNY ELEGANCKI - WYSY?KA DZI?
Forte	Norsa Pharma Nucleobutin Forte - Ma?lan Sodu (60kaps)
Beko	Suszarka kondensacyjna BEKO XBM3T49249M Antracyt Pompa Para 9 kg 60 cm A+++
No brand on Allegro	DREWNIANE SANKI KLASYCZNE Z OPARCIEM OD POLSKIEGO PRODUCENTA San-Drew
No brand on Allegro	SZAFKA WARSZTATOWA SERWISOWA W ZEK NARZ?DZIOWY 306el BLAT ROBOCZY 250KG
No brand on Allegro	"KOMPRESOR 350L BJC SPR??ARKA 12,5bar 1250l HW-09"
No brand on Allegro	Pompa WC z rozdrabniaczem EINBACH SANMATIC 5 Solidny Rozdrabniacz!
No brand on Allegro	ZESTAW GARNK W MARMURKOWYCH NA INDUKCJE GAZ KOMPLET GARNKI 10 ELE ZILNER
Arbiton	ARBITON Podk?ad MULTIPROTEC ABSOLUTE 3mm 5m2
No brand on Allegro	"Alkohol Izopropylowy FLOXER Izopropanol IPA 99,9% 5L zmywacz premium czy?ci"
Liqui Moly	Olej 2326 Liqui Moly Special Tec F 5w30 5L
Dolina Noteci	DOLINA NOTECI DLA KOTA mokra karma puszka kot BEZZBO?OWA ?OSO? 400G
No brand on Allegro	KLOCKI MAGNETYCZNE konstrukcyjne zestaw dla dzieci 200 element w 5 ludzik w
No brand on Allegro	MAS?O GHEE KLAROWANE Polskie SKLAROWANE 750g 900ml KETO t?uszcz SPI?ARENKA
Neo	Panel Modu? Jinko Solar JKM490N-60HL4-V BF Tiger Neo N-Type Czarna Rama
Higher	Drabina aluminiowa wielofunkcyjna 3x12 na schody HIGHER 150kg uniwersalna
Defro	PIEC KOCIO? DEFRO NA DREWNO FIREWOOD 15 kW
No brand on Allegro	JRL Maszynka FreshFade 2020c-b Onyx z Baz?
No brand on Allegro	DOUGLAS MAKE-UP 2025 Kalendarz Adwentowy z Kosmetykami Prezent Dla Kobiet
No brand on Allegro	Keyboard Meike Pianino MK-2106 61 klaw Naklejki Mikrofon Statyw Zasilacz
Eurovent	PAROIZOLACYJNA FOLIA EUROVENT AKTIV AKTYWNA MEMBRANA 75m2 Paroizolacja
Rode	BOLL ?RODEK DO KONSERWACJI PROFILI ZAMKNI?TYCH BURSZTYNOWY SPRAY 500 ml
Vergnano	Vergnano 800 Ottocento Crema Kawa ziarnista 1kg
No brand on Allegro	Kubek Bia?y ECO Sublimacja MEGA PROMOCJA!
No brand on Allegro	?AROODPORNY ODKURZACZ PRZEMYS?OWY TAJFUN 2600W DMUCHAWA POPIO?U KOMINKA
Bosch	KLUCZ UDAROWY GDS 18V-300 BOSCH WALIZKA KORPUS BODY
No brand on Allegro	"KABEL 2RCA - 2RCA NAKAMICHI STEREO CINCH OFC 0,5m"
No brand on Allegro	KOMPLET PORCELANA ZESTAW SERWIS OBIADOWY TALERZE 18el 6 OS B WZ R KLASYCZNE
Valve	Konsola przeno?na VALVE Steam Deck Oled 512 GB
Armani	Giorgio Armani ACQUA Di GIO HOMME edt 100 ml ORYGINA?
Monster	SAMOCH D ZDALNIE STEROWANY DU?Y RC MONSTER AUTO NA PILOTA WYTRZYMA?Y DRIFT
No brand on Allegro	ROZPIERAK HYDRAULICZNY 10T ROZPIERAKI + AKCESORIA - ?ABKA - ADAPTERY i INNE
Tech	ZMI?KCZACZ WODY WATER TECHNIC PRO CARBON 32 HYBRID 3w1 W?GIEL UP-FLOW MONO
Lehmann	GRILL GAZOWY OGRODOWY ?ELIWNY RUSZT NIERDZEWNY LEHMANN VEGAS 6+1 POKROWIEC
No brand on Allegro	Ozonator Kwarcowy 40G/H Generator Ozonu PRO-40K
LG	Poch?aniacz wilgoci do Auta Samochodu SAMOCHODOWY Wska?nik zape?nienia 3szt
Barum	1x opona zimowa 205/60R16 Barum POLARIS 6
No brand on Allegro	Gaz Pieprzowy Ga?nica Gaz Obronny Ga?nica Hoernecke TW 1000 Chmura 400 ml
No brand on Allegro	P?yn Amol 250ml Przezi?bienie Grypa B l Mi??ni g?owy uk?szenia owad w
Tefal	Garnki pokrywki ?y?ki TEFAL Ingenio Emotion 22el. indukcja stal nierdzewna
No brand on Allegro	ROOM99 Zas?ona welurowa 180x270 be?owa jasna ta?ma uniwersalna WAVE Bianca
Nukido	FOTELIK SAMOCHODOWY 15-36KG ISOFIX NUKIDO LOUIS SOFT I-SIZE PODSTAWKA
No brand on Allegro	Sanki z k ?kami MATERACYK oparciem i pchaczem
No brand on Allegro	GRZYBNIA PODGRZYBEK BRUNATNY Grzyby w Ogrodzie
Venom	NAGRZEWNICA GRZEJNIK ELEKTRYCZNA CERAMICZNA VENOM FARELKA TERMOSTAT 3000W
No brand on Allegro	KO?PAKI 16 do RENAULT PEUGEOT VW OPEL FORD CITROEN FIAT PEUGEOT HYUNDAI
No brand on Allegro	"Statuetka szklana SZK?O z grawerem 18,5cm na prezent DOWOLNY PROJEKT GRATIS"
No brand on Allegro	MOCNY PROSTOWNIK DO AKUMULATOR W SAMOCHODOWY AUTOMATYCZNY Z FUNKCJ? NAPRAWY
No brand on Allegro	ORGANIZER DO BAGA?NIKA SAMOCHODOWY SAMOCHODU WZMOCNIONE DNO KLAPA SK?ADANY
No brand on Allegro	BAMBO CARBON 32 Zmi?kczacz wody z w?glem na ca?y dom nowoczesny g?owica BNT
No brand on Allegro	KRATA POMOSTOWA WEMA 1000x1000mm podest OC atest
No brand on Allegro	? j wo?owy premium 5kg AGRO-TOP
No brand on Allegro	SHARPIE MARKERY AKRYLOWE 12 KOLOR W
Apple	SMARTFON APPLE IPHONE 13 4 GB / 512GB
No brand on Allegro	GRA KAMIENIE MAGNETYCZNE gra planszowa strategiczna KAMIENIE SZACHY 40szt.
No brand on Allegro	PODK?ADY JEDNORAZOWE 90x60 cm
No brand on Allegro	KASA FISKALNA ELZAB K10 ONLINE WiFi + FISKALIZACJA + PROGRAMOWANIE + US
ASUS	"2X Smartfon ASUS ROG Phone 9 16/512GB 5G 6,78"" 185Hz 50Mpix Czarny"
Thunder	? ?ko samoch d 160x80 auto + materac CARS THUNDER
Kaisai	"Klimatyzator KAISAI ICE bia?y 3,5kW wifi pilot ch?odzenie ogrzewanie"
Tech	AGREGAT MALARSKI WABROTECH WT28 PISTOLET MALOWANIA PRZED?U?KA DYSZA W??
Ferroli	PIEC NA PELLET Ferroli BRETA PELLET PRO 12kW
Mobil	TOALETA TURYSTYCZNA PRZENO?NA KEMPINGOWA MOBILNE WC NA DZIA?K? POD NAMIOT
No brand on Allegro	BJC PODNO?NIK HYDRAULICZNO-PNEUMATYCZNY 30/15T 195-420mm BA?WANEK M80391
No brand on Allegro	Poduszka ortopedyczna profilowana do spania na boku i plecach Asana
Ariston	"Ariston Velis Dune WiFi pojemno?ciowy podgrzewacz wody 80 l 1,5 kW"
No brand on Allegro	CYNAMON LASKI 100g Laska cynamonu Ca?e naturalne aromatyczne jako?? Kol-Pol
Elf	Aparat NATYCHMIASTOWY dla dzieci zdj?cia kolor selfie menu PL gry Druku?
Stihl	"STIHL MS291 PI?A ?A?CUCHOWA PILARKA MS 291 3,8 KM"
Atemi	RAKIETKA DO TENISA STO?OWEGO PING PONGA NEW ATEMI 2000 PRO CONCAVE
JBL	JBL Xtreme 4 NA - G?o?nik BLUETOOTH POWERBANK / AURACAST / IP67 / AI SOUND
Huawei	Huawei MateBook 14 Ultra 5 125H/16GB/512/Win11 120Hz Touch OLED FLMH-W5651T
No brand on Allegro	Smartwatch Dla Dziecka Dzieci?cy Zegarek Telefon SIM Gry Nauka Aparat Bajki
Medisept	MEDISEPT VELOX SPRAY NEUTRAL UNIWERSALNY P?YN DO DEZYNFEKCJI 1000ML
Dexeryl	Dexeryl olejek do mycia sucha sk ra 500 ml
No brand on Allegro	CZOSNEK GRANULOWANY 200g Suszony naturalny aromatyczna przyprawa Kol-Pol
Avon	Avon Luck for Her 50ml woda perfumowana kobieta EDP
Minn Kota	Silnik Minn Kota Terrova 12V 55 lb
Electrolux	PRALKA ELECTROLUX EW6F2492P 9 kg 1400 obr Inwerter SensiCare kl.A
Roto	FOTEL BIUROWY OBROTOWY EKOSK RA KRZES?O BIUROWE
Forte	Fitolizyna Nefrocaps Forte Polpharma - 60 kapsu?ek
No brand on Allegro	Szelazo+ SR ?elazo 60 kapsu?ek
No brand on Allegro	ODMRA?ACZ DO SZYB (3x5L) 15L + 3x butelka 500 ml z atomizerem
Castrol	Olej Castrol 5w30 5L GTX RN17 silnikowy syntetyczny Renault 5w-30
Nokian	1x opona ca?oroczna 225/55R17 Nokian SEASONPROOF 2
Whirlpool	Pralka Whirlpool FFB 8469 BV PL 8kg 1400 obr. FreshCare+ Klasa A Para
No brand on Allegro	KRZES?O TAPICEROWANE WELUROWE LOFTOWE NOWOCZESNE DO SALONU KUCHNI JADALNI
No brand on Allegro	REGA? METALOWY czarny magazynowy 200x200x40 do gara?u piwnicy biura DODAS
Smith&Brown	Lod wka No Frost Smith&Brown SFBF-532-SE3 175cm 225L Srebrna
No brand on Allegro	"P?yn Na Przypalenia D-LUX - 0,5 L np. do szyby kominka, garnk w, piekarnika"
No brand on Allegro	PUCHARKI DO DESER W PUCHAREKPOJEMNIK NA DESERY POJEMNICZKI 120ML 50SZT.
Monster	Nap j Monster 500 ml
Gimoka	Kawa ziarnista mieszana Gimoka L'Espresso All'Italiana 1000 g
No brand on Allegro	P?yn do soczewek kontaktowych Horien 500ml
Norsan	NATURALNY OLEJ OMEGA-3 KIDS DLA DZIECI FISK NORSAN -150 ML-POMARA?CZOWY
Tena	ZESTAW 4x30 podpaski wk?adki dla kobiet ch?onne TENA LADY SUPER urologiczne
No brand on Allegro	Ba?ki bezogniowe lekarskie szklane Med Plus 8 szt + pompka
No brand on Allegro	Med Plus Ba?ki bezogniowe z pompk? 8szt
No brand on Allegro	SAMOCH D DU?Y ZESTAW TIR LAWETA RESORAKI AUTO CI??AR WKA ?WIECI WYRZUTNIA
Brit	BRIT PREMIUM BY NATURE ADULT SENSITIVE LAMB KARMA DLA PSA 15kg + 3kg GRATIS
No brand on Allegro	R?cznik ZZ sk?adany bia?y celulozowy 23x23 cm celuloza 2 warstwy 1500szt
No brand on Allegro	Kontroler PS5 STERLING SILVER
Calvin Klein	Calvin Klein CK ONE 200ml Perfumy UNISEX Orygina?
Gymtek	BIE?NIA ELEKTRYCZNA DOMOWA SK?ADANA TRENINGOWA DO ?WICZE? XT800 GYMTEK
No brand on Allegro	"RESOURCE Junior proszek waniliowy dla dzieci po 1. roku ?ycia, 400 g"
No brand on Allegro	"WAZA do ZUPY ROSO?U bia?a waza do barszczu 2,5L ZASTAWA STO?OWA Tadar"
Yato	YATO DMUCHAWA ODKURZACZ DO LI?CI AKUMULATOROWA 2x18V KORPUS BEZ BATERII
Samsung	Telewizor Samsung QE77S85D OLED 4K 120Hz Tizen Dolby Atmos HDMI 2.1
No brand on Allegro	Plafon LED lampa sufitowa panel czujnik ruchu zmierzchu 18W panel natynkowy
Motul	Olej MOTUL 8100 X-CESS 5W-40 5L
Afriso	SPRZ?G?O HYDRAULICZNE ZESTAW MIESZAJ?CY 2 OBWODY DO C.O. BPS 9090620 AFRISO
No brand on Allegro	SOPLE 500 LED KURTYNA LAMPKI ZEWN?TRZNE IP44 FLASH Bia?e Zimne GIRLANDA 20m
Qualitium	5L olej silnikowy QUALITIUM POWER V 5w30 Acea C3 504.00 507.00 DEXOS 2
No brand on Allegro	ZESTAW PREZENTOWY mi d herbata kawa czekolada konfitura baton box prezent
No brand on Allegro	Matcha japo?ska zielona naturalna herbata proszek latte
No brand on Allegro	JAPO?SKA MATCHA OURITSU 100G ZIELONA HERBATA DROBNO ZMIELONA TRADYCYJNA
No brand on Allegro	"KO?DRA PUCHOWA 160x200 2,1kg PUCH+PIERZE 2KOLORY PRODUCENT 100% BAWE?NA"
TCL	"Telewizor LED TCL 50V6C 50"" 4K UHD czarny"
No brand on Allegro	PODUSZKA ORTOPEDYCZNA Z PIANKI MEMORY ERGONOMICZNY KSZTA?T PRANIE
No brand on Allegro	PRZECINARKA GILOTYNA MASZYNA PI?A DO CI?CIA STYROPIANU STR CUT A-135
Yoer	Szklany Grzejnik na podczerwie? Yoer 400W Elektryczny Promiennik ?azienkowy
No brand on Allegro	ODKURZACZ CYKLONOWY BEZWORKOWY HEPA ZBIORNIK 3L LIMITED EDITION ONYX 900W
Pampers	Pampers Night 6 2x19szt. 13+ kg Pieluchomajtki
No brand on Allegro	? ?KO z materacem podsuszk? TURYSTYCZNE ? ?KO SK?ADANE ? ?KO POLOWE WYGODNE
ASUS	KONSOLA RETRO PEGASUS GRA TELEWIZYJNA TV 620 GIER 2 PADY
No brand on Allegro	Wosk sojowy twardy Pillar Pellets 58 do ?wiec wolnostoj?cych naturalny 5 kg
Apple	SMARTFON APPLE IPHONE 14 128GB CZERWONY
Velvet	Krzes?o Tapicerowane Obrotowe Do Pracy Przy Ekranie AZALIA VELVET Be?owe
No brand on Allegro	SIANKO 1 kg (2 pokos) WYRWISUSZ
Goodride	1x 235/50R18 Goodride Zuper-Snow Z507 101V XL nowa zimowa rok 2025
No brand on Allegro	?ci?gacz do spr??yn McPherson 1.5T amortyzator w talerzowy zestaw 1500kg
Aliness	Aliness Olej z Dzikiego OREGANO STRONG Karwakrol 90% Odporno?? BAKTERIE 90k
Ydolo	YDOLO DUCK 10KG kaczka - karma p ?wilgotna dla psa
No brand on Allegro	Odsiwiacz AMERICAN CREW dla m??czyzn Precision Blend Natural 4-5 3x40ml
No brand on Allegro	Krata WEMA 1000x1000
No brand on Allegro	Wio?larz Treningowy Magnetyczny Powietrzny do ?wicze? do 180 KG 155-195cm
No brand on Allegro	PRASA 30T HYDRAULICZNA PODW JNY NAP?D SZYBKO WOLNO
No brand on Allegro	Lampa Solarna z Cz. Ruchu Zimowa Mocna Aluminiowy Halogen Polikrystaliczna
No brand on Allegro	Sidolux P?yn do Mycia 5L Zapach Myd?o Marsylskie
Brubeck	M?ska BIELIZNA TERMOAKTYWNA BRUBECK EXTREME WOOL MERINO KOMPLET termiczna
No brand on Allegro	GRZEJNIK ELEKTRYCZNY ENERGOOSZCZ?DNY TERMOSTAT KONWEKTOR SUPER MOCNY 2000W
No brand on Allegro	BIONICZNY MASA?ER ?APKI 3D DO KARKU SZYI RAMION ?YDEK PODGRZEWANY MASA?ER
Qualitium	QUALITIUM Protec A5/B5 5W30 - Volvo Ford 913D 5L
No brand on Allegro	Francuska Wojskowa Racja ?ywno?ciowa - RIER MRE 12h (menu 1-7) data 2027
No brand on Allegro	MASA?ER WODNY DO ST P hydromasa?er do n g PODGRZEWANY FOOT MASSAGER 4FIZJO
Roto	Fotel LED z MASA?EM plec w GAMINGOWY komputerowy OBROTOWY gracza +PODN ?EK!
Est e Lauder	Est e Lauder Double Wear Stay-in-Place Makeup SPF 10 (1N2 Ecru) 30 ml
No brand on Allegro	"KO?DRA OBCI??ENIOWA 150x200 6,8KG KOC SENSORYCZNY"
Tech	"Tech regulator pokojowy R-12S do listwy L-X i L-12, bia?y"
Bosch	BOSCH TARCZA DIAMENTOWA 230mm beton zbrojony
No brand on Allegro	Millers Oils EE Performance ECO 5W30 5L 7706
Valvoline	VALVOLINE Maxlife A3/B4 5w30 5L - syntetyczny olej silnikowy
Pampers	PIELUCHOMAJTKI PAMPERSY DLA DOROS?YCH KAREIN CLASSIC L 30 SZTUK
Aquaphor	Filtr do wody Aquaphor Maxfor+ 10 szt
Eyfel	SZARLOTKA EYFEL ZAPACHY DO DOMU PATYCZKI 110ml
Apple	Apple iPhone 14 Pro Max 256GB
Under Armour	TORBA PODR ?NA UNDER ARMOUR 1369222 SPORTOWA TRENINGOWA TURYSTYCZNA 40 L
No brand on Allegro	Lampa Pier?cieniowa LED 60W Kosmetyczna Przeno?na
Lego	LEGO Creator 3w1 31154 Le?ne zwierz?ta: Czerwony lis
No brand on Allegro	AGREGAT PR?DOTW RCZY DIESEL 8KW KowaL elstart MIED? PR?DNICA dual power AVR
Costa	Meble kuchenne naro?ne Kuchnia naro?na COSTA ZESTAW REGA? ANEKS SZAFKA BLAT
No brand on Allegro	YaraMila Corn Naw z do trawnika JESIE? Jesienny YARA MILA 25kg 8-20-28 npk
No brand on Allegro	"HANTLA REGULOWANA SZYBKA REGULACJA NOWOCZESNY SYSTEM REGULOWANIA 2,5-24KG"
Apple	"Tablet Apple iPad Pro 11"" M4 256 GB Wi-Fi 5G PLOMBA Czarny"
No brand on Allegro	Nawiewnik okienny Air Box  szybki i ?atwy monta? bez frezowania i problem w
Olimp	OLIMP NUTRAMIL COMPLEX PROTEIN smak neutralny 700 g
No brand on Allegro	OSTRZA?KA DO NO?Y KUCHENNYCH NO?YCZEK OSE?KA 3w1 REGULACJA K?TA 14  24 
Qmed	Poduszka ortopedyczna dla dzieci Dzieci?ca Antyalergiczna do spania Qmed
Liqui Moly	Olej silnikowy Liqui Moly 5 l 5W-40 Molygen 4+1 8578 8576 5w40
No brand on Allegro	Gra CATAN PL (Osadnicy z Catanu). Strategiczna Rodzinna Planszowa GALAKTA
No brand on Allegro	DESKA DO PRASOWANIA DU?A 120x38cm SK?ADANA SZEROKI BLAT STABILNA NA ?ELAZKO
No brand on Allegro	WORK STUFF KING Drying Towel 1100g/m2 gruby r?cznik do osuszania auta 90x73
No brand on Allegro	ALLDEYNN COLLAROSE MALINA-POZIOMKA 300G W?OSY SK RA PAZNOKCIE CERA CELLULIT
Hortmasz	GLEBOGRYZARKA Hortmasz x620n NAP?D 3-Biegi DZIK 42-62cm P?UG JEDNOSKIBOWY
Armani	Emporio Armani Stronger With You Intensely 100 ml woda perfumowana
Vayox	LATARKA CZO?OWA LED LAMPA CZO? WKA AKUMULATOR CZUJNIK RUCHU USB-C PRO VAYOX
Kingston	Kingston 32GB 6000MTs DDR5 CL30 DIMM Kit of 2 FURY Beast RGB EXPO
No brand on Allegro	CHLOREK WAPNIA 25 KG Skuteczniejszy Ni? S L DROGOWA antyl d na ?nieg
Faac	Zestaw FAAC nap?d si?ownik ALFA 414 XLED Piloty
No brand on Allegro	"P ?puch Ko?dra 160x200 cm R ?OWA, PRODUCENT, puch i pierze"
Astra	Plastelina ASTRA [180] (15 zestaw w po 12 kolor w)
No brand on Allegro	D-LUX P?yn na ple?? 500ml
No brand on Allegro	KolaStaw krem kolagenowo-hialuronowy 150ml NOVAFARM
No brand on Allegro	KOMPUTER INTERFEJS DIAGNOSTYCZNY OBD 2 OSOBOWE i DOSTAWCZE WSZYSTKIE AUTA
No brand on Allegro	Analizator spalin i Miernik r ?nicy ci?nie? TESTO 300 z drukark? i 510i
Tivo	Specja? Zielarza Tivo 1kg - mieszanka podstawowa zi ?
Gorenje	Piekarnik elektryczny Gorenje BOS67372CLI 77l 60cm
Amica	Zmywarka AMICA MDFM46B10EOIB SilentDrive 3.0
No brand on Allegro	10.0/75-15.3 BKT AW909 10PR TL OPONA OPONY
No brand on Allegro	KOTWA CHEMICZNA ARVEX CPS 300 ?YWICA KLEJ ZAPRAWA
Milka	MILKA czekolada mleczna CHOINKI 90g
Dam	PLECAK TURYSTYCZNY TREKKINGOWY G RSKI W G RY 30L M?SKI DAMSKI MOCNY CZARNY
Apple	Smartfon Apple iPhone 11 4 GB / 64 GB 4G (LTE) czarny
Electrolux	Pralka ELECTROLUX EW6F3482P 8kg 1400obr INWERTER PARA SensiCare 600 kl.A
Gillette	"Gillette ProGlide Wk?ady do maszynki do golenia dla m??czyzn, 24 sztuki"
Toshiba	"Telewizor LED Toshiba 55UV3463DA 55"" 4K UHD czarny"
No brand on Allegro	PISTACJE PRA?ONE SOLONE DU?E 500g - Fundacja Braterska
Matrix	Yokaba Matrix Nail Repair Treatment Preparat do regeneracji paznokci 15ml
Spotify	Spotify Premium 6 miesi?cy / 180 dni / KOD - Karta podarunkowa
Smith&Brown	Zamra?arka SMITH&BROWN SZUF-231-BE3 No Frost 143 cm czarna
Jura	JURA Tabletki odkamieniaj?ce ekspres 36 szt ORYGINA? odkamieniacz
No brand on Allegro	KLIMUSZKO DERMATICUS Zio?owe mazid?o W okolicy staw w kr?gos?upa 150ml
No brand on Allegro	Tran Norweski Olini 250ml Omega-3 wit D3 i A EPA DHA na m zg serce wzrok
Zipro	SK?ADANY Rower Treningowy Domowy Rowerek Stacjonarny do 110kg - ZIPRO
Gerlach	GERLACH MANGO SZTU?CE KOMPLET 48 EL DLA 12 OS B W PUDE?KU
Google	Google Pixel 9 Pro XL 256GB Czarny
No brand on Allegro	MIGDA?Y CA?E NATURALNE 1kg (1000g)
Dewalt	DEWALT PROFESJONALNA MYJKA CI?NIENIOWA PODW JNA POMPA160bar 810l/h 2800W AL
Lenovo	"Laptop Lenovo ThinkPad E16 Gen 3 AMD R7250 16"" WUXGA 16GB 512SSD Int W11Pro"
Milwaukee	"MILWAUKEE M18 ONEFHIWF12-0 Klucz Udarowy 1898Nm 1/2"" Fuel Niezawodny BODY"
LG	TELEWIZOR LG OLED77G54LW 4K UHD 120Hz DOLBY VISION 77G54 WEBOS
No brand on Allegro	Materac 160x200 Piankowy H4 H5 FARO 19cm Twardy Mata Kokosowa Dwustronny
No brand on Allegro	Koperty kurierskie kartonowe 240x335 (250g) 100szt
No brand on Allegro	Prze?cierad?o FROTTE z gumk? 180x200 POLSKIE GRUBE
Dafi	"Saturator PushAir Dafi+ Nab j CO2+ 2x Butelka 0,7+2x Bidon Shape T"
Philips Avent	Philips Avent Podw jny Laktator elektryczny samono?ny SkinSense SCF532/11